source_id	module	reactor_member	source_root	source_path	top_level_fqcn	kind	discovery_patterns	disposition	owner	reason
v934-src|107:addons/foggy-benchmark-spider2/src/test/java/com/foggyframework/benchmark/spider2/Spider2BenchmarkTest.java	addons/foggy-benchmark-spider2	false	addons/foggy-benchmark-spider2/src/test/java	addons/foggy-benchmark-spider2/src/test/java/com/foggyframework/benchmark/spider2/Spider2BenchmarkTest.java	com.foggyframework.benchmark.spider2.Spider2BenchmarkTest	executable	*Test	non-reactor-excluded	addons/foggy-benchmark-spider2	WIP benchmark test is outside the active root reactor and cannot be release-required
v934-src|110:addons/foggy-benchmark-spider2/src/test/java/com/foggyframework/benchmark/spider2/ai/AdventureWorksAiTest.java	addons/foggy-benchmark-spider2	false	addons/foggy-benchmark-spider2/src/test/java	addons/foggy-benchmark-spider2/src/test/java/com/foggyframework/benchmark/spider2/ai/AdventureWorksAiTest.java	com.foggyframework.benchmark.spider2.ai.AdventureWorksAiTest	executable	*Test	non-reactor-excluded	addons/foggy-benchmark-spider2	WIP AI benchmark test is outside the active root reactor and cannot be release-required
v934-src|130:addons/foggy-chart-storage-cloud/src/test/java/com/foggyframework/dataset/mcp/storage/cloud/CloudStorageAutoConfigurationTest.java	addons/foggy-chart-storage-cloud	true	addons/foggy-chart-storage-cloud/src/test/java	addons/foggy-chart-storage-cloud/src/test/java/com/foggyframework/dataset/mcp/storage/cloud/CloudStorageAutoConfigurationTest.java	com.foggyframework.dataset.mcp.storage.cloud.CloudStorageAutoConfigurationTest	executable	*Test	reactor-owned-executable	addons/foggy-chart-storage-cloud	JUnit Platform ClassSource discovery owner
v934-src|119:addons/foggy-data-viewer/src/test/java/com/foggyframework/dataviewer/config/DataViewerAutoConfigurationContextTest.java	addons/foggy-data-viewer	true	addons/foggy-data-viewer/src/test/java	addons/foggy-data-viewer/src/test/java/com/foggyframework/dataviewer/config/DataViewerAutoConfigurationContextTest.java	com.foggyframework.dataviewer.config.DataViewerAutoConfigurationContextTest	executable	*Test	reactor-owned-executable	addons/foggy-data-viewer	JUnit Platform ClassSource discovery owner
v934-src|112:addons/foggy-data-viewer/src/test/java/com/foggyframework/dataviewer/config/DataViewerAutoConfigurationTest.java	addons/foggy-data-viewer	true	addons/foggy-data-viewer/src/test/java	addons/foggy-data-viewer/src/test/java/com/foggyframework/dataviewer/config/DataViewerAutoConfigurationTest.java	com.foggyframework.dataviewer.config.DataViewerAutoConfigurationTest	executable	*Test	reactor-owned-executable	addons/foggy-data-viewer	JUnit Platform ClassSource discovery owner
v934-src|109:addons/foggy-data-viewer/src/test/java/com/foggyframework/dataviewer/controller/ListPresetControllerTest.java	addons/foggy-data-viewer	true	addons/foggy-data-viewer/src/test/java	addons/foggy-data-viewer/src/test/java/com/foggyframework/dataviewer/controller/ListPresetControllerTest.java	com.foggyframework.dataviewer.controller.ListPresetControllerTest	executable	*Test	reactor-owned-executable	addons/foggy-data-viewer	JUnit Platform ClassSource discovery owner
v934-src|122:addons/foggy-data-viewer/src/test/java/com/foggyframework/dataviewer/controller/TableDefaultQueryConfigControllerTest.java	addons/foggy-data-viewer	true	addons/foggy-data-viewer/src/test/java	addons/foggy-data-viewer/src/test/java/com/foggyframework/dataviewer/controller/TableDefaultQueryConfigControllerTest.java	com.foggyframework.dataviewer.controller.TableDefaultQueryConfigControllerTest	executable	*Test	reactor-owned-executable	addons/foggy-data-viewer	JUnit Platform ClassSource discovery owner
v934-src|108:addons/foggy-data-viewer/src/test/java/com/foggyframework/dataviewer/controller/ViewerApiControllerTest.java	addons/foggy-data-viewer	true	addons/foggy-data-viewer/src/test/java	addons/foggy-data-viewer/src/test/java/com/foggyframework/dataviewer/controller/ViewerApiControllerTest.java	com.foggyframework.dataviewer.controller.ViewerApiControllerTest	executable	*Test	reactor-owned-executable	addons/foggy-data-viewer	JUnit Platform ClassSource discovery owner
v934-src|98:addons/foggy-data-viewer/src/test/java/com/foggyframework/dataviewer/mcp/OpenInViewerToolTest.java	addons/foggy-data-viewer	true	addons/foggy-data-viewer/src/test/java	addons/foggy-data-viewer/src/test/java/com/foggyframework/dataviewer/mcp/OpenInViewerToolTest.java	com.foggyframework.dataviewer.mcp.OpenInViewerToolTest	executable	*Test	reactor-owned-executable	addons/foggy-data-viewer	JUnit Platform ClassSource discovery owner
v934-src|111:addons/foggy-data-viewer/src/test/java/com/foggyframework/dataviewer/plugins/LargeResultTruncationStepTest.java	addons/foggy-data-viewer	true	addons/foggy-data-viewer/src/test/java	addons/foggy-data-viewer/src/test/java/com/foggyframework/dataviewer/plugins/LargeResultTruncationStepTest.java	com.foggyframework.dataviewer.plugins.LargeResultTruncationStepTest	executable	*Test	reactor-owned-executable	addons/foggy-data-viewer	JUnit Platform ClassSource discovery owner
v934-src|103:addons/foggy-data-viewer/src/test/java/com/foggyframework/dataviewer/service/ListPresetServiceTest.java	addons/foggy-data-viewer	true	addons/foggy-data-viewer/src/test/java	addons/foggy-data-viewer/src/test/java/com/foggyframework/dataviewer/service/ListPresetServiceTest.java	com.foggyframework.dataviewer.service.ListPresetServiceTest	executable	*Test	reactor-owned-executable	addons/foggy-data-viewer	JUnit Platform ClassSource discovery owner
v934-src|104:addons/foggy-data-viewer/src/test/java/com/foggyframework/dataviewer/service/MemberQueryServiceTest.java	addons/foggy-data-viewer	true	addons/foggy-data-viewer/src/test/java	addons/foggy-data-viewer/src/test/java/com/foggyframework/dataviewer/service/MemberQueryServiceTest.java	com.foggyframework.dataviewer.service.MemberQueryServiceTest	executable	*Test	reactor-owned-executable	addons/foggy-data-viewer	JUnit Platform ClassSource discovery owner
v934-src|103:addons/foggy-data-viewer/src/test/java/com/foggyframework/dataviewer/service/QueryCacheServiceTest.java	addons/foggy-data-viewer	true	addons/foggy-data-viewer/src/test/java	addons/foggy-data-viewer/src/test/java/com/foggyframework/dataviewer/service/QueryCacheServiceTest.java	com.foggyframework.dataviewer.service.QueryCacheServiceTest	executable	*Test	reactor-owned-executable	addons/foggy-data-viewer	JUnit Platform ClassSource discovery owner
v934-src|113:addons/foggy-data-viewer/src/test/java/com/foggyframework/dataviewer/service/QueryScopeConstraintServiceTest.java	addons/foggy-data-viewer	true	addons/foggy-data-viewer/src/test/java	addons/foggy-data-viewer/src/test/java/com/foggyframework/dataviewer/service/QueryScopeConstraintServiceTest.java	com.foggyframework.dataviewer.service.QueryScopeConstraintServiceTest	executable	*Test	reactor-owned-executable	addons/foggy-data-viewer	JUnit Platform ClassSource discovery owner
v934-src|116:addons/foggy-data-viewer/src/test/java/com/foggyframework/dataviewer/service/TableDefaultQueryConfigServiceTest.java	addons/foggy-data-viewer	true	addons/foggy-data-viewer/src/test/java	addons/foggy-data-viewer/src/test/java/com/foggyframework/dataviewer/service/TableDefaultQueryConfigServiceTest.java	com.foggyframework.dataviewer.service.TableDefaultQueryConfigServiceTest	executable	*Test	reactor-owned-executable	addons/foggy-data-viewer	JUnit Platform ClassSource discovery owner
v934-src|115:addons/foggy-data-viewer/src/test/java/com/foggyframework/dataviewer/service/listpreset/MongoListPresetStoreIT.java	addons/foggy-data-viewer	true	addons/foggy-data-viewer/src/test/java	addons/foggy-data-viewer/src/test/java/com/foggyframework/dataviewer/service/listpreset/MongoListPresetStoreIT.java	com.foggyframework.dataviewer.service.listpreset.MongoListPresetStoreIT	executable	*IT	reactor-owned-executable	addons/foggy-data-viewer	JUnit Platform ClassSource discovery owner
v934-src|140:addons/foggy-data-viewer/src/test/java/com/foggyframework/dataviewer/service/tabledefault/PropertiesTableDefaultQueryConfigProviderTest.java	addons/foggy-data-viewer	true	addons/foggy-data-viewer/src/test/java	addons/foggy-data-viewer/src/test/java/com/foggyframework/dataviewer/service/tabledefault/PropertiesTableDefaultQueryConfigProviderTest.java	com.foggyframework.dataviewer.service.tabledefault.PropertiesTableDefaultQueryConfigProviderTest	executable	*Test	reactor-owned-executable	addons/foggy-data-viewer	JUnit Platform ClassSource discovery owner
v934-src|108:addons/foggy-dataset-client/src/test/java/com/foggyframework/dataset/client/test/support/AnnotationTest.java	addons/foggy-dataset-client	true	addons/foggy-dataset-client/src/test/java	addons/foggy-dataset-client/src/test/java/com/foggyframework/dataset/client/test/support/AnnotationTest.java	com.foggyframework.dataset.client.test.support.AnnotationTest	executable	*Test	reactor-owned-executable	addons/foggy-dataset-client	JUnit Platform ClassSource discovery owner
v934-src|114:addons/foggy-dataset-client/src/test/java/com/foggyframework/dataset/client/test/support/BeanPropertyListTest.java	addons/foggy-dataset-client	true	addons/foggy-dataset-client/src/test/java	addons/foggy-dataset-client/src/test/java/com/foggyframework/dataset/client/test/support/BeanPropertyListTest.java	com.foggyframework.dataset.client.test.support.BeanPropertyListTest	executable	*Test	reactor-owned-executable	addons/foggy-dataset-client	JUnit Platform ClassSource discovery owner
v934-src|116:addons/foggy-dataset-client/src/test/java/com/foggyframework/dataset/client/test/support/DatasetClientProxyTest.java	addons/foggy-dataset-client	true	addons/foggy-dataset-client/src/test/java	addons/foggy-dataset-client/src/test/java/com/foggyframework/dataset/client/test/support/DatasetClientProxyTest.java	com.foggyframework.dataset.client.test.support.DatasetClientProxyTest	executable	*Test	reactor-owned-executable	addons/foggy-dataset-client	JUnit Platform ClassSource discovery owner
v934-src|111:addons/foggy-dataset-client/src/test/java/com/foggyframework/dataset/client/test/support/ListConverterTest.java	addons/foggy-dataset-client	true	addons/foggy-dataset-client/src/test/java	addons/foggy-dataset-client/src/test/java/com/foggyframework/dataset/client/test/support/ListConverterTest.java	com.foggyframework.dataset.client.test.support.ListConverterTest	executable	*Test	reactor-owned-executable	addons/foggy-dataset-client	JUnit Platform ClassSource discovery owner
v934-src|120:addons/foggy-dataset-client/src/test/java/com/foggyframework/dataset/client/test/support/ReturnConverterManagerTest.java	addons/foggy-dataset-client	true	addons/foggy-dataset-client/src/test/java	addons/foggy-dataset-client/src/test/java/com/foggyframework/dataset/client/test/support/ReturnConverterManagerTest.java	com.foggyframework.dataset.client.test.support.ReturnConverterManagerTest	executable	*Test	reactor-owned-executable	addons/foggy-dataset-client	JUnit Platform ClassSource discovery owner
v934-src|111:addons/foggy-dataset-client/src/test/java/com/foggyframework/dataset/client/test/support/TestDataSetClient.java	addons/foggy-dataset-client	true	addons/foggy-dataset-client/src/test/java	addons/foggy-dataset-client/src/test/java/com/foggyframework/dataset/client/test/support/TestDataSetClient.java	com.foggyframework.dataset.client.test.support.TestDataSetClient	helper	Test*	non-executable-helper	addons/foggy-dataset-client	annotation and converter fixture interface; contains no JUnit test
v934-src|116:addons/foggy-dataset-graphql/src/test/java/com/foggyframework/dataset/graphql/GraphqlAddonAutoConfigurationTest.java	addons/foggy-dataset-graphql	true	addons/foggy-dataset-graphql/src/test/java	addons/foggy-dataset-graphql/src/test/java/com/foggyframework/dataset/graphql/GraphqlAddonAutoConfigurationTest.java	com.foggyframework.dataset.graphql.GraphqlAddonAutoConfigurationTest	executable	*Test	reactor-owned-executable	addons/foggy-dataset-graphql	JUnit Platform ClassSource discovery owner
v934-src|118:addons/foggy-dataset-graphql/src/test/java/com/foggyframework/dataset/graphql/converter/GraphqlToDslConverterTest.java	addons/foggy-dataset-graphql	true	addons/foggy-dataset-graphql/src/test/java	addons/foggy-dataset-graphql/src/test/java/com/foggyframework/dataset/graphql/converter/GraphqlToDslConverterTest.java	com.foggyframework.dataset.graphql.converter.GraphqlToDslConverterTest	executable	*Test	reactor-owned-executable	addons/foggy-dataset-graphql	JUnit Platform ClassSource discovery owner
v934-src|133:addons/foggy-dataset-model-cache/src/test/java/com/foggyframework/dataset/db/model/cache/fingerprint/QueryFingerprintBuilderTest.java	addons/foggy-dataset-model-cache	true	addons/foggy-dataset-model-cache/src/test/java	addons/foggy-dataset-model-cache/src/test/java/com/foggyframework/dataset/db/model/cache/fingerprint/QueryFingerprintBuilderTest.java	com.foggyframework.dataset.db.model.cache.fingerprint.QueryFingerprintBuilderTest	executable	*Test	reactor-owned-executable	addons/foggy-dataset-model-cache	JUnit Platform ClassSource discovery owner
v934-src|126:addons/foggy-dataset-model-cache/src/test/java/com/foggyframework/dataset/db/model/cache/fingerprint/QueryFingerprintTest.java	addons/foggy-dataset-model-cache	true	addons/foggy-dataset-model-cache/src/test/java	addons/foggy-dataset-model-cache/src/test/java/com/foggyframework/dataset/db/model/cache/fingerprint/QueryFingerprintTest.java	com.foggyframework.dataset.db.model.cache.fingerprint.QueryFingerprintTest	executable	*Test	reactor-owned-executable	addons/foggy-dataset-model-cache	JUnit Platform ClassSource discovery owner
v934-src|132:addons/foggy-dataset-model-cache/src/test/java/com/foggyframework/dataset/db/model/cache/fingerprint/StableCanonicalEncoderTest.java	addons/foggy-dataset-model-cache	true	addons/foggy-dataset-model-cache/src/test/java	addons/foggy-dataset-model-cache/src/test/java/com/foggyframework/dataset/db/model/cache/fingerprint/StableCanonicalEncoderTest.java	com.foggyframework.dataset.db.model.cache.fingerprint.StableCanonicalEncoderTest	executable	*Test	reactor-owned-executable	addons/foggy-dataset-model-cache	JUnit Platform ClassSource discovery owner
v934-src|144:addons/foggy-dataset-model-cache/src/test/java/com/foggyframework/dataset/db/model/cache/lifecycle/realquery/QueryCacheLifecycleRealQueryIT.java	addons/foggy-dataset-model-cache	true	addons/foggy-dataset-model-cache/src/test/java	addons/foggy-dataset-model-cache/src/test/java/com/foggyframework/dataset/db/model/cache/lifecycle/realquery/QueryCacheLifecycleRealQueryIT.java	com.foggyframework.dataset.db.model.cache.lifecycle.realquery.QueryCacheLifecycleRealQueryIT	executable	*IT	reactor-owned-executable	addons/foggy-dataset-model-cache	JUnit Platform ClassSource discovery owner
v934-src|150:addons/foggy-dataset-model-cache/src/test/java/com/foggyframework/dataset/db/model/cache/provider/CaffeineQueryCacheProviderDataSourceIsolationIT.java	addons/foggy-dataset-model-cache	true	addons/foggy-dataset-model-cache/src/test/java	addons/foggy-dataset-model-cache/src/test/java/com/foggyframework/dataset/db/model/cache/provider/CaffeineQueryCacheProviderDataSourceIsolationIT.java	com.foggyframework.dataset.db.model.cache.provider.CaffeineQueryCacheProviderDataSourceIsolationIT	executable	*IT	reactor-owned-executable	addons/foggy-dataset-model-cache	JUnit Platform ClassSource discovery owner
v934-src|133:addons/foggy-dataset-model-cache/src/test/java/com/foggyframework/dataset/db/model/cache/provider/CaffeineQueryCacheProviderTest.java	addons/foggy-dataset-model-cache	true	addons/foggy-dataset-model-cache/src/test/java	addons/foggy-dataset-model-cache/src/test/java/com/foggyframework/dataset/db/model/cache/provider/CaffeineQueryCacheProviderTest.java	com.foggyframework.dataset.db.model.cache.provider.CaffeineQueryCacheProviderTest	executable	*Test	reactor-owned-executable	addons/foggy-dataset-model-cache	JUnit Platform ClassSource discovery owner
v934-src|141:addons/foggy-dataset-model-cache/src/test/java/com/foggyframework/dataset/db/model/cache/provider/QueryCacheKeyBuilderStrongIdentityTest.java	addons/foggy-dataset-model-cache	true	addons/foggy-dataset-model-cache/src/test/java	addons/foggy-dataset-model-cache/src/test/java/com/foggyframework/dataset/db/model/cache/provider/QueryCacheKeyBuilderStrongIdentityTest.java	com.foggyframework.dataset.db.model.cache.provider.QueryCacheKeyBuilderStrongIdentityTest	executable	*Test	reactor-owned-executable	addons/foggy-dataset-model-cache	JUnit Platform ClassSource discovery owner
v934-src|143:addons/foggy-dataset-model-cache/src/test/java/com/foggyframework/dataset/db/model/cache/provider/QueryCacheKeyCrossApplicationContextTest.java	addons/foggy-dataset-model-cache	true	addons/foggy-dataset-model-cache/src/test/java	addons/foggy-dataset-model-cache/src/test/java/com/foggyframework/dataset/db/model/cache/provider/QueryCacheKeyCrossApplicationContextTest.java	com.foggyframework.dataset.db.model.cache.provider.QueryCacheKeyCrossApplicationContextTest	executable	*Test	reactor-owned-executable	addons/foggy-dataset-model-cache	JUnit Platform ClassSource discovery owner
v934-src|123:addons/foggy-dataset-model-cache/src/test/java/com/foggyframework/dataset/db/model/cache/provider/RedisCrossJvmCacheIT.java	addons/foggy-dataset-model-cache	true	addons/foggy-dataset-model-cache/src/test/java	addons/foggy-dataset-model-cache/src/test/java/com/foggyframework/dataset/db/model/cache/provider/RedisCrossJvmCacheIT.java	com.foggyframework.dataset.db.model.cache.provider.RedisCrossJvmCacheIT	executable	*IT	reactor-owned-executable	addons/foggy-dataset-model-cache	JUnit Platform ClassSource discovery owner
v934-src|130:addons/foggy-dataset-model-cache/src/test/java/com/foggyframework/dataset/db/model/cache/provider/RedisQueryCacheProviderTest.java	addons/foggy-dataset-model-cache	true	addons/foggy-dataset-model-cache/src/test/java	addons/foggy-dataset-model-cache/src/test/java/com/foggyframework/dataset/db/model/cache/provider/RedisQueryCacheProviderTest.java	com.foggyframework.dataset.db.model.cache.provider.RedisQueryCacheProviderTest	executable	*Test	reactor-owned-executable	addons/foggy-dataset-model-cache	JUnit Platform ClassSource discovery owner
v934-src|123:addons/foggy-dataset-model-cache/src/test/java/io/foggytest/autoconfigure/cache/QueryCacheAutoConfigurationContextTest.java	addons/foggy-dataset-model-cache	true	addons/foggy-dataset-model-cache/src/test/java	addons/foggy-dataset-model-cache/src/test/java/io/foggytest/autoconfigure/cache/QueryCacheAutoConfigurationContextTest.java	io.foggytest.autoconfigure.cache.QueryCacheAutoConfigurationContextTest	executable	*Test	reactor-owned-executable	addons/foggy-dataset-model-cache	JUnit Platform ClassSource discovery owner
v934-src|112:addons/foggy-dataset-model-mongo/src/test/java/com/foggyframework/dataset/db/model/mongo/McpAuditLogMongoIT.java	addons/foggy-dataset-model-mongo	true	addons/foggy-dataset-model-mongo/src/test/java	addons/foggy-dataset-model-mongo/src/test/java/com/foggyframework/dataset/db/model/mongo/McpAuditLogMongoIT.java	com.foggyframework.dataset.db.model.mongo.McpAuditLogMongoIT	executable	*IT	reactor-owned-executable	addons/foggy-dataset-model-mongo	JUnit Platform ClassSource discovery owner
v934-src|119:addons/foggy-dataset-model-mongo/src/test/java/com/foggyframework/dataset/db/model/mongo/MongoArrayElementAccessIT.java	addons/foggy-dataset-model-mongo	true	addons/foggy-dataset-model-mongo/src/test/java	addons/foggy-dataset-model-mongo/src/test/java/com/foggyframework/dataset/db/model/mongo/MongoArrayElementAccessIT.java	com.foggyframework.dataset.db.model.mongo.MongoArrayElementAccessIT	executable	*IT	reactor-owned-executable	addons/foggy-dataset-model-mongo	JUnit Platform ClassSource discovery owner
v934-src|116:addons/foggy-dataset-model-mongo/src/test/java/com/foggyframework/dataset/db/model/mongo/MongoCalculatedFieldIT.java	addons/foggy-dataset-model-mongo	true	addons/foggy-dataset-model-mongo/src/test/java	addons/foggy-dataset-model-mongo/src/test/java/com/foggyframework/dataset/db/model/mongo/MongoCalculatedFieldIT.java	com.foggyframework.dataset.db.model.mongo.MongoCalculatedFieldIT	executable	*IT	reactor-owned-executable	addons/foggy-dataset-model-mongo	JUnit Platform ClassSource discovery owner
v934-src|130:addons/foggy-dataset-model-mongo/src/test/java/com/foggyframework/dataset/db/model/mongo/expression/MongoAllowedFunctionsTest.java	addons/foggy-dataset-model-mongo	true	addons/foggy-dataset-model-mongo/src/test/java	addons/foggy-dataset-model-mongo/src/test/java/com/foggyframework/dataset/db/model/mongo/expression/MongoAllowedFunctionsTest.java	com.foggyframework.dataset.db.model.mongo.expression.MongoAllowedFunctionsTest	executable	*Test	reactor-owned-executable	addons/foggy-dataset-model-mongo	JUnit Platform ClassSource discovery owner
v934-src|122:addons/foggy-dataset-model-mongo/src/test/java/com/foggyframework/dataset/db/model/mongo/expression/MongoFragmentTest.java	addons/foggy-dataset-model-mongo	true	addons/foggy-dataset-model-mongo/src/test/java	addons/foggy-dataset-model-mongo/src/test/java/com/foggyframework/dataset/db/model/mongo/expression/MongoFragmentTest.java	com.foggyframework.dataset.db.model.mongo.expression.MongoFragmentTest	executable	*Test	reactor-owned-executable	addons/foggy-dataset-model-mongo	JUnit Platform ClassSource discovery owner
v934-src|129:addons/foggy-dataset-model-mongo/src/test/java/io/foggytest/autoconfigure/modelmongo/MongoModelAutoConfigurationContractTest.java	addons/foggy-dataset-model-mongo	true	addons/foggy-dataset-model-mongo/src/test/java	addons/foggy-dataset-model-mongo/src/test/java/io/foggytest/autoconfigure/modelmongo/MongoModelAutoConfigurationContractTest.java	io.foggytest.autoconfigure.modelmongo.MongoModelAutoConfigurationContractTest	executable	*Test	reactor-owned-executable	addons/foggy-dataset-model-mongo	JUnit Platform ClassSource discovery owner
v934-src|120:addons/foggy-dataset-model-preagg/src/test/java/com/foggyframework/dataset/db/model/preagg/ddl/PreAggSqlBuilderTest.java	addons/foggy-dataset-model-preagg	true	addons/foggy-dataset-model-preagg/src/test/java	addons/foggy-dataset-model-preagg/src/test/java/com/foggyframework/dataset/db/model/preagg/ddl/PreAggSqlBuilderTest.java	com.foggyframework.dataset.db.model.preagg.ddl.PreAggSqlBuilderTest	executable	*Test	reactor-owned-executable	addons/foggy-dataset-model-preagg	JUnit Platform ClassSource discovery owner
v934-src|127:addons/foggy-dataset-model-preagg/src/test/java/com/foggyframework/dataset/db/model/preagg/refresh/FullRefreshStrategyTest.java	addons/foggy-dataset-model-preagg	true	addons/foggy-dataset-model-preagg/src/test/java	addons/foggy-dataset-model-preagg/src/test/java/com/foggyframework/dataset/db/model/preagg/refresh/FullRefreshStrategyTest.java	com.foggyframework.dataset.db.model.preagg.refresh.FullRefreshStrategyTest	executable	*Test	reactor-owned-executable	addons/foggy-dataset-model-preagg	JUnit Platform ClassSource discovery owner
v934-src|134:addons/foggy-dataset-model-preagg/src/test/java/com/foggyframework/dataset/db/model/preagg/refresh/IncrementalRefreshStrategyTest.java	addons/foggy-dataset-model-preagg	true	addons/foggy-dataset-model-preagg/src/test/java	addons/foggy-dataset-model-preagg/src/test/java/com/foggyframework/dataset/db/model/preagg/refresh/IncrementalRefreshStrategyTest.java	com.foggyframework.dataset.db.model.preagg.refresh.IncrementalRefreshStrategyTest	executable	*Test	reactor-owned-executable	addons/foggy-dataset-model-preagg	JUnit Platform ClassSource discovery owner
v934-src|116:addons/foggy-dataset-model-vector/src/test/java/com/foggyframework/dataset/db/model/vector/EmbeddingServiceTest.java	addons/foggy-dataset-model-vector	true	addons/foggy-dataset-model-vector/src/test/java	addons/foggy-dataset-model-vector/src/test/java/com/foggyframework/dataset/db/model/vector/EmbeddingServiceTest.java	com.foggyframework.dataset.db.model.vector.EmbeddingServiceTest	executable	*Test	reactor-owned-executable	addons/foggy-dataset-model-vector	JUnit Platform ClassSource discovery owner
v934-src|115:addons/foggy-dataset-model-vector/src/test/java/com/foggyframework/dataset/db/model/vector/FilterConditionTest.java	addons/foggy-dataset-model-vector	true	addons/foggy-dataset-model-vector/src/test/java	addons/foggy-dataset-model-vector/src/test/java/com/foggyframework/dataset/db/model/vector/FilterConditionTest.java	com.foggyframework.dataset.db.model.vector.FilterConditionTest	executable	*Test	reactor-owned-executable	addons/foggy-dataset-model-vector	JUnit Platform ClassSource discovery owner
v934-src|114:addons/foggy-dataset-model-vector/src/test/java/com/foggyframework/dataset/db/model/vector/VectorDbConfigTest.java	addons/foggy-dataset-model-vector	true	addons/foggy-dataset-model-vector/src/test/java	addons/foggy-dataset-model-vector/src/test/java/com/foggyframework/dataset/db/model/vector/VectorDbConfigTest.java	com.foggyframework.dataset.db.model.vector.VectorDbConfigTest	executable	*Test	reactor-owned-executable	addons/foggy-dataset-model-vector	JUnit Platform ClassSource discovery owner
v934-src|104:addons/foggy-dataset-model-vector/src/test/java/com/foggyframework/dataset/db/model/vector/VectorIT.java	addons/foggy-dataset-model-vector	true	addons/foggy-dataset-model-vector/src/test/java	addons/foggy-dataset-model-vector/src/test/java/com/foggyframework/dataset/db/model/vector/VectorIT.java	com.foggyframework.dataset.db.model.vector.VectorIT	executable	*IT	reactor-owned-executable	addons/foggy-dataset-model-vector	JUnit Platform ClassSource discovery owner
v934-src|122:addons/foggy-dataset-model-vector/src/test/java/com/foggyframework/dataset/db/model/vector/VectorModelQueryEngineTest.java	addons/foggy-dataset-model-vector	true	addons/foggy-dataset-model-vector/src/test/java	addons/foggy-dataset-model-vector/src/test/java/com/foggyframework/dataset/db/model/vector/VectorModelQueryEngineTest.java	com.foggyframework.dataset.db.model.vector.VectorModelQueryEngineTest	executable	*Test	reactor-owned-executable	addons/foggy-dataset-model-vector	JUnit Platform ClassSource discovery owner
v934-src|118:addons/foggy-dataset-model-vector/src/test/java/com/foggyframework/dataset/db/model/vector/VectorSearchParamsTest.java	addons/foggy-dataset-model-vector	true	addons/foggy-dataset-model-vector/src/test/java	addons/foggy-dataset-model-vector/src/test/java/com/foggyframework/dataset/db/model/vector/VectorSearchParamsTest.java	com.foggyframework.dataset.db.model.vector.VectorSearchParamsTest	executable	*Test	reactor-owned-executable	addons/foggy-dataset-model-vector	JUnit Platform ClassSource discovery owner
v934-src|120:addons/foggy-dataset-model-vector/src/test/java/com/foggyframework/dataset/db/model/vector/VectorTableModelImplTest.java	addons/foggy-dataset-model-vector	true	addons/foggy-dataset-model-vector/src/test/java	addons/foggy-dataset-model-vector/src/test/java/com/foggyframework/dataset/db/model/vector/VectorTableModelImplTest.java	com.foggyframework.dataset.db.model.vector.VectorTableModelImplTest	executable	*Test	reactor-owned-executable	addons/foggy-dataset-model-vector	JUnit Platform ClassSource discovery owner
v934-src|132:addons/foggy-dataset-model-vector/src/test/java/io/foggytest/autoconfigure/modelvector/VectorModelAutoConfigurationContractTest.java	addons/foggy-dataset-model-vector	true	addons/foggy-dataset-model-vector/src/test/java	addons/foggy-dataset-model-vector/src/test/java/io/foggytest/autoconfigure/modelvector/VectorModelAutoConfigurationContractTest.java	io.foggytest.autoconfigure.modelvector.VectorModelAutoConfigurationContractTest	executable	*Test	reactor-owned-executable	addons/foggy-dataset-model-vector	JUnit Platform ClassSource discovery owner
v934-src|119:addons/foggy-dataset-mongo/src/test/java/io/foggytest/autoconfigure/mongo/DataSetMongoAutoConfigurationContextTest.java	addons/foggy-dataset-mongo	true	addons/foggy-dataset-mongo/src/test/java	addons/foggy-dataset-mongo/src/test/java/io/foggytest/autoconfigure/mongo/DataSetMongoAutoConfigurationContextTest.java	io.foggytest.autoconfigure.mongo.DataSetMongoAutoConfigurationContextTest	executable	*Test	reactor-owned-executable	addons/foggy-dataset-mongo	JUnit Platform ClassSource discovery owner
v934-src|94:addons/foggy-dataset-vector/src/test/java/com/foggyframework/dataset/vector/VectorKeyTest.java	addons/foggy-dataset-vector	true	addons/foggy-dataset-vector/src/test/java	addons/foggy-dataset-vector/src/test/java/com/foggyframework/dataset/vector/VectorKeyTest.java	com.foggyframework.dataset.vector.VectorKeyTest	executable	*Test	reactor-owned-executable	addons/foggy-dataset-vector	JUnit Platform ClassSource discovery owner
v934-src|101:addons/foggy-dataset-vector/src/test/java/com/foggyframework/dataset/vector/VectorStoreQueryTest.java	addons/foggy-dataset-vector	true	addons/foggy-dataset-vector/src/test/java	addons/foggy-dataset-vector/src/test/java/com/foggyframework/dataset/vector/VectorStoreQueryTest.java	com.foggyframework.dataset.vector.VectorStoreQueryTest	executable	*Test	reactor-owned-executable	addons/foggy-dataset-vector	JUnit Platform ClassSource discovery owner
v934-src|106:addons/foggy-dataset-vector/src/test/java/com/foggyframework/dataset/vector/integration/VectorStoreIT.java	addons/foggy-dataset-vector	true	addons/foggy-dataset-vector/src/test/java	addons/foggy-dataset-vector/src/test/java/com/foggyframework/dataset/vector/integration/VectorStoreIT.java	com.foggyframework.dataset.vector.integration.VectorStoreIT	executable	*IT	reactor-owned-executable	addons/foggy-dataset-vector	JUnit Platform ClassSource discovery owner
v934-src|118:addons/foggy-dataset-vector/src/test/java/com/foggyframework/dataset/vector/support/VectorFscriptDataSetModelTest.java	addons/foggy-dataset-vector	true	addons/foggy-dataset-vector/src/test/java	addons/foggy-dataset-vector/src/test/java/com/foggyframework/dataset/vector/support/VectorFscriptDataSetModelTest.java	com.foggyframework.dataset.vector.support.VectorFscriptDataSetModelTest	executable	*Test	reactor-owned-executable	addons/foggy-dataset-vector	JUnit Platform ClassSource discovery owner
v934-src|122:addons/foggy-dataset-vector/src/test/java/io/foggytest/autoconfigure/vector/DataSetVectorAutoConfigurationContextTest.java	addons/foggy-dataset-vector	true	addons/foggy-dataset-vector/src/test/java	addons/foggy-dataset-vector/src/test/java/io/foggytest/autoconfigure/vector/DataSetVectorAutoConfigurationContextTest.java	io.foggytest.autoconfigure.vector.DataSetVectorAutoConfigurationContextTest	executable	*Test	reactor-owned-executable	addons/foggy-dataset-vector	JUnit Platform ClassSource discovery owner
v934-src|119:addons/foggy-fsscript-client/src/test/java/com/foggyframework/fsscript/client/test/support/FsscriptClientProxyTest.java	addons/foggy-fsscript-client	true	addons/foggy-fsscript-client/src/test/java	addons/foggy-fsscript-client/src/test/java/com/foggyframework/fsscript/client/test/support/FsscriptClientProxyTest.java	com.foggyframework.fsscript.client.test.support.FsscriptClientProxyTest	executable	*Test	reactor-owned-executable	addons/foggy-fsscript-client	JUnit Platform ClassSource discovery owner
v934-src|114:addons/foggy-fsscript-client/src/test/java/com/foggyframework/fsscript/client/test/support/FsscriptClientTest.java	addons/foggy-fsscript-client	true	addons/foggy-fsscript-client/src/test/java	addons/foggy-fsscript-client/src/test/java/com/foggyframework/fsscript/client/test/support/FsscriptClientTest.java	com.foggyframework.fsscript.client.test.support.FsscriptClientTest	helper	*Test	non-executable-helper	addons/foggy-fsscript-client	Fsscript client fixture interface consumed by owning tests
v934-src|87:foggy-bean-copy/src/test/java/com/foggyframework/bean/copy/utils/Bean2MapUtilsTest.java	foggy-bean-copy	true	foggy-bean-copy/src/test/java	foggy-bean-copy/src/test/java/com/foggyframework/bean/copy/utils/Bean2MapUtilsTest.java	com.foggyframework.bean.copy.utils.Bean2MapUtilsTest	executable	*Test	reactor-owned-executable	foggy-bean-copy	JUnit Platform ClassSource discovery owner
v934-src|87:foggy-bean-copy/src/test/java/com/foggyframework/bean/copy/utils/Map2BeanUtilsTest.java	foggy-bean-copy	true	foggy-bean-copy/src/test/java	foggy-bean-copy/src/test/java/com/foggyframework/bean/copy/utils/Map2BeanUtilsTest.java	com.foggyframework.bean.copy.utils.Map2BeanUtilsTest	executable	*Test	reactor-owned-executable	foggy-bean-copy	JUnit Platform ClassSource discovery owner
v934-src|75:foggy-core/src/test/java/com/foggyframework/core/common/MapBuilderTest.java	foggy-core	true	foggy-core/src/test/java	foggy-core/src/test/java/com/foggyframework/core/common/MapBuilderTest.java	com.foggyframework.core.common.MapBuilderTest	executable	*Test	reactor-owned-executable	foggy-core	JUnit Platform ClassSource discovery owner
v934-src|92:foggy-core/src/test/java/com/foggyframework/core/spring/bean/FoggyBeanPostProcessorTest.java	foggy-core	true	foggy-core/src/test/java	foggy-core/src/test/java/com/foggyframework/core/spring/bean/FoggyBeanPostProcessorTest.java	com.foggyframework.core.spring.bean.FoggyBeanPostProcessorTest	executable	*Test	reactor-owned-executable	foggy-core	JUnit Platform ClassSource discovery owner
v934-src|87:foggy-core/src/test/java/com/foggyframework/core/spring/bean/TestFoggyMethodFilter.java	foggy-core	true	foggy-core/src/test/java	foggy-core/src/test/java/com/foggyframework/core/spring/bean/TestFoggyMethodFilter.java	com.foggyframework.core.spring.bean.TestFoggyMethodFilter	helper	Test*	non-executable-helper	foggy-core	Spring test filter fixture; contains no JUnit test
v934-src|87:foggy-core/src/test/java/com/foggyframework/core/spring/bean/annotation/TestMethod.java	foggy-core	true	foggy-core/src/test/java	foggy-core/src/test/java/com/foggyframework/core/spring/bean/annotation/TestMethod.java	com.foggyframework.core.spring.bean.annotation.TestMethod	helper	Test*	non-executable-helper	foggy-core	test-only annotation fixture; contains no JUnit test
v934-src|91:foggy-core/src/test/java/com/foggyframework/core/trans/ObjectTransFormatterBooleanTest.java	foggy-core	true	foggy-core/src/test/java	foggy-core/src/test/java/com/foggyframework/core/trans/ObjectTransFormatterBooleanTest.java	com.foggyframework.core.trans.ObjectTransFormatterBooleanTest	executable	*Test	reactor-owned-executable	foggy-core	JUnit Platform ClassSource discovery owner
v934-src|74:foggy-core/src/test/java/com/foggyframework/core/utils/ClazzUtilsTest.java	foggy-core	true	foggy-core/src/test/java	foggy-core/src/test/java/com/foggyframework/core/utils/ClazzUtilsTest.java	com.foggyframework.core.utils.ClazzUtilsTest	executable	*Test	reactor-owned-executable	foggy-core	JUnit Platform ClassSource discovery owner
v934-src|73:foggy-core/src/test/java/com/foggyframework/core/utils/DateUtilsTest.java	foggy-core	true	foggy-core/src/test/java	foggy-core/src/test/java/com/foggyframework/core/utils/DateUtilsTest.java	com.foggyframework.core.utils.DateUtilsTest	executable	*Test	reactor-owned-executable	foggy-core	JUnit Platform ClassSource discovery owner
v934-src|73:foggy-core/src/test/java/com/foggyframework/core/utils/FileUtilsTest.java	foggy-core	true	foggy-core/src/test/java	foggy-core/src/test/java/com/foggyframework/core/utils/FileUtilsTest.java	com.foggyframework.core.utils.FileUtilsTest	executable	*Test	reactor-owned-executable	foggy-core	JUnit Platform ClassSource discovery owner
v934-src|78:foggy-core/src/test/java/com/foggyframework/core/utils/FoggyBeanUtilsTest.java	foggy-core	true	foggy-core/src/test/java	foggy-core/src/test/java/com/foggyframework/core/utils/FoggyBeanUtilsTest.java	com.foggyframework.core.utils.FoggyBeanUtilsTest	executable	*Test	reactor-owned-executable	foggy-core	JUnit Platform ClassSource discovery owner
v934-src|73:foggy-core/src/test/java/com/foggyframework/core/utils/JsonUtilsTest.java	foggy-core	true	foggy-core/src/test/java	foggy-core/src/test/java/com/foggyframework/core/utils/JsonUtilsTest.java	com.foggyframework.core.utils.JsonUtilsTest	executable	*Test	reactor-owned-executable	foggy-core	JUnit Platform ClassSource discovery owner
v934-src|75:foggy-core/src/test/java/com/foggyframework/core/utils/NumberUtilsTest.java	foggy-core	true	foggy-core/src/test/java	foggy-core/src/test/java/com/foggyframework/core/utils/NumberUtilsTest.java	com.foggyframework.core.utils.NumberUtilsTest	executable	*Test	reactor-owned-executable	foggy-core	JUnit Platform ClassSource discovery owner
v934-src|75:foggy-core/src/test/java/com/foggyframework/core/utils/StringUtilsTest.java	foggy-core	true	foggy-core/src/test/java	foggy-core/src/test/java/com/foggyframework/core/utils/StringUtilsTest.java	com.foggyframework.core.utils.StringUtilsTest	executable	*Test	reactor-owned-executable	foggy-core	JUnit Platform ClassSource discovery owner
v934-src|89:foggy-core/src/test/java/com/foggyframework/core/utils/beanhelper/BeanInfoHelperTest.java	foggy-core	true	foggy-core/src/test/java	foggy-core/src/test/java/com/foggyframework/core/utils/beanhelper/BeanInfoHelperTest.java	com.foggyframework.core.utils.beanhelper.BeanInfoHelperTest	executable	*Test	reactor-owned-executable	foggy-core	JUnit Platform ClassSource discovery owner
v934-src|91:foggy-core/src/test/java/com/foggyframework/core/utils/file/WatchServiceFileTracerTest.java	foggy-core	true	foggy-core/src/test/java	foggy-core/src/test/java/com/foggyframework/core/utils/file/WatchServiceFileTracerTest.java	com.foggyframework.core.utils.file.WatchServiceFileTracerTest	executable	*Test	reactor-owned-executable	foggy-core	JUnit Platform ClassSource discovery owner
v934-src|94:foggy-core/src/test/java/com/foggyframework/core/utils/resource/DefaultResourceFinderTest.java	foggy-core	true	foggy-core/src/test/java	foggy-core/src/test/java/com/foggyframework/core/utils/resource/DefaultResourceFinderTest.java	com.foggyframework.core.utils.resource.DefaultResourceFinderTest	executable	*Test	reactor-owned-executable	foggy-core	JUnit Platform ClassSource discovery owner
v934-src|94:foggy-dataset-mcp/src/test/java/com/foggyframework/dataset/mcp/ai/AiTestReportSummaryTest.java	foggy-dataset-mcp	true	foggy-dataset-mcp/src/test/java	foggy-dataset-mcp/src/test/java/com/foggyframework/dataset/mcp/ai/AiTestReportSummaryTest.java	com.foggyframework.dataset.mcp.ai.AiTestReportSummaryTest	executable	*Test	reactor-owned-executable	foggy-dataset-mcp	JUnit Platform ClassSource discovery owner
v934-src|80:foggy-dataset-mcp/src/test/java/com/foggyframework/dataset/mcp/ai/AiToolsIT.java	foggy-dataset-mcp	true	foggy-dataset-mcp/src/test/java	foggy-dataset-mcp/src/test/java/com/foggyframework/dataset/mcp/ai/AiToolsIT.java	com.foggyframework.dataset.mcp.ai.AiToolsIT	executable	*IT	reactor-owned-executable	foggy-dataset-mcp	JUnit Platform ClassSource discovery owner
v934-src|88:foggy-dataset-mcp/src/test/java/com/foggyframework/dataset/mcp/ai/EcommerceTestCase.java	foggy-dataset-mcp	true	foggy-dataset-mcp/src/test/java	foggy-dataset-mcp/src/test/java/com/foggyframework/dataset/mcp/ai/EcommerceTestCase.java	com.foggyframework.dataset.mcp.ai.EcommerceTestCase	helper	*TestCase	non-executable-helper	foggy-dataset-mcp	AI question-bank DTO consumed by executable tests
v934-src|90:foggy-dataset-mcp/src/test/java/com/foggyframework/dataset/mcp/ai/ResultValidatorTest.java	foggy-dataset-mcp	true	foggy-dataset-mcp/src/test/java	foggy-dataset-mcp/src/test/java/com/foggyframework/dataset/mcp/ai/ResultValidatorTest.java	com.foggyframework.dataset.mcp.ai.ResultValidatorTest	executable	*Test	reactor-owned-executable	foggy-dataset-mcp	JUnit Platform ClassSource discovery owner
v934-src|95:foggy-dataset-mcp/src/test/java/com/foggyframework/dataset/mcp/ai/SpringAiTestExecutorTest.java	foggy-dataset-mcp	true	foggy-dataset-mcp/src/test/java	foggy-dataset-mcp/src/test/java/com/foggyframework/dataset/mcp/ai/SpringAiTestExecutorTest.java	com.foggyframework.dataset.mcp.ai.SpringAiTestExecutorTest	executable	*Test	reactor-owned-executable	foggy-dataset-mcp	JUnit Platform ClassSource discovery owner
v934-src|85:foggy-dataset-mcp/src/test/java/com/foggyframework/dataset/mcp/ai/TestCaseLoader.java	foggy-dataset-mcp	true	foggy-dataset-mcp/src/test/java	foggy-dataset-mcp/src/test/java/com/foggyframework/dataset/mcp/ai/TestCaseLoader.java	com.foggyframework.dataset.mcp.ai.TestCaseLoader	helper	Test*	non-executable-helper	foggy-dataset-mcp	AI question-bank loader consumed by executable tests
v934-src|84:foggy-dataset-mcp/src/test/java/com/foggyframework/dataset/mcp/base/BaseMcpTest.java	foggy-dataset-mcp	true	foggy-dataset-mcp/src/test/java	foggy-dataset-mcp/src/test/java/com/foggyframework/dataset/mcp/base/BaseMcpTest.java	com.foggyframework.dataset.mcp.base.BaseMcpTest	helper	*Test	non-executable-helper	foggy-dataset-mcp	abstract MCP integration support base
v934-src|99:foggy-dataset-mcp/src/test/java/com/foggyframework/dataset/mcp/config/McpPropertiesBindingTest.java	foggy-dataset-mcp	true	foggy-dataset-mcp/src/test/java	foggy-dataset-mcp/src/test/java/com/foggyframework/dataset/mcp/config/McpPropertiesBindingTest.java	com.foggyframework.dataset.mcp.config.McpPropertiesBindingTest	executable	*Test	reactor-owned-executable	foggy-dataset-mcp	JUnit Platform ClassSource discovery owner
v934-src|101:foggy-dataset-mcp/src/test/java/com/foggyframework/dataset/mcp/controller/AdminMcpControllerTest.java	foggy-dataset-mcp	true	foggy-dataset-mcp/src/test/java	foggy-dataset-mcp/src/test/java/com/foggyframework/dataset/mcp/controller/AdminMcpControllerTest.java	com.foggyframework.dataset.mcp.controller.AdminMcpControllerTest	executable	*Test	reactor-owned-executable	foggy-dataset-mcp	JUnit Platform ClassSource discovery owner
v934-src|103:foggy-dataset-mcp/src/test/java/com/foggyframework/dataset/mcp/controller/AnalystMcpControllerTest.java	foggy-dataset-mcp	true	foggy-dataset-mcp/src/test/java	foggy-dataset-mcp/src/test/java/com/foggyframework/dataset/mcp/controller/AnalystMcpControllerTest.java	com.foggyframework.dataset.mcp.controller.AnalystMcpControllerTest	executable	*Test	reactor-owned-executable	foggy-dataset-mcp	JUnit Platform ClassSource discovery owner
v934-src|104:foggy-dataset-mcp/src/test/java/com/foggyframework/dataset/mcp/controller/BusinessMcpControllerTest.java	foggy-dataset-mcp	true	foggy-dataset-mcp/src/test/java	foggy-dataset-mcp/src/test/java/com/foggyframework/dataset/mcp/controller/BusinessMcpControllerTest.java	com.foggyframework.dataset.mcp.controller.BusinessMcpControllerTest	executable	*Test	reactor-owned-executable	foggy-dataset-mcp	JUnit Platform ClassSource discovery owner
v934-src|110:foggy-dataset-mcp/src/test/java/com/foggyframework/dataset/mcp/controller/DevToolsControllerIsolationTest.java	foggy-dataset-mcp	true	foggy-dataset-mcp/src/test/java	foggy-dataset-mcp/src/test/java/com/foggyframework/dataset/mcp/controller/DevToolsControllerIsolationTest.java	com.foggyframework.dataset.mcp.controller.DevToolsControllerIsolationTest	executable	*Test	reactor-owned-executable	foggy-dataset-mcp	JUnit Platform ClassSource discovery owner
v934-src|110:foggy-dataset-mcp/src/test/java/com/foggyframework/dataset/mcp/controller/ListModelsCatalogControllerTest.java	foggy-dataset-mcp	true	foggy-dataset-mcp/src/test/java	foggy-dataset-mcp/src/test/java/com/foggyframework/dataset/mcp/controller/ListModelsCatalogControllerTest.java	com.foggyframework.dataset.mcp.controller.ListModelsCatalogControllerTest	executable	*Test	reactor-owned-executable	foggy-dataset-mcp	JUnit Platform ClassSource discovery owner
v934-src|116:foggy-dataset-mcp/src/test/java/com/foggyframework/dataset/mcp/datasource/DataSourceManagerBindingLifecycleTest.java	foggy-dataset-mcp	true	foggy-dataset-mcp/src/test/java	foggy-dataset-mcp/src/test/java/com/foggyframework/dataset/mcp/datasource/DataSourceManagerBindingLifecycleTest.java	com.foggyframework.dataset.mcp.datasource.DataSourceManagerBindingLifecycleTest	executable	*Test	reactor-owned-executable	foggy-dataset-mcp	JUnit Platform ClassSource discovery owner
v934-src|118:foggy-dataset-mcp/src/test/java/com/foggyframework/dataset/mcp/datasource/DataSourceManagerCatalogConvergenceTest.java	foggy-dataset-mcp	true	foggy-dataset-mcp/src/test/java	foggy-dataset-mcp/src/test/java/com/foggyframework/dataset/mcp/datasource/DataSourceManagerCatalogConvergenceTest.java	com.foggyframework.dataset.mcp.datasource.DataSourceManagerCatalogConvergenceTest	executable	*Test	reactor-owned-executable	foggy-dataset-mcp	JUnit Platform ClassSource discovery owner
v934-src|129:foggy-dataset-mcp/src/test/java/com/foggyframework/dataset/mcp/experience/ExperienceRecipeArtifactSignatureConfigurationTest.java	foggy-dataset-mcp	true	foggy-dataset-mcp/src/test/java	foggy-dataset-mcp/src/test/java/com/foggyframework/dataset/mcp/experience/ExperienceRecipeArtifactSignatureConfigurationTest.java	com.foggyframework.dataset.mcp.experience.ExperienceRecipeArtifactSignatureConfigurationTest	executable	*Test	reactor-owned-executable	foggy-dataset-mcp	JUnit Platform ClassSource discovery owner
v934-src|116:foggy-dataset-mcp/src/test/java/com/foggyframework/dataset/mcp/experience/ExperienceRecipeArtifactUriPolicyTest.java	foggy-dataset-mcp	true	foggy-dataset-mcp/src/test/java	foggy-dataset-mcp/src/test/java/com/foggyframework/dataset/mcp/experience/ExperienceRecipeArtifactUriPolicyTest.java	com.foggyframework.dataset.mcp.experience.ExperienceRecipeArtifactUriPolicyTest	executable	*Test	reactor-owned-executable	foggy-dataset-mcp	JUnit Platform ClassSource discovery owner
v934-src|114:foggy-dataset-mcp/src/test/java/com/foggyframework/dataset/mcp/experience/ExperienceRecipeRegistryServiceTest.java	foggy-dataset-mcp	true	foggy-dataset-mcp/src/test/java	foggy-dataset-mcp/src/test/java/com/foggyframework/dataset/mcp/experience/ExperienceRecipeRegistryServiceTest.java	com.foggyframework.dataset.mcp.experience.ExperienceRecipeRegistryServiceTest	executable	*Test	reactor-owned-executable	foggy-dataset-mcp	JUnit Platform ClassSource discovery owner
v934-src|115:foggy-dataset-mcp/src/test/java/com/foggyframework/dataset/mcp/experience/ExperienceRecipeSearchToolWiringTest.java	foggy-dataset-mcp	true	foggy-dataset-mcp/src/test/java	foggy-dataset-mcp/src/test/java/com/foggyframework/dataset/mcp/experience/ExperienceRecipeSearchToolWiringTest.java	com.foggyframework.dataset.mcp.experience.ExperienceRecipeSearchToolWiringTest	executable	*Test	reactor-owned-executable	foggy-dataset-mcp	JUnit Platform ClassSource discovery owner
v934-src|125:foggy-dataset-mcp/src/test/java/com/foggyframework/dataset/mcp/experience/RemoteHttpExperienceRecipeArtifactResolverTest.java	foggy-dataset-mcp	true	foggy-dataset-mcp/src/test/java	foggy-dataset-mcp/src/test/java/com/foggyframework/dataset/mcp/experience/RemoteHttpExperienceRecipeArtifactResolverTest.java	com.foggyframework.dataset.mcp.experience.RemoteHttpExperienceRecipeArtifactResolverTest	executable	*Test	reactor-owned-executable	foggy-dataset-mcp	JUnit Platform ClassSource discovery owner
v934-src|99:foggy-dataset-mcp/src/test/java/com/foggyframework/dataset/mcp/integration/ComposeScriptToolIT.java	foggy-dataset-mcp	true	foggy-dataset-mcp/src/test/java	foggy-dataset-mcp/src/test/java/com/foggyframework/dataset/mcp/integration/ComposeScriptToolIT.java	com.foggyframework.dataset.mcp.integration.ComposeScriptToolIT	executable	*IT	reactor-owned-executable	foggy-dataset-mcp	JUnit Platform ClassSource discovery owner
v934-src|90:foggy-dataset-mcp/src/test/java/com/foggyframework/dataset/mcp/integration/McpToolsIT.java	foggy-dataset-mcp	true	foggy-dataset-mcp/src/test/java	foggy-dataset-mcp/src/test/java/com/foggyframework/dataset/mcp/integration/McpToolsIT.java	com.foggyframework.dataset.mcp.integration.McpToolsIT	executable	*IT	reactor-owned-executable	foggy-dataset-mcp	JUnit Platform ClassSource discovery owner
v934-src|95:foggy-dataset-mcp/src/test/java/com/foggyframework/dataset/mcp/schema/McpJsonRpcIdTypeTest.java	foggy-dataset-mcp	true	foggy-dataset-mcp/src/test/java	foggy-dataset-mcp/src/test/java/com/foggyframework/dataset/mcp/schema/McpJsonRpcIdTypeTest.java	com.foggyframework.dataset.mcp.schema.McpJsonRpcIdTypeTest	executable	*Test	reactor-owned-executable	foggy-dataset-mcp	JUnit Platform ClassSource discovery owner
v934-src|100:foggy-dataset-mcp/src/test/java/com/foggyframework/dataset/mcp/schema/PivotSchemaValidationTest.java	foggy-dataset-mcp	true	foggy-dataset-mcp/src/test/java	foggy-dataset-mcp/src/test/java/com/foggyframework/dataset/mcp/schema/PivotSchemaValidationTest.java	com.foggyframework.dataset.mcp.schema.PivotSchemaValidationTest	executable	*Test	reactor-owned-executable	foggy-dataset-mcp	JUnit Platform ClassSource discovery owner
v934-src|111:foggy-dataset-mcp/src/test/java/com/foggyframework/dataset/mcp/schema/QueryModelDescriptionConsistencyTest.java	foggy-dataset-mcp	true	foggy-dataset-mcp/src/test/java	foggy-dataset-mcp/src/test/java/com/foggyframework/dataset/mcp/schema/QueryModelDescriptionConsistencyTest.java	com.foggyframework.dataset.mcp.schema.QueryModelDescriptionConsistencyTest	executable	*Test	reactor-owned-executable	foggy-dataset-mcp	JUnit Platform ClassSource discovery owner
v934-src|112:foggy-dataset-mcp/src/test/java/com/foggyframework/dataset/mcp/service/ClarifyQuestionTemplatesResourceTest.java	foggy-dataset-mcp	true	foggy-dataset-mcp/src/test/java	foggy-dataset-mcp/src/test/java/com/foggyframework/dataset/mcp/service/ClarifyQuestionTemplatesResourceTest.java	com.foggyframework.dataset.mcp.service.ClarifyQuestionTemplatesResourceTest	executable	*Test	reactor-owned-executable	foggy-dataset-mcp	JUnit Platform ClassSource discovery owner
v934-src|101:foggy-dataset-mcp/src/test/java/com/foggyframework/dataset/mcp/service/ClarifyRoutingFixtureTest.java	foggy-dataset-mcp	true	foggy-dataset-mcp/src/test/java	foggy-dataset-mcp/src/test/java/com/foggyframework/dataset/mcp/service/ClarifyRoutingFixtureTest.java	com.foggyframework.dataset.mcp.service.ClarifyRoutingFixtureTest	executable	*Test	reactor-owned-executable	foggy-dataset-mcp	JUnit Platform ClassSource discovery owner
v934-src|90:foggy-dataset-mcp/src/test/java/com/foggyframework/dataset/mcp/service/McpServiceTest.java	foggy-dataset-mcp	true	foggy-dataset-mcp/src/test/java	foggy-dataset-mcp/src/test/java/com/foggyframework/dataset/mcp/service/McpServiceTest.java	com.foggyframework.dataset.mcp.service.McpServiceTest	executable	*Test	reactor-owned-executable	foggy-dataset-mcp	JUnit Platform ClassSource discovery owner
v934-src|102:foggy-dataset-mcp/src/test/java/com/foggyframework/dataset/mcp/service/McpToolCallbackFactoryTest.java	foggy-dataset-mcp	true	foggy-dataset-mcp/src/test/java	foggy-dataset-mcp/src/test/java/com/foggyframework/dataset/mcp/service/McpToolCallbackFactoryTest.java	com.foggyframework.dataset.mcp.service.McpToolCallbackFactoryTest	executable	*Test	reactor-owned-executable	foggy-dataset-mcp	JUnit Platform ClassSource discovery owner
v934-src|97:foggy-dataset-mcp/src/test/java/com/foggyframework/dataset/mcp/service/McpToolDispatcherTest.java	foggy-dataset-mcp	true	foggy-dataset-mcp/src/test/java	foggy-dataset-mcp/src/test/java/com/foggyframework/dataset/mcp/service/McpToolDispatcherTest.java	com.foggyframework.dataset.mcp.service.McpToolDispatcherTest	executable	*Test	reactor-owned-executable	foggy-dataset-mcp	JUnit Platform ClassSource discovery owner
v934-src|116:foggy-dataset-mcp/src/test/java/com/foggyframework/dataset/mcp/service/QueryExpertServiceRoutingCalibrationTest.java	foggy-dataset-mcp	true	foggy-dataset-mcp/src/test/java	foggy-dataset-mcp/src/test/java/com/foggyframework/dataset/mcp/service/QueryExpertServiceRoutingCalibrationTest.java	com.foggyframework.dataset.mcp.service.QueryExpertServiceRoutingCalibrationTest	executable	*Test	reactor-owned-executable	foggy-dataset-mcp	JUnit Platform ClassSource discovery owner
v934-src|96:foggy-dataset-mcp/src/test/java/com/foggyframework/dataset/mcp/service/ToolConfigLoaderTest.java	foggy-dataset-mcp	true	foggy-dataset-mcp/src/test/java	foggy-dataset-mcp/src/test/java/com/foggyframework/dataset/mcp/service/ToolConfigLoaderTest.java	com.foggyframework.dataset.mcp.service.ToolConfigLoaderTest	executable	*Test	reactor-owned-executable	foggy-dataset-mcp	JUnit Platform ClassSource discovery owner
v934-src|97:foggy-dataset-mcp/src/test/java/com/foggyframework/dataset/mcp/service/ToolFilterServiceTest.java	foggy-dataset-mcp	true	foggy-dataset-mcp/src/test/java	foggy-dataset-mcp/src/test/java/com/foggyframework/dataset/mcp/service/ToolFilterServiceTest.java	com.foggyframework.dataset.mcp.service.ToolFilterServiceTest	executable	*Test	reactor-owned-executable	foggy-dataset-mcp	JUnit Platform ClassSource discovery owner
v934-src|110:foggy-dataset-mcp/src/test/java/com/foggyframework/dataset/mcp/service/routing/ClarifyTemplateCatalogTest.java	foggy-dataset-mcp	true	foggy-dataset-mcp/src/test/java	foggy-dataset-mcp/src/test/java/com/foggyframework/dataset/mcp/service/routing/ClarifyTemplateCatalogTest.java	com.foggyframework.dataset.mcp.service.routing.ClarifyTemplateCatalogTest	executable	*Test	reactor-owned-executable	foggy-dataset-mcp	JUnit Platform ClassSource discovery owner
v934-src|120:foggy-dataset-mcp/src/test/java/com/foggyframework/dataset/mcp/service/routing/RoutingCalibrationActionResolverTest.java	foggy-dataset-mcp	true	foggy-dataset-mcp/src/test/java	foggy-dataset-mcp/src/test/java/com/foggyframework/dataset/mcp/service/routing/RoutingCalibrationActionResolverTest.java	com.foggyframework.dataset.mcp.service.routing.RoutingCalibrationActionResolverTest	executable	*Test	reactor-owned-executable	foggy-dataset-mcp	JUnit Platform ClassSource discovery owner
v934-src|109:foggy-dataset-mcp/src/test/java/com/foggyframework/dataset/mcp/spi/impl/CatalogAuthoritySpringWiringTest.java	foggy-dataset-mcp	true	foggy-dataset-mcp/src/test/java	foggy-dataset-mcp/src/test/java/com/foggyframework/dataset/mcp/spi/impl/CatalogAuthoritySpringWiringTest.java	com.foggyframework.dataset.mcp.spi.impl.CatalogAuthoritySpringWiringTest	executable	*Test	reactor-owned-executable	foggy-dataset-mcp	JUnit Platform ClassSource discovery owner
v934-src|106:foggy-dataset-mcp/src/test/java/com/foggyframework/dataset/mcp/spi/impl/CatalogNamespaceAuthorityTest.java	foggy-dataset-mcp	true	foggy-dataset-mcp/src/test/java	foggy-dataset-mcp/src/test/java/com/foggyframework/dataset/mcp/spi/impl/CatalogNamespaceAuthorityTest.java	com.foggyframework.dataset.mcp.spi.impl.CatalogNamespaceAuthorityTest	executable	*Test	reactor-owned-executable	foggy-dataset-mcp	JUnit Platform ClassSource discovery owner
v934-src|111:foggy-dataset-mcp/src/test/java/com/foggyframework/dataset/mcp/spi/impl/LocalDatasetAccessorGovernanceTest.java	foggy-dataset-mcp	true	foggy-dataset-mcp/src/test/java	foggy-dataset-mcp/src/test/java/com/foggyframework/dataset/mcp/spi/impl/LocalDatasetAccessorGovernanceTest.java	com.foggyframework.dataset.mcp.spi.impl.LocalDatasetAccessorGovernanceTest	executable	*Test	reactor-owned-executable	foggy-dataset-mcp	JUnit Platform ClassSource discovery owner
v934-src|108:foggy-dataset-mcp/src/test/java/com/foggyframework/dataset/mcp/spi/impl/SemanticServiceResolverImplTest.java	foggy-dataset-mcp	true	foggy-dataset-mcp/src/test/java	foggy-dataset-mcp/src/test/java/com/foggyframework/dataset/mcp/spi/impl/SemanticServiceResolverImplTest.java	com.foggyframework.dataset.mcp.spi.impl.SemanticServiceResolverImplTest	executable	*Test	reactor-owned-executable	foggy-dataset-mcp	JUnit Platform ClassSource discovery owner
v934-src|87:foggy-dataset-mcp/src/test/java/com/foggyframework/dataset/mcp/tools/ChartToolTest.java	foggy-dataset-mcp	true	foggy-dataset-mcp/src/test/java	foggy-dataset-mcp/src/test/java/com/foggyframework/dataset/mcp/tools/ChartToolTest.java	com.foggyframework.dataset.mcp.tools.ChartToolTest	executable	*Test	reactor-owned-executable	foggy-dataset-mcp	JUnit Platform ClassSource discovery owner
v934-src|102:foggy-dataset-mcp/src/test/java/com/foggyframework/dataset/mcp/tools/ComposeScriptToolBindingTest.java	foggy-dataset-mcp	true	foggy-dataset-mcp/src/test/java	foggy-dataset-mcp/src/test/java/com/foggyframework/dataset/mcp/tools/ComposeScriptToolBindingTest.java	com.foggyframework.dataset.mcp.tools.ComposeScriptToolBindingTest	executable	*Test	reactor-owned-executable	foggy-dataset-mcp	JUnit Platform ClassSource discovery owner
v934-src|95:foggy-dataset-mcp/src/test/java/com/foggyframework/dataset/mcp/tools/ComposeScriptToolTest.java	foggy-dataset-mcp	true	foggy-dataset-mcp/src/test/java	foggy-dataset-mcp/src/test/java/com/foggyframework/dataset/mcp/tools/ComposeScriptToolTest.java	com.foggyframework.dataset.mcp.tools.ComposeScriptToolTest	executable	*Test	reactor-owned-executable	foggy-dataset-mcp	JUnit Platform ClassSource discovery owner
v934-src|98:foggy-dataset-mcp/src/test/java/com/foggyframework/dataset/mcp/tools/DescriptionModelToolTest.java	foggy-dataset-mcp	true	foggy-dataset-mcp/src/test/java	foggy-dataset-mcp/src/test/java/com/foggyframework/dataset/mcp/tools/DescriptionModelToolTest.java	com.foggyframework.dataset.mcp.tools.DescriptionModelToolTest	executable	*Test	reactor-owned-executable	foggy-dataset-mcp	JUnit Platform ClassSource discovery owner
v934-src|97:foggy-dataset-mcp/src/test/java/com/foggyframework/dataset/mcp/tools/ExportWithChartToolTest.java	foggy-dataset-mcp	true	foggy-dataset-mcp/src/test/java	foggy-dataset-mcp/src/test/java/com/foggyframework/dataset/mcp/tools/ExportWithChartToolTest.java	com.foggyframework.dataset.mcp.tools.ExportWithChartToolTest	executable	*Test	reactor-owned-executable	foggy-dataset-mcp	JUnit Platform ClassSource discovery owner
v934-src|112:foggy-dataset-mcp/src/test/java/com/foggyframework/dataset/mcp/tools/JavaComposeScriptToolErrorSnapshotTest.java	foggy-dataset-mcp	true	foggy-dataset-mcp/src/test/java	foggy-dataset-mcp/src/test/java/com/foggyframework/dataset/mcp/tools/JavaComposeScriptToolErrorSnapshotTest.java	com.foggyframework.dataset.mcp.tools.JavaComposeScriptToolErrorSnapshotTest	executable	*Test	reactor-owned-executable	foggy-dataset-mcp	JUnit Platform ClassSource discovery owner
v934-src|117:foggy-dataset-mcp/src/test/java/com/foggyframework/dataset/mcp/tools/JavaDomainQuestionNeutralRunnerSnapshotTest.java	foggy-dataset-mcp	true	foggy-dataset-mcp/src/test/java	foggy-dataset-mcp/src/test/java/com/foggyframework/dataset/mcp/tools/JavaDomainQuestionNeutralRunnerSnapshotTest.java	com.foggyframework.dataset.mcp.tools.JavaDomainQuestionNeutralRunnerSnapshotTest	executable	*Test	reactor-owned-executable	foggy-dataset-mcp	JUnit Platform ClassSource discovery owner
v934-src|92:foggy-dataset-mcp/src/test/java/com/foggyframework/dataset/mcp/tools/ListModelsToolTest.java	foggy-dataset-mcp	true	foggy-dataset-mcp/src/test/java	foggy-dataset-mcp/src/test/java/com/foggyframework/dataset/mcp/tools/ListModelsToolTest.java	com.foggyframework.dataset.mcp.tools.ListModelsToolTest	executable	*Test	reactor-owned-executable	foggy-dataset-mcp	JUnit Platform ClassSource discovery owner
v934-src|90:foggy-dataset-mcp/src/test/java/com/foggyframework/dataset/mcp/tools/MetadataToolTest.java	foggy-dataset-mcp	true	foggy-dataset-mcp/src/test/java	foggy-dataset-mcp/src/test/java/com/foggyframework/dataset/mcp/tools/MetadataToolTest.java	com.foggyframework.dataset.mcp.tools.MetadataToolTest	executable	*Test	reactor-owned-executable	foggy-dataset-mcp	JUnit Platform ClassSource discovery owner
v934-src|102:foggy-dataset-mcp/src/test/java/com/foggyframework/dataset/mcp/tools/NaturalLanguageQueryToolTest.java	foggy-dataset-mcp	true	foggy-dataset-mcp/src/test/java	foggy-dataset-mcp/src/test/java/com/foggyframework/dataset/mcp/tools/NaturalLanguageQueryToolTest.java	com.foggyframework.dataset.mcp.tools.NaturalLanguageQueryToolTest	executable	*Test	reactor-owned-executable	foggy-dataset-mcp	JUnit Platform ClassSource discovery owner
v934-src|92:foggy-dataset-mcp/src/test/java/com/foggyframework/dataset/mcp/tools/QueryModelToolTest.java	foggy-dataset-mcp	true	foggy-dataset-mcp/src/test/java	foggy-dataset-mcp/src/test/java/com/foggyframework/dataset/mcp/tools/QueryModelToolTest.java	com.foggyframework.dataset.mcp.tools.QueryModelToolTest	executable	*Test	reactor-owned-executable	foggy-dataset-mcp	JUnit Platform ClassSource discovery owner
v934-src|113:foggy-dataset-mcp/src/test/java/com/foggyframework/dataset/mcp/validation/SemanticLayerValidationServiceTest.java	foggy-dataset-mcp	true	foggy-dataset-mcp/src/test/java	foggy-dataset-mcp/src/test/java/com/foggyframework/dataset/mcp/validation/SemanticLayerValidationServiceTest.java	com.foggyframework.dataset.mcp.validation.SemanticLayerValidationServiceTest	executable	*Test	reactor-owned-executable	foggy-dataset-mcp	JUnit Platform ClassSource discovery owner
v934-src|127:foggy-dataset-memory-grid-bridge/src/test/java/com/foggyframework/dataset/db/model/semantic/MemoryGridAcceptanceSampleTest.java	foggy-dataset-memory-grid-bridge	true	foggy-dataset-memory-grid-bridge/src/test/java	foggy-dataset-memory-grid-bridge/src/test/java/com/foggyframework/dataset/db/model/semantic/MemoryGridAcceptanceSampleTest.java	com.foggyframework.dataset.db.model.semantic.MemoryGridAcceptanceSampleTest	executable	*Test	reactor-owned-executable	foggy-dataset-memory-grid-bridge	JUnit Platform ClassSource discovery owner
v934-src|129:foggy-dataset-memory-grid-bridge/src/test/java/com/foggyframework/dataset/db/model/semantic/MemoryGridGuardrailValidatorTest.java	foggy-dataset-memory-grid-bridge	true	foggy-dataset-memory-grid-bridge/src/test/java	foggy-dataset-memory-grid-bridge/src/test/java/com/foggyframework/dataset/db/model/semantic/MemoryGridGuardrailValidatorTest.java	com.foggyframework.dataset.db.model.semantic.MemoryGridGuardrailValidatorTest	executable	*Test	reactor-owned-executable	foggy-dataset-memory-grid-bridge	JUnit Platform ClassSource discovery owner
v934-src|126:foggy-dataset-memory-grid-bridge/src/test/java/com/foggyframework/dataset/db/model/semantic/MemoryGridHandleLifecycleTest.java	foggy-dataset-memory-grid-bridge	true	foggy-dataset-memory-grid-bridge/src/test/java	foggy-dataset-memory-grid-bridge/src/test/java/com/foggyframework/dataset/db/model/semantic/MemoryGridHandleLifecycleTest.java	com.foggyframework.dataset.db.model.semantic.MemoryGridHandleLifecycleTest	executable	*Test	reactor-owned-executable	foggy-dataset-memory-grid-bridge	JUnit Platform ClassSource discovery owner
v934-src|132:foggy-dataset-memory-grid-duckdb/src/test/java/com/foggyframework/dataset/db/model/memorygrid/duckdb/DuckDbMemoryGridEngineTest.java	foggy-dataset-memory-grid-duckdb	true	foggy-dataset-memory-grid-duckdb/src/test/java	foggy-dataset-memory-grid-duckdb/src/test/java/com/foggyframework/dataset/db/model/memorygrid/duckdb/DuckDbMemoryGridEngineTest.java	com.foggyframework.dataset.db.model.memorygrid.duckdb.DuckDbMemoryGridEngineTest	executable	*Test	reactor-owned-executable	foggy-dataset-memory-grid-duckdb	JUnit Platform ClassSource discovery owner
v934-src|110:foggy-dataset-model/src/test/java/com/foggyframework/dataset/db/model/authorization/AuthorizationStepTest.java	foggy-dataset-model	true	foggy-dataset-model/src/test/java	foggy-dataset-model/src/test/java/com/foggyframework/dataset/db/model/authorization/AuthorizationStepTest.java	com.foggyframework.dataset.db.model.authorization.AuthorizationStepTest	executable	*Test	reactor-owned-executable	foggy-dataset-model	JUnit Platform ClassSource discovery owner
v934-src|98:foggy-dataset-model/src/test/java/com/foggyframework/dataset/db/model/compose/CteComposerTest.java	foggy-dataset-model	true	foggy-dataset-model/src/test/java	foggy-dataset-model/src/test/java/com/foggyframework/dataset/db/model/compose/CteComposerTest.java	com.foggyframework.dataset.db.model.compose.CteComposerTest	executable	*Test	reactor-owned-executable	foggy-dataset-model	JUnit Platform ClassSource discovery owner
v934-src|100:foggy-dataset-model/src/test/java/com/foggyframework/dataset/db/model/compose/DataSetResultTest.java	foggy-dataset-model	true	foggy-dataset-model/src/test/java	foggy-dataset-model/src/test/java/com/foggyframework/dataset/db/model/compose/DataSetResultTest.java	com.foggyframework.dataset.db.model.compose.DataSetResultTest	executable	*Test	reactor-owned-executable	foggy-dataset-model	JUnit Platform ClassSource discovery owner
v934-src|117:foggy-dataset-model/src/test/java/com/foggyframework/dataset/db/model/config/DatasetRequestNamespaceResolverTest.java	foggy-dataset-model	true	foggy-dataset-model/src/test/java	foggy-dataset-model/src/test/java/com/foggyframework/dataset/db/model/config/DatasetRequestNamespaceResolverTest.java	com.foggyframework.dataset.db.model.config.DatasetRequestNamespaceResolverTest	executable	*Test	reactor-owned-executable	foggy-dataset-model	JUnit Platform ClassSource discovery owner
v934-src|110:foggy-dataset-model/src/test/java/com/foggyframework/dataset/db/model/config/DbModelAutoConfigurationTest.java	foggy-dataset-model	true	foggy-dataset-model/src/test/java	foggy-dataset-model/src/test/java/com/foggyframework/dataset/db/model/config/DbModelAutoConfigurationTest.java	com.foggyframework.dataset.db.model.config.DbModelAutoConfigurationTest	executable	*Test	reactor-owned-executable	foggy-dataset-model	JUnit Platform ClassSource discovery owner
v934-src|123:foggy-dataset-model/src/test/java/com/foggyframework/dataset/db/model/config/GlobalNamespaceFallbackRiskDiagnosticTest.java	foggy-dataset-model	true	foggy-dataset-model/src/test/java	foggy-dataset-model/src/test/java/com/foggyframework/dataset/db/model/config/GlobalNamespaceFallbackRiskDiagnosticTest.java	com.foggyframework.dataset.db.model.config.GlobalNamespaceFallbackRiskDiagnosticTest	executable	*Test	reactor-owned-executable	foggy-dataset-model	JUnit Platform ClassSource discovery owner
v934-src|118:foggy-dataset-model/src/test/java/com/foggyframework/dataset/db/model/controller/FoggyDatasetExceptionHandlerTest.java	foggy-dataset-model	true	foggy-dataset-model/src/test/java	foggy-dataset-model/src/test/java/com/foggyframework/dataset/db/model/controller/FoggyDatasetExceptionHandlerTest.java	com.foggyframework.dataset.db.model.controller.FoggyDatasetExceptionHandlerTest	executable	*Test	reactor-owned-executable	foggy-dataset-model	JUnit Platform ClassSource discovery owner
v934-src|112:foggy-dataset-model/src/test/java/com/foggyframework/dataset/db/model/def/dict/DbDictionaryDiscoveryDefTest.java	foggy-dataset-model	true	foggy-dataset-model/src/test/java	foggy-dataset-model/src/test/java/com/foggyframework/dataset/db/model/def/dict/DbDictionaryDiscoveryDefTest.java	com.foggyframework.dataset.db.model.def.dict.DbDictionaryDiscoveryDefTest	executable	*Test	reactor-owned-executable	foggy-dataset-model	JUnit Platform ClassSource discovery owner
v934-src|131:foggy-dataset-model/src/test/java/com/foggyframework/dataset/db/model/def/query/request/deserializer/ShorthandDeserializerTest.java	foggy-dataset-model	true	foggy-dataset-model/src/test/java	foggy-dataset-model/src/test/java/com/foggyframework/dataset/db/model/def/query/request/deserializer/ShorthandDeserializerTest.java	com.foggyframework.dataset.db.model.def.query.request.deserializer.ShorthandDeserializerTest	executable	*Test	reactor-owned-executable	foggy-dataset-model	JUnit Platform ClassSource discovery owner
v934-src|111:foggy-dataset-model/src/test/java/com/foggyframework/dataset/db/model/demo/FactOrderDemoAuthQueryModelTest.java	foggy-dataset-model	true	foggy-dataset-model/src/test/java	foggy-dataset-model/src/test/java/com/foggyframework/dataset/db/model/demo/FactOrderDemoAuthQueryModelTest.java	com.foggyframework.dataset.db.model.demo.FactOrderDemoAuthQueryModelTest	executable	*Test	reactor-owned-executable	foggy-dataset-model	JUnit Platform ClassSource discovery owner
v934-src|111:foggy-dataset-model/src/test/java/com/foggyframework/dataset/db/model/demo/FactSalesDemoAuthQueryModelTest.java	foggy-dataset-model	true	foggy-dataset-model/src/test/java	foggy-dataset-model/src/test/java/com/foggyframework/dataset/db/model/demo/FactSalesDemoAuthQueryModelTest.java	com.foggyframework.dataset.db.model.demo.FactSalesDemoAuthQueryModelTest	executable	*Test	reactor-owned-executable	foggy-dataset-model	JUnit Platform ClassSource discovery owner
v934-src|111:foggy-dataset-model/src/test/java/com/foggyframework/dataset/db/model/dialect/DialectBuildFunctionCallTest.java	foggy-dataset-model	true	foggy-dataset-model/src/test/java	foggy-dataset-model/src/test/java/com/foggyframework/dataset/db/model/dialect/DialectBuildFunctionCallTest.java	com.foggyframework.dataset.db.model.dialect.DialectBuildFunctionCallTest	executable	*Test	reactor-owned-executable	foggy-dataset-model	JUnit Platform ClassSource discovery owner
v934-src|113:foggy-dataset-model/src/test/java/com/foggyframework/dataset/db/model/dialect/DialectFunctionTranslationTest.java	foggy-dataset-model	true	foggy-dataset-model/src/test/java	foggy-dataset-model/src/test/java/com/foggyframework/dataset/db/model/dialect/DialectFunctionTranslationTest.java	com.foggyframework.dataset.db.model.dialect.DialectFunctionTranslationTest	executable	*Test	reactor-owned-executable	foggy-dataset-model	JUnit Platform ClassSource discovery owner
v934-src|94:foggy-dataset-model/src/test/java/com/foggyframework/dataset/db/model/dialect/DialectTest.java	foggy-dataset-model	true	foggy-dataset-model/src/test/java	foggy-dataset-model/src/test/java/com/foggyframework/dataset/db/model/dialect/DialectTest.java	com.foggyframework.dataset.db.model.dialect.DialectTest	executable	*Test	reactor-owned-executable	foggy-dataset-model	JUnit Platform ClassSource discovery owner
v934-src|102:foggy-dataset-model/src/test/java/com/foggyframework/dataset/db/model/ecommerce/AccessControlTest.java	foggy-dataset-model	true	foggy-dataset-model/src/test/java	foggy-dataset-model/src/test/java/com/foggyframework/dataset/db/model/ecommerce/AccessControlTest.java	com.foggyframework.dataset.db.model.ecommerce.AccessControlTest	executable	*Test	reactor-owned-executable	foggy-dataset-model	JUnit Platform ClassSource discovery owner
v934-src|106:foggy-dataset-model/src/test/java/com/foggyframework/dataset/db/model/ecommerce/AdvancedAnalyticsTest.java	foggy-dataset-model	true	foggy-dataset-model/src/test/java	foggy-dataset-model/src/test/java/com/foggyframework/dataset/db/model/ecommerce/AdvancedAnalyticsTest.java	com.foggyframework.dataset.db.model.ecommerce.AdvancedAnalyticsTest	executable	*Test	reactor-owned-executable	foggy-dataset-model	JUnit Platform ClassSource discovery owner
v934-src|112:foggy-dataset-model/src/test/java/com/foggyframework/dataset/db/model/ecommerce/AggregateJoinQueryModelTest.java	foggy-dataset-model	true	foggy-dataset-model/src/test/java	foggy-dataset-model/src/test/java/com/foggyframework/dataset/db/model/ecommerce/AggregateJoinQueryModelTest.java	com.foggyframework.dataset.db.model.ecommerce.AggregateJoinQueryModelTest	executable	*Test	reactor-owned-executable	foggy-dataset-model	JUnit Platform ClassSource discovery owner
v934-src|105:foggy-dataset-model/src/test/java/com/foggyframework/dataset/db/model/ecommerce/AggregationQueryTest.java	foggy-dataset-model	true	foggy-dataset-model/src/test/java	foggy-dataset-model/src/test/java/com/foggyframework/dataset/db/model/ecommerce/AggregationQueryTest.java	com.foggyframework.dataset.db.model.ecommerce.AggregationQueryTest	executable	*Test	reactor-owned-executable	foggy-dataset-model	JUnit Platform ClassSource discovery owner
v934-src|99:foggy-dataset-model/src/test/java/com/foggyframework/dataset/db/model/ecommerce/BasicQueryTest.java	foggy-dataset-model	true	foggy-dataset-model/src/test/java	foggy-dataset-model/src/test/java/com/foggyframework/dataset/db/model/ecommerce/BasicQueryTest.java	com.foggyframework.dataset.db.model.ecommerce.BasicQueryTest	executable	*Test	reactor-owned-executable	foggy-dataset-model	JUnit Platform ClassSource discovery owner
v934-src|99:foggy-dataset-model/src/test/java/com/foggyframework/dataset/db/model/ecommerce/CalculateMvpIT.java	foggy-dataset-model	true	foggy-dataset-model/src/test/java	foggy-dataset-model/src/test/java/com/foggyframework/dataset/db/model/ecommerce/CalculateMvpIT.java	com.foggyframework.dataset.db.model.ecommerce.CalculateMvpIT	executable	*IT	reactor-owned-executable	foggy-dataset-model	JUnit Platform ClassSource discovery owner
v934-src|118:foggy-dataset-model/src/test/java/com/foggyframework/dataset/db/model/ecommerce/CalculatedFieldAggregationBugTest.java	foggy-dataset-model	true	foggy-dataset-model/src/test/java	foggy-dataset-model/src/test/java/com/foggyframework/dataset/db/model/ecommerce/CalculatedFieldAggregationBugTest.java	com.foggyframework.dataset.db.model.ecommerce.CalculatedFieldAggregationBugTest	executable	*Test	reactor-owned-executable	foggy-dataset-model	JUnit Platform ClassSource discovery owner
v934-src|104:foggy-dataset-model/src/test/java/com/foggyframework/dataset/db/model/ecommerce/CalculatedFieldTest.java	foggy-dataset-model	true	foggy-dataset-model/src/test/java	foggy-dataset-model/src/test/java/com/foggyframework/dataset/db/model/ecommerce/CalculatedFieldTest.java	com.foggyframework.dataset.db.model.ecommerce.CalculatedFieldTest	executable	*Test	reactor-owned-executable	foggy-dataset-model	JUnit Platform ClassSource discovery owner
v934-src|99:foggy-dataset-model/src/test/java/com/foggyframework/dataset/db/model/ecommerce/CaptionDefTest.java	foggy-dataset-model	true	foggy-dataset-model/src/test/java	foggy-dataset-model/src/test/java/com/foggyframework/dataset/db/model/ecommerce/CaptionDefTest.java	com.foggyframework.dataset.db.model.ecommerce.CaptionDefTest	executable	*Test	reactor-owned-executable	foggy-dataset-model	JUnit Platform ClassSource discovery owner
v934-src|103:foggy-dataset-model/src/test/java/com/foggyframework/dataset/db/model/ecommerce/DataComparisonTest.java	foggy-dataset-model	true	foggy-dataset-model/src/test/java	foggy-dataset-model/src/test/java/com/foggyframework/dataset/db/model/ecommerce/DataComparisonTest.java	com.foggyframework.dataset.db.model.ecommerce.DataComparisonTest	executable	*Test	reactor-owned-executable	foggy-dataset-model	JUnit Platform ClassSource discovery owner
v934-src|104:foggy-dataset-model/src/test/java/com/foggyframework/dataset/db/model/ecommerce/DataEnvironmentTest.java	foggy-dataset-model	true	foggy-dataset-model/src/test/java	foggy-dataset-model/src/test/java/com/foggyframework/dataset/db/model/ecommerce/DataEnvironmentTest.java	com.foggyframework.dataset.db.model.ecommerce.DataEnvironmentTest	executable	*Test	reactor-owned-executable	foggy-dataset-model	JUnit Platform ClassSource discovery owner
v934-src|108:foggy-dataset-model/src/test/java/com/foggyframework/dataset/db/model/ecommerce/DimensionAutoExpandTest.java	foggy-dataset-model	true	foggy-dataset-model/src/test/java	foggy-dataset-model/src/test/java/com/foggyframework/dataset/db/model/ecommerce/DimensionAutoExpandTest.java	com.foggyframework.dataset.db.model.ecommerce.DimensionAutoExpandTest	executable	*Test	reactor-owned-executable	foggy-dataset-model	JUnit Platform ClassSource discovery owner
v934-src|104:foggy-dataset-model/src/test/java/com/foggyframework/dataset/db/model/ecommerce/ErrorCollectionTest.java	foggy-dataset-model	true	foggy-dataset-model/src/test/java	foggy-dataset-model/src/test/java/com/foggyframework/dataset/db/model/ecommerce/ErrorCollectionTest.java	com.foggyframework.dataset.db.model.ecommerce.ErrorCollectionTest	executable	*Test	reactor-owned-executable	foggy-dataset-model	JUnit Platform ClassSource discovery owner
v934-src|108:foggy-dataset-model/src/test/java/com/foggyframework/dataset/db/model/ecommerce/FieldAccessPermissionIT.java	foggy-dataset-model	true	foggy-dataset-model/src/test/java	foggy-dataset-model/src/test/java/com/foggyframework/dataset/db/model/ecommerce/FieldAccessPermissionIT.java	com.foggyframework.dataset.db.model.ecommerce.FieldAccessPermissionIT	executable	*IT	reactor-owned-executable	foggy-dataset-model	JUnit Platform ClassSource discovery owner
v934-src|104:foggy-dataset-model/src/test/java/com/foggyframework/dataset/db/model/ecommerce/FieldComparisonTest.java	foggy-dataset-model	true	foggy-dataset-model/src/test/java	foggy-dataset-model/src/test/java/com/foggyframework/dataset/db/model/ecommerce/FieldComparisonTest.java	com.foggyframework.dataset.db.model.ecommerce.FieldComparisonTest	executable	*Test	reactor-owned-executable	foggy-dataset-model	JUnit Platform ClassSource discovery owner
v934-src|106:foggy-dataset-model/src/test/java/com/foggyframework/dataset/db/model/ecommerce/InOperatorCalcFieldIT.java	foggy-dataset-model	true	foggy-dataset-model/src/test/java	foggy-dataset-model/src/test/java/com/foggyframework/dataset/db/model/ecommerce/InOperatorCalcFieldIT.java	com.foggyframework.dataset.db.model.ecommerce.InOperatorCalcFieldIT	executable	*IT	reactor-owned-executable	foggy-dataset-model	JUnit Platform ClassSource discovery owner
v934-src|116:foggy-dataset-model/src/test/java/com/foggyframework/dataset/db/model/ecommerce/JdbcModelQueryEngineCteWrapTest.java	foggy-dataset-model	true	foggy-dataset-model/src/test/java	foggy-dataset-model/src/test/java/com/foggyframework/dataset/db/model/ecommerce/JdbcModelQueryEngineCteWrapTest.java	com.foggyframework.dataset.db.model.ecommerce.JdbcModelQueryEngineCteWrapTest	executable	*Test	reactor-owned-executable	foggy-dataset-model	JUnit Platform ClassSource discovery owner
v934-src|101:foggy-dataset-model/src/test/java/com/foggyframework/dataset/db/model/ecommerce/ModelLoadingTest.java	foggy-dataset-model	true	foggy-dataset-model/src/test/java	foggy-dataset-model/src/test/java/com/foggyframework/dataset/db/model/ecommerce/ModelLoadingTest.java	com.foggyframework.dataset.db.model.ecommerce.ModelLoadingTest	executable	*Test	reactor-owned-executable	foggy-dataset-model	JUnit Platform ClassSource discovery owner
v934-src|107:foggy-dataset-model/src/test/java/com/foggyframework/dataset/db/model/ecommerce/MultiFactTableJoinTest.java	foggy-dataset-model	true	foggy-dataset-model/src/test/java	foggy-dataset-model/src/test/java/com/foggyframework/dataset/db/model/ecommerce/MultiFactTableJoinTest.java	com.foggyframework.dataset.db.model.ecommerce.MultiFactTableJoinTest	executable	*Test	reactor-owned-executable	foggy-dataset-model	JUnit Platform ClassSource discovery owner
v934-src|104:foggy-dataset-model/src/test/java/com/foggyframework/dataset/db/model/ecommerce/NestedDimensionTest.java	foggy-dataset-model	true	foggy-dataset-model/src/test/java	foggy-dataset-model/src/test/java/com/foggyframework/dataset/db/model/ecommerce/NestedDimensionTest.java	com.foggyframework.dataset.db.model.ecommerce.NestedDimensionTest	executable	*Test	reactor-owned-executable	foggy-dataset-model	JUnit Platform ClassSource discovery owner
v934-src|109:foggy-dataset-model/src/test/java/com/foggyframework/dataset/db/model/ecommerce/ParentChildDimensionTest.java	foggy-dataset-model	true	foggy-dataset-model/src/test/java	foggy-dataset-model/src/test/java/com/foggyframework/dataset/db/model/ecommerce/ParentChildDimensionTest.java	com.foggyframework.dataset.db.model.ecommerce.ParentChildDimensionTest	executable	*Test	reactor-owned-executable	foggy-dataset-model	JUnit Platform ClassSource discovery owner
v934-src|108:foggy-dataset-model/src/test/java/com/foggyframework/dataset/db/model/ecommerce/PhysicalColumnMappingIT.java	foggy-dataset-model	true	foggy-dataset-model/src/test/java	foggy-dataset-model/src/test/java/com/foggyframework/dataset/db/model/ecommerce/PhysicalColumnMappingIT.java	com.foggyframework.dataset.db.model.ecommerce.PhysicalColumnMappingIT	executable	*IT	reactor-owned-executable	foggy-dataset-model	JUnit Platform ClassSource discovery owner
v934-src|111:foggy-dataset-model/src/test/java/com/foggyframework/dataset/db/model/ecommerce/PhysicalColumnPermissionIT.java	foggy-dataset-model	true	foggy-dataset-model/src/test/java	foggy-dataset-model/src/test/java/com/foggyframework/dataset/db/model/ecommerce/PhysicalColumnPermissionIT.java	com.foggyframework.dataset.db.model.ecommerce.PhysicalColumnPermissionIT	executable	*IT	reactor-owned-executable	foggy-dataset-model	JUnit Platform ClassSource discovery owner
v934-src|106:foggy-dataset-model/src/test/java/com/foggyframework/dataset/db/model/ecommerce/SemanticScaleFactorIT.java	foggy-dataset-model	true	foggy-dataset-model/src/test/java	foggy-dataset-model/src/test/java/com/foggyframework/dataset/db/model/ecommerce/SemanticScaleFactorIT.java	com.foggyframework.dataset.db.model.ecommerce.SemanticScaleFactorIT	executable	*IT	reactor-owned-executable	foggy-dataset-model	JUnit Platform ClassSource discovery owner
v934-src|94:foggy-dataset-model/src/test/java/com/foggyframework/dataset/db/model/ecommerce/ServiceIT.java	foggy-dataset-model	true	foggy-dataset-model/src/test/java	foggy-dataset-model/src/test/java/com/foggyframework/dataset/db/model/ecommerce/ServiceIT.java	com.foggyframework.dataset.db.model.ecommerce.ServiceIT	executable	*IT	reactor-owned-executable	foggy-dataset-model	JUnit Platform ClassSource discovery owner
v934-src|101:foggy-dataset-model/src/test/java/com/foggyframework/dataset/db/model/engine/AggSqlOptimizerTest.java	foggy-dataset-model	true	foggy-dataset-model/src/test/java	foggy-dataset-model/src/test/java/com/foggyframework/dataset/db/model/engine/AggSqlOptimizerTest.java	com.foggyframework.dataset.db.model.engine.AggSqlOptimizerTest	executable	*Test	reactor-owned-executable	foggy-dataset-model	JUnit Platform ClassSource discovery owner
v934-src|113:foggy-dataset-model/src/test/java/com/foggyframework/dataset/db/model/engine/compose/ComposedDataSetResultIT.java	foggy-dataset-model	true	foggy-dataset-model/src/test/java	foggy-dataset-model/src/test/java/com/foggyframework/dataset/db/model/engine/compose/ComposedDataSetResultIT.java	com.foggyframework.dataset.db.model.engine.compose.ComposedDataSetResultIT	executable	*IT	reactor-owned-executable	foggy-dataset-model	JUnit Platform ClassSource discovery owner
v934-src|106:foggy-dataset-model/src/test/java/com/foggyframework/dataset/db/model/engine/compose/F4ColumnObjectIT.java	foggy-dataset-model	true	foggy-dataset-model/src/test/java	foggy-dataset-model/src/test/java/com/foggyframework/dataset/db/model/engine/compose/F4ColumnObjectIT.java	com.foggyframework.dataset.db.model.engine.compose.F4ColumnObjectIT	executable	*IT	reactor-owned-executable	foggy-dataset-model	JUnit Platform ClassSource discovery owner
v934-src|106:foggy-dataset-model/src/test/java/com/foggyframework/dataset/db/model/engine/compose/F5ColumnObjectIT.java	foggy-dataset-model	true	foggy-dataset-model/src/test/java	foggy-dataset-model/src/test/java/com/foggyframework/dataset/db/model/engine/compose/F5ColumnObjectIT.java	com.foggyframework.dataset.db.model.engine.compose.F5ColumnObjectIT	executable	*IT	reactor-owned-executable	foggy-dataset-model	JUnit Platform ClassSource discovery owner
v934-src|128:foggy-dataset-model/src/test/java/com/foggyframework/dataset/db/model/engine/compose/authority/AuthorityBindingResolverTest.java	foggy-dataset-model	true	foggy-dataset-model/src/test/java	foggy-dataset-model/src/test/java/com/foggyframework/dataset/db/model/engine/compose/authority/AuthorityBindingResolverTest.java	com.foggyframework.dataset.db.model.engine.compose.authority.AuthorityBindingResolverTest	executable	*Test	reactor-owned-executable	foggy-dataset-model	JUnit Platform ClassSource discovery owner
v934-src|131:foggy-dataset-model/src/test/java/com/foggyframework/dataset/db/model/engine/compose/authority/AuthorityResolutionPipelineTest.java	foggy-dataset-model	true	foggy-dataset-model/src/test/java	foggy-dataset-model/src/test/java/com/foggyframework/dataset/db/model/engine/compose/authority/AuthorityResolutionPipelineTest.java	com.foggyframework.dataset.db.model.engine.compose.authority.AuthorityResolutionPipelineTest	executable	*Test	reactor-owned-executable	foggy-dataset-model	JUnit Platform ClassSource discovery owner
v934-src|126:foggy-dataset-model/src/test/java/com/foggyframework/dataset/db/model/engine/compose/authority/BaseModelPlanCollectorTest.java	foggy-dataset-model	true	foggy-dataset-model/src/test/java	foggy-dataset-model/src/test/java/com/foggyframework/dataset/db/model/engine/compose/authority/BaseModelPlanCollectorTest.java	com.foggyframework.dataset.db.model.engine.compose.authority.BaseModelPlanCollectorTest	executable	*Test	reactor-owned-executable	foggy-dataset-model	JUnit Platform ClassSource discovery owner
v934-src|122:foggy-dataset-model/src/test/java/com/foggyframework/dataset/db/model/engine/compose/authority/FieldAccessApplierTest.java	foggy-dataset-model	true	foggy-dataset-model/src/test/java	foggy-dataset-model/src/test/java/com/foggyframework/dataset/db/model/engine/compose/authority/FieldAccessApplierTest.java	com.foggyframework.dataset.db.model.engine.compose.authority.FieldAccessApplierTest	executable	*Test	reactor-owned-executable	foggy-dataset-model	JUnit Platform ClassSource discovery owner
v934-src|126:foggy-dataset-model/src/test/java/com/foggyframework/dataset/db/model/engine/compose/authority/ModelInfoProviderSmokeTest.java	foggy-dataset-model	true	foggy-dataset-model/src/test/java	foggy-dataset-model/src/test/java/com/foggyframework/dataset/db/model/engine/compose/authority/ModelInfoProviderSmokeTest.java	com.foggyframework.dataset.db.model.engine.compose.authority.ModelInfoProviderSmokeTest	executable	*Test	reactor-owned-executable	foggy-dataset-model	JUnit Platform ClassSource discovery owner
v934-src|121:foggy-dataset-model/src/test/java/com/foggyframework/dataset/db/model/engine/compose/capability/CapabilityPolicyTest.java	foggy-dataset-model	true	foggy-dataset-model/src/test/java	foggy-dataset-model/src/test/java/com/foggyframework/dataset/db/model/engine/compose/capability/CapabilityPolicyTest.java	com.foggyframework.dataset.db.model.engine.compose.capability.CapabilityPolicyTest	executable	*Test	reactor-owned-executable	foggy-dataset-model	JUnit Platform ClassSource discovery owner
v934-src|123:foggy-dataset-model/src/test/java/com/foggyframework/dataset/db/model/engine/compose/capability/CapabilityRegistryTest.java	foggy-dataset-model	true	foggy-dataset-model/src/test/java	foggy-dataset-model/src/test/java/com/foggyframework/dataset/db/model/engine/compose/capability/CapabilityRegistryTest.java	com.foggyframework.dataset.db.model.engine.compose.capability.CapabilityRegistryTest	executable	*Test	reactor-owned-executable	foggy-dataset-model	JUnit Platform ClassSource discovery owner
v934-src|123:foggy-dataset-model/src/test/java/com/foggyframework/dataset/db/model/engine/compose/capability/FunctionDescriptorTest.java	foggy-dataset-model	true	foggy-dataset-model/src/test/java	foggy-dataset-model/src/test/java/com/foggyframework/dataset/db/model/engine/compose/capability/FunctionDescriptorTest.java	com.foggyframework.dataset.db.model.engine.compose.capability.FunctionDescriptorTest	executable	*Test	reactor-owned-executable	foggy-dataset-model	JUnit Platform ClassSource discovery owner
v934-src|120:foggy-dataset-model/src/test/java/com/foggyframework/dataset/db/model/engine/compose/capability/ObjectFacadePauseIT.java	foggy-dataset-model	true	foggy-dataset-model/src/test/java	foggy-dataset-model/src/test/java/com/foggyframework/dataset/db/model/engine/compose/capability/ObjectFacadePauseIT.java	com.foggyframework.dataset.db.model.engine.compose.capability.ObjectFacadePauseIT	executable	*IT	reactor-owned-executable	foggy-dataset-model	JUnit Platform ClassSource discovery owner
v934-src|122:foggy-dataset-model/src/test/java/com/foggyframework/dataset/db/model/engine/compose/capability/ObjectFacadeProxyTest.java	foggy-dataset-model	true	foggy-dataset-model/src/test/java	foggy-dataset-model/src/test/java/com/foggyframework/dataset/db/model/engine/compose/capability/ObjectFacadeProxyTest.java	com.foggyframework.dataset.db.model.engine.compose.capability.ObjectFacadeProxyTest	executable	*Test	reactor-owned-executable	foggy-dataset-model	JUnit Platform ClassSource discovery owner
v934-src|128:foggy-dataset-model/src/test/java/com/foggyframework/dataset/db/model/engine/compose/capability/SqlExpFactoryCapabilityTest.java	foggy-dataset-model	true	foggy-dataset-model/src/test/java	foggy-dataset-model/src/test/java/com/foggyframework/dataset/db/model/engine/compose/capability/SqlExpFactoryCapabilityTest.java	com.foggyframework.dataset.db.model.engine.compose.capability.SqlExpFactoryCapabilityTest	executable	*Test	reactor-owned-executable	foggy-dataset-model	JUnit Platform ClassSource discovery owner
v934-src|126:foggy-dataset-model/src/test/java/com/foggyframework/dataset/db/model/engine/compose/compilation/BaseSubqueryLoweringTest.java	foggy-dataset-model	true	foggy-dataset-model/src/test/java	foggy-dataset-model/src/test/java/com/foggyframework/dataset/db/model/engine/compose/compilation/BaseSubqueryLoweringTest.java	com.foggyframework.dataset.db.model.engine.compose.compilation.BaseSubqueryLoweringTest	executable	*Test	reactor-owned-executable	foggy-dataset-model	JUnit Platform ClassSource discovery owner
v934-src|130:foggy-dataset-model/src/test/java/com/foggyframework/dataset/db/model/engine/compose/compilation/ComposeCompileErrorCodesTest.java	foggy-dataset-model	true	foggy-dataset-model/src/test/java	foggy-dataset-model/src/test/java/com/foggyframework/dataset/db/model/engine/compose/compilation/ComposeCompileErrorCodesTest.java	com.foggyframework.dataset.db.model.engine.compose.compilation.ComposeCompileErrorCodesTest	executable	*Test	reactor-owned-executable	foggy-dataset-model	JUnit Platform ClassSource discovery owner
v934-src|129:foggy-dataset-model/src/test/java/com/foggyframework/dataset/db/model/engine/compose/compilation/ComposeCompileExceptionTest.java	foggy-dataset-model	true	foggy-dataset-model/src/test/java	foggy-dataset-model/src/test/java/com/foggyframework/dataset/db/model/engine/compose/compilation/ComposeCompileExceptionTest.java	com.foggyframework.dataset.db.model.engine.compose.compilation.ComposeCompileExceptionTest	executable	*Test	reactor-owned-executable	foggy-dataset-model	JUnit Platform ClassSource discovery owner
v934-src|127:foggy-dataset-model/src/test/java/com/foggyframework/dataset/db/model/engine/compose/compilation/ComposePlannerCteWrapTest.java	foggy-dataset-model	true	foggy-dataset-model/src/test/java	foggy-dataset-model/src/test/java/com/foggyframework/dataset/db/model/engine/compose/compilation/ComposePlannerCteWrapTest.java	com.foggyframework.dataset.db.model.engine.compose.compilation.ComposePlannerCteWrapTest	executable	*Test	reactor-owned-executable	foggy-dataset-model	JUnit Platform ClassSource discovery owner
v934-src|129:foggy-dataset-model/src/test/java/com/foggyframework/dataset/db/model/engine/compose/compilation/ComposeRelationCompilerTest.java	foggy-dataset-model	true	foggy-dataset-model/src/test/java	foggy-dataset-model/src/test/java/com/foggyframework/dataset/db/model/engine/compose/compilation/ComposeRelationCompilerTest.java	com.foggyframework.dataset.db.model.engine.compose.compilation.ComposeRelationCompilerTest	executable	*Test	reactor-owned-executable	foggy-dataset-model	JUnit Platform ClassSource discovery owner
v934-src|124:foggy-dataset-model/src/test/java/com/foggyframework/dataset/db/model/engine/compose/compilation/ComposeSqlCompilerTest.java	foggy-dataset-model	true	foggy-dataset-model/src/test/java	foggy-dataset-model/src/test/java/com/foggyframework/dataset/db/model/engine/compose/compilation/ComposeSqlCompilerTest.java	com.foggyframework.dataset.db.model.engine.compose.compilation.ComposeSqlCompilerTest	executable	*Test	reactor-owned-executable	foggy-dataset-model	JUnit Platform ClassSource discovery owner
v934-src|121:foggy-dataset-model/src/test/java/com/foggyframework/dataset/db/model/engine/compose/compilation/DerivedLoweringTest.java	foggy-dataset-model	true	foggy-dataset-model/src/test/java	foggy-dataset-model/src/test/java/com/foggyframework/dataset/db/model/engine/compose/compilation/DerivedLoweringTest.java	com.foggyframework.dataset.db.model.engine.compose.compilation.DerivedLoweringTest	executable	*Test	reactor-owned-executable	foggy-dataset-model	JUnit Platform ClassSource discovery owner
v934-src|121:foggy-dataset-model/src/test/java/com/foggyframework/dataset/db/model/engine/compose/compilation/DialectFallbackTest.java	foggy-dataset-model	true	foggy-dataset-model/src/test/java	foggy-dataset-model/src/test/java/com/foggyframework/dataset/db/model/engine/compose/compilation/DialectFallbackTest.java	com.foggyframework.dataset.db.model.engine.compose.compilation.DialectFallbackTest	executable	*Test	reactor-owned-executable	foggy-dataset-model	JUnit Platform ClassSource discovery owner
v934-src|122:foggy-dataset-model/src/test/java/com/foggyframework/dataset/db/model/engine/compose/compilation/FluentApiCompileTest.java	foggy-dataset-model	true	foggy-dataset-model/src/test/java	foggy-dataset-model/src/test/java/com/foggyframework/dataset/db/model/engine/compose/compilation/FluentApiCompileTest.java	com.foggyframework.dataset.db.model.engine.compose.compilation.FluentApiCompileTest	executable	*Test	reactor-owned-executable	foggy-dataset-model	JUnit Platform ClassSource discovery owner
v934-src|125:foggy-dataset-model/src/test/java/com/foggyframework/dataset/db/model/engine/compose/compilation/JavaComposeSnapshotTest.java	foggy-dataset-model	true	foggy-dataset-model/src/test/java	foggy-dataset-model/src/test/java/com/foggyframework/dataset/db/model/engine/compose/compilation/JavaComposeSnapshotTest.java	com.foggyframework.dataset.db.model.engine.compose.compilation.JavaComposeSnapshotTest	executable	*Test	reactor-owned-executable	foggy-dataset-model	JUnit Platform ClassSource discovery owner
v934-src|117:foggy-dataset-model/src/test/java/com/foggyframework/dataset/db/model/engine/compose/compilation/JoinCompileTest.java	foggy-dataset-model	true	foggy-dataset-model/src/test/java	foggy-dataset-model/src/test/java/com/foggyframework/dataset/db/model/engine/compose/compilation/JoinCompileTest.java	com.foggyframework.dataset.db.model.engine.compose.compilation.JoinCompileTest	executable	*Test	reactor-owned-executable	foggy-dataset-model	JUnit Platform ClassSource discovery owner
v934-src|120:foggy-dataset-model/src/test/java/com/foggyframework/dataset/db/model/engine/compose/compilation/PerBaseCompileTest.java	foggy-dataset-model	true	foggy-dataset-model/src/test/java	foggy-dataset-model/src/test/java/com/foggyframework/dataset/db/model/engine/compose/compilation/PerBaseCompileTest.java	com.foggyframework.dataset.db.model.engine.compose.compilation.PerBaseCompileTest	executable	*Test	reactor-owned-executable	foggy-dataset-model	JUnit Platform ClassSource discovery owner
v934-src|132:foggy-dataset-model/src/test/java/com/foggyframework/dataset/db/model/engine/compose/compilation/PlanAwareCompileExpressionTest.java	foggy-dataset-model	true	foggy-dataset-model/src/test/java	foggy-dataset-model/src/test/java/com/foggyframework/dataset/db/model/engine/compose/compilation/PlanAwareCompileExpressionTest.java	com.foggyframework.dataset.db.model.engine.compose.compilation.PlanAwareCompileExpressionTest	executable	*Test	reactor-owned-executable	foggy-dataset-model	JUnit Platform ClassSource discovery owner
v934-src|123:foggy-dataset-model/src/test/java/com/foggyframework/dataset/db/model/engine/compose/compilation/PlanAwareLoweringTest.java	foggy-dataset-model	true	foggy-dataset-model/src/test/java	foggy-dataset-model/src/test/java/com/foggyframework/dataset/db/model/engine/compose/compilation/PlanAwareLoweringTest.java	com.foggyframework.dataset.db.model.engine.compose.compilation.PlanAwareLoweringTest	executable	*Test	reactor-owned-executable	foggy-dataset-model	JUnit Platform ClassSource discovery owner
v934-src|114:foggy-dataset-model/src/test/java/com/foggyframework/dataset/db/model/engine/compose/compilation/PlanHashTest.java	foggy-dataset-model	true	foggy-dataset-model/src/test/java	foggy-dataset-model/src/test/java/com/foggyframework/dataset/db/model/engine/compose/compilation/PlanHashTest.java	com.foggyframework.dataset.db.model.engine.compose.compilation.PlanHashTest	executable	*Test	reactor-owned-executable	foggy-dataset-model	JUnit Platform ClassSource discovery owner
v934-src|131:foggy-dataset-model/src/test/java/com/foggyframework/dataset/db/model/engine/compose/compilation/RelationOuterQueryBuilderTest.java	foggy-dataset-model	true	foggy-dataset-model/src/test/java	foggy-dataset-model/src/test/java/com/foggyframework/dataset/db/model/engine/compose/compilation/RelationOuterQueryBuilderTest.java	com.foggyframework.dataset.db.model.engine.compose.compilation.RelationOuterQueryBuilderTest	executable	*Test	reactor-owned-executable	foggy-dataset-model	JUnit Platform ClassSource discovery owner
v934-src|118:foggy-dataset-model/src/test/java/com/foggyframework/dataset/db/model/engine/compose/compilation/UnionCompileTest.java	foggy-dataset-model	true	foggy-dataset-model/src/test/java	foggy-dataset-model/src/test/java/com/foggyframework/dataset/db/model/engine/compose/compilation/UnionCompileTest.java	com.foggyframework.dataset.db.model.engine.compose.compilation.UnionCompileTest	executable	*Test	reactor-owned-executable	foggy-dataset-model	JUnit Platform ClassSource discovery owner
v934-src|121:foggy-dataset-model/src/test/java/com/foggyframework/dataset/db/model/engine/compose/context/ComposeQueryContextTest.java	foggy-dataset-model	true	foggy-dataset-model/src/test/java	foggy-dataset-model/src/test/java/com/foggyframework/dataset/db/model/engine/compose/context/ComposeQueryContextTest.java	com.foggyframework.dataset.db.model.engine.compose.context.ComposeQueryContextTest	executable	*Test	reactor-owned-executable	foggy-dataset-model	JUnit Platform ClassSource discovery owner
v934-src|111:foggy-dataset-model/src/test/java/com/foggyframework/dataset/db/model/engine/compose/context/PrincipalTest.java	foggy-dataset-model	true	foggy-dataset-model/src/test/java	foggy-dataset-model/src/test/java/com/foggyframework/dataset/db/model/engine/compose/context/PrincipalTest.java	com.foggyframework.dataset.db.model.engine.compose.context.PrincipalTest	executable	*Test	reactor-owned-executable	foggy-dataset-model	JUnit Platform ClassSource discovery owner
v934-src|129:foggy-dataset-model/src/test/java/com/foggyframework/dataset/db/model/engine/compose/normalization/PlanNormalizePipelineTest.java	foggy-dataset-model	true	foggy-dataset-model/src/test/java	foggy-dataset-model/src/test/java/com/foggyframework/dataset/db/model/engine/compose/normalization/PlanNormalizePipelineTest.java	com.foggyframework.dataset.db.model.engine.compose.normalization.PlanNormalizePipelineTest	executable	*Test	reactor-owned-executable	foggy-dataset-model	JUnit Platform ClassSource discovery owner
v934-src|112:foggy-dataset-model/src/test/java/com/foggyframework/dataset/db/model/engine/compose/plan/BaseModelPlanTest.java	foggy-dataset-model	true	foggy-dataset-model/src/test/java	foggy-dataset-model/src/test/java/com/foggyframework/dataset/db/model/engine/compose/plan/BaseModelPlanTest.java	com.foggyframework.dataset.db.model.engine.compose.plan.BaseModelPlanTest	executable	*Test	reactor-owned-executable	foggy-dataset-model	JUnit Platform ClassSource discovery owner
v934-src|123:foggy-dataset-model/src/test/java/com/foggyframework/dataset/db/model/engine/compose/plan/ColumnObjectNormalizerF5Test.java	foggy-dataset-model	true	foggy-dataset-model/src/test/java	foggy-dataset-model/src/test/java/com/foggyframework/dataset/db/model/engine/compose/plan/ColumnObjectNormalizerF5Test.java	com.foggyframework.dataset.db.model.engine.compose.plan.ColumnObjectNormalizerF5Test	executable	*Test	reactor-owned-executable	foggy-dataset-model	JUnit Platform ClassSource discovery owner
v934-src|117:foggy-dataset-model/src/test/java/com/foggyframework/dataset/db/model/engine/compose/plan/ColumnsApiContractTest.java	foggy-dataset-model	true	foggy-dataset-model/src/test/java	foggy-dataset-model/src/test/java/com/foggyframework/dataset/db/model/engine/compose/plan/ColumnsApiContractTest.java	com.foggyframework.dataset.db.model.engine.compose.plan.ColumnsApiContractTest	executable	*Test	reactor-owned-executable	foggy-dataset-model	JUnit Platform ClassSource discovery owner
v934-src|115:foggy-dataset-model/src/test/java/com/foggyframework/dataset/db/model/engine/compose/plan/DerivedQueryPlanTest.java	foggy-dataset-model	true	foggy-dataset-model/src/test/java	foggy-dataset-model/src/test/java/com/foggyframework/dataset/db/model/engine/compose/plan/DerivedQueryPlanTest.java	com.foggyframework.dataset.db.model.engine.compose.plan.DerivedQueryPlanTest	executable	*Test	reactor-owned-executable	foggy-dataset-model	JUnit Platform ClassSource discovery owner
v934-src|108:foggy-dataset-model/src/test/java/com/foggyframework/dataset/db/model/engine/compose/plan/FluentApiTest.java	foggy-dataset-model	true	foggy-dataset-model/src/test/java	foggy-dataset-model/src/test/java/com/foggyframework/dataset/db/model/engine/compose/plan/FluentApiTest.java	com.foggyframework.dataset.db.model.engine.compose.plan.FluentApiTest	executable	*Test	reactor-owned-executable	foggy-dataset-model	JUnit Platform ClassSource discovery owner
v934-src|108:foggy-dataset-model/src/test/java/com/foggyframework/dataset/db/model/engine/compose/plan/FromEntryTest.java	foggy-dataset-model	true	foggy-dataset-model/src/test/java	foggy-dataset-model/src/test/java/com/foggyframework/dataset/db/model/engine/compose/plan/FromEntryTest.java	com.foggyframework.dataset.db.model.engine.compose.plan.FromEntryTest	executable	*Test	reactor-owned-executable	foggy-dataset-model	JUnit Platform ClassSource discovery owner
v934-src|107:foggy-dataset-model/src/test/java/com/foggyframework/dataset/db/model/engine/compose/plan/JoinPlanTest.java	foggy-dataset-model	true	foggy-dataset-model/src/test/java	foggy-dataset-model/src/test/java/com/foggyframework/dataset/db/model/engine/compose/plan/JoinPlanTest.java	com.foggyframework.dataset.db.model.engine.compose.plan.JoinPlanTest	executable	*Test	reactor-owned-executable	foggy-dataset-model	JUnit Platform ClassSource discovery owner
v934-src|114:foggy-dataset-model/src/test/java/com/foggyframework/dataset/db/model/engine/compose/plan/PlanCompositionTest.java	foggy-dataset-model	true	foggy-dataset-model/src/test/java	foggy-dataset-model/src/test/java/com/foggyframework/dataset/db/model/engine/compose/plan/PlanCompositionTest.java	com.foggyframework.dataset.db.model.engine.compose.plan.PlanCompositionTest	executable	*Test	reactor-owned-executable	foggy-dataset-model	JUnit Platform ClassSource discovery owner
v934-src|105:foggy-dataset-model/src/test/java/com/foggyframework/dataset/db/model/engine/compose/plan/PlanIdTest.java	foggy-dataset-model	true	foggy-dataset-model/src/test/java	foggy-dataset-model/src/test/java/com/foggyframework/dataset/db/model/engine/compose/plan/PlanIdTest.java	com.foggyframework.dataset.db.model.engine.compose.plan.PlanIdTest	executable	*Test	reactor-owned-executable	foggy-dataset-model	JUnit Platform ClassSource discovery owner
v934-src|118:foggy-dataset-model/src/test/java/com/foggyframework/dataset/db/model/engine/compose/plan/QueryPlanVisibilityTest.java	foggy-dataset-model	true	foggy-dataset-model/src/test/java	foggy-dataset-model/src/test/java/com/foggyframework/dataset/db/model/engine/compose/plan/QueryPlanVisibilityTest.java	com.foggyframework.dataset.db.model.engine.compose.plan.QueryPlanVisibilityTest	executable	*Test	reactor-owned-executable	foggy-dataset-model	JUnit Platform ClassSource discovery owner
v934-src|117:foggy-dataset-model/src/test/java/com/foggyframework/dataset/db/model/engine/compose/plan/RelativeDateParserTest.java	foggy-dataset-model	true	foggy-dataset-model/src/test/java	foggy-dataset-model/src/test/java/com/foggyframework/dataset/db/model/engine/compose/plan/RelativeDateParserTest.java	com.foggyframework.dataset.db.model.engine.compose.plan.RelativeDateParserTest	executable	*Test	reactor-owned-executable	foggy-dataset-model	JUnit Platform ClassSource discovery owner
v934-src|119:foggy-dataset-model/src/test/java/com/foggyframework/dataset/db/model/engine/compose/plan/SliceValueValidationTest.java	foggy-dataset-model	true	foggy-dataset-model/src/test/java	foggy-dataset-model/src/test/java/com/foggyframework/dataset/db/model/engine/compose/plan/SliceValueValidationTest.java	com.foggyframework.dataset.db.model.engine.compose.plan.SliceValueValidationTest	executable	*Test	reactor-owned-executable	foggy-dataset-model	JUnit Platform ClassSource discovery owner
v934-src|112:foggy-dataset-model/src/test/java/com/foggyframework/dataset/db/model/engine/compose/plan/TimeWindowDefTest.java	foggy-dataset-model	true	foggy-dataset-model/src/test/java	foggy-dataset-model/src/test/java/com/foggyframework/dataset/db/model/engine/compose/plan/TimeWindowDefTest.java	com.foggyframework.dataset.db.model.engine.compose.plan.TimeWindowDefTest	executable	*Test	reactor-owned-executable	foggy-dataset-model	JUnit Platform ClassSource discovery owner
v934-src|117:foggy-dataset-model/src/test/java/com/foggyframework/dataset/db/model/engine/compose/plan/TimeWindowExpanderTest.java	foggy-dataset-model	true	foggy-dataset-model/src/test/java	foggy-dataset-model/src/test/java/com/foggyframework/dataset/db/model/engine/compose/plan/TimeWindowExpanderTest.java	com.foggyframework.dataset.db.model.engine.compose.plan.TimeWindowExpanderTest	executable	*Test	reactor-owned-executable	foggy-dataset-model	JUnit Platform ClassSource discovery owner
v934-src|121:foggy-dataset-model/src/test/java/com/foggyframework/dataset/db/model/engine/compose/plan/TimeWindowOutputSchemaTest.java	foggy-dataset-model	true	foggy-dataset-model/src/test/java	foggy-dataset-model/src/test/java/com/foggyframework/dataset/db/model/engine/compose/plan/TimeWindowOutputSchemaTest.java	com.foggyframework.dataset.db.model.engine.compose.plan.TimeWindowOutputSchemaTest	executable	*Test	reactor-owned-executable	foggy-dataset-model	JUnit Platform ClassSource discovery owner
v934-src|118:foggy-dataset-model/src/test/java/com/foggyframework/dataset/db/model/engine/compose/plan/TimeWindowValidatorTest.java	foggy-dataset-model	true	foggy-dataset-model/src/test/java	foggy-dataset-model/src/test/java/com/foggyframework/dataset/db/model/engine/compose/plan/TimeWindowValidatorTest.java	com.foggyframework.dataset.db.model.engine.compose.plan.TimeWindowValidatorTest	executable	*Test	reactor-owned-executable	foggy-dataset-model	JUnit Platform ClassSource discovery owner
v934-src|108:foggy-dataset-model/src/test/java/com/foggyframework/dataset/db/model/engine/compose/plan/UnionPlanTest.java	foggy-dataset-model	true	foggy-dataset-model/src/test/java	foggy-dataset-model/src/test/java/com/foggyframework/dataset/db/model/engine/compose/plan/UnionPlanTest.java	com.foggyframework.dataset.db.model.engine.compose.plan.UnionPlanTest	executable	*Test	reactor-owned-executable	foggy-dataset-model	JUnit Platform ClassSource discovery owner
v934-src|116:foggy-dataset-model/src/test/java/com/foggyframework/dataset/db/model/engine/compose/relation/RelationModelTest.java	foggy-dataset-model	true	foggy-dataset-model/src/test/java	foggy-dataset-model/src/test/java/com/foggyframework/dataset/db/model/engine/compose/relation/RelationModelTest.java	com.foggyframework.dataset.db.model.engine.compose.relation.RelationModelTest	executable	*Test	reactor-owned-executable	foggy-dataset-model	JUnit Platform ClassSource discovery owner
v934-src|114:foggy-dataset-model/src/test/java/com/foggyframework/dataset/db/model/engine/compose/runtime/ComposePauseTest.java	foggy-dataset-model	true	foggy-dataset-model/src/test/java	foggy-dataset-model/src/test/java/com/foggyframework/dataset/db/model/engine/compose/runtime/ComposePauseTest.java	com.foggyframework.dataset.db.model.engine.compose.runtime.ComposePauseTest	executable	*Test	reactor-owned-executable	foggy-dataset-model	JUnit Platform ClassSource discovery owner
v934-src|122:foggy-dataset-model/src/test/java/com/foggyframework/dataset/db/model/engine/compose/runtime/ComposeRealSqlParityTest.java	foggy-dataset-model	true	foggy-dataset-model/src/test/java	foggy-dataset-model/src/test/java/com/foggyframework/dataset/db/model/engine/compose/runtime/ComposeRealSqlParityTest.java	com.foggyframework.dataset.db.model.engine.compose.runtime.ComposeRealSqlParityTest	executable	*Test	reactor-owned-executable	foggy-dataset-model	JUnit Platform ClassSource discovery owner
v934-src|122:foggy-dataset-model/src/test/java/com/foggyframework/dataset/db/model/engine/compose/runtime/ComposeRuntimeHolderTest.java	foggy-dataset-model	true	foggy-dataset-model/src/test/java	foggy-dataset-model/src/test/java/com/foggyframework/dataset/db/model/engine/compose/runtime/ComposeRuntimeHolderTest.java	com.foggyframework.dataset.db.model.engine.compose.runtime.ComposeRuntimeHolderTest	executable	*Test	reactor-owned-executable	foggy-dataset-model	JUnit Platform ClassSource discovery owner
v934-src|122:foggy-dataset-model/src/test/java/com/foggyframework/dataset/db/model/engine/compose/runtime/ComposeScriptServiceTest.java	foggy-dataset-model	true	foggy-dataset-model/src/test/java	foggy-dataset-model/src/test/java/com/foggyframework/dataset/db/model/engine/compose/runtime/ComposeScriptServiceTest.java	com.foggyframework.dataset.db.model.engine.compose.runtime.ComposeScriptServiceTest	executable	*Test	reactor-owned-executable	foggy-dataset-model	JUnit Platform ClassSource discovery owner
v934-src|127:foggy-dataset-model/src/test/java/com/foggyframework/dataset/db/model/engine/compose/runtime/JavaComposeScriptSnapshotTest.java	foggy-dataset-model	true	foggy-dataset-model/src/test/java	foggy-dataset-model/src/test/java/com/foggyframework/dataset/db/model/engine/compose/runtime/JavaComposeScriptSnapshotTest.java	com.foggyframework.dataset.db.model.engine.compose.runtime.JavaComposeScriptSnapshotTest	executable	*Test	reactor-owned-executable	foggy-dataset-model	JUnit Platform ClassSource discovery owner
v934-src|115:foggy-dataset-model/src/test/java/com/foggyframework/dataset/db/model/engine/compose/runtime/PlanExecutionTest.java	foggy-dataset-model	true	foggy-dataset-model/src/test/java	foggy-dataset-model/src/test/java/com/foggyframework/dataset/db/model/engine/compose/runtime/PlanExecutionTest.java	com.foggyframework.dataset.db.model.engine.compose.runtime.PlanExecutionTest	executable	*Test	reactor-owned-executable	foggy-dataset-model	JUnit Platform ClassSource discovery owner
v934-src|129:foggy-dataset-model/src/test/java/com/foggyframework/dataset/db/model/engine/compose/runtime/ScriptResourceRealSqlParityTest.java	foggy-dataset-model	true	foggy-dataset-model/src/test/java	foggy-dataset-model/src/test/java/com/foggyframework/dataset/db/model/engine/compose/runtime/ScriptResourceRealSqlParityTest.java	com.foggyframework.dataset.db.model.engine.compose.runtime.ScriptResourceRealSqlParityTest	executable	*Test	reactor-owned-executable	foggy-dataset-model	JUnit Platform ClassSource discovery owner
v934-src|116:foggy-dataset-model/src/test/java/com/foggyframework/dataset/db/model/engine/compose/runtime/ScriptRunStateTest.java	foggy-dataset-model	true	foggy-dataset-model/src/test/java	foggy-dataset-model/src/test/java/com/foggyframework/dataset/db/model/engine/compose/runtime/ScriptRunStateTest.java	com.foggyframework.dataset.db.model.engine.compose.runtime.ScriptRunStateTest	executable	*Test	reactor-owned-executable	foggy-dataset-model	JUnit Platform ClassSource discovery owner
v934-src|115:foggy-dataset-model/src/test/java/com/foggyframework/dataset/db/model/engine/compose/runtime/ScriptRuntimeTest.java	foggy-dataset-model	true	foggy-dataset-model/src/test/java	foggy-dataset-model/src/test/java/com/foggyframework/dataset/db/model/engine/compose/runtime/ScriptRuntimeTest.java	com.foggyframework.dataset.db.model.engine.compose.runtime.ScriptRuntimeTest	executable	*Test	reactor-owned-executable	foggy-dataset-model	JUnit Platform ClassSource discovery owner
v934-src|125:foggy-dataset-model/src/test/java/com/foggyframework/dataset/db/model/engine/compose/runtime/ScriptSuspendErrorCodesTest.java	foggy-dataset-model	true	foggy-dataset-model/src/test/java	foggy-dataset-model/src/test/java/com/foggyframework/dataset/db/model/engine/compose/runtime/ScriptSuspendErrorCodesTest.java	com.foggyframework.dataset.db.model.engine.compose.runtime.ScriptSuspendErrorCodesTest	executable	*Test	reactor-owned-executable	foggy-dataset-model	JUnit Platform ClassSource discovery owner
v934-src|119:foggy-dataset-model/src/test/java/com/foggyframework/dataset/db/model/engine/compose/runtime/SuspensionManagerTest.java	foggy-dataset-model	true	foggy-dataset-model/src/test/java	foggy-dataset-model/src/test/java/com/foggyframework/dataset/db/model/engine/compose/runtime/SuspensionManagerTest.java	com.foggyframework.dataset.db.model.engine.compose.runtime.SuspensionManagerTest	executable	*Test	reactor-owned-executable	foggy-dataset-model	JUnit Platform ClassSource discovery owner
v934-src|126:foggy-dataset-model/src/test/java/com/foggyframework/dataset/db/model/engine/compose/sandbox/ComposeSandboxErrorCodesTest.java	foggy-dataset-model	true	foggy-dataset-model/src/test/java	foggy-dataset-model/src/test/java/com/foggyframework/dataset/db/model/engine/compose/sandbox/ComposeSandboxErrorCodesTest.java	com.foggyframework.dataset.db.model.engine.compose.sandbox.ComposeSandboxErrorCodesTest	executable	*Test	reactor-owned-executable	foggy-dataset-model	JUnit Platform ClassSource discovery owner
v934-src|134:foggy-dataset-model/src/test/java/com/foggyframework/dataset/db/model/engine/compose/sandbox/ComposeSandboxViolationExceptionTest.java	foggy-dataset-model	true	foggy-dataset-model/src/test/java	foggy-dataset-model/src/test/java/com/foggyframework/dataset/db/model/engine/compose/sandbox/ComposeSandboxViolationExceptionTest.java	com.foggyframework.dataset.db.model.engine.compose.sandbox.ComposeSandboxViolationExceptionTest	executable	*Test	reactor-owned-executable	foggy-dataset-model	JUnit Platform ClassSource discovery owner
v934-src|115:foggy-dataset-model/src/test/java/com/foggyframework/dataset/db/model/engine/compose/sandbox/SandboxLayerATest.java	foggy-dataset-model	true	foggy-dataset-model/src/test/java	foggy-dataset-model/src/test/java/com/foggyframework/dataset/db/model/engine/compose/sandbox/SandboxLayerATest.java	com.foggyframework.dataset.db.model.engine.compose.sandbox.SandboxLayerATest	executable	*Test	reactor-owned-executable	foggy-dataset-model	JUnit Platform ClassSource discovery owner
v934-src|115:foggy-dataset-model/src/test/java/com/foggyframework/dataset/db/model/engine/compose/sandbox/SandboxLayerBTest.java	foggy-dataset-model	true	foggy-dataset-model/src/test/java	foggy-dataset-model/src/test/java/com/foggyframework/dataset/db/model/engine/compose/sandbox/SandboxLayerBTest.java	com.foggyframework.dataset.db.model.engine.compose.sandbox.SandboxLayerBTest	executable	*Test	reactor-owned-executable	foggy-dataset-model	JUnit Platform ClassSource discovery owner
v934-src|115:foggy-dataset-model/src/test/java/com/foggyframework/dataset/db/model/engine/compose/sandbox/SandboxLayerCTest.java	foggy-dataset-model	true	foggy-dataset-model/src/test/java	foggy-dataset-model/src/test/java/com/foggyframework/dataset/db/model/engine/compose/sandbox/SandboxLayerCTest.java	com.foggyframework.dataset.db.model.engine.compose.sandbox.SandboxLayerCTest	executable	*Test	reactor-owned-executable	foggy-dataset-model	JUnit Platform ClassSource discovery owner
v934-src|115:foggy-dataset-model/src/test/java/com/foggyframework/dataset/db/model/engine/compose/schema/AliasExtractorTest.java	foggy-dataset-model	true	foggy-dataset-model/src/test/java	foggy-dataset-model/src/test/java/com/foggyframework/dataset/db/model/engine/compose/schema/AliasExtractorTest.java	com.foggyframework.dataset.db.model.engine.compose.schema.AliasExtractorTest	executable	*Test	reactor-owned-executable	foggy-dataset-model	JUnit Platform ClassSource discovery owner
v934-src|119:foggy-dataset-model/src/test/java/com/foggyframework/dataset/db/model/engine/compose/schema/ColumnSpecMetadataTest.java	foggy-dataset-model	true	foggy-dataset-model/src/test/java	foggy-dataset-model/src/test/java/com/foggyframework/dataset/db/model/engine/compose/schema/ColumnSpecMetadataTest.java	com.foggyframework.dataset.db.model.engine.compose.schema.ColumnSpecMetadataTest	executable	*Test	reactor-owned-executable	foggy-dataset-model	JUnit Platform ClassSource discovery owner
v934-src|125:foggy-dataset-model/src/test/java/com/foggyframework/dataset/db/model/engine/compose/schema/ColumnSpecPlanProvenanceTest.java	foggy-dataset-model	true	foggy-dataset-model/src/test/java	foggy-dataset-model/src/test/java/com/foggyframework/dataset/db/model/engine/compose/schema/ColumnSpecPlanProvenanceTest.java	com.foggyframework.dataset.db.model.engine.compose.schema.ColumnSpecPlanProvenanceTest	executable	*Test	reactor-owned-executable	foggy-dataset-model	JUnit Platform ClassSource discovery owner
v934-src|123:foggy-dataset-model/src/test/java/com/foggyframework/dataset/db/model/engine/compose/schema/ComposeSchemaExceptionTest.java	foggy-dataset-model	true	foggy-dataset-model/src/test/java	foggy-dataset-model/src/test/java/com/foggyframework/dataset/db/model/engine/compose/schema/ComposeSchemaExceptionTest.java	com.foggyframework.dataset.db.model.engine.compose.schema.ComposeSchemaExceptionTest	executable	*Test	reactor-owned-executable	foggy-dataset-model	JUnit Platform ClassSource discovery owner
v934-src|122:foggy-dataset-model/src/test/java/com/foggyframework/dataset/db/model/engine/compose/schema/OutputSchemaLookupApiTest.java	foggy-dataset-model	true	foggy-dataset-model/src/test/java	foggy-dataset-model/src/test/java/com/foggyframework/dataset/db/model/engine/compose/schema/OutputSchemaLookupApiTest.java	com.foggyframework.dataset.db.model.engine.compose.schema.OutputSchemaLookupApiTest	executable	*Test	reactor-owned-executable	foggy-dataset-model	JUnit Platform ClassSource discovery owner
v934-src|113:foggy-dataset-model/src/test/java/com/foggyframework/dataset/db/model/engine/compose/schema/OutputSchemaTest.java	foggy-dataset-model	true	foggy-dataset-model/src/test/java	foggy-dataset-model/src/test/java/com/foggyframework/dataset/db/model/engine/compose/schema/OutputSchemaTest.java	com.foggyframework.dataset.db.model.engine.compose.schema.OutputSchemaTest	executable	*Test	reactor-owned-executable	foggy-dataset-model	JUnit Platform ClassSource discovery owner
v934-src|124:foggy-dataset-model/src/test/java/com/foggyframework/dataset/db/model/engine/compose/schema/SchemaDerivationG10JoinTest.java	foggy-dataset-model	true	foggy-dataset-model/src/test/java	foggy-dataset-model/src/test/java/com/foggyframework/dataset/db/model/engine/compose/schema/SchemaDerivationG10JoinTest.java	com.foggyframework.dataset.db.model.engine.compose.schema.SchemaDerivationG10JoinTest	executable	*Test	reactor-owned-executable	foggy-dataset-model	JUnit Platform ClassSource discovery owner
v934-src|117:foggy-dataset-model/src/test/java/com/foggyframework/dataset/db/model/engine/compose/schema/SchemaDerivationTest.java	foggy-dataset-model	true	foggy-dataset-model/src/test/java	foggy-dataset-model/src/test/java/com/foggyframework/dataset/db/model/engine/compose/schema/SchemaDerivationTest.java	com.foggyframework.dataset.db.model.engine.compose.schema.SchemaDerivationTest	executable	*Test	reactor-owned-executable	foggy-dataset-model	JUnit Platform ClassSource discovery owner
v934-src|119:foggy-dataset-model/src/test/java/com/foggyframework/dataset/db/model/engine/compose/security/AuthorityRequestTest.java	foggy-dataset-model	true	foggy-dataset-model/src/test/java	foggy-dataset-model/src/test/java/com/foggyframework/dataset/db/model/engine/compose/security/AuthorityRequestTest.java	com.foggyframework.dataset.db.model.engine.compose.security.AuthorityRequestTest	executable	*Test	reactor-owned-executable	foggy-dataset-model	JUnit Platform ClassSource discovery owner
v934-src|131:foggy-dataset-model/src/test/java/com/foggyframework/dataset/db/model/engine/compose/security/AuthorityResolutionErrorCodeTest.java	foggy-dataset-model	true	foggy-dataset-model/src/test/java	foggy-dataset-model/src/test/java/com/foggyframework/dataset/db/model/engine/compose/security/AuthorityResolutionErrorCodeTest.java	com.foggyframework.dataset.db.model.engine.compose.security.AuthorityResolutionErrorCodeTest	executable	*Test	reactor-owned-executable	foggy-dataset-model	JUnit Platform ClassSource discovery owner
v934-src|122:foggy-dataset-model/src/test/java/com/foggyframework/dataset/db/model/engine/compose/security/AuthorityResolutionTest.java	foggy-dataset-model	true	foggy-dataset-model/src/test/java	foggy-dataset-model/src/test/java/com/foggyframework/dataset/db/model/engine/compose/security/AuthorityResolutionTest.java	com.foggyframework.dataset.db.model.engine.compose.security.AuthorityResolutionTest	executable	*Test	reactor-owned-executable	foggy-dataset-model	JUnit Platform ClassSource discovery owner
v934-src|128:foggy-dataset-model/src/test/java/com/foggyframework/dataset/db/model/engine/compose/security/AuthorityResolverContractTest.java	foggy-dataset-model	true	foggy-dataset-model/src/test/java	foggy-dataset-model/src/test/java/com/foggyframework/dataset/db/model/engine/compose/security/AuthorityResolverContractTest.java	com.foggyframework.dataset.db.model.engine.compose.security.AuthorityResolverContractTest	executable	*Test	reactor-owned-executable	foggy-dataset-model	JUnit Platform ClassSource discovery owner
v934-src|138:foggy-dataset-model/src/test/java/com/foggyframework/dataset/db/model/engine/compose/security/ComposePlanAwarePermissionValidatorTest.java	foggy-dataset-model	true	foggy-dataset-model/src/test/java	foggy-dataset-model/src/test/java/com/foggyframework/dataset/db/model/engine/compose/security/ComposePlanAwarePermissionValidatorTest.java	com.foggyframework.dataset.db.model.engine.compose.security.ComposePlanAwarePermissionValidatorTest	executable	*Test	reactor-owned-executable	foggy-dataset-model	JUnit Platform ClassSource discovery owner
v934-src|125:foggy-dataset-model/src/test/java/com/foggyframework/dataset/db/model/engine/compose/security/JavaGovernanceSnapshotTest.java	foggy-dataset-model	true	foggy-dataset-model/src/test/java	foggy-dataset-model/src/test/java/com/foggyframework/dataset/db/model/engine/compose/security/JavaGovernanceSnapshotTest.java	com.foggyframework.dataset.db.model.engine.compose.security.JavaGovernanceSnapshotTest	executable	*Test	reactor-owned-executable	foggy-dataset-model	JUnit Platform ClassSource discovery owner
v934-src|125:foggy-dataset-model/src/test/java/com/foggyframework/dataset/db/model/engine/compose/security/PlanFieldAccessContextTest.java	foggy-dataset-model	true	foggy-dataset-model/src/test/java	foggy-dataset-model/src/test/java/com/foggyframework/dataset/db/model/engine/compose/security/PlanFieldAccessContextTest.java	com.foggyframework.dataset.db.model.engine.compose.security.PlanFieldAccessContextTest	executable	*Test	reactor-owned-executable	foggy-dataset-model	JUnit Platform ClassSource discovery owner
v934-src|126:foggy-dataset-model/src/test/java/com/foggyframework/dataset/db/model/engine/expression/CalculatedFieldServiceDialectTest.java	foggy-dataset-model	true	foggy-dataset-model/src/test/java	foggy-dataset-model/src/test/java/com/foggyframework/dataset/db/model/engine/expression/CalculatedFieldServiceDialectTest.java	com.foggyframework.dataset.db.model.engine.expression.CalculatedFieldServiceDialectTest	executable	*Test	reactor-owned-executable	foggy-dataset-model	JUnit Platform ClassSource discovery owner
v934-src|126:foggy-dataset-model/src/test/java/com/foggyframework/dataset/db/model/engine/expression/CalculatedFieldServiceFormulaTest.java	foggy-dataset-model	true	foggy-dataset-model/src/test/java	foggy-dataset-model/src/test/java/com/foggyframework/dataset/db/model/engine/expression/CalculatedFieldServiceFormulaTest.java	com.foggyframework.dataset.db.model.engine.expression.CalculatedFieldServiceFormulaTest	executable	*Test	reactor-owned-executable	foggy-dataset-model	JUnit Platform ClassSource discovery owner
v934-src|119:foggy-dataset-model/src/test/java/com/foggyframework/dataset/db/model/engine/expression/CalculatedFieldServiceTest.java	foggy-dataset-model	true	foggy-dataset-model/src/test/java	foggy-dataset-model/src/test/java/com/foggyframework/dataset/db/model/engine/expression/CalculatedFieldServiceTest.java	com.foggyframework.dataset.db.model.engine.expression.CalculatedFieldServiceTest	executable	*Test	reactor-owned-executable	foggy-dataset-model	JUnit Platform ClassSource discovery owner
v934-src|124:foggy-dataset-model/src/test/java/com/foggyframework/dataset/db/model/engine/expression/sql/DialectAwareFunctionExpTest.java	foggy-dataset-model	true	foggy-dataset-model/src/test/java	foggy-dataset-model/src/test/java/com/foggyframework/dataset/db/model/engine/expression/sql/DialectAwareFunctionExpTest.java	com.foggyframework.dataset.db.model.engine.expression.sql.DialectAwareFunctionExpTest	executable	*Test	reactor-owned-executable	foggy-dataset-model	JUnit Platform ClassSource discovery owner
v934-src|111:foggy-dataset-model/src/test/java/com/foggyframework/dataset/db/model/engine/formula/SqlFormulaSupportTest.java	foggy-dataset-model	true	foggy-dataset-model/src/test/java	foggy-dataset-model/src/test/java/com/foggyframework/dataset/db/model/engine/formula/SqlFormulaSupportTest.java	com.foggyframework.dataset.db.model.engine.formula.SqlFormulaSupportTest	executable	*Test	reactor-owned-executable	foggy-dataset-model	JUnit Platform ClassSource discovery owner
v934-src|100:foggy-dataset-model/src/test/java/com/foggyframework/dataset/db/model/engine/join/JoinGraphTest.java	foggy-dataset-model	true	foggy-dataset-model/src/test/java	foggy-dataset-model/src/test/java/com/foggyframework/dataset/db/model/engine/join/JoinGraphTest.java	com.foggyframework.dataset.db.model.engine.join.JoinGraphTest	executable	*Test	reactor-owned-executable	foggy-dataset-model	JUnit Platform ClassSource discovery owner
v934-src|110:foggy-dataset-model/src/test/java/com/foggyframework/dataset/db/model/engine/pivot/CardinalityBreakerTest.java	foggy-dataset-model	true	foggy-dataset-model/src/test/java	foggy-dataset-model/src/test/java/com/foggyframework/dataset/db/model/engine/pivot/CardinalityBreakerTest.java	com.foggyframework.dataset.db.model.engine.pivot.CardinalityBreakerTest	executable	*Test	reactor-owned-executable	foggy-dataset-model	JUnit Platform ClassSource discovery owner
v934-src|115:foggy-dataset-model/src/test/java/com/foggyframework/dataset/db/model/engine/pivot/JavaPivotDomainSnapshotTest.java	foggy-dataset-model	true	foggy-dataset-model/src/test/java	foggy-dataset-model/src/test/java/com/foggyframework/dataset/db/model/engine/pivot/JavaPivotDomainSnapshotTest.java	com.foggyframework.dataset.db.model.engine.pivot.JavaPivotDomainSnapshotTest	executable	*Test	reactor-owned-executable	foggy-dataset-model	JUnit Platform ClassSource discovery owner
v934-src|115:foggy-dataset-model/src/test/java/com/foggyframework/dataset/db/model/engine/pivot/JavaPivotOutputSnapshotTest.java	foggy-dataset-model	true	foggy-dataset-model/src/test/java	foggy-dataset-model/src/test/java/com/foggyframework/dataset/db/model/engine/pivot/JavaPivotOutputSnapshotTest.java	com.foggyframework.dataset.db.model.engine.pivot.JavaPivotOutputSnapshotTest	executable	*Test	reactor-owned-executable	foggy-dataset-model	JUnit Platform ClassSource discovery owner
v934-src|100:foggy-dataset-model/src/test/java/com/foggyframework/dataset/db/model/engine/pivot/PivotAstTest.java	foggy-dataset-model	true	foggy-dataset-model/src/test/java	foggy-dataset-model/src/test/java/com/foggyframework/dataset/db/model/engine/pivot/PivotAstTest.java	com.foggyframework.dataset.db.model.engine.pivot.PivotAstTest	executable	*Test	reactor-owned-executable	foggy-dataset-model	JUnit Platform ClassSource discovery owner
v934-src|119:foggy-dataset-model/src/test/java/com/foggyframework/dataset/db/model/engine/pivot/PivotCascadeGenerateSqlParityIT.java	foggy-dataset-model	true	foggy-dataset-model/src/test/java	foggy-dataset-model/src/test/java/com/foggyframework/dataset/db/model/engine/pivot/PivotCascadeGenerateSqlParityIT.java	com.foggyframework.dataset.db.model.engine.pivot.PivotCascadeGenerateSqlParityIT	executable	*IT	reactor-owned-executable	foggy-dataset-model	JUnit Platform ClassSource discovery owner
v934-src|122:foggy-dataset-model/src/test/java/com/foggyframework/dataset/db/model/engine/pivot/PivotCascadeGenerateValidationTest.java	foggy-dataset-model	true	foggy-dataset-model/src/test/java	foggy-dataset-model/src/test/java/com/foggyframework/dataset/db/model/engine/pivot/PivotCascadeGenerateValidationTest.java	com.foggyframework.dataset.db.model.engine.pivot.PivotCascadeGenerateValidationTest	executable	*Test	reactor-owned-executable	foggy-dataset-model	JUnit Platform ClassSource discovery owner
v934-src|116:foggy-dataset-model/src/test/java/com/foggyframework/dataset/db/model/engine/pivot/PivotDiagnosticCollectorTest.java	foggy-dataset-model	true	foggy-dataset-model/src/test/java	foggy-dataset-model/src/test/java/com/foggyframework/dataset/db/model/engine/pivot/PivotDiagnosticCollectorTest.java	com.foggyframework.dataset.db.model.engine.pivot.PivotDiagnosticCollectorTest	executable	*Test	reactor-owned-executable	foggy-dataset-model	JUnit Platform ClassSource discovery owner
v934-src|95:foggy-dataset-model/src/test/java/com/foggyframework/dataset/db/model/engine/pivot/PivotIT.java	foggy-dataset-model	true	foggy-dataset-model/src/test/java	foggy-dataset-model/src/test/java/com/foggyframework/dataset/db/model/engine/pivot/PivotIT.java	com.foggyframework.dataset.db.model.engine.pivot.PivotIT	executable	*IT	reactor-owned-executable	foggy-dataset-model	JUnit Platform ClassSource discovery owner
v934-src|133:foggy-dataset-model/src/test/java/com/foggyframework/dataset/db/model/engine/pivot/PivotOuterCacheDistributedProviderAdapterTest.java	foggy-dataset-model	true	foggy-dataset-model/src/test/java	foggy-dataset-model/src/test/java/com/foggyframework/dataset/db/model/engine/pivot/PivotOuterCacheDistributedProviderAdapterTest.java	com.foggyframework.dataset.db.model.engine.pivot.PivotOuterCacheDistributedProviderAdapterTest	executable	*Test	reactor-owned-executable	foggy-dataset-model	JUnit Platform ClassSource discovery owner
v934-src|134:foggy-dataset-model/src/test/java/com/foggyframework/dataset/db/model/engine/pivot/PivotOuterCacheDistributedProviderContractTest.java	foggy-dataset-model	true	foggy-dataset-model/src/test/java	foggy-dataset-model/src/test/java/com/foggyframework/dataset/db/model/engine/pivot/PivotOuterCacheDistributedProviderContractTest.java	com.foggyframework.dataset.db.model.engine.pivot.PivotOuterCacheDistributedProviderContractTest	executable	*Test	reactor-owned-executable	foggy-dataset-model	JUnit Platform ClassSource discovery owner
v934-src|138:foggy-dataset-model/src/test/java/com/foggyframework/dataset/db/model/engine/pivot/PivotOuterCacheInvalidationBroadcasterContractTest.java	foggy-dataset-model	true	foggy-dataset-model/src/test/java	foggy-dataset-model/src/test/java/com/foggyframework/dataset/db/model/engine/pivot/PivotOuterCacheInvalidationBroadcasterContractTest.java	com.foggyframework.dataset.db.model.engine.pivot.PivotOuterCacheInvalidationBroadcasterContractTest	helper	*Test	non-executable-helper	foggy-dataset-model	abstract reusable contract; inherited methods execute only through concrete broadcaster tests
v934-src|124:foggy-dataset-model/src/test/java/com/foggyframework/dataset/db/model/engine/pivot/PivotOuterCacheInvalidationEventTest.java	foggy-dataset-model	true	foggy-dataset-model/src/test/java	foggy-dataset-model/src/test/java/com/foggyframework/dataset/db/model/engine/pivot/PivotOuterCacheInvalidationEventTest.java	com.foggyframework.dataset.db.model.engine.pivot.PivotOuterCacheInvalidationEventTest	executable	*Test	reactor-owned-executable	foggy-dataset-model	JUnit Platform ClassSource discovery owner
v934-src|133:foggy-dataset-model/src/test/java/com/foggyframework/dataset/db/model/engine/pivot/PivotOuterCacheInvalidationFanOutContractTest.java	foggy-dataset-model	true	foggy-dataset-model/src/test/java	foggy-dataset-model/src/test/java/com/foggyframework/dataset/db/model/engine/pivot/PivotOuterCacheInvalidationFanOutContractTest.java	com.foggyframework.dataset.db.model.engine.pivot.PivotOuterCacheInvalidationFanOutContractTest	executable	*Test	reactor-owned-executable	foggy-dataset-model	JUnit Platform ClassSource discovery owner
v934-src|131:foggy-dataset-model/src/test/java/com/foggyframework/dataset/db/model/engine/pivot/PivotOuterCacheInvalidationReplayWindowTest.java	foggy-dataset-model	true	foggy-dataset-model/src/test/java	foggy-dataset-model/src/test/java/com/foggyframework/dataset/db/model/engine/pivot/PivotOuterCacheInvalidationReplayWindowTest.java	com.foggyframework.dataset.db.model.engine.pivot.PivotOuterCacheInvalidationReplayWindowTest	executable	*Test	reactor-owned-executable	foggy-dataset-model	JUnit Platform ClassSource discovery owner
v934-src|121:foggy-dataset-model/src/test/java/com/foggyframework/dataset/db/model/engine/pivot/PivotOuterCacheOperationalSpiTest.java	foggy-dataset-model	true	foggy-dataset-model/src/test/java	foggy-dataset-model/src/test/java/com/foggyframework/dataset/db/model/engine/pivot/PivotOuterCacheOperationalSpiTest.java	com.foggyframework.dataset.db.model.engine.pivot.PivotOuterCacheOperationalSpiTest	executable	*Test	reactor-owned-executable	foggy-dataset-model	JUnit Platform ClassSource discovery owner
v934-src|123:foggy-dataset-model/src/test/java/com/foggyframework/dataset/db/model/engine/pivot/PivotOuterCacheProviderContractTest.java	foggy-dataset-model	true	foggy-dataset-model/src/test/java	foggy-dataset-model/src/test/java/com/foggyframework/dataset/db/model/engine/pivot/PivotOuterCacheProviderContractTest.java	com.foggyframework.dataset.db.model.engine.pivot.PivotOuterCacheProviderContractTest	helper	*Test	non-executable-helper	foggy-dataset-model	abstract reusable contract; inherited methods execute only through concrete provider tests
v934-src|119:foggy-dataset-model/src/test/java/com/foggyframework/dataset/db/model/engine/pivot/PivotOuterCacheSafeProviderTest.java	foggy-dataset-model	true	foggy-dataset-model/src/test/java	foggy-dataset-model/src/test/java/com/foggyframework/dataset/db/model/engine/pivot/PivotOuterCacheSafeProviderTest.java	com.foggyframework.dataset.db.model.engine.pivot.PivotOuterCacheSafeProviderTest	executable	*Test	reactor-owned-executable	foggy-dataset-model	JUnit Platform ClassSource discovery owner
v934-src|121:foggy-dataset-model/src/test/java/com/foggyframework/dataset/db/model/engine/pivot/PivotOuterCacheStrongIdentityTest.java	foggy-dataset-model	true	foggy-dataset-model/src/test/java	foggy-dataset-model/src/test/java/com/foggyframework/dataset/db/model/engine/pivot/PivotOuterCacheStrongIdentityTest.java	com.foggyframework.dataset.db.model.engine.pivot.PivotOuterCacheStrongIdentityTest	executable	*Test	reactor-owned-executable	foggy-dataset-model	JUnit Platform ClassSource discovery owner
v934-src|116:foggy-dataset-model/src/test/java/com/foggyframework/dataset/db/model/engine/pivot/PivotOuterCacheTelemetryTest.java	foggy-dataset-model	true	foggy-dataset-model/src/test/java	foggy-dataset-model/src/test/java/com/foggyframework/dataset/db/model/engine/pivot/PivotOuterCacheTelemetryTest.java	com.foggyframework.dataset.db.model.engine.pivot.PivotOuterCacheTelemetryTest	executable	*Test	reactor-owned-executable	foggy-dataset-model	JUnit Platform ClassSource discovery owner
v934-src|115:foggy-dataset-model/src/test/java/com/foggyframework/dataset/db/model/engine/pivot/PivotOuterResponseCacheTest.java	foggy-dataset-model	true	foggy-dataset-model/src/test/java	foggy-dataset-model/src/test/java/com/foggyframework/dataset/db/model/engine/pivot/PivotOuterResponseCacheTest.java	com.foggyframework.dataset.db.model.engine.pivot.PivotOuterResponseCacheTest	executable	*Test	reactor-owned-executable	foggy-dataset-model	JUnit Platform ClassSource discovery owner
v934-src|120:foggy-dataset-model/src/test/java/com/foggyframework/dataset/db/model/engine/pivot/PivotPipelineCatalogIdentityTest.java	foggy-dataset-model	true	foggy-dataset-model/src/test/java	foggy-dataset-model/src/test/java/com/foggyframework/dataset/db/model/engine/pivot/PivotPipelineCatalogIdentityTest.java	com.foggyframework.dataset.db.model.engine.pivot.PivotPipelineCatalogIdentityTest	executable	*Test	reactor-owned-executable	foggy-dataset-model	JUnit Platform ClassSource discovery owner
v934-src|104:foggy-dataset-model/src/test/java/com/foggyframework/dataset/db/model/engine/pivot/PivotSqlParityIT.java	foggy-dataset-model	true	foggy-dataset-model/src/test/java	foggy-dataset-model/src/test/java/com/foggyframework/dataset/db/model/engine/pivot/PivotSqlParityIT.java	com.foggyframework.dataset.db.model.engine.pivot.PivotSqlParityIT	executable	*IT	reactor-owned-executable	foggy-dataset-model	JUnit Platform ClassSource discovery owner
v934-src|119:foggy-dataset-model/src/test/java/com/foggyframework/dataset/db/model/engine/pivot/PivotSqlPerformanceBaselineTest.java	foggy-dataset-model	true	foggy-dataset-model/src/test/java	foggy-dataset-model/src/test/java/com/foggyframework/dataset/db/model/engine/pivot/PivotSqlPerformanceBaselineTest.java	com.foggyframework.dataset.db.model.engine.pivot.PivotSqlPerformanceBaselineTest	executable	*Test	reactor-owned-executable	foggy-dataset-model	JUnit Platform ClassSource discovery owner
v934-src|113:foggy-dataset-model/src/test/java/com/foggyframework/dataset/db/model/engine/pivot/algo/AxisHavingFilterTest.java	foggy-dataset-model	true	foggy-dataset-model/src/test/java	foggy-dataset-model/src/test/java/com/foggyframework/dataset/db/model/engine/pivot/algo/AxisHavingFilterTest.java	com.foggyframework.dataset.db.model.engine.pivot.algo.AxisHavingFilterTest	executable	*Test	reactor-owned-executable	foggy-dataset-model	JUnit Platform ClassSource discovery owner
v934-src|114:foggy-dataset-model/src/test/java/com/foggyframework/dataset/db/model/engine/pivot/algo/AxisTopNTruncatorTest.java	foggy-dataset-model	true	foggy-dataset-model/src/test/java	foggy-dataset-model/src/test/java/com/foggyframework/dataset/db/model/engine/pivot/algo/AxisTopNTruncatorTest.java	com.foggyframework.dataset.db.model.engine.pivot.algo.AxisTopNTruncatorTest	executable	*Test	reactor-owned-executable	foggy-dataset-model	JUnit Platform ClassSource discovery owner
v934-src|120:foggy-dataset-model/src/test/java/com/foggyframework/dataset/db/model/engine/pivot/algo/BaselineRatioCalculatorTest.java	foggy-dataset-model	true	foggy-dataset-model/src/test/java	foggy-dataset-model/src/test/java/com/foggyframework/dataset/db/model/engine/pivot/algo/BaselineRatioCalculatorTest.java	com.foggyframework.dataset.db.model.engine.pivot.algo.BaselineRatioCalculatorTest	executable	*Test	reactor-owned-executable	foggy-dataset-model	JUnit Platform ClassSource discovery owner
v934-src|112:foggy-dataset-model/src/test/java/com/foggyframework/dataset/db/model/engine/pivot/algo/CrossJoinFillerTest.java	foggy-dataset-model	true	foggy-dataset-model/src/test/java	foggy-dataset-model/src/test/java/com/foggyframework/dataset/db/model/engine/pivot/algo/CrossJoinFillerTest.java	com.foggyframework.dataset.db.model.engine.pivot.algo.CrossJoinFillerTest	executable	*Test	reactor-owned-executable	foggy-dataset-model	JUnit Platform ClassSource discovery owner
v934-src|117:foggy-dataset-model/src/test/java/com/foggyframework/dataset/db/model/engine/pivot/algo/HierarchyTreeBuilderTest.java	foggy-dataset-model	true	foggy-dataset-model/src/test/java	foggy-dataset-model/src/test/java/com/foggyframework/dataset/db/model/engine/pivot/algo/HierarchyTreeBuilderTest.java	com.foggyframework.dataset.db.model.engine.pivot.algo.HierarchyTreeBuilderTest	executable	*Test	reactor-owned-executable	foggy-dataset-model	JUnit Platform ClassSource discovery owner
v934-src|118:foggy-dataset-model/src/test/java/com/foggyframework/dataset/db/model/engine/pivot/algo/ParentShareCalculatorTest.java	foggy-dataset-model	true	foggy-dataset-model/src/test/java	foggy-dataset-model/src/test/java/com/foggyframework/dataset/db/model/engine/pivot/algo/ParentShareCalculatorTest.java	com.foggyframework.dataset.db.model.engine.pivot.algo.ParentShareCalculatorTest	executable	*Test	reactor-owned-executable	foggy-dataset-model	JUnit Platform ClassSource discovery owner
v934-src|113:foggy-dataset-model/src/test/java/com/foggyframework/dataset/db/model/engine/pivot/algo/PropertyAttacherTest.java	foggy-dataset-model	true	foggy-dataset-model/src/test/java	foggy-dataset-model/src/test/java/com/foggyframework/dataset/db/model/engine/pivot/algo/PropertyAttacherTest.java	com.foggyframework.dataset.db.model.engine.pivot.algo.PropertyAttacherTest	executable	*Test	reactor-owned-executable	foggy-dataset-model	JUnit Platform ClassSource discovery owner
v934-src|113:foggy-dataset-model/src/test/java/com/foggyframework/dataset/db/model/engine/pivot/algo/PropertyResolverTest.java	foggy-dataset-model	true	foggy-dataset-model/src/test/java	foggy-dataset-model/src/test/java/com/foggyframework/dataset/db/model/engine/pivot/algo/PropertyResolverTest.java	com.foggyframework.dataset.db.model.engine.pivot.algo.PropertyResolverTest	executable	*Test	reactor-owned-executable	foggy-dataset-model	JUnit Platform ClassSource discovery owner
v934-src|109:foggy-dataset-model/src/test/java/com/foggyframework/dataset/db/model/engine/pivot/algo/ResultShaperTest.java	foggy-dataset-model	true	foggy-dataset-model/src/test/java	foggy-dataset-model/src/test/java/com/foggyframework/dataset/db/model/engine/pivot/algo/ResultShaperTest.java	com.foggyframework.dataset.db.model.engine.pivot.algo.ResultShaperTest	executable	*Test	reactor-owned-executable	foggy-dataset-model	JUnit Platform ClassSource discovery owner
v934-src|113:foggy-dataset-model/src/test/java/com/foggyframework/dataset/db/model/engine/pivot/algo/SubtotalInjectorTest.java	foggy-dataset-model	true	foggy-dataset-model/src/test/java	foggy-dataset-model/src/test/java/com/foggyframework/dataset/db/model/engine/pivot/algo/SubtotalInjectorTest.java	com.foggyframework.dataset.db.model.engine.pivot.algo.SubtotalInjectorTest	executable	*Test	reactor-owned-executable	foggy-dataset-model	JUnit Platform ClassSource discovery owner
v934-src|123:foggy-dataset-model/src/test/java/com/foggyframework/dataset/db/model/engine/pivot/rollup/MetricAdditivityAnalyzerTest.java	foggy-dataset-model	true	foggy-dataset-model/src/test/java	foggy-dataset-model/src/test/java/com/foggyframework/dataset/db/model/engine/pivot/rollup/MetricAdditivityAnalyzerTest.java	com.foggyframework.dataset.db.model.engine.pivot.rollup.MetricAdditivityAnalyzerTest	executable	*Test	reactor-owned-executable	foggy-dataset-model	JUnit Platform ClassSource discovery owner
v934-src|135:foggy-dataset-model/src/test/java/com/foggyframework/dataset/db/model/engine/pivot/rollup/NonAdditiveRollupExecutorDomainSliceTest.java	foggy-dataset-model	true	foggy-dataset-model/src/test/java	foggy-dataset-model/src/test/java/com/foggyframework/dataset/db/model/engine/pivot/rollup/NonAdditiveRollupExecutorDomainSliceTest.java	com.foggyframework.dataset.db.model.engine.pivot.rollup.NonAdditiveRollupExecutorDomainSliceTest	executable	*Test	reactor-owned-executable	foggy-dataset-model	JUnit Platform ClassSource discovery owner
v934-src|120:foggy-dataset-model/src/test/java/com/foggyframework/dataset/db/model/engine/pivot/rollup/RollupGrainEnumeratorTest.java	foggy-dataset-model	true	foggy-dataset-model/src/test/java	foggy-dataset-model/src/test/java/com/foggyframework/dataset/db/model/engine/pivot/rollup/RollupGrainEnumeratorTest.java	com.foggyframework.dataset.db.model.engine.pivot.rollup.RollupGrainEnumeratorTest	executable	*Test	reactor-owned-executable	foggy-dataset-model	JUnit Platform ClassSource discovery owner
v934-src|128:foggy-dataset-model/src/test/java/com/foggyframework/dataset/db/model/engine/pivot/rollup/TestableNonAdditiveRollupExecutor.java	foggy-dataset-model	true	foggy-dataset-model/src/test/java	foggy-dataset-model/src/test/java/com/foggyframework/dataset/db/model/engine/pivot/rollup/TestableNonAdditiveRollupExecutor.java	com.foggyframework.dataset.db.model.engine.pivot.rollup.TestableNonAdditiveRollupExecutor	helper	Test*	non-executable-helper	foggy-dataset-model	package-private method adapter consumed by owning tests
v934-src|128:foggy-dataset-model/src/test/java/com/foggyframework/dataset/db/model/engine/pivot/sql/PivotAxisDomainSqlPlannerCascadeTest.java	foggy-dataset-model	true	foggy-dataset-model/src/test/java	foggy-dataset-model/src/test/java/com/foggyframework/dataset/db/model/engine/pivot/sql/PivotAxisDomainSqlPlannerCascadeTest.java	com.foggyframework.dataset.db.model.engine.pivot.sql.PivotAxisDomainSqlPlannerCascadeTest	executable	*Test	reactor-owned-executable	foggy-dataset-model	JUnit Platform ClassSource discovery owner
v934-src|121:foggy-dataset-model/src/test/java/com/foggyframework/dataset/db/model/engine/pivot/sql/PivotAxisDomainSqlPlannerTest.java	foggy-dataset-model	true	foggy-dataset-model/src/test/java	foggy-dataset-model/src/test/java/com/foggyframework/dataset/db/model/engine/pivot/sql/PivotAxisDomainSqlPlannerTest.java	com.foggyframework.dataset.db.model.engine.pivot.sql.PivotAxisDomainSqlPlannerTest	executable	*Test	reactor-owned-executable	foggy-dataset-model	JUnit Platform ClassSource discovery owner
v934-src|115:foggy-dataset-model/src/test/java/com/foggyframework/dataset/db/model/engine/pivot/sql/PivotTopNSqlPlannerTest.java	foggy-dataset-model	true	foggy-dataset-model/src/test/java	foggy-dataset-model/src/test/java/com/foggyframework/dataset/db/model/engine/pivot/sql/PivotTopNSqlPlannerTest.java	com.foggyframework.dataset.db.model.engine.pivot.sql.PivotTopNSqlPlannerTest	executable	*Test	reactor-owned-executable	foggy-dataset-model	JUnit Platform ClassSource discovery owner
v934-src|124:foggy-dataset-model/src/test/java/com/foggyframework/dataset/db/model/engine/pivot/transport/DomainRelationRendererTest.java	foggy-dataset-model	true	foggy-dataset-model/src/test/java	foggy-dataset-model/src/test/java/com/foggyframework/dataset/db/model/engine/pivot/transport/DomainRelationRendererTest.java	com.foggyframework.dataset.db.model.engine.pivot.transport.DomainRelationRendererTest	executable	*Test	reactor-owned-executable	foggy-dataset-model	JUnit Platform ClassSource discovery owner
v934-src|114:foggy-dataset-model/src/test/java/com/foggyframework/dataset/db/model/engine/preagg/PreAggregationMatcherTest.java	foggy-dataset-model	true	foggy-dataset-model/src/test/java	foggy-dataset-model/src/test/java/com/foggyframework/dataset/db/model/engine/preagg/PreAggregationMatcherTest.java	com.foggyframework.dataset.db.model.engine.preagg.PreAggregationMatcherTest	executable	*Test	reactor-owned-executable	foggy-dataset-model	JUnit Platform ClassSource discovery owner
v934-src|111:foggy-dataset-model/src/test/java/com/foggyframework/dataset/db/model/engine/query/CalculatedFieldJoinTest.java	foggy-dataset-model	true	foggy-dataset-model/src/test/java	foggy-dataset-model/src/test/java/com/foggyframework/dataset/db/model/engine/query/CalculatedFieldJoinTest.java	com.foggyframework.dataset.db.model.engine.query.CalculatedFieldJoinTest	executable	*Test	reactor-owned-executable	foggy-dataset-model	JUnit Platform ClassSource discovery owner
v934-src|118:foggy-dataset-model/src/test/java/com/foggyframework/dataset/db/model/engine/query/SqlServerIdentifierQuotingTest.java	foggy-dataset-model	true	foggy-dataset-model/src/test/java	foggy-dataset-model/src/test/java/com/foggyframework/dataset/db/model/engine/query/SqlServerIdentifierQuotingTest.java	com.foggyframework.dataset.db.model.engine.query.SqlServerIdentifierQuotingTest	executable	*Test	reactor-owned-executable	foggy-dataset-model	JUnit Platform ClassSource discovery owner
v934-src|108:foggy-dataset-model/src/test/java/com/foggyframework/dataset/db/model/event/BundleLifecycleListenerTest.java	foggy-dataset-model	true	foggy-dataset-model/src/test/java	foggy-dataset-model/src/test/java/com/foggyframework/dataset/db/model/event/BundleLifecycleListenerTest.java	com.foggyframework.dataset.db.model.event.BundleLifecycleListenerTest	executable	*Test	reactor-owned-executable	foggy-dataset-model	JUnit Platform ClassSource discovery owner
v934-src|112:foggy-dataset-model/src/test/java/com/foggyframework/dataset/db/model/expression/InlineExpressionParserTest.java	foggy-dataset-model	true	foggy-dataset-model/src/test/java	foggy-dataset-model/src/test/java/com/foggyframework/dataset/db/model/expression/InlineExpressionParserTest.java	com.foggyframework.dataset.db.model.expression.InlineExpressionParserTest	executable	*Test	reactor-owned-executable	foggy-dataset-model	JUnit Platform ClassSource discovery owner
v934-src|128:foggy-dataset-model/src/test/java/com/foggyframework/dataset/db/model/expression/SqlCalculatedFieldProcessorWindowOrderTest.java	foggy-dataset-model	true	foggy-dataset-model/src/test/java	foggy-dataset-model/src/test/java/com/foggyframework/dataset/db/model/expression/SqlCalculatedFieldProcessorWindowOrderTest.java	com.foggyframework.dataset.db.model.expression.SqlCalculatedFieldProcessorWindowOrderTest	executable	*Test	reactor-owned-executable	foggy-dataset-model	JUnit Platform ClassSource discovery owner
v934-src|113:foggy-dataset-model/src/test/java/com/foggyframework/dataset/db/model/expression/SqlExpFactoryInOperatorTest.java	foggy-dataset-model	true	foggy-dataset-model/src/test/java	foggy-dataset-model/src/test/java/com/foggyframework/dataset/db/model/expression/SqlExpFactoryInOperatorTest.java	com.foggyframework.dataset.db.model.expression.SqlExpFactoryInOperatorTest	executable	*Test	reactor-owned-executable	foggy-dataset-model	JUnit Platform ClassSource discovery owner
v934-src|103:foggy-dataset-model/src/test/java/com/foggyframework/dataset/db/model/expression/SqlExpFactoryTest.java	foggy-dataset-model	true	foggy-dataset-model/src/test/java	foggy-dataset-model/src/test/java/com/foggyframework/dataset/db/model/expression/SqlExpFactoryTest.java	com.foggyframework.dataset.db.model.expression.SqlExpFactoryTest	executable	*Test	reactor-owned-executable	foggy-dataset-model	JUnit Platform ClassSource discovery owner
v934-src|107:foggy-dataset-model/src/test/java/com/foggyframework/dataset/db/model/impl/SemanticScaleSqlSupportTest.java	foggy-dataset-model	true	foggy-dataset-model/src/test/java	foggy-dataset-model/src/test/java/com/foggyframework/dataset/db/model/impl/SemanticScaleSqlSupportTest.java	com.foggyframework.dataset.db.model.impl.SemanticScaleSqlSupportTest	executable	*Test	reactor-owned-executable	foggy-dataset-model	JUnit Platform ClassSource discovery owner
v934-src|138:foggy-dataset-model/src/test/java/com/foggyframework/dataset/db/model/impl/loader/TableModelLoaderManagerImplDataSourceResolutionTest.java	foggy-dataset-model	true	foggy-dataset-model/src/test/java	foggy-dataset-model/src/test/java/com/foggyframework/dataset/db/model/impl/loader/TableModelLoaderManagerImplDataSourceResolutionTest.java	com.foggyframework.dataset.db.model.impl.loader.TableModelLoaderManagerImplDataSourceResolutionTest	executable	*Test	reactor-owned-executable	foggy-dataset-model	JUnit Platform ClassSource discovery owner
v934-src|125:foggy-dataset-model/src/test/java/com/foggyframework/dataset/db/model/impl/model/AggregateRelationDiagnosticContractTest.java	foggy-dataset-model	true	foggy-dataset-model/src/test/java	foggy-dataset-model/src/test/java/com/foggyframework/dataset/db/model/impl/model/AggregateRelationDiagnosticContractTest.java	com.foggyframework.dataset.db.model.impl.model.AggregateRelationDiagnosticContractTest	executable	*Test	reactor-owned-executable	foggy-dataset-model	JUnit Platform ClassSource discovery owner
v934-src|117:foggy-dataset-model/src/test/java/com/foggyframework/dataset/db/model/lifecycle/catalog/CatalogSnapshotStoreTest.java	foggy-dataset-model	true	foggy-dataset-model/src/test/java	foggy-dataset-model/src/test/java/com/foggyframework/dataset/db/model/lifecycle/catalog/CatalogSnapshotStoreTest.java	com.foggyframework.dataset.db.model.lifecycle.catalog.CatalogSnapshotStoreTest	executable	*Test	reactor-owned-executable	foggy-dataset-model	JUnit Platform ClassSource discovery owner
v934-src|112:foggy-dataset-model/src/test/java/com/foggyframework/dataset/db/model/lifecycle/catalog/CatalogSnapshotTest.java	foggy-dataset-model	true	foggy-dataset-model/src/test/java	foggy-dataset-model/src/test/java/com/foggyframework/dataset/db/model/lifecycle/catalog/CatalogSnapshotTest.java	com.foggyframework.dataset.db.model.lifecycle.catalog.CatalogSnapshotTest	executable	*Test	reactor-owned-executable	foggy-dataset-model	JUnit Platform ClassSource discovery owner
v934-src|123:foggy-dataset-model/src/test/java/com/foggyframework/dataset/db/model/lifecycle/catalog/JdbcQueryModelCompletenessTest.java	foggy-dataset-model	true	foggy-dataset-model/src/test/java	foggy-dataset-model/src/test/java/com/foggyframework/dataset/db/model/lifecycle/catalog/JdbcQueryModelCompletenessTest.java	com.foggyframework.dataset.db.model.lifecycle.catalog.JdbcQueryModelCompletenessTest	executable	*Test	reactor-owned-executable	foggy-dataset-model	JUnit Platform ClassSource discovery owner
v934-src|123:foggy-dataset-model/src/test/java/com/foggyframework/dataset/db/model/lifecycle/catalog/QueryFacadeCatalogIdentityTest.java	foggy-dataset-model	true	foggy-dataset-model/src/test/java	foggy-dataset-model/src/test/java/com/foggyframework/dataset/db/model/lifecycle/catalog/QueryFacadeCatalogIdentityTest.java	com.foggyframework.dataset.db.model.lifecycle.catalog.QueryFacadeCatalogIdentityTest	executable	*Test	reactor-owned-executable	foggy-dataset-model	JUnit Platform ClassSource discovery owner
v934-src|123:foggy-dataset-model/src/test/java/com/foggyframework/dataset/db/model/lifecycle/catalog/QueryModelAliasDeterminismTest.java	foggy-dataset-model	true	foggy-dataset-model/src/test/java	foggy-dataset-model/src/test/java/com/foggyframework/dataset/db/model/lifecycle/catalog/QueryModelAliasDeterminismTest.java	com.foggyframework.dataset.db.model.lifecycle.catalog.QueryModelAliasDeterminismTest	executable	*Test	reactor-owned-executable	foggy-dataset-model	JUnit Platform ClassSource discovery owner
v934-src|125:foggy-dataset-model/src/test/java/com/foggyframework/dataset/db/model/lifecycle/catalog/QueryModelDiscoveryAuthorityTest.java	foggy-dataset-model	true	foggy-dataset-model/src/test/java	foggy-dataset-model/src/test/java/com/foggyframework/dataset/db/model/lifecycle/catalog/QueryModelDiscoveryAuthorityTest.java	com.foggyframework.dataset.db.model.lifecycle.catalog.QueryModelDiscoveryAuthorityTest	executable	*Test	reactor-owned-executable	foggy-dataset-model	JUnit Platform ClassSource discovery owner
v934-src|128:foggy-dataset-model/src/test/java/com/foggyframework/dataset/db/model/lifecycle/catalog/SemanticMetadataCatalogIdentityTest.java	foggy-dataset-model	true	foggy-dataset-model/src/test/java	foggy-dataset-model/src/test/java/com/foggyframework/dataset/db/model/lifecycle/catalog/SemanticMetadataCatalogIdentityTest.java	com.foggyframework.dataset.db.model.lifecycle.catalog.SemanticMetadataCatalogIdentityTest	executable	*Test	reactor-owned-executable	foggy-dataset-model	JUnit Platform ClassSource discovery owner
v934-src|113:foggy-dataset-model/src/test/java/com/foggyframework/dataset/db/model/lifecycle/concurrent/ModelBuildKeyTest.java	foggy-dataset-model	true	foggy-dataset-model/src/test/java	foggy-dataset-model/src/test/java/com/foggyframework/dataset/db/model/lifecycle/concurrent/ModelBuildKeyTest.java	com.foggyframework.dataset.db.model.lifecycle.concurrent.ModelBuildKeyTest	executable	*Test	reactor-owned-executable	foggy-dataset-model	JUnit Platform ClassSource discovery owner
v934-src|122:foggy-dataset-model/src/test/java/com/foggyframework/dataset/db/model/lifecycle/concurrent/ModelBuildSingleFlightTest.java	foggy-dataset-model	true	foggy-dataset-model/src/test/java	foggy-dataset-model/src/test/java/com/foggyframework/dataset/db/model/lifecycle/concurrent/ModelBuildSingleFlightTest.java	com.foggyframework.dataset.db.model.lifecycle.concurrent.ModelBuildSingleFlightTest	executable	*Test	reactor-owned-executable	foggy-dataset-model	JUnit Platform ClassSource discovery owner
v934-src|128:foggy-dataset-model/src/test/java/com/foggyframework/dataset/db/model/lifecycle/concurrent/QueryModelLoaderSingleFlightTest.java	foggy-dataset-model	true	foggy-dataset-model/src/test/java	foggy-dataset-model/src/test/java/com/foggyframework/dataset/db/model/lifecycle/concurrent/QueryModelLoaderSingleFlightTest.java	com.foggyframework.dataset.db.model.lifecycle.concurrent.QueryModelLoaderSingleFlightTest	executable	*Test	reactor-owned-executable	foggy-dataset-model	JUnit Platform ClassSource discovery owner
v934-src|128:foggy-dataset-model/src/test/java/com/foggyframework/dataset/db/model/lifecycle/concurrent/TableModelLoaderSingleFlightTest.java	foggy-dataset-model	true	foggy-dataset-model/src/test/java	foggy-dataset-model/src/test/java/com/foggyframework/dataset/db/model/lifecycle/concurrent/TableModelLoaderSingleFlightTest.java	com.foggyframework.dataset.db.model.lifecycle.concurrent.TableModelLoaderSingleFlightTest	executable	*Test	reactor-owned-executable	foggy-dataset-model	JUnit Platform ClassSource discovery owner
v934-src|128:foggy-dataset-model/src/test/java/com/foggyframework/dataset/db/model/lifecycle/gate/DeterministicConcurrencyHarnessProbeIT.java	foggy-dataset-model	true	foggy-dataset-model/src/test/java	foggy-dataset-model/src/test/java/com/foggyframework/dataset/db/model/lifecycle/gate/DeterministicConcurrencyHarnessProbeIT.java	com.foggyframework.dataset.db.model.lifecycle.gate.DeterministicConcurrencyHarnessProbeIT	executable	*IT	reactor-owned-executable	foggy-dataset-model	JUnit Platform ClassSource discovery owner
v934-src|130:foggy-dataset-model/src/test/java/com/foggyframework/dataset/db/model/lifecycle/gate/DeterministicConcurrencyHarnessProbeTest.java	foggy-dataset-model	true	foggy-dataset-model/src/test/java	foggy-dataset-model/src/test/java/com/foggyframework/dataset/db/model/lifecycle/gate/DeterministicConcurrencyHarnessProbeTest.java	com.foggyframework.dataset.db.model.lifecycle.gate.DeterministicConcurrencyHarnessProbeTest	executable	*Test	reactor-owned-executable	foggy-dataset-model	JUnit Platform ClassSource discovery owner
v934-src|117:foggy-dataset-model/src/test/java/com/foggyframework/dataset/db/model/lifecycle/gate/RequiredDatabasePreflightIT.java	foggy-dataset-model	true	foggy-dataset-model/src/test/java	foggy-dataset-model/src/test/java/com/foggyframework/dataset/db/model/lifecycle/gate/RequiredDatabasePreflightIT.java	com.foggyframework.dataset.db.model.lifecycle.gate.RequiredDatabasePreflightIT	executable	*IT	reactor-owned-executable	foggy-dataset-model	JUnit Platform ClassSource discovery owner
v934-src|134:foggy-dataset-model/src/test/java/com/foggyframework/dataset/db/model/lifecycle/namespace/NamespaceProductionEntryRestorationTest.java	foggy-dataset-model	true	foggy-dataset-model/src/test/java	foggy-dataset-model/src/test/java/com/foggyframework/dataset/db/model/lifecycle/namespace/NamespaceProductionEntryRestorationTest.java	com.foggyframework.dataset.db.model.lifecycle.namespace.NamespaceProductionEntryRestorationTest	executable	*Test	reactor-owned-executable	foggy-dataset-model	JUnit Platform ClassSource discovery owner
v934-src|113:foggy-dataset-model/src/test/java/com/foggyframework/dataset/db/model/lifecycle/namespace/NamespaceScopeTest.java	foggy-dataset-model	true	foggy-dataset-model/src/test/java	foggy-dataset-model/src/test/java/com/foggyframework/dataset/db/model/lifecycle/namespace/NamespaceScopeTest.java	com.foggyframework.dataset.db.model.lifecycle.namespace.NamespaceScopeTest	executable	*Test	reactor-owned-executable	foggy-dataset-model	JUnit Platform ClassSource discovery owner
v934-src|129:foggy-dataset-model/src/test/java/com/foggyframework/dataset/db/model/lifecycle/namespace/QueryModelLoaderNamespaceScopeTest.java	foggy-dataset-model	true	foggy-dataset-model/src/test/java	foggy-dataset-model/src/test/java/com/foggyframework/dataset/db/model/lifecycle/namespace/QueryModelLoaderNamespaceScopeTest.java	com.foggyframework.dataset.db.model.lifecycle.namespace.QueryModelLoaderNamespaceScopeTest	executable	*Test	reactor-owned-executable	foggy-dataset-model	JUnit Platform ClassSource discovery owner
v934-src|128:foggy-dataset-model/src/test/java/com/foggyframework/dataset/db/model/lifecycle/namespace/SemanticServiceNamespaceScopeTest.java	foggy-dataset-model	true	foggy-dataset-model/src/test/java	foggy-dataset-model/src/test/java/com/foggyframework/dataset/db/model/lifecycle/namespace/SemanticServiceNamespaceScopeTest.java	com.foggyframework.dataset.db.model.lifecycle.namespace.SemanticServiceNamespaceScopeTest	executable	*Test	reactor-owned-executable	foggy-dataset-model	JUnit Platform ClassSource discovery owner
v934-src|130:foggy-dataset-model/src/test/java/com/foggyframework/dataset/db/model/lifecycle/port/DatasourceBindingResolverCurrentnessTest.java	foggy-dataset-model	true	foggy-dataset-model/src/test/java	foggy-dataset-model/src/test/java/com/foggyframework/dataset/db/model/lifecycle/port/DatasourceBindingResolverCurrentnessTest.java	com.foggyframework.dataset.db.model.lifecycle.port.DatasourceBindingResolverCurrentnessTest	executable	*Test	reactor-owned-executable	foggy-dataset-model	JUnit Platform ClassSource discovery owner
v934-src|120:foggy-dataset-model/src/test/java/com/foggyframework/dataset/db/model/lifecycle/realquery/ModelLifecycleRealQueryIT.java	foggy-dataset-model	true	foggy-dataset-model/src/test/java	foggy-dataset-model/src/test/java/com/foggyframework/dataset/db/model/lifecycle/realquery/ModelLifecycleRealQueryIT.java	com.foggyframework.dataset.db.model.lifecycle.realquery.ModelLifecycleRealQueryIT	executable	*IT	reactor-owned-executable	foggy-dataset-model	JUnit Platform ClassSource discovery owner
v934-src|130:foggy-dataset-model/src/test/java/com/foggyframework/dataset/db/model/lifecycle/realquery/RequiredDatabaseQueryFacadeParityIT.java	foggy-dataset-model	true	foggy-dataset-model/src/test/java	foggy-dataset-model/src/test/java/com/foggyframework/dataset/db/model/lifecycle/realquery/RequiredDatabaseQueryFacadeParityIT.java	com.foggyframework.dataset.db.model.lifecycle.realquery.RequiredDatabaseQueryFacadeParityIT	executable	*IT	reactor-owned-executable	foggy-dataset-model	JUnit Platform ClassSource discovery owner
v934-src|119:foggy-dataset-model/src/test/java/com/foggyframework/dataset/db/model/lifecycle/refresh/BundleLifecycleRefreshTest.java	foggy-dataset-model	true	foggy-dataset-model/src/test/java	foggy-dataset-model/src/test/java/com/foggyframework/dataset/db/model/lifecycle/refresh/BundleLifecycleRefreshTest.java	com.foggyframework.dataset.db.model.lifecycle.refresh.BundleLifecycleRefreshTest	executable	*Test	reactor-owned-executable	foggy-dataset-model	JUnit Platform ClassSource discovery owner
v934-src|121:foggy-dataset-model/src/test/java/com/foggyframework/dataset/db/model/lifecycle/refresh/CatalogAdmissionContractTest.java	foggy-dataset-model	true	foggy-dataset-model/src/test/java	foggy-dataset-model/src/test/java/com/foggyframework/dataset/db/model/lifecycle/refresh/CatalogAdmissionContractTest.java	com.foggyframework.dataset.db.model.lifecycle.refresh.CatalogAdmissionContractTest	executable	*Test	reactor-owned-executable	foggy-dataset-model	JUnit Platform ClassSource discovery owner
v934-src|128:foggy-dataset-model/src/test/java/com/foggyframework/dataset/db/model/lifecycle/refresh/CatalogRefreshCandidateContractTest.java	foggy-dataset-model	true	foggy-dataset-model/src/test/java	foggy-dataset-model/src/test/java/com/foggyframework/dataset/db/model/lifecycle/refresh/CatalogRefreshCandidateContractTest.java	com.foggyframework.dataset.db.model.lifecycle.refresh.CatalogRefreshCandidateContractTest	executable	*Test	reactor-owned-executable	foggy-dataset-model	JUnit Platform ClassSource discovery owner
v934-src|130:foggy-dataset-model/src/test/java/com/foggyframework/dataset/db/model/lifecycle/refresh/CatalogRefreshCoordinatorBehaviorTest.java	foggy-dataset-model	true	foggy-dataset-model/src/test/java	foggy-dataset-model/src/test/java/com/foggyframework/dataset/db/model/lifecycle/refresh/CatalogRefreshCoordinatorBehaviorTest.java	com.foggyframework.dataset.db.model.lifecycle.refresh.CatalogRefreshCoordinatorBehaviorTest	executable	*Test	reactor-owned-executable	foggy-dataset-model	JUnit Platform ClassSource discovery owner
v934-src|130:foggy-dataset-model/src/test/java/com/foggyframework/dataset/db/model/lifecycle/refresh/CatalogRefreshCoordinatorContractTest.java	foggy-dataset-model	true	foggy-dataset-model/src/test/java	foggy-dataset-model/src/test/java/com/foggyframework/dataset/db/model/lifecycle/refresh/CatalogRefreshCoordinatorContractTest.java	com.foggyframework.dataset.db.model.lifecycle.refresh.CatalogRefreshCoordinatorContractTest	executable	*Test	reactor-owned-executable	foggy-dataset-model	JUnit Platform ClassSource discovery owner
v934-src|114:foggy-dataset-model/src/test/java/com/foggyframework/dataset/db/model/lifecycle/refresh/CatalogRefreshQueryIT.java	foggy-dataset-model	true	foggy-dataset-model/src/test/java	foggy-dataset-model/src/test/java/com/foggyframework/dataset/db/model/lifecycle/refresh/CatalogRefreshQueryIT.java	com.foggyframework.dataset.db.model.lifecycle.refresh.CatalogRefreshQueryIT	executable	*IT	reactor-owned-executable	foggy-dataset-model	JUnit Platform ClassSource discovery owner
v934-src|119:foggy-dataset-model/src/test/java/com/foggyframework/dataset/db/model/lifecycle/refresh/FileChangeRefreshScopeTest.java	foggy-dataset-model	true	foggy-dataset-model/src/test/java	foggy-dataset-model/src/test/java/com/foggyframework/dataset/db/model/lifecycle/refresh/FileChangeRefreshScopeTest.java	com.foggyframework.dataset.db.model.lifecycle.refresh.FileChangeRefreshScopeTest	executable	*Test	reactor-owned-executable	foggy-dataset-model	JUnit Platform ClassSource discovery owner
v934-src|105:foggy-dataset-model/src/test/java/com/foggyframework/dataset/db/model/multidb/MultiDatabaseQueryTest.java	foggy-dataset-model	true	foggy-dataset-model/src/test/java	foggy-dataset-model/src/test/java/com/foggyframework/dataset/db/model/multidb/MultiDatabaseQueryTest.java	com.foggyframework.dataset.db.model.multidb.MultiDatabaseQueryTest	executable	*Test	reactor-owned-executable	foggy-dataset-model	JUnit Platform ClassSource discovery owner
v934-src|105:foggy-dataset-model/src/test/java/com/foggyframework/dataset/db/model/namespace/NamespaceContextTest.java	foggy-dataset-model	true	foggy-dataset-model/src/test/java	foggy-dataset-model/src/test/java/com/foggyframework/dataset/db/model/namespace/NamespaceContextTest.java	com.foggyframework.dataset.db.model.namespace.NamespaceContextTest	executable	*Test	reactor-owned-executable	foggy-dataset-model	JUnit Platform ClassSource discovery owner
v934-src|106:foggy-dataset-model/src/test/java/com/foggyframework/dataset/db/model/odoo/ClosureOperatorOrSliceTest.java	foggy-dataset-model	true	foggy-dataset-model/src/test/java	foggy-dataset-model/src/test/java/com/foggyframework/dataset/db/model/odoo/ClosureOperatorOrSliceTest.java	com.foggyframework.dataset.db.model.odoo.ClosureOperatorOrSliceTest	executable	*Test	reactor-owned-executable	foggy-dataset-model	JUnit Platform ClassSource discovery owner
v934-src|102:foggy-dataset-model/src/test/java/com/foggyframework/dataset/db/model/odoo/OdooHierarchyQueryTest.java	foggy-dataset-model	true	foggy-dataset-model/src/test/java	foggy-dataset-model/src/test/java/com/foggyframework/dataset/db/model/odoo/OdooHierarchyQueryTest.java	com.foggyframework.dataset.db.model.odoo.OdooHierarchyQueryTest	executable	*Test	reactor-owned-executable	foggy-dataset-model	JUnit Platform ClassSource discovery owner
v934-src|108:foggy-dataset-model/src/test/java/com/foggyframework/dataset/db/model/odoo/OdooInvalidFieldRecoveryTest.java	foggy-dataset-model	true	foggy-dataset-model/src/test/java	foggy-dataset-model/src/test/java/com/foggyframework/dataset/db/model/odoo/OdooInvalidFieldRecoveryTest.java	com.foggyframework.dataset.db.model.odoo.OdooInvalidFieldRecoveryTest	executable	*Test	reactor-owned-executable	foggy-dataset-model	JUnit Platform ClassSource discovery owner
v934-src|100:foggy-dataset-model/src/test/java/com/foggyframework/dataset/db/model/odoo/OdooModelLoadingTest.java	foggy-dataset-model	true	foggy-dataset-model/src/test/java	foggy-dataset-model/src/test/java/com/foggyframework/dataset/db/model/odoo/OdooModelLoadingTest.java	com.foggyframework.dataset.db.model.odoo.OdooModelLoadingTest	executable	*Test	reactor-owned-executable	foggy-dataset-model	JUnit Platform ClassSource discovery owner
v934-src|99:foggy-dataset-model/src/test/java/com/foggyframework/dataset/db/model/odoo/PermissionSliceTest.java	foggy-dataset-model	true	foggy-dataset-model/src/test/java	foggy-dataset-model/src/test/java/com/foggyframework/dataset/db/model/odoo/PermissionSliceTest.java	com.foggyframework.dataset.db.model.odoo.PermissionSliceTest	executable	*Test	reactor-owned-executable	foggy-dataset-model	JUnit Platform ClassSource discovery owner
v934-src|112:foggy-dataset-model/src/test/java/com/foggyframework/dataset/db/model/odoo/QueryErrorPhysicalColumnLeakTest.java	foggy-dataset-model	true	foggy-dataset-model/src/test/java	foggy-dataset-model/src/test/java/com/foggyframework/dataset/db/model/odoo/QueryErrorPhysicalColumnLeakTest.java	com.foggyframework.dataset.db.model.odoo.QueryErrorPhysicalColumnLeakTest	executable	*Test	reactor-owned-executable	foggy-dataset-model	JUnit Platform ClassSource discovery owner
v934-src|113:foggy-dataset-model/src/test/java/com/foggyframework/dataset/db/model/odoo/SelfReferencingDimensionAliasTest.java	foggy-dataset-model	true	foggy-dataset-model/src/test/java	foggy-dataset-model/src/test/java/com/foggyframework/dataset/db/model/odoo/SelfReferencingDimensionAliasTest.java	com.foggyframework.dataset.db.model.odoo.SelfReferencingDimensionAliasTest	executable	*Test	reactor-owned-executable	foggy-dataset-model	JUnit Platform ClassSource discovery owner
v934-src|107:foggy-dataset-model/src/test/java/com/foggyframework/dataset/db/model/parity/FormulaParitySnapshotTest.java	foggy-dataset-model	true	foggy-dataset-model/src/test/java	foggy-dataset-model/src/test/java/com/foggyframework/dataset/db/model/parity/FormulaParitySnapshotTest.java	com.foggyframework.dataset.db.model.parity.FormulaParitySnapshotTest	executable	*Test	reactor-owned-executable	foggy-dataset-model	JUnit Platform ClassSource discovery owner
v934-src|121:foggy-dataset-model/src/test/java/com/foggyframework/dataset/db/model/parity/JavaQueryModelAggregateJoinSnapshotTest.java	foggy-dataset-model	true	foggy-dataset-model/src/test/java	foggy-dataset-model/src/test/java/com/foggyframework/dataset/db/model/parity/JavaQueryModelAggregateJoinSnapshotTest.java	com.foggyframework.dataset.db.model.parity.JavaQueryModelAggregateJoinSnapshotTest	executable	*Test	reactor-owned-executable	foggy-dataset-model	JUnit Platform ClassSource discovery owner
v934-src|111:foggy-dataset-model/src/test/java/com/foggyframework/dataset/db/model/parity/JavaSemanticScaleSnapshotTest.java	foggy-dataset-model	true	foggy-dataset-model/src/test/java	foggy-dataset-model/src/test/java/com/foggyframework/dataset/db/model/parity/JavaSemanticScaleSnapshotTest.java	com.foggyframework.dataset.db.model.parity.JavaSemanticScaleSnapshotTest	executable	*Test	reactor-owned-executable	foggy-dataset-model	JUnit Platform ClassSource discovery owner
v934-src|122:foggy-dataset-model/src/test/java/com/foggyframework/dataset/db/model/parity/StableRelationOuterAggregateSnapshotTest.java	foggy-dataset-model	true	foggy-dataset-model/src/test/java	foggy-dataset-model/src/test/java/com/foggyframework/dataset/db/model/parity/StableRelationOuterAggregateSnapshotTest.java	com.foggyframework.dataset.db.model.parity.StableRelationOuterAggregateSnapshotTest	executable	*Test	reactor-owned-executable	foggy-dataset-model	JUnit Platform ClassSource discovery owner
v934-src|119:foggy-dataset-model/src/test/java/com/foggyframework/dataset/db/model/parity/StableRelationOuterWindowSnapshotTest.java	foggy-dataset-model	true	foggy-dataset-model/src/test/java	foggy-dataset-model/src/test/java/com/foggyframework/dataset/db/model/parity/StableRelationOuterWindowSnapshotTest.java	com.foggyframework.dataset.db.model.parity.StableRelationOuterWindowSnapshotTest	executable	*Test	reactor-owned-executable	foggy-dataset-model	JUnit Platform ClassSource discovery owner
v934-src|108:foggy-dataset-model/src/test/java/com/foggyframework/dataset/db/model/parity/StableRelationSnapshotTest.java	foggy-dataset-model	true	foggy-dataset-model/src/test/java	foggy-dataset-model/src/test/java/com/foggyframework/dataset/db/model/parity/StableRelationSnapshotTest.java	com.foggyframework.dataset.db.model.parity.StableRelationSnapshotTest	executable	*Test	reactor-owned-executable	foggy-dataset-model	JUnit Platform ClassSource discovery owner
v934-src|110:foggy-dataset-model/src/test/java/com/foggyframework/dataset/db/model/parity/TimeWindowParitySnapshotTest.java	foggy-dataset-model	true	foggy-dataset-model/src/test/java	foggy-dataset-model/src/test/java/com/foggyframework/dataset/db/model/parity/TimeWindowParitySnapshotTest.java	com.foggyframework.dataset.db.model.parity.TimeWindowParitySnapshotTest	executable	*Test	reactor-owned-executable	foggy-dataset-model	JUnit Platform ClassSource discovery owner
v934-src|96:foggy-dataset-model/src/test/java/com/foggyframework/dataset/db/model/plugins/AutoGroupByIT.java	foggy-dataset-model	true	foggy-dataset-model/src/test/java	foggy-dataset-model/src/test/java/com/foggyframework/dataset/db/model/plugins/AutoGroupByIT.java	com.foggyframework.dataset.db.model.plugins.AutoGroupByIT	executable	*IT	reactor-owned-executable	foggy-dataset-model	JUnit Platform ClassSource discovery owner
v934-src|102:foggy-dataset-model/src/test/java/com/foggyframework/dataset/db/model/plugins/AutoGroupByStepTest.java	foggy-dataset-model	true	foggy-dataset-model/src/test/java	foggy-dataset-model/src/test/java/com/foggyframework/dataset/db/model/plugins/AutoGroupByStepTest.java	com.foggyframework.dataset.db.model.plugins.AutoGroupByStepTest	executable	*Test	reactor-owned-executable	foggy-dataset-model	JUnit Platform ClassSource discovery owner
v934-src|97:foggy-dataset-model/src/test/java/com/foggyframework/dataset/db/model/plugins/HavingClauseIT.java	foggy-dataset-model	true	foggy-dataset-model/src/test/java	foggy-dataset-model/src/test/java/com/foggyframework/dataset/db/model/plugins/HavingClauseIT.java	com.foggyframework.dataset.db.model.plugins.HavingClauseIT	executable	*IT	reactor-owned-executable	foggy-dataset-model	JUnit Platform ClassSource discovery owner
v934-src|104:foggy-dataset-model/src/test/java/com/foggyframework/dataset/db/model/plugins/InlineParserDebugTest.java	foggy-dataset-model	true	foggy-dataset-model/src/test/java	foggy-dataset-model/src/test/java/com/foggyframework/dataset/db/model/plugins/InlineParserDebugTest.java	com.foggyframework.dataset.db.model.plugins.InlineParserDebugTest	executable	*Test	reactor-owned-executable	foggy-dataset-model	JUnit Platform ClassSource discovery owner
v934-src|113:foggy-dataset-model/src/test/java/com/foggyframework/dataset/db/model/plugins/QueryRequestValidationStepTest.java	foggy-dataset-model	true	foggy-dataset-model/src/test/java	foggy-dataset-model/src/test/java/com/foggyframework/dataset/db/model/plugins/QueryRequestValidationStepTest.java	com.foggyframework.dataset.db.model.plugins.QueryRequestValidationStepTest	executable	*Test	reactor-owned-executable	foggy-dataset-model	JUnit Platform ClassSource discovery owner
v934-src|137:foggy-dataset-model/src/test/java/com/foggyframework/dataset/db/model/plugins/query_execution/QueryExecutionStepExecutorLoopHookTest.java	foggy-dataset-model	true	foggy-dataset-model/src/test/java	foggy-dataset-model/src/test/java/com/foggyframework/dataset/db/model/plugins/query_execution/QueryExecutionStepExecutorLoopHookTest.java	com.foggyframework.dataset.db.model.plugins.query_execution.QueryExecutionStepExecutorLoopHookTest	executable	*Test	reactor-owned-executable	foggy-dataset-model	JUnit Platform ClassSource discovery owner
v934-src|134:foggy-dataset-model/src/test/java/com/foggyframework/dataset/db/model/plugins/query_execution/QueryExecutionStepExecutorPhaseTest.java	foggy-dataset-model	true	foggy-dataset-model/src/test/java	foggy-dataset-model/src/test/java/com/foggyframework/dataset/db/model/plugins/query_execution/QueryExecutionStepExecutorPhaseTest.java	com.foggyframework.dataset.db.model.plugins.query_execution.QueryExecutionStepExecutorPhaseTest	executable	*Test	reactor-owned-executable	foggy-dataset-model	JUnit Platform ClassSource discovery owner
v934-src|129:foggy-dataset-model/src/test/java/com/foggyframework/dataset/db/model/plugins/query_execution/QueryExecutionStepOrderingTest.java	foggy-dataset-model	true	foggy-dataset-model/src/test/java	foggy-dataset-model/src/test/java/com/foggyframework/dataset/db/model/plugins/query_execution/QueryExecutionStepOrderingTest.java	com.foggyframework.dataset.db.model.plugins.query_execution.QueryExecutionStepOrderingTest	executable	*Test	reactor-owned-executable	foggy-dataset-model	JUnit Platform ClassSource discovery owner
v934-src|138:foggy-dataset-model/src/test/java/com/foggyframework/dataset/db/model/plugins/result_set_filter/DataSetResultStepExecutorOrderingTest.java	foggy-dataset-model	true	foggy-dataset-model/src/test/java	foggy-dataset-model/src/test/java/com/foggyframework/dataset/db/model/plugins/result_set_filter/DataSetResultStepExecutorOrderingTest.java	com.foggyframework.dataset.db.model.plugins.result_set_filter.DataSetResultStepExecutorOrderingTest	executable	*Test	reactor-owned-executable	foggy-dataset-model	JUnit Platform ClassSource discovery owner
v934-src|130:foggy-dataset-model/src/test/java/com/foggyframework/dataset/db/model/plugins/result_set_filter/FieldAccessPermissionStepTest.java	foggy-dataset-model	true	foggy-dataset-model/src/test/java	foggy-dataset-model/src/test/java/com/foggyframework/dataset/db/model/plugins/result_set_filter/FieldAccessPermissionStepTest.java	com.foggyframework.dataset.db.model.plugins.result_set_filter.FieldAccessPermissionStepTest	executable	*Test	reactor-owned-executable	foggy-dataset-model	JUnit Platform ClassSource discovery owner
v934-src|135:foggy-dataset-model/src/test/java/com/foggyframework/dataset/db/model/plugins/result_set_filter/InlineExpressionPreprocessStepTest.java	foggy-dataset-model	true	foggy-dataset-model/src/test/java	foggy-dataset-model/src/test/java/com/foggyframework/dataset/db/model/plugins/result_set_filter/InlineExpressionPreprocessStepTest.java	com.foggyframework.dataset.db.model.plugins.result_set_filter.InlineExpressionPreprocessStepTest	executable	*Test	reactor-owned-executable	foggy-dataset-model	JUnit Platform ClassSource discovery owner
v934-src|130:foggy-dataset-model/src/test/java/com/foggyframework/dataset/db/model/plugins/result_set_filter/SchemaAwareCalcFieldAliasTest.java	foggy-dataset-model	true	foggy-dataset-model/src/test/java	foggy-dataset-model/src/test/java/com/foggyframework/dataset/db/model/plugins/result_set_filter/SchemaAwareCalcFieldAliasTest.java	com.foggyframework.dataset.db.model.plugins.result_set_filter.SchemaAwareCalcFieldAliasTest	executable	*Test	reactor-owned-executable	foggy-dataset-model	JUnit Platform ClassSource discovery owner
v934-src|114:foggy-dataset-model/src/test/java/com/foggyframework/dataset/db/model/preagg/PreAggregationDataValidationTest.java	foggy-dataset-model	true	foggy-dataset-model/src/test/java	foggy-dataset-model/src/test/java/com/foggyframework/dataset/db/model/preagg/PreAggregationDataValidationTest.java	com.foggyframework.dataset.db.model.preagg.PreAggregationDataValidationTest	executable	*Test	reactor-owned-executable	foggy-dataset-model	JUnit Platform ClassSource discovery owner
v934-src|108:foggy-dataset-model/src/test/java/com/foggyframework/dataset/db/model/preagg/PreAggregationEdgeCaseTest.java	foggy-dataset-model	true	foggy-dataset-model/src/test/java	foggy-dataset-model/src/test/java/com/foggyframework/dataset/db/model/preagg/PreAggregationEdgeCaseTest.java	com.foggyframework.dataset.db.model.preagg.PreAggregationEdgeCaseTest	executable	*Test	reactor-owned-executable	foggy-dataset-model	JUnit Platform ClassSource discovery owner
v934-src|98:foggy-dataset-model/src/test/java/com/foggyframework/dataset/db/model/preagg/PreAggregationIT.java	foggy-dataset-model	true	foggy-dataset-model/src/test/java	foggy-dataset-model/src/test/java/com/foggyframework/dataset/db/model/preagg/PreAggregationIT.java	com.foggyframework.dataset.db.model.preagg.PreAggregationIT	executable	*IT	reactor-owned-executable	foggy-dataset-model	JUnit Platform ClassSource discovery owner
v934-src|105:foggy-dataset-model/src/test/java/com/foggyframework/dataset/db/model/preagg/PreAggregationL2CacheIT.java	foggy-dataset-model	true	foggy-dataset-model/src/test/java	foggy-dataset-model/src/test/java/com/foggyframework/dataset/db/model/preagg/PreAggregationL2CacheIT.java	com.foggyframework.dataset.db.model.preagg.PreAggregationL2CacheIT	executable	*IT	reactor-owned-executable	foggy-dataset-model	JUnit Platform ClassSource discovery owner
v934-src|99:foggy-dataset-model/src/test/java/com/foggyframework/dataset/db/model/proxy/DimensionProxyTest.java	foggy-dataset-model	true	foggy-dataset-model/src/test/java	foggy-dataset-model/src/test/java/com/foggyframework/dataset/db/model/proxy/DimensionProxyTest.java	com.foggyframework.dataset.db.model.proxy.DimensionProxyTest	executable	*Test	reactor-owned-executable	foggy-dataset-model	JUnit Platform ClassSource discovery owner
v934-src|100:foggy-dataset-model/src/test/java/com/foggyframework/dataset/db/model/proxy/TableModelProxyTest.java	foggy-dataset-model	true	foggy-dataset-model/src/test/java	foggy-dataset-model/src/test/java/com/foggyframework/dataset/db/model/proxy/TableModelProxyTest.java	com.foggyframework.dataset.db.model.proxy.TableModelProxyTest	executable	*Test	reactor-owned-executable	foggy-dataset-model	JUnit Platform ClassSource discovery owner
v934-src|103:foggy-dataset-model/src/test/java/com/foggyframework/dataset/db/model/security/FormulaSecurityTest.java	foggy-dataset-model	true	foggy-dataset-model/src/test/java	foggy-dataset-model/src/test/java/com/foggyframework/dataset/db/model/security/FormulaSecurityTest.java	com.foggyframework.dataset.db.model.security.FormulaSecurityTest	executable	*Test	reactor-owned-executable	foggy-dataset-model	JUnit Platform ClassSource discovery owner
v934-src|106:foggy-dataset-model/src/test/java/com/foggyframework/dataset/db/model/semantic/ComparativeExecutionIT.java	foggy-dataset-model	true	foggy-dataset-model/src/test/java	foggy-dataset-model/src/test/java/com/foggyframework/dataset/db/model/semantic/ComparativeExecutionIT.java	com.foggyframework.dataset.db.model.semantic.ComparativeExecutionIT	executable	*IT	reactor-owned-executable	foggy-dataset-model	JUnit Platform ClassSource discovery owner
v934-src|122:foggy-dataset-model/src/test/java/com/foggyframework/dataset/db/model/semantic/DictionaryDiscoveryMetadataFailureTest.java	foggy-dataset-model	true	foggy-dataset-model/src/test/java	foggy-dataset-model/src/test/java/com/foggyframework/dataset/db/model/semantic/DictionaryDiscoveryMetadataFailureTest.java	com.foggyframework.dataset.db.model.semantic.DictionaryDiscoveryMetadataFailureTest	executable	*Test	reactor-owned-executable	foggy-dataset-model	JUnit Platform ClassSource discovery owner
v934-src|115:foggy-dataset-model/src/test/java/com/foggyframework/dataset/db/model/semantic/DictionaryDiscoveryMetadataTest.java	foggy-dataset-model	true	foggy-dataset-model/src/test/java	foggy-dataset-model/src/test/java/com/foggyframework/dataset/db/model/semantic/DictionaryDiscoveryMetadataTest.java	com.foggyframework.dataset.db.model.semantic.DictionaryDiscoveryMetadataTest	executable	*Test	reactor-owned-executable	foggy-dataset-model	JUnit Platform ClassSource discovery owner
v934-src|110:foggy-dataset-model/src/test/java/com/foggyframework/dataset/db/model/semantic/DslCteAcceptanceSampleTest.java	foggy-dataset-model	true	foggy-dataset-model/src/test/java	foggy-dataset-model/src/test/java/com/foggyframework/dataset/db/model/semantic/DslCteAcceptanceSampleTest.java	com.foggyframework.dataset.db.model.semantic.DslCteAcceptanceSampleTest	executable	*Test	reactor-owned-executable	foggy-dataset-model	JUnit Platform ClassSource discovery owner
v934-src|108:foggy-dataset-model/src/test/java/com/foggyframework/dataset/db/model/semantic/DslCteCrmFunnelFixtureIT.java	foggy-dataset-model	true	foggy-dataset-model/src/test/java	foggy-dataset-model/src/test/java/com/foggyframework/dataset/db/model/semantic/DslCteCrmFunnelFixtureIT.java	com.foggyframework.dataset.db.model.semantic.DslCteCrmFunnelFixtureIT	executable	*IT	reactor-owned-executable	foggy-dataset-model	JUnit Platform ClassSource discovery owner
v934-src|113:foggy-dataset-model/src/test/java/com/foggyframework/dataset/db/model/semantic/DslCteRelationMetricFixtureIT.java	foggy-dataset-model	true	foggy-dataset-model/src/test/java	foggy-dataset-model/src/test/java/com/foggyframework/dataset/db/model/semantic/DslCteRelationMetricFixtureIT.java	com.foggyframework.dataset.db.model.semantic.DslCteRelationMetricFixtureIT	executable	*IT	reactor-owned-executable	foggy-dataset-model	JUnit Platform ClassSource discovery owner
v934-src|109:foggy-dataset-model/src/test/java/com/foggyframework/dataset/db/model/semantic/DslCteResultStageWindowIT.java	foggy-dataset-model	true	foggy-dataset-model/src/test/java	foggy-dataset-model/src/test/java/com/foggyframework/dataset/db/model/semantic/DslCteResultStageWindowIT.java	com.foggyframework.dataset.db.model.semantic.DslCteResultStageWindowIT	executable	*IT	reactor-owned-executable	foggy-dataset-model	JUnit Platform ClassSource discovery owner
v934-src|102:foggy-dataset-model/src/test/java/com/foggyframework/dataset/db/model/semantic/DslCteSlaFixtureIT.java	foggy-dataset-model	true	foggy-dataset-model/src/test/java	foggy-dataset-model/src/test/java/com/foggyframework/dataset/db/model/semantic/DslCteSlaFixtureIT.java	com.foggyframework.dataset.db.model.semantic.DslCteSlaFixtureIT	executable	*IT	reactor-owned-executable	foggy-dataset-model	JUnit Platform ClassSource discovery owner
v934-src|102:foggy-dataset-model/src/test/java/com/foggyframework/dataset/db/model/semantic/ExportMarkdownTest.java	foggy-dataset-model	true	foggy-dataset-model/src/test/java	foggy-dataset-model/src/test/java/com/foggyframework/dataset/db/model/semantic/ExportMarkdownTest.java	com.foggyframework.dataset.db.model.semantic.ExportMarkdownTest	executable	*Test	reactor-owned-executable	foggy-dataset-model	JUnit Platform ClassSource discovery owner
v934-src|112:foggy-dataset-model/src/test/java/com/foggyframework/dataset/db/model/semantic/GridSqlContractValidatorTest.java	foggy-dataset-model	true	foggy-dataset-model/src/test/java	foggy-dataset-model/src/test/java/com/foggyframework/dataset/db/model/semantic/GridSqlContractValidatorTest.java	com.foggyframework.dataset.db.model.semantic.GridSqlContractValidatorTest	executable	*Test	reactor-owned-executable	foggy-dataset-model	JUnit Platform ClassSource discovery owner
v934-src|117:foggy-dataset-model/src/test/java/com/foggyframework/dataset/db/model/semantic/MemoryGridEngineSpiFailClosedTest.java	foggy-dataset-model	true	foggy-dataset-model/src/test/java	foggy-dataset-model/src/test/java/com/foggyframework/dataset/db/model/semantic/MemoryGridEngineSpiFailClosedTest.java	com.foggyframework.dataset.db.model.semantic.MemoryGridEngineSpiFailClosedTest	executable	*Test	reactor-owned-executable	foggy-dataset-model	JUnit Platform ClassSource discovery owner
v934-src|124:foggy-dataset-model/src/test/java/com/foggyframework/dataset/db/model/semantic/RealModelDictionaryDiscoveryMetadataTest.java	foggy-dataset-model	true	foggy-dataset-model/src/test/java	foggy-dataset-model/src/test/java/com/foggyframework/dataset/db/model/semantic/RealModelDictionaryDiscoveryMetadataTest.java	com.foggyframework.dataset.db.model.semantic.RealModelDictionaryDiscoveryMetadataTest	executable	*Test	reactor-owned-executable	foggy-dataset-model	JUnit Platform ClassSource discovery owner
v934-src|126:foggy-dataset-model/src/test/java/com/foggyframework/dataset/db/model/semantic/SemanticQueryServiceV3ValidatePipelineTest.java	foggy-dataset-model	true	foggy-dataset-model/src/test/java	foggy-dataset-model/src/test/java/com/foggyframework/dataset/db/model/semantic/SemanticQueryServiceV3ValidatePipelineTest.java	com.foggyframework.dataset.db.model.semantic.SemanticQueryServiceV3ValidatePipelineTest	executable	*Test	reactor-owned-executable	foggy-dataset-model	JUnit Platform ClassSource discovery owner
v934-src|111:foggy-dataset-model/src/test/java/com/foggyframework/dataset/db/model/semantic/SemanticQueryValidationTest.java	foggy-dataset-model	true	foggy-dataset-model/src/test/java	foggy-dataset-model/src/test/java/com/foggyframework/dataset/db/model/semantic/SemanticQueryValidationTest.java	com.foggyframework.dataset.db.model.semantic.SemanticQueryValidationTest	executable	*Test	reactor-owned-executable	foggy-dataset-model	JUnit Platform ClassSource discovery owner
v934-src|122:foggy-dataset-model/src/test/java/com/foggyframework/dataset/db/model/semantic/SemanticServiceV3MetadataLoadIssueTest.java	foggy-dataset-model	true	foggy-dataset-model/src/test/java	foggy-dataset-model/src/test/java/com/foggyframework/dataset/db/model/semantic/SemanticServiceV3MetadataLoadIssueTest.java	com.foggyframework.dataset.db.model.semantic.SemanticServiceV3MetadataLoadIssueTest	executable	*Test	reactor-owned-executable	foggy-dataset-model	JUnit Platform ClassSource discovery owner
v934-src|125:foggy-dataset-model/src/test/java/com/foggyframework/dataset/db/model/semantic/SemanticServiceV3MultiModelGovernanceTest.java	foggy-dataset-model	true	foggy-dataset-model/src/test/java	foggy-dataset-model/src/test/java/com/foggyframework/dataset/db/model/semantic/SemanticServiceV3MultiModelGovernanceTest.java	com.foggyframework.dataset.db.model.semantic.SemanticServiceV3MultiModelGovernanceTest	executable	*Test	reactor-owned-executable	foggy-dataset-model	JUnit Platform ClassSource discovery owner
v934-src|105:foggy-dataset-model/src/test/java/com/foggyframework/dataset/db/model/semantic/SemanticServiceV3Test.java	foggy-dataset-model	true	foggy-dataset-model/src/test/java	foggy-dataset-model/src/test/java/com/foggyframework/dataset/db/model/semantic/SemanticServiceV3Test.java	com.foggyframework.dataset.db.model.semantic.SemanticServiceV3Test	executable	*Test	reactor-owned-executable	foggy-dataset-model	JUnit Platform ClassSource discovery owner
v934-src|115:foggy-dataset-model/src/test/java/com/foggyframework/dataset/db/model/semantic/SemanticSqlAcceptanceSampleTest.java	foggy-dataset-model	true	foggy-dataset-model/src/test/java	foggy-dataset-model/src/test/java/com/foggyframework/dataset/db/model/semantic/SemanticSqlAcceptanceSampleTest.java	com.foggyframework.dataset.db.model.semantic.SemanticSqlAcceptanceSampleTest	executable	*Test	reactor-owned-executable	foggy-dataset-model	JUnit Platform ClassSource discovery owner
v934-src|110:foggy-dataset-model/src/test/java/com/foggyframework/dataset/db/model/semantic/SemanticSqlToDslMapperTest.java	foggy-dataset-model	true	foggy-dataset-model/src/test/java	foggy-dataset-model/src/test/java/com/foggyframework/dataset/db/model/semantic/SemanticSqlToDslMapperTest.java	com.foggyframework.dataset.db.model.semantic.SemanticSqlToDslMapperTest	executable	*Test	reactor-owned-executable	foggy-dataset-model	JUnit Platform ClassSource discovery owner
v934-src|117:foggy-dataset-model/src/test/java/com/foggyframework/dataset/db/model/semantic/SemanticSqlWhitelistValidatorTest.java	foggy-dataset-model	true	foggy-dataset-model/src/test/java	foggy-dataset-model/src/test/java/com/foggyframework/dataset/db/model/semantic/SemanticSqlWhitelistValidatorTest.java	com.foggyframework.dataset.db.model.semantic.SemanticSqlWhitelistValidatorTest	executable	*Test	reactor-owned-executable	foggy-dataset-model	JUnit Platform ClassSource discovery owner
v934-src|120:foggy-dataset-model/src/test/java/com/foggyframework/dataset/db/model/semantic/SemanticTerminalAcceptanceSampleTest.java	foggy-dataset-model	true	foggy-dataset-model/src/test/java	foggy-dataset-model/src/test/java/com/foggyframework/dataset/db/model/semantic/SemanticTerminalAcceptanceSampleTest.java	com.foggyframework.dataset.db.model.semantic.SemanticTerminalAcceptanceSampleTest	executable	*Test	reactor-owned-executable	foggy-dataset-model	JUnit Platform ClassSource discovery owner
v934-src|108:foggy-dataset-model/src/test/java/com/foggyframework/dataset/db/model/semantic/SemanticTerminalPlanTest.java	foggy-dataset-model	true	foggy-dataset-model/src/test/java	foggy-dataset-model/src/test/java/com/foggyframework/dataset/db/model/semantic/SemanticTerminalPlanTest.java	com.foggyframework.dataset.db.model.semantic.SemanticTerminalPlanTest	executable	*Test	reactor-owned-executable	foggy-dataset-model	JUnit Platform ClassSource discovery owner
v934-src|116:foggy-dataset-model/src/test/java/com/foggyframework/dataset/db/model/semantic/StrictBareDimensionRejectionTest.java	foggy-dataset-model	true	foggy-dataset-model/src/test/java	foggy-dataset-model/src/test/java/com/foggyframework/dataset/db/model/semantic/StrictBareDimensionRejectionTest.java	com.foggyframework.dataset.db.model.semantic.StrictBareDimensionRejectionTest	executable	*Test	reactor-owned-executable	foggy-dataset-model	JUnit Platform ClassSource discovery owner
v934-src|105:foggy-dataset-model/src/test/java/com/foggyframework/dataset/db/model/semantic/TimeWindowExecutionIT.java	foggy-dataset-model	true	foggy-dataset-model/src/test/java	foggy-dataset-model/src/test/java/com/foggyframework/dataset/db/model/semantic/TimeWindowExecutionIT.java	com.foggyframework.dataset.db.model.semantic.TimeWindowExecutionIT	executable	*IT	reactor-owned-executable	foggy-dataset-model	JUnit Platform ClassSource discovery owner
v934-src|122:foggy-dataset-model/src/test/java/com/foggyframework/dataset/db/model/semantic/controller/NativeDatasetControllerTest.java	foggy-dataset-model	true	foggy-dataset-model/src/test/java	foggy-dataset-model/src/test/java/com/foggyframework/dataset/db/model/semantic/controller/NativeDatasetControllerTest.java	com.foggyframework.dataset.db.model.semantic.controller.NativeDatasetControllerTest	executable	*Test	reactor-owned-executable	foggy-dataset-model	JUnit Platform ClassSource discovery owner
v934-src|129:foggy-dataset-model/src/test/java/com/foggyframework/dataset/db/model/semantic/controller/PivotOuterCacheAdminControllerTest.java	foggy-dataset-model	true	foggy-dataset-model/src/test/java	foggy-dataset-model/src/test/java/com/foggyframework/dataset/db/model/semantic/controller/PivotOuterCacheAdminControllerTest.java	com.foggyframework.dataset.db.model.semantic.controller.PivotOuterCacheAdminControllerTest	executable	*Test	reactor-owned-executable	foggy-dataset-model	JUnit Platform ClassSource discovery owner
v934-src|139:foggy-dataset-model/src/test/java/com/foggyframework/dataset/db/model/semantic/controller/SemanticServiceV3TestControllerIsolationTest.java	foggy-dataset-model	true	foggy-dataset-model/src/test/java	foggy-dataset-model/src/test/java/com/foggyframework/dataset/db/model/semantic/controller/SemanticServiceV3TestControllerIsolationTest.java	com.foggyframework.dataset.db.model.semantic.controller.SemanticServiceV3TestControllerIsolationTest	executable	*Test	reactor-owned-executable	foggy-dataset-model	JUnit Platform ClassSource discovery owner
v934-src|119:foggy-dataset-model/src/test/java/com/foggyframework/dataset/db/model/semantic/domain/SemanticOrderByShorthandTest.java	foggy-dataset-model	true	foggy-dataset-model/src/test/java	foggy-dataset-model/src/test/java/com/foggyframework/dataset/db/model/semantic/domain/SemanticOrderByShorthandTest.java	com.foggyframework.dataset.db.model.semantic.domain.SemanticOrderByShorthandTest	executable	*Test	reactor-owned-executable	foggy-dataset-model	JUnit Platform ClassSource discovery owner
v934-src|117:foggy-dataset-model/src/test/java/com/foggyframework/dataset/db/model/semantic/domain/SemanticRequestContextTest.java	foggy-dataset-model	true	foggy-dataset-model/src/test/java	foggy-dataset-model/src/test/java/com/foggyframework/dataset/db/model/semantic/domain/SemanticRequestContextTest.java	com.foggyframework.dataset.db.model.semantic.domain.SemanticRequestContextTest	executable	*Test	reactor-owned-executable	foggy-dataset-model	JUnit Platform ClassSource discovery owner
v934-src|116:foggy-dataset-model/src/test/java/com/foggyframework/dataset/db/model/semantic/domain/pivot/PivotMetricItemTest.java	foggy-dataset-model	true	foggy-dataset-model/src/test/java	foggy-dataset-model/src/test/java/com/foggyframework/dataset/db/model/semantic/domain/pivot/PivotMetricItemTest.java	com.foggyframework.dataset.db.model.semantic.domain.pivot.PivotMetricItemTest	executable	*Test	reactor-owned-executable	foggy-dataset-model	JUnit Platform ClassSource discovery owner
v934-src|129:foggy-dataset-model/src/test/java/com/foggyframework/dataset/db/model/semantic/member/SyntheticMemberQueryModelLifecycleTest.java	foggy-dataset-model	true	foggy-dataset-model/src/test/java	foggy-dataset-model/src/test/java/com/foggyframework/dataset/db/model/semantic/member/SyntheticMemberQueryModelLifecycleTest.java	com.foggyframework.dataset.db.model.semantic.member.SyntheticMemberQueryModelLifecycleTest	executable	*Test	reactor-owned-executable	foggy-dataset-model	JUnit Platform ClassSource discovery owner
v934-src|128:foggy-dataset-model/src/test/java/com/foggyframework/dataset/db/model/semantic/member/SyntheticMemberQueryModelResolverTest.java	foggy-dataset-model	true	foggy-dataset-model/src/test/java	foggy-dataset-model/src/test/java/com/foggyframework/dataset/db/model/semantic/member/SyntheticMemberQueryModelResolverTest.java	com.foggyframework.dataset.db.model.semantic.member.SyntheticMemberQueryModelResolverTest	executable	*Test	reactor-owned-executable	foggy-dataset-model	JUnit Platform ClassSource discovery owner
v934-src|127:foggy-dataset-model/src/test/java/com/foggyframework/dataset/db/model/semantic/member/SyntheticMemberQueryModelRuntimeTest.java	foggy-dataset-model	true	foggy-dataset-model/src/test/java	foggy-dataset-model/src/test/java/com/foggyframework/dataset/db/model/semantic/member/SyntheticMemberQueryModelRuntimeTest.java	com.foggyframework.dataset.db.model.semantic.member.SyntheticMemberQueryModelRuntimeTest	executable	*Test	reactor-owned-executable	foggy-dataset-model	JUnit Platform ClassSource discovery owner
v934-src|138:foggy-dataset-model/src/test/java/com/foggyframework/dataset/db/model/semantic/member/permission/SyntheticMemberInternalPatchStepTest.java	foggy-dataset-model	true	foggy-dataset-model/src/test/java	foggy-dataset-model/src/test/java/com/foggyframework/dataset/db/model/semantic/member/permission/SyntheticMemberInternalPatchStepTest.java	com.foggyframework.dataset.db.model.semantic.member.permission.SyntheticMemberInternalPatchStepTest	executable	*Test	reactor-owned-executable	foggy-dataset-model	JUnit Platform ClassSource discovery owner
v934-src|129:foggy-dataset-model/src/test/java/com/foggyframework/dataset/db/model/semantic/member/permission/SyntheticMemberPermissionIT.java	foggy-dataset-model	true	foggy-dataset-model/src/test/java	foggy-dataset-model/src/test/java/com/foggyframework/dataset/db/model/semantic/member/permission/SyntheticMemberPermissionIT.java	com.foggyframework.dataset.db.model.semantic.member.permission.SyntheticMemberPermissionIT	executable	*IT	reactor-owned-executable	foggy-dataset-model	JUnit Platform ClassSource discovery owner
v934-src|139:foggy-dataset-model/src/test/java/com/foggyframework/dataset/db/model/semantic/member/permission/SyntheticMemberPermissionResolverTest.java	foggy-dataset-model	true	foggy-dataset-model/src/test/java	foggy-dataset-model/src/test/java/com/foggyframework/dataset/db/model/semantic/member/permission/SyntheticMemberPermissionResolverTest.java	com.foggyframework.dataset.db.model.semantic.member.permission.SyntheticMemberPermissionResolverTest	executable	*Test	reactor-owned-executable	foggy-dataset-model	JUnit Platform ClassSource discovery owner
v934-src|122:foggy-dataset-model/src/test/java/com/foggyframework/dataset/db/model/semantic/permission/FieldPermissionResolverTest.java	foggy-dataset-model	true	foggy-dataset-model/src/test/java	foggy-dataset-model/src/test/java/com/foggyframework/dataset/db/model/semantic/permission/FieldPermissionResolverTest.java	com.foggyframework.dataset.db.model.semantic.permission.FieldPermissionResolverTest	executable	*Test	reactor-owned-executable	foggy-dataset-model	JUnit Platform ClassSource discovery owner
v934-src|123:foggy-dataset-model/src/test/java/com/foggyframework/dataset/db/model/semantic/service/SemanticModelCatalogServiceTest.java	foggy-dataset-model	true	foggy-dataset-model/src/test/java	foggy-dataset-model/src/test/java/com/foggyframework/dataset/db/model/semantic/service/SemanticModelCatalogServiceTest.java	com.foggyframework.dataset.db.model.semantic.service.SemanticModelCatalogServiceTest	executable	*Test	reactor-owned-executable	foggy-dataset-model	JUnit Platform ClassSource discovery owner
v934-src|131:foggy-dataset-model/src/test/java/com/foggyframework/dataset/db/model/semantic/service/impl/DictionaryDiscoveryServiceImplTest.java	foggy-dataset-model	true	foggy-dataset-model/src/test/java	foggy-dataset-model/src/test/java/com/foggyframework/dataset/db/model/semantic/service/impl/DictionaryDiscoveryServiceImplTest.java	com.foggyframework.dataset.db.model.semantic.service.impl.DictionaryDiscoveryServiceImplTest	executable	*Test	reactor-owned-executable	foggy-dataset-model	JUnit Platform ClassSource discovery owner
v934-src|140:foggy-dataset-model/src/test/java/com/foggyframework/dataset/db/model/semantic/service/impl/SemanticQueryServiceV3ImplRawSqlRoutingTest.java	foggy-dataset-model	true	foggy-dataset-model/src/test/java	foggy-dataset-model/src/test/java/com/foggyframework/dataset/db/model/semantic/service/impl/SemanticQueryServiceV3ImplRawSqlRoutingTest.java	com.foggyframework.dataset.db.model.semantic.service.impl.SemanticQueryServiceV3ImplRawSqlRoutingTest	executable	*Test	reactor-owned-executable	foggy-dataset-model	JUnit Platform ClassSource discovery owner
v934-src|117:foggy-dataset-model/src/test/java/com/foggyframework/dataset/db/model/semantic/support/DslCteAssemblySupportTest.java	foggy-dataset-model	true	foggy-dataset-model/src/test/java	foggy-dataset-model/src/test/java/com/foggyframework/dataset/db/model/semantic/support/DslCteAssemblySupportTest.java	com.foggyframework.dataset.db.model.semantic.support.DslCteAssemblySupportTest	executable	*Test	reactor-owned-executable	foggy-dataset-model	JUnit Platform ClassSource discovery owner
v934-src|124:foggy-dataset-model/src/test/java/com/foggyframework/dataset/db/model/semantic/support/DslCtePlannerContractAdapterTest.java	foggy-dataset-model	true	foggy-dataset-model/src/test/java	foggy-dataset-model/src/test/java/com/foggyframework/dataset/db/model/semantic/support/DslCtePlannerContractAdapterTest.java	com.foggyframework.dataset.db.model.semantic.support.DslCtePlannerContractAdapterTest	executable	*Test	reactor-owned-executable	foggy-dataset-model	JUnit Platform ClassSource discovery owner
v934-src|117:foggy-dataset-model/src/test/java/com/foggyframework/dataset/db/model/semantic/support/DslCtePlanningServiceTest.java	foggy-dataset-model	true	foggy-dataset-model/src/test/java	foggy-dataset-model/src/test/java/com/foggyframework/dataset/db/model/semantic/support/DslCtePlanningServiceTest.java	com.foggyframework.dataset.db.model.semantic.support.DslCtePlanningServiceTest	executable	*Test	reactor-owned-executable	foggy-dataset-model	JUnit Platform ClassSource discovery owner
v934-src|128:foggy-dataset-model/src/test/java/com/foggyframework/dataset/db/model/semantic/support/RelationResultExpressionCompilerTest.java	foggy-dataset-model	true	foggy-dataset-model/src/test/java	foggy-dataset-model/src/test/java/com/foggyframework/dataset/db/model/semantic/support/RelationResultExpressionCompilerTest.java	com.foggyframework.dataset.db.model.semantic.support.RelationResultExpressionCompilerTest	executable	*Test	reactor-owned-executable	foggy-dataset-model	JUnit Platform ClassSource discovery owner
v934-src|122:foggy-dataset-model/src/test/java/com/foggyframework/dataset/db/model/semantic/support/SemanticQueryPayloadMapperTest.java	foggy-dataset-model	true	foggy-dataset-model/src/test/java	foggy-dataset-model/src/test/java/com/foggyframework/dataset/db/model/semantic/support/SemanticQueryPayloadMapperTest.java	com.foggyframework.dataset.db.model.semantic.support.SemanticQueryPayloadMapperTest	executable	*Test	reactor-owned-executable	foggy-dataset-model	JUnit Platform ClassSource discovery owner
v934-src|121:foggy-dataset-model/src/test/java/com/foggyframework/dataset/db/model/semantic/support/SemanticRequestNormalizerTest.java	foggy-dataset-model	true	foggy-dataset-model/src/test/java	foggy-dataset-model/src/test/java/com/foggyframework/dataset/db/model/semantic/support/SemanticRequestNormalizerTest.java	com.foggyframework.dataset.db.model.semantic.support.SemanticRequestNormalizerTest	executable	*Test	reactor-owned-executable	foggy-dataset-model	JUnit Platform ClassSource discovery owner
v934-src|121:foggy-dataset-model/src/test/java/com/foggyframework/dataset/db/model/semantic/util/CaseInsensitiveFieldResolverTest.java	foggy-dataset-model	true	foggy-dataset-model/src/test/java	foggy-dataset-model/src/test/java/com/foggyframework/dataset/db/model/semantic/util/CaseInsensitiveFieldResolverTest.java	com.foggyframework.dataset.db.model.semantic.util.CaseInsensitiveFieldResolverTest	executable	*Test	reactor-owned-executable	foggy-dataset-model	JUnit Platform ClassSource discovery owner
v934-src|102:foggy-dataset-model/src/test/java/com/foggyframework/dataset/db/model/service/QueryFacadeImplTest.java	foggy-dataset-model	true	foggy-dataset-model/src/test/java	foggy-dataset-model/src/test/java/com/foggyframework/dataset/db/model/service/QueryFacadeImplTest.java	com.foggyframework.dataset.db.model.service.QueryFacadeImplTest	executable	*Test	reactor-owned-executable	foggy-dataset-model	JUnit Platform ClassSource discovery owner
v934-src|101:foggy-dataset-model/src/test/java/com/foggyframework/dataset/db/model/spi/QueryCacheProviderTest.java	foggy-dataset-model	true	foggy-dataset-model/src/test/java	foggy-dataset-model/src/test/java/com/foggyframework/dataset/db/model/spi/QueryCacheProviderTest.java	com.foggyframework.dataset.db.model.spi.QueryCacheProviderTest	executable	*Test	reactor-owned-executable	foggy-dataset-model	JUnit Platform ClassSource discovery owner
v934-src|97:foggy-dataset/src/test/java/com/foggyframework/dataset/db/data/dll/OnDuplicateKeyBuilderTest.java	foggy-dataset	true	foggy-dataset/src/test/java	foggy-dataset/src/test/java/com/foggyframework/dataset/db/data/dll/OnDuplicateKeyBuilderTest.java	com.foggyframework.dataset.db.data.dll.OnDuplicateKeyBuilderTest	executable	*Test	reactor-owned-executable	foggy-dataset	JUnit Platform ClassSource discovery owner
v934-src|93:foggy-dataset/src/test/java/com/foggyframework/dataset/db/data/dll/SqlTableRowEditorTest.java	foggy-dataset	true	foggy-dataset/src/test/java	foggy-dataset/src/test/java/com/foggyframework/dataset/db/data/dll/SqlTableRowEditorTest.java	com.foggyframework.dataset.db.data.dll.SqlTableRowEditorTest	executable	*Test	reactor-owned-executable	foggy-dataset	JUnit Platform ClassSource discovery owner
v934-src|87:foggy-dataset/src/test/java/com/foggyframework/dataset/db/dialect/DateTruncateTest.java	foggy-dataset	true	foggy-dataset/src/test/java	foggy-dataset/src/test/java/com/foggyframework/dataset/db/dialect/DateTruncateTest.java	com.foggyframework.dataset.db.dialect.DateTruncateTest	executable	*Test	reactor-owned-executable	foggy-dataset	JUnit Platform ClassSource discovery owner
v934-src|83:foggy-dataset/src/test/java/com/foggyframework/dataset/db/dialect/FDialectTest.java	foggy-dataset	true	foggy-dataset/src/test/java	foggy-dataset/src/test/java/com/foggyframework/dataset/db/dialect/FDialectTest.java	com.foggyframework.dataset.db.dialect.FDialectTest	executable	*Test	reactor-owned-executable	foggy-dataset	JUnit Platform ClassSource discovery owner
v934-src|88:foggy-dataset/src/test/java/com/foggyframework/dataset/db/fsscript/SyncSqlTableTest.java	foggy-dataset	true	foggy-dataset/src/test/java	foggy-dataset/src/test/java/com/foggyframework/dataset/db/fsscript/SyncSqlTableTest.java	com.foggyframework.dataset.db.fsscript.SyncSqlTableTest	executable	*Test	reactor-owned-executable	foggy-dataset	JUnit Platform ClassSource discovery owner
v934-src|88:foggy-dataset/src/test/java/com/foggyframework/dataset/db/table/dll/JdbcUpdaterTest.java	foggy-dataset	true	foggy-dataset/src/test/java	foggy-dataset/src/test/java/com/foggyframework/dataset/db/table/dll/JdbcUpdaterTest.java	com.foggyframework.dataset.db.table.dll.JdbcUpdaterTest	executable	*Test	reactor-owned-executable	foggy-dataset	JUnit Platform ClassSource discovery owner
v934-src|91:foggy-dataset/src/test/java/com/foggyframework/dataset/db/table/dll/TableGeneratorTest.java	foggy-dataset	true	foggy-dataset/src/test/java	foggy-dataset/src/test/java/com/foggyframework/dataset/db/table/dll/TableGeneratorTest.java	com.foggyframework.dataset.db.table.dll.TableGeneratorTest	executable	*Test	reactor-owned-executable	foggy-dataset	JUnit Platform ClassSource discovery owner
v934-src|87:foggy-dataset/src/test/java/com/foggyframework/dataset/db/utils/JdbcTableUtilsTest.java	foggy-dataset	true	foggy-dataset/src/test/java	foggy-dataset/src/test/java/com/foggyframework/dataset/db/utils/JdbcTableUtilsTest.java	com.foggyframework.dataset.db.utils.JdbcTableUtilsTest	executable	*Test	reactor-owned-executable	foggy-dataset	JUnit Platform ClassSource discovery owner
v934-src|84:foggy-dataset/src/test/java/com/foggyframework/dataset/fun/DatasetJdbcUtilsTest.java	foggy-dataset	true	foggy-dataset/src/test/java	foggy-dataset/src/test/java/com/foggyframework/dataset/fun/DatasetJdbcUtilsTest.java	com.foggyframework.dataset.fun.DatasetJdbcUtilsTest	executable	*Test	reactor-owned-executable	foggy-dataset	JUnit Platform ClassSource discovery owner
v934-src|96:foggy-dataset/src/test/java/com/foggyframework/dataset/model/support/JdbcResultSetModelTest.java	foggy-dataset	true	foggy-dataset/src/test/java	foggy-dataset/src/test/java/com/foggyframework/dataset/model/support/JdbcResultSetModelTest.java	com.foggyframework.dataset.model.support.JdbcResultSetModelTest	executable	*Test	reactor-owned-executable	foggy-dataset	JUnit Platform ClassSource discovery owner
v934-src|90:foggy-dataset/src/test/java/com/foggyframework/dataset/resultset/query/SqlLikeExpTest.java	foggy-dataset	true	foggy-dataset/src/test/java	foggy-dataset/src/test/java/com/foggyframework/dataset/resultset/query/SqlLikeExpTest.java	com.foggyframework.dataset.resultset.query.SqlLikeExpTest	executable	*Test	reactor-owned-executable	foggy-dataset	JUnit Platform ClassSource discovery owner
v934-src|112:foggy-dataset/src/test/java/com/foggyframework/dataset/resultset/spring/BaseModelListResultSetExtractorTest.java	foggy-dataset	true	foggy-dataset/src/test/java	foggy-dataset/src/test/java/com/foggyframework/dataset/resultset/spring/BaseModelListResultSetExtractorTest.java	com.foggyframework.dataset.resultset.spring.BaseModelListResultSetExtractorTest	executable	*Test	reactor-owned-executable	foggy-dataset	JUnit Platform ClassSource discovery owner
v934-src|107:foggy-dataset/src/test/java/com/foggyframework/dataset/resultset/spring/JavaColumnNameFixRowMapperTest.java	foggy-dataset	true	foggy-dataset/src/test/java	foggy-dataset/src/test/java/com/foggyframework/dataset/resultset/spring/JavaColumnNameFixRowMapperTest.java	com.foggyframework.dataset.resultset.spring.JavaColumnNameFixRowMapperTest	executable	*Test	reactor-owned-executable	foggy-dataset	JUnit Platform ClassSource discovery owner
v934-src|96:foggy-dataset/src/test/java/com/foggyframework/dataset/table/curd/BugFixInsertUpdateMapTest.java	foggy-dataset	true	foggy-dataset/src/test/java	foggy-dataset/src/test/java/com/foggyframework/dataset/table/curd/BugFixInsertUpdateMapTest.java	com.foggyframework.dataset.table.curd.BugFixInsertUpdateMapTest	executable	*Test	reactor-owned-executable	foggy-dataset	JUnit Platform ClassSource discovery owner
v934-src|80:foggy-dataset/src/test/java/com/foggyframework/dataset/utils/SqlInUtilsTest.java	foggy-dataset	true	foggy-dataset/src/test/java	foggy-dataset/src/test/java/com/foggyframework/dataset/utils/SqlInUtilsTest.java	com.foggyframework.dataset.utils.SqlInUtilsTest	executable	*Test	reactor-owned-executable	foggy-dataset	JUnit Platform ClassSource discovery owner
v934-src|81:foggy-fsscript/src/test/java/com/foggyframework/bundle/BundleLoadFailureTest.java	foggy-fsscript	true	foggy-fsscript/src/test/java	foggy-fsscript/src/test/java/com/foggyframework/bundle/BundleLoadFailureTest.java	com.foggyframework.bundle.BundleLoadFailureTest	executable	*Test	reactor-owned-executable	foggy-fsscript	JUnit Platform ClassSource discovery owner
v934-src|112:foggy-fsscript/src/test/java/com/foggyframework/bundle/controller/BundleManagementControllerConditionalTest.java	foggy-fsscript	true	foggy-fsscript/src/test/java	foggy-fsscript/src/test/java/com/foggyframework/bundle/controller/BundleManagementControllerConditionalTest.java	com.foggyframework.bundle.controller.BundleManagementControllerConditionalTest	executable	*Test	reactor-owned-executable	foggy-fsscript	JUnit Platform ClassSource discovery owner
v934-src|101:foggy-fsscript/src/test/java/com/foggyframework/bundle/controller/BundleManagementControllerTest.java	foggy-fsscript	true	foggy-fsscript/src/test/java	foggy-fsscript/src/test/java/com/foggyframework/bundle/controller/BundleManagementControllerTest.java	com.foggyframework.bundle.controller.BundleManagementControllerTest	executable	*Test	reactor-owned-executable	foggy-fsscript	JUnit Platform ClassSource discovery owner
v934-src|94:foggy-fsscript/src/test/java/com/foggyframework/bundle/dynamic/DynamicBundleLifecycleTest.java	foggy-fsscript	true	foggy-fsscript/src/test/java	foggy-fsscript/src/test/java/com/foggyframework/bundle/dynamic/DynamicBundleLifecycleTest.java	com.foggyframework.bundle.dynamic.DynamicBundleLifecycleTest	executable	*Test	reactor-owned-executable	foggy-fsscript	JUnit Platform ClassSource discovery owner
v934-src|95:foggy-fsscript/src/test/java/com/foggyframework/bundle/dynamic/DynamicBundleManagementTest.java	foggy-fsscript	true	foggy-fsscript/src/test/java	foggy-fsscript/src/test/java/com/foggyframework/bundle/dynamic/DynamicBundleManagementTest.java	com.foggyframework.bundle.dynamic.DynamicBundleManagementTest	executable	*Test	reactor-owned-executable	foggy-fsscript	JUnit Platform ClassSource discovery owner
v934-src|97:foggy-fsscript/src/test/java/com/foggyframework/bundle/external/ExternalBundleDefinitionTest.java	foggy-fsscript	true	foggy-fsscript/src/test/java	foggy-fsscript/src/test/java/com/foggyframework/bundle/external/ExternalBundleDefinitionTest.java	com.foggyframework.bundle.external.ExternalBundleDefinitionTest	executable	*Test	reactor-owned-executable	foggy-fsscript	JUnit Platform ClassSource discovery owner
v934-src|93:foggy-fsscript/src/test/java/com/foggyframework/bundle/external/ExternalBundleLoaderTest.java	foggy-fsscript	true	foggy-fsscript/src/test/java	foggy-fsscript/src/test/java/com/foggyframework/bundle/external/ExternalBundleLoaderTest.java	com.foggyframework.bundle.external.ExternalBundleLoaderTest	executable	*Test	reactor-owned-executable	foggy-fsscript	JUnit Platform ClassSource discovery owner
v934-src|97:foggy-fsscript/src/test/java/com/foggyframework/bundle/external/ExternalBundlePropertiesTest.java	foggy-fsscript	true	foggy-fsscript/src/test/java	foggy-fsscript/src/test/java/com/foggyframework/bundle/external/ExternalBundlePropertiesTest.java	com.foggyframework.bundle.external.ExternalBundlePropertiesTest	executable	*Test	reactor-owned-executable	foggy-fsscript	JUnit Platform ClassSource discovery owner
v934-src|99:foggy-fsscript/src/test/java/com/foggyframework/bundle/external/ExternalFileBundleResourceTest.java	foggy-fsscript	true	foggy-fsscript/src/test/java	foggy-fsscript/src/test/java/com/foggyframework/bundle/external/ExternalFileBundleResourceTest.java	com.foggyframework.bundle.external.ExternalFileBundleResourceTest	executable	*Test	reactor-owned-executable	foggy-fsscript	JUnit Platform ClassSource discovery owner
v934-src|91:foggy-fsscript/src/test/java/com/foggyframework/bundle/external/ExternalFileBundleTest.java	foggy-fsscript	true	foggy-fsscript/src/test/java	foggy-fsscript/src/test/java/com/foggyframework/bundle/external/ExternalFileBundleTest.java	com.foggyframework.bundle.external.ExternalFileBundleTest	executable	*Test	reactor-owned-executable	foggy-fsscript	JUnit Platform ClassSource discovery owner
v934-src|100:foggy-fsscript/src/test/java/com/foggyframework/bundle/lifecycle/BundleSourceCommitOrderingTest.java	foggy-fsscript	true	foggy-fsscript/src/test/java	foggy-fsscript/src/test/java/com/foggyframework/bundle/lifecycle/BundleSourceCommitOrderingTest.java	com.foggyframework.bundle.lifecycle.BundleSourceCommitOrderingTest	executable	*Test	reactor-owned-executable	foggy-fsscript	JUnit Platform ClassSource discovery owner
v934-src|89:foggy-fsscript/src/test/java/com/foggyframework/bundle/namespace/NamespaceBundleTest.java	foggy-fsscript	true	foggy-fsscript/src/test/java	foggy-fsscript/src/test/java/com/foggyframework/bundle/namespace/NamespaceBundleTest.java	com.foggyframework.bundle.namespace.NamespaceBundleTest	executable	*Test	reactor-owned-executable	foggy-fsscript	JUnit Platform ClassSource discovery owner
v934-src|73:foggy-fsscript/src/test/java/com/foggyframework/fsscript/BugFix1Test.java	foggy-fsscript	true	foggy-fsscript/src/test/java	foggy-fsscript/src/test/java/com/foggyframework/fsscript/BugFix1Test.java	com.foggyframework.fsscript.BugFix1Test	executable	*Test	reactor-owned-executable	foggy-fsscript	JUnit Platform ClassSource discovery owner
v934-src|85:foggy-fsscript/src/test/java/com/foggyframework/fsscript/DefaultExpEvaluatorTest.java	foggy-fsscript	true	foggy-fsscript/src/test/java	foggy-fsscript/src/test/java/com/foggyframework/fsscript/DefaultExpEvaluatorTest.java	com.foggyframework.fsscript.DefaultExpEvaluatorTest	executable	*Test	reactor-owned-executable	foggy-fsscript	JUnit Platform ClassSource discovery owner
v934-src|88:foggy-fsscript/src/test/java/com/foggyframework/fsscript/bugfix/FromBatchBugFixTest.java	foggy-fsscript	true	foggy-fsscript/src/test/java	foggy-fsscript/src/test/java/com/foggyframework/fsscript/bugfix/FromBatchBugFixTest.java	com.foggyframework.fsscript.bugfix.FromBatchBugFixTest	executable	*Test	reactor-owned-executable	foggy-fsscript	JUnit Platform ClassSource discovery owner
v934-src|86:foggy-fsscript/src/test/java/com/foggyframework/fsscript/bugfix/TestBugFixService.java	foggy-fsscript	true	foggy-fsscript/src/test/java	foggy-fsscript/src/test/java/com/foggyframework/fsscript/bugfix/TestBugFixService.java	com.foggyframework.fsscript.bugfix.TestBugFixService	helper	Test*	non-executable-helper	foggy-fsscript	Spring component fixture consumed by bug-fix tests
v934-src|84:foggy-fsscript/src/test/java/com/foggyframework/fsscript/builtin/JsonGlobalTest.java	foggy-fsscript	true	foggy-fsscript/src/test/java	foggy-fsscript/src/test/java/com/foggyframework/fsscript/builtin/JsonGlobalTest.java	com.foggyframework.fsscript.builtin.JsonGlobalTest	executable	*Test	reactor-owned-executable	foggy-fsscript	JUnit Platform ClassSource discovery owner
v934-src|101:foggy-fsscript/src/test/java/com/foggyframework/fsscript/closure/MethodFilterFsscriptClosureTest.java	foggy-fsscript	true	foggy-fsscript/src/test/java	foggy-fsscript/src/test/java/com/foggyframework/fsscript/closure/MethodFilterFsscriptClosureTest.java	com.foggyframework.fsscript.closure.MethodFilterFsscriptClosureTest	executable	*Test	reactor-owned-executable	foggy-fsscript	JUnit Platform ClassSource discovery owner
v934-src|101:foggy-fsscript/src/test/java/com/foggyframework/fsscript/closure/file/FsscriptImportBoundaryTest.java	foggy-fsscript	true	foggy-fsscript/src/test/java	foggy-fsscript/src/test/java/com/foggyframework/fsscript/closure/file/FsscriptImportBoundaryTest.java	com.foggyframework.fsscript.closure.file.FsscriptImportBoundaryTest	executable	*Test	reactor-owned-executable	foggy-fsscript	JUnit Platform ClassSource discovery owner
v934-src|117:foggy-fsscript/src/test/java/com/foggyframework/fsscript/closure/file/ResourceFsscriptClosureDefinitionSpaceTest.java	foggy-fsscript	true	foggy-fsscript/src/test/java	foggy-fsscript/src/test/java/com/foggyframework/fsscript/closure/file/ResourceFsscriptClosureDefinitionSpaceTest.java	com.foggyframework.fsscript.closure.file.ResourceFsscriptClosureDefinitionSpaceTest	executable	*Test	reactor-owned-executable	foggy-fsscript	JUnit Platform ClassSource discovery owner
v934-src|73:foggy-fsscript/src/test/java/com/foggyframework/fsscript/exp/ASITest.java	foggy-fsscript	true	foggy-fsscript/src/test/java	foggy-fsscript/src/test/java/com/foggyframework/fsscript/exp/ASITest.java	com.foggyframework.fsscript.exp.ASITest	executable	*Test	reactor-owned-executable	foggy-fsscript	JUnit Platform ClassSource discovery owner
v934-src|88:foggy-fsscript/src/test/java/com/foggyframework/fsscript/exp/ArithmeticOperatorTest.java	foggy-fsscript	true	foggy-fsscript/src/test/java	foggy-fsscript/src/test/java/com/foggyframework/fsscript/exp/ArithmeticOperatorTest.java	com.foggyframework.fsscript.exp.ArithmeticOperatorTest	executable	*Test	reactor-owned-executable	foggy-fsscript	JUnit Platform ClassSource discovery owner
v934-src|78:foggy-fsscript/src/test/java/com/foggyframework/fsscript/exp/ArrayExpTest.java	foggy-fsscript	true	foggy-fsscript/src/test/java	foggy-fsscript/src/test/java/com/foggyframework/fsscript/exp/ArrayExpTest.java	com.foggyframework.fsscript.exp.ArrayExpTest	executable	*Test	reactor-owned-executable	foggy-fsscript	JUnit Platform ClassSource discovery owner
v934-src|83:foggy-fsscript/src/test/java/com/foggyframework/fsscript/exp/AutoNcountExpTest.java	foggy-fsscript	true	foggy-fsscript/src/test/java	foggy-fsscript/src/test/java/com/foggyframework/fsscript/exp/AutoNcountExpTest.java	com.foggyframework.fsscript.exp.AutoNcountExpTest	executable	*Test	reactor-owned-executable	foggy-fsscript	JUnit Platform ClassSource discovery owner
v934-src|86:foggy-fsscript/src/test/java/com/foggyframework/fsscript/exp/CommonDimsDirectTest.java	foggy-fsscript	true	foggy-fsscript/src/test/java	foggy-fsscript/src/test/java/com/foggyframework/fsscript/exp/CommonDimsDirectTest.java	com.foggyframework.fsscript.exp.CommonDimsDirectTest	generator	*Test	non-executable-generator	foggy-fsscript	manual main-based diagnostic; not a JUnit execution owner
v934-src|90:foggy-fsscript/src/test/java/com/foggyframework/fsscript/exp/CommonDimsParseDebugTest.java	foggy-fsscript	true	foggy-fsscript/src/test/java	foggy-fsscript/src/test/java/com/foggyframework/fsscript/exp/CommonDimsParseDebugTest.java	com.foggyframework.fsscript.exp.CommonDimsParseDebugTest	generator	*Test	non-executable-generator	foggy-fsscript	manual parser diagnostic main; not a JUnit execution owner
v934-src|85:foggy-fsscript/src/test/java/com/foggyframework/fsscript/exp/CommonDimsParseTest.java	foggy-fsscript	true	foggy-fsscript/src/test/java	foggy-fsscript/src/test/java/com/foggyframework/fsscript/exp/CommonDimsParseTest.java	com.foggyframework.fsscript.exp.CommonDimsParseTest	executable	*Test	reactor-owned-executable	foggy-fsscript	JUnit Platform ClassSource discovery owner
v934-src|88:foggy-fsscript/src/test/java/com/foggyframework/fsscript/exp/ComparisonOperatorTest.java	foggy-fsscript	true	foggy-fsscript/src/test/java	foggy-fsscript/src/test/java/com/foggyframework/fsscript/exp/ComparisonOperatorTest.java	com.foggyframework.fsscript.exp.ComparisonOperatorTest	executable	*Test	reactor-owned-executable	foggy-fsscript	JUnit Platform ClassSource discovery owner
v934-src|88:foggy-fsscript/src/test/java/com/foggyframework/fsscript/exp/DestructuringDebugTest.java	foggy-fsscript	true	foggy-fsscript/src/test/java	foggy-fsscript/src/test/java/com/foggyframework/fsscript/exp/DestructuringDebugTest.java	com.foggyframework.fsscript.exp.DestructuringDebugTest	generator	*Test	non-executable-generator	foggy-fsscript	manual debug main; not a JUnit execution owner
v934-src|83:foggy-fsscript/src/test/java/com/foggyframework/fsscript/exp/DestructuringTest.java	foggy-fsscript	true	foggy-fsscript/src/test/java	foggy-fsscript/src/test/java/com/foggyframework/fsscript/exp/DestructuringTest.java	com.foggyframework.fsscript.exp.DestructuringTest	generator	*Test	non-executable-generator	foggy-fsscript	manual main-based smoke diagnostic; not a JUnit execution owner
v934-src|76:foggy-fsscript/src/test/java/com/foggyframework/fsscript/exp/DotExpTest.java	foggy-fsscript	true	foggy-fsscript/src/test/java	foggy-fsscript/src/test/java/com/foggyframework/fsscript/exp/DotExpTest.java	com.foggyframework.fsscript.exp.DotExpTest	executable	*Test	reactor-owned-executable	foggy-fsscript	JUnit Platform ClassSource discovery owner
v934-src|79:foggy-fsscript/src/test/java/com/foggyframework/fsscript/exp/ExpStringTest.java	foggy-fsscript	true	foggy-fsscript/src/test/java	foggy-fsscript/src/test/java/com/foggyframework/fsscript/exp/ExpStringTest.java	com.foggyframework.fsscript.exp.ExpStringTest	executable	*Test	reactor-owned-executable	foggy-fsscript	JUnit Platform ClassSource discovery owner
v934-src|79:foggy-fsscript/src/test/java/com/foggyframework/fsscript/exp/ExportExpTest.java	foggy-fsscript	true	foggy-fsscript/src/test/java	foggy-fsscript/src/test/java/com/foggyframework/fsscript/exp/ExportExpTest.java	com.foggyframework.fsscript.exp.ExportExpTest	executable	*Test	reactor-owned-executable	foggy-fsscript	JUnit Platform ClassSource discovery owner
v934-src|76:foggy-fsscript/src/test/java/com/foggyframework/fsscript/exp/ForExpTest.java	foggy-fsscript	true	foggy-fsscript/src/test/java	foggy-fsscript/src/test/java/com/foggyframework/fsscript/exp/ForExpTest.java	com.foggyframework.fsscript.exp.ForExpTest	executable	*Test	reactor-owned-executable	foggy-fsscript	JUnit Platform ClassSource discovery owner
v934-src|83:foggy-fsscript/src/test/java/com/foggyframework/fsscript/exp/ForLetClosureTest.java	foggy-fsscript	true	foggy-fsscript/src/test/java	foggy-fsscript/src/test/java/com/foggyframework/fsscript/exp/ForLetClosureTest.java	com.foggyframework.fsscript.exp.ForLetClosureTest	executable	*Test	reactor-owned-executable	foggy-fsscript	JUnit Platform ClassSource discovery owner
v934-src|91:foggy-fsscript/src/test/java/com/foggyframework/fsscript/exp/FunctionDefClosureBugTest.java	foggy-fsscript	true	foggy-fsscript/src/test/java	foggy-fsscript/src/test/java/com/foggyframework/fsscript/exp/FunctionDefClosureBugTest.java	com.foggyframework.fsscript.exp.FunctionDefClosureBugTest	executable	*Test	reactor-owned-executable	foggy-fsscript	JUnit Platform ClassSource discovery owner
v934-src|81:foggy-fsscript/src/test/java/com/foggyframework/fsscript/exp/FunctionExpTest.java	foggy-fsscript	true	foggy-fsscript/src/test/java	foggy-fsscript/src/test/java/com/foggyframework/fsscript/exp/FunctionExpTest.java	com.foggyframework.fsscript.exp.FunctionExpTest	executable	*Test	reactor-owned-executable	foggy-fsscript	JUnit Platform ClassSource discovery owner
v934-src|75:foggy-fsscript/src/test/java/com/foggyframework/fsscript/exp/IfExpTest.java	foggy-fsscript	true	foggy-fsscript/src/test/java	foggy-fsscript/src/test/java/com/foggyframework/fsscript/exp/IfExpTest.java	com.foggyframework.fsscript.exp.IfExpTest	executable	*Test	reactor-owned-executable	foggy-fsscript	JUnit Platform ClassSource discovery owner
v934-src|90:foggy-fsscript/src/test/java/com/foggyframework/fsscript/exp/ImportBeanExpFailureTest.java	foggy-fsscript	true	foggy-fsscript/src/test/java	foggy-fsscript/src/test/java/com/foggyframework/fsscript/exp/ImportBeanExpFailureTest.java	com.foggyframework.fsscript.exp.ImportBeanExpFailureTest	executable	*Test	reactor-owned-executable	foggy-fsscript	JUnit Platform ClassSource discovery owner
v934-src|83:foggy-fsscript/src/test/java/com/foggyframework/fsscript/exp/ImportBeanExpTest.java	foggy-fsscript	true	foggy-fsscript/src/test/java	foggy-fsscript/src/test/java/com/foggyframework/fsscript/exp/ImportBeanExpTest.java	com.foggyframework.fsscript.exp.ImportBeanExpTest	executable	*Test	reactor-owned-executable	foggy-fsscript	JUnit Platform ClassSource discovery owner
v934-src|79:foggy-fsscript/src/test/java/com/foggyframework/fsscript/exp/ImportExpTest.java	foggy-fsscript	true	foggy-fsscript/src/test/java	foggy-fsscript/src/test/java/com/foggyframework/fsscript/exp/ImportExpTest.java	com.foggyframework.fsscript.exp.ImportExpTest	executable	*Test	reactor-owned-executable	foggy-fsscript	JUnit Platform ClassSource discovery owner
v934-src|85:foggy-fsscript/src/test/java/com/foggyframework/fsscript/exp/ImportStaticExpTest.java	foggy-fsscript	true	foggy-fsscript/src/test/java	foggy-fsscript/src/test/java/com/foggyframework/fsscript/exp/ImportStaticExpTest.java	com.foggyframework.fsscript.exp.ImportStaticExpTest	executable	*Test	reactor-owned-executable	foggy-fsscript	JUnit Platform ClassSource discovery owner
v934-src|80:foggy-fsscript/src/test/java/com/foggyframework/fsscript/exp/InNotInExpTest.java	foggy-fsscript	true	foggy-fsscript/src/test/java	foggy-fsscript/src/test/java/com/foggyframework/fsscript/exp/InNotInExpTest.java	com.foggyframework.fsscript.exp.InNotInExpTest	executable	*Test	reactor-owned-executable	foggy-fsscript	JUnit Platform ClassSource discovery owner
v934-src|83:foggy-fsscript/src/test/java/com/foggyframework/fsscript/exp/InstanceofExpTest.java	foggy-fsscript	true	foggy-fsscript/src/test/java	foggy-fsscript/src/test/java/com/foggyframework/fsscript/exp/InstanceofExpTest.java	com.foggyframework.fsscript.exp.InstanceofExpTest	executable	*Test	reactor-owned-executable	foggy-fsscript	JUnit Platform ClassSource discovery owner
v934-src|76:foggy-fsscript/src/test/java/com/foggyframework/fsscript/exp/MapExpTest.java	foggy-fsscript	true	foggy-fsscript/src/test/java	foggy-fsscript/src/test/java/com/foggyframework/fsscript/exp/MapExpTest.java	com.foggyframework.fsscript.exp.MapExpTest	executable	*Test	reactor-owned-executable	foggy-fsscript	JUnit Platform ClassSource discovery owner
v934-src|82:foggy-fsscript/src/test/java/com/foggyframework/fsscript/exp/MethodFinderTest.java	foggy-fsscript	true	foggy-fsscript/src/test/java	foggy-fsscript/src/test/java/com/foggyframework/fsscript/exp/MethodFinderTest.java	com.foggyframework.fsscript.exp.MethodFinderTest	executable	*Test	reactor-owned-executable	foggy-fsscript	JUnit Platform ClassSource discovery owner
v934-src|83:foggy-fsscript/src/test/java/com/foggyframework/fsscript/exp/NfFunctionExpTest.java	foggy-fsscript	true	foggy-fsscript/src/test/java	foggy-fsscript/src/test/java/com/foggyframework/fsscript/exp/NfFunctionExpTest.java	com.foggyframework.fsscript.exp.NfFunctionExpTest	executable	*Test	reactor-owned-executable	foggy-fsscript	JUnit Platform ClassSource discovery owner
v934-src|76:foggy-fsscript/src/test/java/com/foggyframework/fsscript/exp/SwitchTest.java	foggy-fsscript	true	foggy-fsscript/src/test/java	foggy-fsscript/src/test/java/com/foggyframework/fsscript/exp/SwitchTest.java	com.foggyframework.fsscript.exp.SwitchTest	executable	*Test	reactor-owned-executable	foggy-fsscript	JUnit Platform ClassSource discovery owner
v934-src|88:foggy-fsscript/src/test/java/com/foggyframework/fsscript/exp/fun/CheckDaysRangeTest.java	foggy-fsscript	true	foggy-fsscript/src/test/java	foggy-fsscript/src/test/java/com/foggyframework/fsscript/exp/fun/CheckDaysRangeTest.java	com.foggyframework.fsscript.exp.fun.CheckDaysRangeTest	executable	*Test	reactor-owned-executable	foggy-fsscript	JUnit Platform ClassSource discovery owner
v934-src|93:foggy-fsscript/src/test/java/com/foggyframework/fsscript/jsr223/FsscriptScriptEngineTest.java	foggy-fsscript	true	foggy-fsscript/src/test/java	foggy-fsscript/src/test/java/com/foggyframework/fsscript/jsr223/FsscriptScriptEngineTest.java	com.foggyframework.fsscript.jsr223.FsscriptScriptEngineTest	executable	*Test	reactor-owned-executable	foggy-fsscript	JUnit Platform ClassSource discovery owner
v934-src|107:foggy-fsscript/src/test/java/com/foggyframework/fsscript/lifecycle/CommittedSourceRevisionRegistryTest.java	foggy-fsscript	true	foggy-fsscript/src/test/java	foggy-fsscript/src/test/java/com/foggyframework/fsscript/lifecycle/CommittedSourceRevisionRegistryTest.java	com.foggyframework.fsscript.lifecycle.CommittedSourceRevisionRegistryTest	executable	*Test	reactor-owned-executable	foggy-fsscript	JUnit Platform ClassSource discovery owner
v934-src|92:foggy-fsscript/src/test/java/com/foggyframework/fsscript/loadder/FileFsscriptLoaderTest.java	foggy-fsscript	true	foggy-fsscript/src/test/java	foggy-fsscript/src/test/java/com/foggyframework/fsscript/loadder/FileFsscriptLoaderTest.java	com.foggyframework.fsscript.loadder.FileFsscriptLoaderTest	executable	*Test	reactor-owned-executable	foggy-fsscript	JUnit Platform ClassSource discovery owner
v934-src|95:foggy-fsscript/src/test/java/com/foggyframework/fsscript/loadder/FileTxtFsscriptLoaderTest.java	foggy-fsscript	true	foggy-fsscript/src/test/java	foggy-fsscript/src/test/java/com/foggyframework/fsscript/loadder/FileTxtFsscriptLoaderTest.java	com.foggyframework.fsscript.loadder.FileTxtFsscriptLoaderTest	executable	*Test	reactor-owned-executable	foggy-fsscript	JUnit Platform ClassSource discovery owner
v934-src|108:foggy-fsscript/src/test/java/com/foggyframework/fsscript/loadder/FsscriptFileChangeHandlerAuthorityTest.java	foggy-fsscript	true	foggy-fsscript/src/test/java	foggy-fsscript/src/test/java/com/foggyframework/fsscript/loadder/FsscriptFileChangeHandlerAuthorityTest.java	com.foggyframework.fsscript.loadder.FsscriptFileChangeHandlerAuthorityTest	executable	*Test	reactor-owned-executable	foggy-fsscript	JUnit Platform ClassSource discovery owner
v934-src|99:foggy-fsscript/src/test/java/com/foggyframework/fsscript/loadder/FsscriptFileChangeHandlerTest.java	foggy-fsscript	true	foggy-fsscript/src/test/java	foggy-fsscript/src/test/java/com/foggyframework/fsscript/loadder/FsscriptFileChangeHandlerTest.java	com.foggyframework.fsscript.loadder.FsscriptFileChangeHandlerTest	executable	*Test	reactor-owned-executable	foggy-fsscript	JUnit Platform ClassSource discovery owner
v934-src|92:foggy-fsscript/src/test/java/com/foggyframework/fsscript/loadder/RootFsscriptLoaderTest.java	foggy-fsscript	true	foggy-fsscript/src/test/java	foggy-fsscript/src/test/java/com/foggyframework/fsscript/loadder/RootFsscriptLoaderTest.java	com.foggyframework.fsscript.loadder.RootFsscriptLoaderTest	executable	*Test	reactor-owned-executable	foggy-fsscript	JUnit Platform ClassSource discovery owner
v934-src|92:foggy-fsscript/src/test/java/com/foggyframework/fsscript/parser/ComposeQueryDialectTest.java	foggy-fsscript	true	foggy-fsscript/src/test/java	foggy-fsscript/src/test/java/com/foggyframework/fsscript/parser/ComposeQueryDialectTest.java	com.foggyframework.fsscript.parser.ComposeQueryDialectTest	executable	*Test	reactor-owned-executable	foggy-fsscript	JUnit Platform ClassSource discovery owner
v934-src|89:foggy-fsscript/src/test/java/com/foggyframework/fsscript/parser/ExpParserDialectTest.java	foggy-fsscript	true	foggy-fsscript/src/test/java	foggy-fsscript/src/test/java/com/foggyframework/fsscript/parser/ExpParserDialectTest.java	com.foggyframework.fsscript.parser.ExpParserDialectTest	executable	*Test	reactor-owned-executable	foggy-fsscript	JUnit Platform ClassSource discovery owner
v934-src|82:foggy-fsscript/src/test/java/com/foggyframework/fsscript/parser/ExpParserTest.java	foggy-fsscript	true	foggy-fsscript/src/test/java	foggy-fsscript/src/test/java/com/foggyframework/fsscript/parser/ExpParserTest.java	com.foggyframework.fsscript.parser.ExpParserTest	executable	*Test	reactor-owned-executable	foggy-fsscript	JUnit Platform ClassSource discovery owner
v934-src|88:foggy-fsscript/src/test/java/com/foggyframework/fsscript/parser/FsscriptDialectTest.java	foggy-fsscript	true	foggy-fsscript/src/test/java	foggy-fsscript/src/test/java/com/foggyframework/fsscript/parser/FsscriptDialectTest.java	com.foggyframework.fsscript.parser.FsscriptDialectTest	executable	*Test	reactor-owned-executable	foggy-fsscript	JUnit Platform ClassSource discovery owner
v934-src|91:foggy-fsscript/src/test/java/com/foggyframework/fsscript/parser/OperatorPrecedenceTest.java	foggy-fsscript	true	foggy-fsscript/src/test/java	foggy-fsscript/src/test/java/com/foggyframework/fsscript/parser/OperatorPrecedenceTest.java	com.foggyframework.fsscript.parser.OperatorPrecedenceTest	executable	*Test	reactor-owned-executable	foggy-fsscript	JUnit Platform ClassSource discovery owner
v934-src|93:foggy-fsscript/src/test/java/com/foggyframework/fsscript/parser/SqlExpressionDialectTest.java	foggy-fsscript	true	foggy-fsscript/src/test/java	foggy-fsscript/src/test/java/com/foggyframework/fsscript/parser/SqlExpressionDialectTest.java	com.foggyframework.fsscript.parser.SqlExpressionDialectTest	executable	*Test	reactor-owned-executable	foggy-fsscript	JUnit Platform ClassSource discovery owner
v934-src|86:foggy-fsscript/src/test/java/com/foggyframework/fsscript/support/FsscriptImplTest.java	foggy-fsscript	true	foggy-fsscript/src/test/java	foggy-fsscript/src/test/java/com/foggyframework/fsscript/support/FsscriptImplTest.java	com.foggyframework.fsscript.support.FsscriptImplTest	executable	*Test	reactor-owned-executable	foggy-fsscript	JUnit Platform ClassSource discovery owner
v934-src|96:foggy-fsscript/src/test/java/com/foggyframework/fsscript/support/FsscriptRuntimeFailureTest.java	foggy-fsscript	true	foggy-fsscript/src/test/java	foggy-fsscript/src/test/java/com/foggyframework/fsscript/support/FsscriptRuntimeFailureTest.java	com.foggyframework.fsscript.support.FsscriptRuntimeFailureTest	executable	*Test	reactor-owned-executable	foggy-fsscript	JUnit Platform ClassSource discovery owner
v934-src|91:foggy-fsscript/src/test/java/com/foggyframework/fsscript/support/ImportStaticClassTest.java	foggy-fsscript	true	foggy-fsscript/src/test/java	foggy-fsscript/src/test/java/com/foggyframework/fsscript/support/ImportStaticClassTest.java	com.foggyframework.fsscript.support.ImportStaticClassTest	helper	*Test	non-executable-helper	foggy-fsscript	data fixture class despite Test suffix; contains no JUnit test
v934-src|74:foggy-fsscript/src/test/java/com/foggyframework/fsscript/support/Test.java	foggy-fsscript	true	foggy-fsscript/src/test/java	foggy-fsscript/src/test/java/com/foggyframework/fsscript/support/Test.java	com.foggyframework.fsscript.support.MyTest	executable	Test*,*Test	reactor-owned-executable	foggy-fsscript	JUnit Platform ClassSource discovery owner
v934-src|92:foggy-mcp-launcher/src/test/java/com/foggyframework/mcp/launcher/DataViewerApiSmokeTest.java	foggy-mcp-launcher	true	foggy-mcp-launcher/src/test/java	foggy-mcp-launcher/src/test/java/com/foggyframework/mcp/launcher/DataViewerApiSmokeTest.java	com.foggyframework.mcp.launcher.DataViewerApiSmokeTest	executable	*Test	reactor-owned-executable	foggy-mcp-launcher	JUnit Platform ClassSource discovery owner
v934-src|109:foggy-mcp-launcher/src/test/java/com/foggyframework/mcp/launcher/McpLauncherLiteProfileConfigurationTest.java	foggy-mcp-launcher	true	foggy-mcp-launcher/src/test/java	foggy-mcp-launcher/src/test/java/com/foggyframework/mcp/launcher/McpLauncherLiteProfileConfigurationTest.java	com.foggyframework.mcp.launcher.McpLauncherLiteProfileConfigurationTest	executable	*Test	reactor-owned-executable	foggy-mcp-launcher	JUnit Platform ClassSource discovery owner
v934-src|102:foggy-mcp-launcher/src/test/java/io/foggytest/autoconfigure/AutoConfigurationBoundaryContractTest.java	foggy-mcp-launcher	true	foggy-mcp-launcher/src/test/java	foggy-mcp-launcher/src/test/java/io/foggytest/autoconfigure/AutoConfigurationBoundaryContractTest.java	io.foggytest.autoconfigure.AutoConfigurationBoundaryContractTest	executable	*Test	reactor-owned-executable	foggy-mcp-launcher	JUnit Platform ClassSource discovery owner
v934-src|108:foggy-mcp-launcher/src/test/java/io/foggytest/autoconfigure/AutoConfigurationRegistrationUniquenessTest.java	foggy-mcp-launcher	true	foggy-mcp-launcher/src/test/java	foggy-mcp-launcher/src/test/java/io/foggytest/autoconfigure/AutoConfigurationRegistrationUniquenessTest.java	io.foggytest.autoconfigure.AutoConfigurationRegistrationUniquenessTest	executable	*Test	reactor-owned-executable	foggy-mcp-launcher	JUnit Platform ClassSource discovery owner
v934-src|103:foggy-mcp-launcher/src/test/java/io/foggytest/autoconfigure/FullAddonAutoConfigurationAssemblyTest.java	foggy-mcp-launcher	true	foggy-mcp-launcher/src/test/java	foggy-mcp-launcher/src/test/java/io/foggytest/autoconfigure/FullAddonAutoConfigurationAssemblyTest.java	io.foggytest.autoconfigure.FullAddonAutoConfigurationAssemblyTest	executable	*Test	reactor-owned-executable	foggy-mcp-launcher	JUnit Platform ClassSource discovery owner
v934-src|109:foggy-mcp-launcher/src/test/java/io/foggytest/autoconfigure/OutsidePackageCoreAutoConfigurationSmokeTest.java	foggy-mcp-launcher	true	foggy-mcp-launcher/src/test/java	foggy-mcp-launcher/src/test/java/io/foggytest/autoconfigure/OutsidePackageCoreAutoConfigurationSmokeTest.java	io.foggytest.autoconfigure.OutsidePackageCoreAutoConfigurationSmokeTest	executable	*Test	reactor-owned-executable	foggy-mcp-launcher	JUnit Platform ClassSource discovery owner
v934-src|98:foggy-mcp-launcher/src/test/java/io/foggytest/launcher/LauncherDefaultRouteIsolationSmokeTest.java	foggy-mcp-launcher	true	foggy-mcp-launcher/src/test/java	foggy-mcp-launcher/src/test/java/io/foggytest/launcher/LauncherDefaultRouteIsolationSmokeTest.java	io.foggytest.launcher.LauncherDefaultRouteIsolationSmokeTest	executable	*Test	reactor-owned-executable	foggy-mcp-launcher	JUnit Platform ClassSource discovery owner
v934-src|95:foggy-mcp-launcher/src/test/java/io/foggytest/launcher/LauncherExplicitTestRoutesSmokeTest.java	foggy-mcp-launcher	true	foggy-mcp-launcher/src/test/java	foggy-mcp-launcher/src/test/java/io/foggytest/launcher/LauncherExplicitTestRoutesSmokeTest.java	io.foggytest.launcher.LauncherExplicitTestRoutesSmokeTest	executable	*Test	reactor-owned-executable	foggy-mcp-launcher	JUnit Platform ClassSource discovery owner
v934-src|94:foggy-runtime-api/src/test/java/com/foggyframework/runtime/api/RuntimeApiAuthCodeGateTest.java	foggy-runtime-api	true	foggy-runtime-api/src/test/java	foggy-runtime-api/src/test/java/com/foggyframework/runtime/api/RuntimeApiAuthCodeGateTest.java	com.foggyframework.runtime.api.RuntimeApiAuthCodeGateTest	executable	*Test	reactor-owned-executable	foggy-runtime-api	JUnit Platform ClassSource discovery owner
v934-src|109:foggy-runtime-api/src/test/java/com/foggyframework/runtime/api/RuntimeCapabilitiesControllerDisabledTest.java	foggy-runtime-api	true	foggy-runtime-api/src/test/java	foggy-runtime-api/src/test/java/com/foggyframework/runtime/api/RuntimeCapabilitiesControllerDisabledTest.java	com.foggyframework.runtime.api.RuntimeCapabilitiesControllerDisabledTest	executable	*Test	reactor-owned-executable	foggy-runtime-api	JUnit Platform ClassSource discovery owner
v934-src|108:foggy-runtime-api/src/test/java/com/foggyframework/runtime/api/RuntimeCapabilitiesControllerEnabledTest.java	foggy-runtime-api	true	foggy-runtime-api/src/test/java	foggy-runtime-api/src/test/java/com/foggyframework/runtime/api/RuntimeCapabilitiesControllerEnabledTest.java	com.foggyframework.runtime.api.RuntimeCapabilitiesControllerEnabledTest	executable	*Test	reactor-owned-executable	foggy-runtime-api	JUnit Platform ClassSource discovery owner
v934-src|119:foggy-runtime-api/src/test/java/com/foggyframework/runtime/api/controller/RuntimeModelsControllerCompatibilityTest.java	foggy-runtime-api	true	foggy-runtime-api/src/test/java	foggy-runtime-api/src/test/java/com/foggyframework/runtime/api/controller/RuntimeModelsControllerCompatibilityTest.java	com.foggyframework.runtime.api.controller.RuntimeModelsControllerCompatibilityTest	executable	*Test	reactor-owned-executable	foggy-runtime-api	JUnit Platform ClassSource discovery owner
v934-src|103:foggy-runtime-api/src/test/java/com/foggyframework/runtime/api/dto/RuntimeLifecycleDtoContractTest.java	foggy-runtime-api	true	foggy-runtime-api/src/test/java	foggy-runtime-api/src/test/java/com/foggyframework/runtime/api/dto/RuntimeLifecycleDtoContractTest.java	com.foggyframework.runtime.api.dto.RuntimeLifecycleDtoContractTest	executable	*Test	reactor-owned-executable	foggy-runtime-api	JUnit Platform ClassSource discovery owner
v934-src|106:foggy-runtime-api/src/test/java/com/foggyframework/runtime/api/dto/RuntimeLifecycleSafetyContractTest.java	foggy-runtime-api	true	foggy-runtime-api/src/test/java	foggy-runtime-api/src/test/java/com/foggyframework/runtime/api/dto/RuntimeLifecycleSafetyContractTest.java	com.foggyframework.runtime.api.dto.RuntimeLifecycleSafetyContractTest	executable	*Test	reactor-owned-executable	foggy-runtime-api	JUnit Platform ClassSource discovery owner
v934-src|101:foggy-runtime-api/src/test/java/com/foggyframework/runtime/api/dto/RuntimeLifecycleSanitizerTest.java	foggy-runtime-api	true	foggy-runtime-api/src/test/java	foggy-runtime-api/src/test/java/com/foggyframework/runtime/api/dto/RuntimeLifecycleSanitizerTest.java	com.foggyframework.runtime.api.dto.RuntimeLifecycleSanitizerTest	executable	*Test	reactor-owned-executable	foggy-runtime-api	JUnit Platform ClassSource discovery owner
v934-src|108:foggy-runtime-api/src/test/java/com/foggyframework/runtime/api/service/ManagedDataSourcePoolManagerTest.java	foggy-runtime-api	true	foggy-runtime-api/src/test/java	foggy-runtime-api/src/test/java/com/foggyframework/runtime/api/service/ManagedDataSourcePoolManagerTest.java	com.foggyframework.runtime.api.service.ManagedDataSourcePoolManagerTest	executable	*Test	reactor-owned-executable	foggy-runtime-api	JUnit Platform ClassSource discovery owner
v934-src|104:foggy-runtime-api/src/test/java/com/foggyframework/runtime/api/service/RuntimeComposeInvocationTest.java	foggy-runtime-api	true	foggy-runtime-api/src/test/java	foggy-runtime-api/src/test/java/com/foggyframework/runtime/api/service/RuntimeComposeInvocationTest.java	com.foggyframework.runtime.api.service.RuntimeComposeInvocationTest	executable	*Test	reactor-owned-executable	foggy-runtime-api	JUnit Platform ClassSource discovery owner
v934-src|100:foggy-runtime-api/src/test/java/com/foggyframework/runtime/api/service/RuntimeComposeRunnerTest.java	foggy-runtime-api	true	foggy-runtime-api/src/test/java	foggy-runtime-api/src/test/java/com/foggyframework/runtime/api/service/RuntimeComposeRunnerTest.java	com.foggyframework.runtime.api.service.RuntimeComposeRunnerTest	executable	*Test	reactor-owned-executable	foggy-runtime-api	JUnit Platform ClassSource discovery owner
v934-src|113:foggy-runtime-api/src/test/java/com/foggyframework/runtime/api/service/RuntimeDatasourceBindingLifecycleTest.java	foggy-runtime-api	true	foggy-runtime-api/src/test/java	foggy-runtime-api/src/test/java/com/foggyframework/runtime/api/service/RuntimeDatasourceBindingLifecycleTest.java	com.foggyframework.runtime.api.service.RuntimeDatasourceBindingLifecycleTest	executable	*Test	reactor-owned-executable	foggy-runtime-api	JUnit Platform ClassSource discovery owner
v934-src|115:foggy-runtime-api/src/test/java/com/foggyframework/runtime/api/service/RuntimeDatasourceCatalogConvergenceTest.java	foggy-runtime-api	true	foggy-runtime-api/src/test/java	foggy-runtime-api/src/test/java/com/foggyframework/runtime/api/service/RuntimeDatasourceCatalogConvergenceTest.java	com.foggyframework.runtime.api.service.RuntimeDatasourceCatalogConvergenceTest	executable	*Test	reactor-owned-executable	foggy-runtime-api	JUnit Platform ClassSource discovery owner
v934-src|115:foggy-runtime-api/src/test/java/com/foggyframework/runtime/api/service/RuntimeDatasourceRegistryGenerationTest.java	foggy-runtime-api	true	foggy-runtime-api/src/test/java	foggy-runtime-api/src/test/java/com/foggyframework/runtime/api/service/RuntimeDatasourceRegistryGenerationTest.java	com.foggyframework.runtime.api.service.RuntimeDatasourceRegistryGenerationTest	executable	*Test	reactor-owned-executable	foggy-runtime-api	JUnit Platform ClassSource discovery owner
v934-src|108:foggy-runtime-api/src/test/java/com/foggyframework/runtime/api/service/RuntimeLifecycleErrorMappingTest.java	foggy-runtime-api	true	foggy-runtime-api/src/test/java	foggy-runtime-api/src/test/java/com/foggyframework/runtime/api/service/RuntimeLifecycleErrorMappingTest.java	com.foggyframework.runtime.api.service.RuntimeLifecycleErrorMappingTest	executable	*Test	reactor-owned-executable	foggy-runtime-api	JUnit Platform ClassSource discovery owner
v934-src|108:foggy-runtime-api/src/test/java/com/foggyframework/runtime/api/service/RuntimeModelRefreshLifecycleTest.java	foggy-runtime-api	true	foggy-runtime-api/src/test/java	foggy-runtime-api/src/test/java/com/foggyframework/runtime/api/service/RuntimeModelRefreshLifecycleTest.java	com.foggyframework.runtime.api.service.RuntimeModelRefreshLifecycleTest	executable	*Test	reactor-owned-executable	foggy-runtime-api	JUnit Platform ClassSource discovery owner
v934-src|111:foggy-runtime-api/src/test/java/com/foggyframework/runtime/api/service/RuntimeModelValidationIsolationTest.java	foggy-runtime-api	true	foggy-runtime-api/src/test/java	foggy-runtime-api/src/test/java/com/foggyframework/runtime/api/service/RuntimeModelValidationIsolationTest.java	com.foggyframework.runtime.api.service.RuntimeModelValidationIsolationTest	executable	*Test	reactor-owned-executable	foggy-runtime-api	JUnit Platform ClassSource discovery owner
v934-src|117:foggy-runtime-api/src/test/java/com/foggyframework/runtime/api/service/RuntimeNamedDataSourceResolverBindingTest.java	foggy-runtime-api	true	foggy-runtime-api/src/test/java	foggy-runtime-api/src/test/java/com/foggyframework/runtime/api/service/RuntimeNamedDataSourceResolverBindingTest.java	com.foggyframework.runtime.api.service.RuntimeNamedDataSourceResolverBindingTest	executable	*Test	reactor-owned-executable	foggy-runtime-api	JUnit Platform ClassSource discovery owner
