module	source_id	source_fqcn	report_fqcn	discovered_test_nodes	runtime_deferred_containers	engine_ids	source_sha256	test_classes_sha256	main_classes_sha256
addons/foggy-chart-storage-cloud	v934-src|130:addons/foggy-chart-storage-cloud/src/test/java/com/foggyframework/dataset/mcp/storage/cloud/CloudStorageAutoConfigurationTest.java	com.foggyframework.dataset.mcp.storage.cloud.CloudStorageAutoConfigurationTest	com.foggyframework.dataset.mcp.storage.cloud.CloudStorageAutoConfigurationTest	5	0	junit-jupiter	e065ec4f0d33f6a3e323cf1c7dbe42bb67864912147f527ef0d27e9cf949aa85	871e448ef774e049ff8e5b1cd29a5d10e6f3fe5ba1fccc15beb4d86cb1c5c371	3fb39cc21c561255cdbfca9e0bf758318e3b2adc049bf57f9d79a8906e2c0af5
addons/foggy-data-viewer	v934-src|119:addons/foggy-data-viewer/src/test/java/com/foggyframework/dataviewer/config/DataViewerAutoConfigurationContextTest.java	com.foggyframework.dataviewer.config.DataViewerAutoConfigurationContextTest	com.foggyframework.dataviewer.config.DataViewerAutoConfigurationContextTest	3	0	junit-jupiter	41cb7283496be9d409b815b10c4e596800c2dc918109bbd4cf4ce616db9c6c9d	36fcca1dbcc2d1637720781a61ca3458b58c8659461456b461c71b759edf74e9	e98e1e0fbd11a5a2c7d97224b478b1418c3182c77d9f77bd62074f88780638dd
addons/foggy-data-viewer	v934-src|112:addons/foggy-data-viewer/src/test/java/com/foggyframework/dataviewer/config/DataViewerAutoConfigurationTest.java	com.foggyframework.dataviewer.config.DataViewerAutoConfigurationTest	com.foggyframework.dataviewer.config.DataViewerAutoConfigurationTest	3	0	junit-jupiter	f3160d5b5dc33cb487e91983c7d681610b5be7a46e7b9d2cf72aef801c537cf4	36fcca1dbcc2d1637720781a61ca3458b58c8659461456b461c71b759edf74e9	e98e1e0fbd11a5a2c7d97224b478b1418c3182c77d9f77bd62074f88780638dd
addons/foggy-data-viewer	v934-src|109:addons/foggy-data-viewer/src/test/java/com/foggyframework/dataviewer/controller/ListPresetControllerTest.java	com.foggyframework.dataviewer.controller.ListPresetControllerTest	com.foggyframework.dataviewer.controller.ListPresetControllerTest	12	0	junit-jupiter	15c1b9ae02149c2eb8e72bbce78c1b2e6ef2819cb290fcd46a2bf16a5db9daf7	36fcca1dbcc2d1637720781a61ca3458b58c8659461456b461c71b759edf74e9	e98e1e0fbd11a5a2c7d97224b478b1418c3182c77d9f77bd62074f88780638dd
addons/foggy-data-viewer	v934-src|122:addons/foggy-data-viewer/src/test/java/com/foggyframework/dataviewer/controller/TableDefaultQueryConfigControllerTest.java	com.foggyframework.dataviewer.controller.TableDefaultQueryConfigControllerTest	com.foggyframework.dataviewer.controller.TableDefaultQueryConfigControllerTest	3	0	junit-jupiter	895f65a0f6d90354e7c7b4cd6318ce22a88e10978dda26799385567cc904cbc0	36fcca1dbcc2d1637720781a61ca3458b58c8659461456b461c71b759edf74e9	e98e1e0fbd11a5a2c7d97224b478b1418c3182c77d9f77bd62074f88780638dd
addons/foggy-data-viewer	v934-src|108:addons/foggy-data-viewer/src/test/java/com/foggyframework/dataviewer/controller/ViewerApiControllerTest.java	com.foggyframework.dataviewer.controller.ViewerApiControllerTest	com.foggyframework.dataviewer.controller.ViewerApiControllerTest	0	0	junit-jupiter	66ab311650f041cfc3be6deb0b0024a7414281877fa3741f75b5ff89f544d241	36fcca1dbcc2d1637720781a61ca3458b58c8659461456b461c71b759edf74e9	e98e1e0fbd11a5a2c7d97224b478b1418c3182c77d9f77bd62074f88780638dd
addons/foggy-data-viewer	v934-src|108:addons/foggy-data-viewer/src/test/java/com/foggyframework/dataviewer/controller/ViewerApiControllerTest.java	com.foggyframework.dataviewer.controller.ViewerApiControllerTest	com.foggyframework.dataviewer.controller.ViewerApiControllerTest$GetQueryMetaTests	2	0	junit-jupiter	66ab311650f041cfc3be6deb0b0024a7414281877fa3741f75b5ff89f544d241	36fcca1dbcc2d1637720781a61ca3458b58c8659461456b461c71b759edf74e9	e98e1e0fbd11a5a2c7d97224b478b1418c3182c77d9f77bd62074f88780638dd
addons/foggy-data-viewer	v934-src|108:addons/foggy-data-viewer/src/test/java/com/foggyframework/dataviewer/controller/ViewerApiControllerTest.java	com.foggyframework.dataviewer.controller.ViewerApiControllerTest	com.foggyframework.dataviewer.controller.ViewerApiControllerTest$QueryDataTests	9	0	junit-jupiter	66ab311650f041cfc3be6deb0b0024a7414281877fa3741f75b5ff89f544d241	36fcca1dbcc2d1637720781a61ca3458b58c8659461456b461c71b759edf74e9	e98e1e0fbd11a5a2c7d97224b478b1418c3182c77d9f77bd62074f88780638dd
addons/foggy-data-viewer	v934-src|108:addons/foggy-data-viewer/src/test/java/com/foggyframework/dataviewer/controller/ViewerApiControllerTest.java	com.foggyframework.dataviewer.controller.ViewerApiControllerTest	com.foggyframework.dataviewer.controller.ViewerApiControllerTest$QueryDirectTests	7	0	junit-jupiter	66ab311650f041cfc3be6deb0b0024a7414281877fa3741f75b5ff89f544d241	36fcca1dbcc2d1637720781a61ca3458b58c8659461456b461c71b759edf74e9	e98e1e0fbd11a5a2c7d97224b478b1418c3182c77d9f77bd62074f88780638dd
addons/foggy-data-viewer	v934-src|108:addons/foggy-data-viewer/src/test/java/com/foggyframework/dataviewer/controller/ViewerApiControllerTest.java	com.foggyframework.dataviewer.controller.ViewerApiControllerTest	com.foggyframework.dataviewer.controller.ViewerApiControllerTest$QueryMembersTests	1	0	junit-jupiter	66ab311650f041cfc3be6deb0b0024a7414281877fa3741f75b5ff89f544d241	36fcca1dbcc2d1637720781a61ca3458b58c8659461456b461c71b759edf74e9	e98e1e0fbd11a5a2c7d97224b478b1418c3182c77d9f77bd62074f88780638dd
addons/foggy-data-viewer	v934-src|98:addons/foggy-data-viewer/src/test/java/com/foggyframework/dataviewer/mcp/OpenInViewerToolTest.java	com.foggyframework.dataviewer.mcp.OpenInViewerToolTest	com.foggyframework.dataviewer.mcp.OpenInViewerToolTest	0	0	junit-jupiter	4243ce022323ff7bb803deb71811aeefaf7ce2e7afeff4bf2fafc70c6590e533	36fcca1dbcc2d1637720781a61ca3458b58c8659461456b461c71b759edf74e9	e98e1e0fbd11a5a2c7d97224b478b1418c3182c77d9f77bd62074f88780638dd
addons/foggy-data-viewer	v934-src|98:addons/foggy-data-viewer/src/test/java/com/foggyframework/dataviewer/mcp/OpenInViewerToolTest.java	com.foggyframework.dataviewer.mcp.OpenInViewerToolTest	com.foggyframework.dataviewer.mcp.OpenInViewerToolTest$ExecutionTests	6	0	junit-jupiter	4243ce022323ff7bb803deb71811aeefaf7ce2e7afeff4bf2fafc70c6590e533	36fcca1dbcc2d1637720781a61ca3458b58c8659461456b461c71b759edf74e9	e98e1e0fbd11a5a2c7d97224b478b1418c3182c77d9f77bd62074f88780638dd
addons/foggy-data-viewer	v934-src|98:addons/foggy-data-viewer/src/test/java/com/foggyframework/dataviewer/mcp/OpenInViewerToolTest.java	com.foggyframework.dataviewer.mcp.OpenInViewerToolTest	com.foggyframework.dataviewer.mcp.OpenInViewerToolTest$MetadataTests	4	0	junit-jupiter	4243ce022323ff7bb803deb71811aeefaf7ce2e7afeff4bf2fafc70c6590e533	36fcca1dbcc2d1637720781a61ca3458b58c8659461456b461c71b759edf74e9	e98e1e0fbd11a5a2c7d97224b478b1418c3182c77d9f77bd62074f88780638dd
addons/foggy-data-viewer	v934-src|98:addons/foggy-data-viewer/src/test/java/com/foggyframework/dataviewer/mcp/OpenInViewerToolTest.java	com.foggyframework.dataviewer.mcp.OpenInViewerToolTest	com.foggyframework.dataviewer.mcp.OpenInViewerToolTest$StreamingSupportTests	1	0	junit-jupiter	4243ce022323ff7bb803deb71811aeefaf7ce2e7afeff4bf2fafc70c6590e533	36fcca1dbcc2d1637720781a61ca3458b58c8659461456b461c71b759edf74e9	e98e1e0fbd11a5a2c7d97224b478b1418c3182c77d9f77bd62074f88780638dd
addons/foggy-data-viewer	v934-src|111:addons/foggy-data-viewer/src/test/java/com/foggyframework/dataviewer/plugins/LargeResultTruncationStepTest.java	com.foggyframework.dataviewer.plugins.LargeResultTruncationStepTest	com.foggyframework.dataviewer.plugins.LargeResultTruncationStepTest	0	0	junit-jupiter	796be30a233dcf1387b5d08098bdc045f8ccb501608c0ccf79b8ccf8b22f0ed9	36fcca1dbcc2d1637720781a61ca3458b58c8659461456b461c71b759edf74e9	e98e1e0fbd11a5a2c7d97224b478b1418c3182c77d9f77bd62074f88780638dd
addons/foggy-data-viewer	v934-src|111:addons/foggy-data-viewer/src/test/java/com/foggyframework/dataviewer/plugins/LargeResultTruncationStepTest.java	com.foggyframework.dataviewer.plugins.LargeResultTruncationStepTest	com.foggyframework.dataviewer.plugins.LargeResultTruncationStepTest$AboveThresholdTests	4	0	junit-jupiter	796be30a233dcf1387b5d08098bdc045f8ccb501608c0ccf79b8ccf8b22f0ed9	36fcca1dbcc2d1637720781a61ca3458b58c8659461456b461c71b759edf74e9	e98e1e0fbd11a5a2c7d97224b478b1418c3182c77d9f77bd62074f88780638dd
addons/foggy-data-viewer	v934-src|111:addons/foggy-data-viewer/src/test/java/com/foggyframework/dataviewer/plugins/LargeResultTruncationStepTest.java	com.foggyframework.dataviewer.plugins.LargeResultTruncationStepTest	com.foggyframework.dataviewer.plugins.LargeResultTruncationStepTest$BelowThresholdTests	3	0	junit-jupiter	796be30a233dcf1387b5d08098bdc045f8ccb501608c0ccf79b8ccf8b22f0ed9	36fcca1dbcc2d1637720781a61ca3458b58c8659461456b461c71b759edf74e9	e98e1e0fbd11a5a2c7d97224b478b1418c3182c77d9f77bd62074f88780638dd
addons/foggy-data-viewer	v934-src|111:addons/foggy-data-viewer/src/test/java/com/foggyframework/dataviewer/plugins/LargeResultTruncationStepTest.java	com.foggyframework.dataviewer.plugins.LargeResultTruncationStepTest	com.foggyframework.dataviewer.plugins.LargeResultTruncationStepTest$EdgeCaseTests	4	0	junit-jupiter	796be30a233dcf1387b5d08098bdc045f8ccb501608c0ccf79b8ccf8b22f0ed9	36fcca1dbcc2d1637720781a61ca3458b58c8659461456b461c71b759edf74e9	e98e1e0fbd11a5a2c7d97224b478b1418c3182c77d9f77bd62074f88780638dd
addons/foggy-data-viewer	v934-src|111:addons/foggy-data-viewer/src/test/java/com/foggyframework/dataviewer/plugins/LargeResultTruncationStepTest.java	com.foggyframework.dataviewer.plugins.LargeResultTruncationStepTest	com.foggyframework.dataviewer.plugins.LargeResultTruncationStepTest$NonMcpQueryTests	2	0	junit-jupiter	796be30a233dcf1387b5d08098bdc045f8ccb501608c0ccf79b8ccf8b22f0ed9	36fcca1dbcc2d1637720781a61ca3458b58c8659461456b461c71b759edf74e9	e98e1e0fbd11a5a2c7d97224b478b1418c3182c77d9f77bd62074f88780638dd
addons/foggy-data-viewer	v934-src|103:addons/foggy-data-viewer/src/test/java/com/foggyframework/dataviewer/service/ListPresetServiceTest.java	com.foggyframework.dataviewer.service.ListPresetServiceTest	com.foggyframework.dataviewer.service.ListPresetServiceTest	0	0	junit-jupiter	6cdc4130e24f4552a4cad600ec545c940b78609c3ec25f5f8d2caf87e7e2118b	36fcca1dbcc2d1637720781a61ca3458b58c8659461456b461c71b759edf74e9	e98e1e0fbd11a5a2c7d97224b478b1418c3182c77d9f77bd62074f88780638dd
addons/foggy-data-viewer	v934-src|103:addons/foggy-data-viewer/src/test/java/com/foggyframework/dataviewer/service/ListPresetServiceTest.java	com.foggyframework.dataviewer.service.ListPresetServiceTest	com.foggyframework.dataviewer.service.ListPresetServiceTest$FileStoreTests	11	0	junit-jupiter	6cdc4130e24f4552a4cad600ec545c940b78609c3ec25f5f8d2caf87e7e2118b	36fcca1dbcc2d1637720781a61ca3458b58c8659461456b461c71b759edf74e9	e98e1e0fbd11a5a2c7d97224b478b1418c3182c77d9f77bd62074f88780638dd
addons/foggy-data-viewer	v934-src|104:addons/foggy-data-viewer/src/test/java/com/foggyframework/dataviewer/service/MemberQueryServiceTest.java	com.foggyframework.dataviewer.service.MemberQueryServiceTest	com.foggyframework.dataviewer.service.MemberQueryServiceTest	1	0	junit-jupiter	09c12f54daeed317a3ca4136f90f0f0a2f42d85244bf150227027b3b97692ca3	36fcca1dbcc2d1637720781a61ca3458b58c8659461456b461c71b759edf74e9	e98e1e0fbd11a5a2c7d97224b478b1418c3182c77d9f77bd62074f88780638dd
addons/foggy-data-viewer	v934-src|103:addons/foggy-data-viewer/src/test/java/com/foggyframework/dataviewer/service/QueryCacheServiceTest.java	com.foggyframework.dataviewer.service.QueryCacheServiceTest	com.foggyframework.dataviewer.service.QueryCacheServiceTest	0	0	junit-jupiter	acc8fe547c644dc335a0978dca54853788fd9b4fce10b9c1c6ee90f406188fb3	36fcca1dbcc2d1637720781a61ca3458b58c8659461456b461c71b759edf74e9	e98e1e0fbd11a5a2c7d97224b478b1418c3182c77d9f77bd62074f88780638dd
addons/foggy-data-viewer	v934-src|103:addons/foggy-data-viewer/src/test/java/com/foggyframework/dataviewer/service/QueryCacheServiceTest.java	com.foggyframework.dataviewer.service.QueryCacheServiceTest	com.foggyframework.dataviewer.service.QueryCacheServiceTest$CacheQueryTests	5	0	junit-jupiter	acc8fe547c644dc335a0978dca54853788fd9b4fce10b9c1c6ee90f406188fb3	36fcca1dbcc2d1637720781a61ca3458b58c8659461456b461c71b759edf74e9	e98e1e0fbd11a5a2c7d97224b478b1418c3182c77d9f77bd62074f88780638dd
addons/foggy-data-viewer	v934-src|103:addons/foggy-data-viewer/src/test/java/com/foggyframework/dataviewer/service/QueryCacheServiceTest.java	com.foggyframework.dataviewer.service.QueryCacheServiceTest	com.foggyframework.dataviewer.service.QueryCacheServiceTest$GetQueryTests	2	0	junit-jupiter	acc8fe547c644dc335a0978dca54853788fd9b4fce10b9c1c6ee90f406188fb3	36fcca1dbcc2d1637720781a61ca3458b58c8659461456b461c71b759edf74e9	e98e1e0fbd11a5a2c7d97224b478b1418c3182c77d9f77bd62074f88780638dd
addons/foggy-data-viewer	v934-src|103:addons/foggy-data-viewer/src/test/java/com/foggyframework/dataviewer/service/QueryCacheServiceTest.java	com.foggyframework.dataviewer.service.QueryCacheServiceTest	com.foggyframework.dataviewer.service.QueryCacheServiceTest$QueryIdGenerationTests	1	0	junit-jupiter	acc8fe547c644dc335a0978dca54853788fd9b4fce10b9c1c6ee90f406188fb3	36fcca1dbcc2d1637720781a61ca3458b58c8659461456b461c71b759edf74e9	e98e1e0fbd11a5a2c7d97224b478b1418c3182c77d9f77bd62074f88780638dd
addons/foggy-data-viewer	v934-src|103:addons/foggy-data-viewer/src/test/java/com/foggyframework/dataviewer/service/QueryCacheServiceTest.java	com.foggyframework.dataviewer.service.QueryCacheServiceTest	com.foggyframework.dataviewer.service.QueryCacheServiceTest$TableConfigGenerationTests	1	0	junit-jupiter	acc8fe547c644dc335a0978dca54853788fd9b4fce10b9c1c6ee90f406188fb3	36fcca1dbcc2d1637720781a61ca3458b58c8659461456b461c71b759edf74e9	e98e1e0fbd11a5a2c7d97224b478b1418c3182c77d9f77bd62074f88780638dd
addons/foggy-data-viewer	v934-src|103:addons/foggy-data-viewer/src/test/java/com/foggyframework/dataviewer/service/QueryCacheServiceTest.java	com.foggyframework.dataviewer.service.QueryCacheServiceTest	com.foggyframework.dataviewer.service.QueryCacheServiceTest$UpdateEstimatedRowCountTests	2	0	junit-jupiter	acc8fe547c644dc335a0978dca54853788fd9b4fce10b9c1c6ee90f406188fb3	36fcca1dbcc2d1637720781a61ca3458b58c8659461456b461c71b759edf74e9	e98e1e0fbd11a5a2c7d97224b478b1418c3182c77d9f77bd62074f88780638dd
addons/foggy-data-viewer	v934-src|113:addons/foggy-data-viewer/src/test/java/com/foggyframework/dataviewer/service/QueryScopeConstraintServiceTest.java	com.foggyframework.dataviewer.service.QueryScopeConstraintServiceTest	com.foggyframework.dataviewer.service.QueryScopeConstraintServiceTest	0	0	junit-jupiter	c294e72a615bf869415bf865363cc5b158aaadc1b20c9c93ceed8e7227370a34	36fcca1dbcc2d1637720781a61ca3458b58c8659461456b461c71b759edf74e9	e98e1e0fbd11a5a2c7d97224b478b1418c3182c77d9f77bd62074f88780638dd
addons/foggy-data-viewer	v934-src|113:addons/foggy-data-viewer/src/test/java/com/foggyframework/dataviewer/service/QueryScopeConstraintServiceTest.java	com.foggyframework.dataviewer.service.QueryScopeConstraintServiceTest	com.foggyframework.dataviewer.service.QueryScopeConstraintServiceTest$DateRangeConstraintTests	3	0	junit-jupiter	c294e72a615bf869415bf865363cc5b158aaadc1b20c9c93ceed8e7227370a34	36fcca1dbcc2d1637720781a61ca3458b58c8659461456b461c71b759edf74e9	e98e1e0fbd11a5a2c7d97224b478b1418c3182c77d9f77bd62074f88780638dd
addons/foggy-data-viewer	v934-src|113:addons/foggy-data-viewer/src/test/java/com/foggyframework/dataviewer/service/QueryScopeConstraintServiceTest.java	com.foggyframework.dataviewer.service.QueryScopeConstraintServiceTest	com.foggyframework.dataviewer.service.QueryScopeConstraintServiceTest$EnabledDisabledTests	3	0	junit-jupiter	c294e72a615bf869415bf865363cc5b158aaadc1b20c9c93ceed8e7227370a34	36fcca1dbcc2d1637720781a61ca3458b58c8659461456b461c71b759edf74e9	e98e1e0fbd11a5a2c7d97224b478b1418c3182c77d9f77bd62074f88780638dd
addons/foggy-data-viewer	v934-src|113:addons/foggy-data-viewer/src/test/java/com/foggyframework/dataviewer/service/QueryScopeConstraintServiceTest.java	com.foggyframework.dataviewer.service.QueryScopeConstraintServiceTest	com.foggyframework.dataviewer.service.QueryScopeConstraintServiceTest$ModelSpecificConfigTests	2	0	junit-jupiter	c294e72a615bf869415bf865363cc5b158aaadc1b20c9c93ceed8e7227370a34	36fcca1dbcc2d1637720781a61ca3458b58c8659461456b461c71b759edf74e9	e98e1e0fbd11a5a2c7d97224b478b1418c3182c77d9f77bd62074f88780638dd
addons/foggy-data-viewer	v934-src|113:addons/foggy-data-viewer/src/test/java/com/foggyframework/dataviewer/service/QueryScopeConstraintServiceTest.java	com.foggyframework.dataviewer.service.QueryScopeConstraintServiceTest	com.foggyframework.dataviewer.service.QueryScopeConstraintServiceTest$SliceValidationTests	2	0	junit-jupiter	c294e72a615bf869415bf865363cc5b158aaadc1b20c9c93ceed8e7227370a34	36fcca1dbcc2d1637720781a61ca3458b58c8659461456b461c71b759edf74e9	e98e1e0fbd11a5a2c7d97224b478b1418c3182c77d9f77bd62074f88780638dd
addons/foggy-data-viewer	v934-src|116:addons/foggy-data-viewer/src/test/java/com/foggyframework/dataviewer/service/TableDefaultQueryConfigServiceTest.java	com.foggyframework.dataviewer.service.TableDefaultQueryConfigServiceTest	com.foggyframework.dataviewer.service.TableDefaultQueryConfigServiceTest	4	0	junit-jupiter	364223c469b4c05acc2c647fed4451147d5d104f2a6419f6a17b89bba80c4f5e	36fcca1dbcc2d1637720781a61ca3458b58c8659461456b461c71b759edf74e9	e98e1e0fbd11a5a2c7d97224b478b1418c3182c77d9f77bd62074f88780638dd
addons/foggy-data-viewer	v934-src|128:addons/foggy-data-viewer/src/test/java/com/foggyframework/dataviewer/service/listpreset/MongoListPresetStoreIntegrationTest.java	com.foggyframework.dataviewer.service.listpreset.MongoListPresetStoreIntegrationTest	com.foggyframework.dataviewer.service.listpreset.MongoListPresetStoreIntegrationTest	3	0	junit-jupiter	be0c00972b10211ce202f6b5b6c598caaf29eb51c21b5f8315ddeb92fb2e82f8	36fcca1dbcc2d1637720781a61ca3458b58c8659461456b461c71b759edf74e9	e98e1e0fbd11a5a2c7d97224b478b1418c3182c77d9f77bd62074f88780638dd
addons/foggy-data-viewer	v934-src|140:addons/foggy-data-viewer/src/test/java/com/foggyframework/dataviewer/service/tabledefault/PropertiesTableDefaultQueryConfigProviderTest.java	com.foggyframework.dataviewer.service.tabledefault.PropertiesTableDefaultQueryConfigProviderTest	com.foggyframework.dataviewer.service.tabledefault.PropertiesTableDefaultQueryConfigProviderTest	3	0	junit-jupiter	cef944d0c674a6d9481b93ecd70e85f1c27ed081eb351f97a39f4ed907005b4c	36fcca1dbcc2d1637720781a61ca3458b58c8659461456b461c71b759edf74e9	e98e1e0fbd11a5a2c7d97224b478b1418c3182c77d9f77bd62074f88780638dd
addons/foggy-dataset-client	v934-src|108:addons/foggy-dataset-client/src/test/java/com/foggyframework/dataset/client/test/support/AnnotationTest.java	com.foggyframework.dataset.client.test.support.AnnotationTest	com.foggyframework.dataset.client.test.support.AnnotationTest	8	0	junit-jupiter	5a912fbf23bc858f9bd4c589ba2fa397175bd4d699d44e27df9c197ae54edbd7	55fcc685967f484330cff6437b6be54a490583719a71d7e00a5c11994ddd2ccc	c76c785745970079d54562dc81d5db9a51a66d2c297808bb30e24a0522546efa
addons/foggy-dataset-client	v934-src|114:addons/foggy-dataset-client/src/test/java/com/foggyframework/dataset/client/test/support/BeanPropertyListTest.java	com.foggyframework.dataset.client.test.support.BeanPropertyListTest	com.foggyframework.dataset.client.test.support.BeanPropertyListTest	8	0	junit-jupiter	770689e0e23d7ebf03fdc8b44bb27f8c023c2ae291e9d9a6c708a384c15fcac4	55fcc685967f484330cff6437b6be54a490583719a71d7e00a5c11994ddd2ccc	c76c785745970079d54562dc81d5db9a51a66d2c297808bb30e24a0522546efa
addons/foggy-dataset-client	v934-src|116:addons/foggy-dataset-client/src/test/java/com/foggyframework/dataset/client/test/support/DatasetClientProxyTest.java	com.foggyframework.dataset.client.test.support.DatasetClientProxyTest	com.foggyframework.dataset.client.test.support.DatasetClientProxyTest	12	0	junit-jupiter	0af0e41a35e90c2cdf87f79b981610e26d260642640379b9b47eae873ba249c8	55fcc685967f484330cff6437b6be54a490583719a71d7e00a5c11994ddd2ccc	c76c785745970079d54562dc81d5db9a51a66d2c297808bb30e24a0522546efa
addons/foggy-dataset-client	v934-src|111:addons/foggy-dataset-client/src/test/java/com/foggyframework/dataset/client/test/support/ListConverterTest.java	com.foggyframework.dataset.client.test.support.ListConverterTest	com.foggyframework.dataset.client.test.support.ListConverterTest	11	0	junit-jupiter	e5fc2ebb2549284db374e10867ea566db814b65ad5f3053b3e1211e781204cf9	55fcc685967f484330cff6437b6be54a490583719a71d7e00a5c11994ddd2ccc	c76c785745970079d54562dc81d5db9a51a66d2c297808bb30e24a0522546efa
addons/foggy-dataset-client	v934-src|120:addons/foggy-dataset-client/src/test/java/com/foggyframework/dataset/client/test/support/ReturnConverterManagerTest.java	com.foggyframework.dataset.client.test.support.ReturnConverterManagerTest	com.foggyframework.dataset.client.test.support.ReturnConverterManagerTest	12	0	junit-jupiter	b67e1b03134a7980d21e91f1491651bbafa66e74743e5bbdfdce426d2733de51	55fcc685967f484330cff6437b6be54a490583719a71d7e00a5c11994ddd2ccc	c76c785745970079d54562dc81d5db9a51a66d2c297808bb30e24a0522546efa
addons/foggy-dataset-client	v934-src|111:addons/foggy-dataset-client/src/test/java/com/foggyframework/dataset/client/test/support/TestDataSetClient.java	com.foggyframework.dataset.client.test.support.TestDataSetClient	none	0	0	none	784507d847a7ecc6c3dd2dbb95b184ff093c9460add08036d1f8a0a282d40dba	55fcc685967f484330cff6437b6be54a490583719a71d7e00a5c11994ddd2ccc	c76c785745970079d54562dc81d5db9a51a66d2c297808bb30e24a0522546efa
addons/foggy-dataset-graphql	v934-src|116:addons/foggy-dataset-graphql/src/test/java/com/foggyframework/dataset/graphql/GraphqlAddonAutoConfigurationTest.java	com.foggyframework.dataset.graphql.GraphqlAddonAutoConfigurationTest	com.foggyframework.dataset.graphql.GraphqlAddonAutoConfigurationTest	5	0	junit-jupiter	cc6700adae5b343a7f8c69a98cc83ca8e16ea471fe7b889aa89bbda366d98a24	d1b722307991dd22870331d2b31ab1c79c137feb210a6e205f49007a03057b65	c8723c8d43466b68a8d4abc40dccc56ddb68fabf413f66593cb5c6eb8149a59a
addons/foggy-dataset-graphql	v934-src|118:addons/foggy-dataset-graphql/src/test/java/com/foggyframework/dataset/graphql/converter/GraphqlToDslConverterTest.java	com.foggyframework.dataset.graphql.converter.GraphqlToDslConverterTest	com.foggyframework.dataset.graphql.converter.GraphqlToDslConverterTest	7	0	junit-jupiter	31b5b4334ca55d398be7859885589a5a026a04b90c3f8650388c69d9826e242d	d1b722307991dd22870331d2b31ab1c79c137feb210a6e205f49007a03057b65	c8723c8d43466b68a8d4abc40dccc56ddb68fabf413f66593cb5c6eb8149a59a
addons/foggy-dataset-model-cache	v934-src|133:addons/foggy-dataset-model-cache/src/test/java/com/foggyframework/dataset/db/model/cache/fingerprint/QueryFingerprintBuilderTest.java	com.foggyframework.dataset.db.model.cache.fingerprint.QueryFingerprintBuilderTest	com.foggyframework.dataset.db.model.cache.fingerprint.QueryFingerprintBuilderTest	17	0	junit-jupiter	cd7b9038be29d05f54d2a47b5c28e3496223a77fdc0c0712f44f9062fbf1cf51	d47e58dd452caf1cca192babb0cec25d02dce67081d2f16805115274ee8bdcb3	7d31dc35e60db825de7fbefe546da601c52d10e8a3523bf86487e13e32a1466d
addons/foggy-dataset-model-cache	v934-src|126:addons/foggy-dataset-model-cache/src/test/java/com/foggyframework/dataset/db/model/cache/fingerprint/QueryFingerprintTest.java	com.foggyframework.dataset.db.model.cache.fingerprint.QueryFingerprintTest	com.foggyframework.dataset.db.model.cache.fingerprint.QueryFingerprintTest	12	0	junit-jupiter	a73700fd788005ab897938d0846f6ae8e68e59177c7a68b7ff3494a483657214	d47e58dd452caf1cca192babb0cec25d02dce67081d2f16805115274ee8bdcb3	7d31dc35e60db825de7fbefe546da601c52d10e8a3523bf86487e13e32a1466d
addons/foggy-dataset-model-cache	v934-src|132:addons/foggy-dataset-model-cache/src/test/java/com/foggyframework/dataset/db/model/cache/fingerprint/StableCanonicalEncoderTest.java	com.foggyframework.dataset.db.model.cache.fingerprint.StableCanonicalEncoderTest	com.foggyframework.dataset.db.model.cache.fingerprint.StableCanonicalEncoderTest	4	0	junit-jupiter	4e9630eeb021475e95544ee6959003fbdc2e7979d575009b9a8ca8fadfe6ce80	d47e58dd452caf1cca192babb0cec25d02dce67081d2f16805115274ee8bdcb3	7d31dc35e60db825de7fbefe546da601c52d10e8a3523bf86487e13e32a1466d
addons/foggy-dataset-model-cache	v934-src|144:addons/foggy-dataset-model-cache/src/test/java/com/foggyframework/dataset/db/model/cache/lifecycle/realquery/QueryCacheLifecycleRealQueryIT.java	com.foggyframework.dataset.db.model.cache.lifecycle.realquery.QueryCacheLifecycleRealQueryIT	com.foggyframework.dataset.db.model.cache.lifecycle.realquery.QueryCacheLifecycleRealQueryIT	2	0	junit-jupiter	a2ab852f80ad50b133de67002b57e8df5205a1e4d00ea5e0af227485f66ca374	d47e58dd452caf1cca192babb0cec25d02dce67081d2f16805115274ee8bdcb3	7d31dc35e60db825de7fbefe546da601c52d10e8a3523bf86487e13e32a1466d
addons/foggy-dataset-model-cache	v934-src|163:addons/foggy-dataset-model-cache/src/test/java/com/foggyframework/dataset/db/model/cache/provider/CaffeineQueryCacheProviderDataSourceIsolationIntegrationTest.java	com.foggyframework.dataset.db.model.cache.provider.CaffeineQueryCacheProviderDataSourceIsolationIntegrationTest	com.foggyframework.dataset.db.model.cache.provider.CaffeineQueryCacheProviderDataSourceIsolationIntegrationTest	1	0	junit-jupiter	7066b7cc9f3552fc8ee6ab704878e39259d3c16e9760d4bf0427a5ed10c30dba	d47e58dd452caf1cca192babb0cec25d02dce67081d2f16805115274ee8bdcb3	7d31dc35e60db825de7fbefe546da601c52d10e8a3523bf86487e13e32a1466d
addons/foggy-dataset-model-cache	v934-src|133:addons/foggy-dataset-model-cache/src/test/java/com/foggyframework/dataset/db/model/cache/provider/CaffeineQueryCacheProviderTest.java	com.foggyframework.dataset.db.model.cache.provider.CaffeineQueryCacheProviderTest	com.foggyframework.dataset.db.model.cache.provider.CaffeineQueryCacheProviderTest	30	0	junit-jupiter	1e36f61279d5d0d844b80428f6d02c4eb4df525a82a9c6b600e2fa54482bfd94	d47e58dd452caf1cca192babb0cec25d02dce67081d2f16805115274ee8bdcb3	7d31dc35e60db825de7fbefe546da601c52d10e8a3523bf86487e13e32a1466d
addons/foggy-dataset-model-cache	v934-src|141:addons/foggy-dataset-model-cache/src/test/java/com/foggyframework/dataset/db/model/cache/provider/QueryCacheKeyBuilderStrongIdentityTest.java	com.foggyframework.dataset.db.model.cache.provider.QueryCacheKeyBuilderStrongIdentityTest	com.foggyframework.dataset.db.model.cache.provider.QueryCacheKeyBuilderStrongIdentityTest	12	0	junit-jupiter	51d3c72b878757f77db855690e1c3e9e840679f1a0d01055ba9c2b48fbeb1644	d47e58dd452caf1cca192babb0cec25d02dce67081d2f16805115274ee8bdcb3	7d31dc35e60db825de7fbefe546da601c52d10e8a3523bf86487e13e32a1466d
addons/foggy-dataset-model-cache	v934-src|143:addons/foggy-dataset-model-cache/src/test/java/com/foggyframework/dataset/db/model/cache/provider/QueryCacheKeyCrossApplicationContextTest.java	com.foggyframework.dataset.db.model.cache.provider.QueryCacheKeyCrossApplicationContextTest	com.foggyframework.dataset.db.model.cache.provider.QueryCacheKeyCrossApplicationContextTest	1	0	junit-jupiter	96c752c425274e076209a54d02ae0c18643cc96fc016627fbfaafea6b4b8de9a	d47e58dd452caf1cca192babb0cec25d02dce67081d2f16805115274ee8bdcb3	7d31dc35e60db825de7fbefe546da601c52d10e8a3523bf86487e13e32a1466d
addons/foggy-dataset-model-cache	v934-src|123:addons/foggy-dataset-model-cache/src/test/java/com/foggyframework/dataset/db/model/cache/provider/RedisCrossJvmCacheIT.java	com.foggyframework.dataset.db.model.cache.provider.RedisCrossJvmCacheIT	com.foggyframework.dataset.db.model.cache.provider.RedisCrossJvmCacheIT	1	0	junit-jupiter	f85a5b3001db237715bda4c60bc21ee250ad744fa4e4f2af4e81965a7e85c727	d47e58dd452caf1cca192babb0cec25d02dce67081d2f16805115274ee8bdcb3	7d31dc35e60db825de7fbefe546da601c52d10e8a3523bf86487e13e32a1466d
addons/foggy-dataset-model-cache	v934-src|130:addons/foggy-dataset-model-cache/src/test/java/com/foggyframework/dataset/db/model/cache/provider/RedisQueryCacheProviderTest.java	com.foggyframework.dataset.db.model.cache.provider.RedisQueryCacheProviderTest	com.foggyframework.dataset.db.model.cache.provider.RedisQueryCacheProviderTest	25	0	junit-jupiter	df22b66a6aa0e8f9edd1338b5cbed4e4426998cab14a5ce7b3013faeffd56f4c	d47e58dd452caf1cca192babb0cec25d02dce67081d2f16805115274ee8bdcb3	7d31dc35e60db825de7fbefe546da601c52d10e8a3523bf86487e13e32a1466d
addons/foggy-dataset-model-cache	v934-src|123:addons/foggy-dataset-model-cache/src/test/java/io/foggytest/autoconfigure/cache/QueryCacheAutoConfigurationContextTest.java	io.foggytest.autoconfigure.cache.QueryCacheAutoConfigurationContextTest	io.foggytest.autoconfigure.cache.QueryCacheAutoConfigurationContextTest	14	0	junit-jupiter	8b1d7bea65a089a8139070f8320ebd23c22a6daf89c8bf3515d9b960356eef36	d47e58dd452caf1cca192babb0cec25d02dce67081d2f16805115274ee8bdcb3	7d31dc35e60db825de7fbefe546da601c52d10e8a3523bf86487e13e32a1466d
addons/foggy-dataset-model-mongo	v934-src|114:addons/foggy-dataset-model-mongo/src/test/java/com/foggyframework/dataset/db/model/mongo/McpAuditLogMongoTest.java	com.foggyframework.dataset.db.model.mongo.McpAuditLogMongoTest	com.foggyframework.dataset.db.model.mongo.McpAuditLogMongoTest	12	0	junit-jupiter	25f9b2b1c50e64c627c72e21464a03a9d8699495bac132668e48a25c3365c71f	30e062c735f337896586573e2e634beb44066cc57cc2efce7275bcdfaeb593e4	af9a2d3036ef831a70a0a74a11aade3e3651afdb17e5984877835d31570866db
addons/foggy-dataset-model-mongo	v934-src|121:addons/foggy-dataset-model-mongo/src/test/java/com/foggyframework/dataset/db/model/mongo/MongoArrayElementAccessTest.java	com.foggyframework.dataset.db.model.mongo.MongoArrayElementAccessTest	com.foggyframework.dataset.db.model.mongo.MongoArrayElementAccessTest	6	0	junit-jupiter	21ba09c7c083fbdf3724d3b6621a0b9479da9af01e8a608849fd82e07d7eaa69	30e062c735f337896586573e2e634beb44066cc57cc2efce7275bcdfaeb593e4	af9a2d3036ef831a70a0a74a11aade3e3651afdb17e5984877835d31570866db
addons/foggy-dataset-model-mongo	v934-src|129:addons/foggy-dataset-model-mongo/src/test/java/com/foggyframework/dataset/db/model/mongo/MongoCalculatedFieldIntegrationTest.java	com.foggyframework.dataset.db.model.mongo.MongoCalculatedFieldIntegrationTest	com.foggyframework.dataset.db.model.mongo.MongoCalculatedFieldIntegrationTest	9	0	junit-jupiter	3ffeaaf82a8d333f33ddc772c37233b1f3f5c1f07a4894e4457ed386235a7be7	30e062c735f337896586573e2e634beb44066cc57cc2efce7275bcdfaeb593e4	af9a2d3036ef831a70a0a74a11aade3e3651afdb17e5984877835d31570866db
addons/foggy-dataset-model-mongo	v934-src|130:addons/foggy-dataset-model-mongo/src/test/java/com/foggyframework/dataset/db/model/mongo/expression/MongoAllowedFunctionsTest.java	com.foggyframework.dataset.db.model.mongo.expression.MongoAllowedFunctionsTest	com.foggyframework.dataset.db.model.mongo.expression.MongoAllowedFunctionsTest	13	0	junit-jupiter	4259b81f0af9bd6abb8427f7de5aca073d2d02ff2c4a10fbfc42e677a6c55917	30e062c735f337896586573e2e634beb44066cc57cc2efce7275bcdfaeb593e4	af9a2d3036ef831a70a0a74a11aade3e3651afdb17e5984877835d31570866db
addons/foggy-dataset-model-mongo	v934-src|122:addons/foggy-dataset-model-mongo/src/test/java/com/foggyframework/dataset/db/model/mongo/expression/MongoFragmentTest.java	com.foggyframework.dataset.db.model.mongo.expression.MongoFragmentTest	com.foggyframework.dataset.db.model.mongo.expression.MongoFragmentTest	29	0	junit-jupiter	1ab549366f2f3d234b50a716f6096836011c855d8476cf06418f61b9b0b30139	30e062c735f337896586573e2e634beb44066cc57cc2efce7275bcdfaeb593e4	af9a2d3036ef831a70a0a74a11aade3e3651afdb17e5984877835d31570866db
addons/foggy-dataset-model-mongo	v934-src|129:addons/foggy-dataset-model-mongo/src/test/java/io/foggytest/autoconfigure/modelmongo/MongoModelAutoConfigurationContractTest.java	io.foggytest.autoconfigure.modelmongo.MongoModelAutoConfigurationContractTest	io.foggytest.autoconfigure.modelmongo.MongoModelAutoConfigurationContractTest	6	0	junit-jupiter	fca8fe72282916e26c19f80c1153e7dbb0826cad44724c49d1d9f255de83ed47	30e062c735f337896586573e2e634beb44066cc57cc2efce7275bcdfaeb593e4	af9a2d3036ef831a70a0a74a11aade3e3651afdb17e5984877835d31570866db
addons/foggy-dataset-model-preagg	v934-src|120:addons/foggy-dataset-model-preagg/src/test/java/com/foggyframework/dataset/db/model/preagg/ddl/PreAggSqlBuilderTest.java	com.foggyframework.dataset.db.model.preagg.ddl.PreAggSqlBuilderTest	com.foggyframework.dataset.db.model.preagg.ddl.PreAggSqlBuilderTest	7	0	junit-jupiter	5339df764333a966455109e1e4ea4d141b7b6d66e46713f11f765de9698889c4	22208f2c52e1000b89ec3f009ad35b01468f37bcd26a2d6ba391420ca074d8af	701654fe71f4ec72aa4cd79e4995d810d94eaf7180a7dcf47974eb98dc0b9087
addons/foggy-dataset-model-preagg	v934-src|127:addons/foggy-dataset-model-preagg/src/test/java/com/foggyframework/dataset/db/model/preagg/refresh/FullRefreshStrategyTest.java	com.foggyframework.dataset.db.model.preagg.refresh.FullRefreshStrategyTest	com.foggyframework.dataset.db.model.preagg.refresh.FullRefreshStrategyTest	3	0	junit-jupiter	a2f988810dfb9945dc479659bf91fa626ed0ac88c419c3e9cb518e2bf5798a83	22208f2c52e1000b89ec3f009ad35b01468f37bcd26a2d6ba391420ca074d8af	701654fe71f4ec72aa4cd79e4995d810d94eaf7180a7dcf47974eb98dc0b9087
addons/foggy-dataset-model-preagg	v934-src|134:addons/foggy-dataset-model-preagg/src/test/java/com/foggyframework/dataset/db/model/preagg/refresh/IncrementalRefreshStrategyTest.java	com.foggyframework.dataset.db.model.preagg.refresh.IncrementalRefreshStrategyTest	com.foggyframework.dataset.db.model.preagg.refresh.IncrementalRefreshStrategyTest	5	0	junit-jupiter	338e7999a7c5ca217edbc4c33bb32666937a36dcc845c187f047dcfebe001a90	22208f2c52e1000b89ec3f009ad35b01468f37bcd26a2d6ba391420ca074d8af	701654fe71f4ec72aa4cd79e4995d810d94eaf7180a7dcf47974eb98dc0b9087
addons/foggy-dataset-model-vector	v934-src|116:addons/foggy-dataset-model-vector/src/test/java/com/foggyframework/dataset/db/model/vector/EmbeddingServiceTest.java	com.foggyframework.dataset.db.model.vector.EmbeddingServiceTest	com.foggyframework.dataset.db.model.vector.EmbeddingServiceTest	15	0	junit-jupiter	02fa80af01b82582b69bd56b843f7abda690d364522c631dc7e1c4212b46bd14	68b6eff43b545e197ce0c0c0e0696703763cfdaf8120129aa48bf11d41fd304b	27fb6ead2f0c0c09329bf415f56b944c6f6ceb633bc905b83742341627e74c59
addons/foggy-dataset-model-vector	v934-src|115:addons/foggy-dataset-model-vector/src/test/java/com/foggyframework/dataset/db/model/vector/FilterConditionTest.java	com.foggyframework.dataset.db.model.vector.FilterConditionTest	com.foggyframework.dataset.db.model.vector.FilterConditionTest	13	0	junit-jupiter	352c8d96c34edb29bf829a7b2481074904cb45e37292c3089869832b5aabc9d7	68b6eff43b545e197ce0c0c0e0696703763cfdaf8120129aa48bf11d41fd304b	27fb6ead2f0c0c09329bf415f56b944c6f6ceb633bc905b83742341627e74c59
addons/foggy-dataset-model-vector	v934-src|114:addons/foggy-dataset-model-vector/src/test/java/com/foggyframework/dataset/db/model/vector/VectorDbConfigTest.java	com.foggyframework.dataset.db.model.vector.VectorDbConfigTest	com.foggyframework.dataset.db.model.vector.VectorDbConfigTest	10	0	junit-jupiter	08bdb008eee142d43f96302e3af3c068c1f921a5ab29896e5ec4fb6ed4dc61b0	68b6eff43b545e197ce0c0c0e0696703763cfdaf8120129aa48bf11d41fd304b	27fb6ead2f0c0c09329bf415f56b944c6f6ceb633bc905b83742341627e74c59
addons/foggy-dataset-model-vector	v934-src|117:addons/foggy-dataset-model-vector/src/test/java/com/foggyframework/dataset/db/model/vector/VectorIntegrationTest.java	com.foggyframework.dataset.db.model.vector.VectorIntegrationTest	com.foggyframework.dataset.db.model.vector.VectorIntegrationTest	15	0	junit-jupiter	829a00c6ebbeeb0da12de455feaadf6381c51a4169ed07ac9080616e5546307a	68b6eff43b545e197ce0c0c0e0696703763cfdaf8120129aa48bf11d41fd304b	27fb6ead2f0c0c09329bf415f56b944c6f6ceb633bc905b83742341627e74c59
addons/foggy-dataset-model-vector	v934-src|122:addons/foggy-dataset-model-vector/src/test/java/com/foggyframework/dataset/db/model/vector/VectorModelQueryEngineTest.java	com.foggyframework.dataset.db.model.vector.VectorModelQueryEngineTest	com.foggyframework.dataset.db.model.vector.VectorModelQueryEngineTest	15	0	junit-jupiter	5f93047e9bc31d062f471173f5ef7781f50251ad05c2314d535808d8490dd994	68b6eff43b545e197ce0c0c0e0696703763cfdaf8120129aa48bf11d41fd304b	27fb6ead2f0c0c09329bf415f56b944c6f6ceb633bc905b83742341627e74c59
addons/foggy-dataset-model-vector	v934-src|118:addons/foggy-dataset-model-vector/src/test/java/com/foggyframework/dataset/db/model/vector/VectorSearchParamsTest.java	com.foggyframework.dataset.db.model.vector.VectorSearchParamsTest	com.foggyframework.dataset.db.model.vector.VectorSearchParamsTest	11	0	junit-jupiter	571988d1e52a74728161977bde80d0e7552ef16b6c7f4496102926ef71140e5f	68b6eff43b545e197ce0c0c0e0696703763cfdaf8120129aa48bf11d41fd304b	27fb6ead2f0c0c09329bf415f56b944c6f6ceb633bc905b83742341627e74c59
addons/foggy-dataset-model-vector	v934-src|120:addons/foggy-dataset-model-vector/src/test/java/com/foggyframework/dataset/db/model/vector/VectorTableModelImplTest.java	com.foggyframework.dataset.db.model.vector.VectorTableModelImplTest	com.foggyframework.dataset.db.model.vector.VectorTableModelImplTest	12	0	junit-jupiter	30fdbdc5f09acb858d0e87bedc96ceb076fc552f2d501e66f3069aab2e70c3c2	68b6eff43b545e197ce0c0c0e0696703763cfdaf8120129aa48bf11d41fd304b	27fb6ead2f0c0c09329bf415f56b944c6f6ceb633bc905b83742341627e74c59
addons/foggy-dataset-model-vector	v934-src|132:addons/foggy-dataset-model-vector/src/test/java/io/foggytest/autoconfigure/modelvector/VectorModelAutoConfigurationContractTest.java	io.foggytest.autoconfigure.modelvector.VectorModelAutoConfigurationContractTest	io.foggytest.autoconfigure.modelvector.VectorModelAutoConfigurationContractTest	7	0	junit-jupiter	3167cfc9f76640801a1f9f9484af249c9b2672ada14d5ddcddb897bdc16249ab	68b6eff43b545e197ce0c0c0e0696703763cfdaf8120129aa48bf11d41fd304b	27fb6ead2f0c0c09329bf415f56b944c6f6ceb633bc905b83742341627e74c59
addons/foggy-dataset-mongo	v934-src|119:addons/foggy-dataset-mongo/src/test/java/io/foggytest/autoconfigure/mongo/DataSetMongoAutoConfigurationContextTest.java	io.foggytest.autoconfigure.mongo.DataSetMongoAutoConfigurationContextTest	io.foggytest.autoconfigure.mongo.DataSetMongoAutoConfigurationContextTest	6	0	junit-jupiter	6f1ee46e728fbbde1f833ba46fbfb5b53b66731b8312b7c0ddceb3f7f2a4084d	4eabd43607c942f48ac37ae1c3c377345f87426cc28b9d62e042dbe3bcbe43a3	b47941f9d3ce0051aee294780fbdb1d537148b7e67285280f8c1635c4d7d36bf
addons/foggy-dataset-vector	v934-src|94:addons/foggy-dataset-vector/src/test/java/com/foggyframework/dataset/vector/VectorKeyTest.java	com.foggyframework.dataset.vector.VectorKeyTest	com.foggyframework.dataset.vector.VectorKeyTest	3	0	junit-jupiter	d68da7ce49769baf34ea355d5468d772e8f9a3feffdd79125839fb53b85a713f	674d571ae56970e950c974d813847e722bc96afd6a5de0aaf736c043174a57c2	b3b45a1ef2621975d94bfa8e7d8f72fe45f5662c04d1d2d97401d12d67889546
addons/foggy-dataset-vector	v934-src|101:addons/foggy-dataset-vector/src/test/java/com/foggyframework/dataset/vector/VectorStoreQueryTest.java	com.foggyframework.dataset.vector.VectorStoreQueryTest	com.foggyframework.dataset.vector.VectorStoreQueryTest	5	0	junit-jupiter	b33e7cf494196edfa584974ef532e9faf7811212a21710be6f803ad894ae5bc1	674d571ae56970e950c974d813847e722bc96afd6a5de0aaf736c043174a57c2	b3b45a1ef2621975d94bfa8e7d8f72fe45f5662c04d1d2d97401d12d67889546
addons/foggy-dataset-vector	v934-src|119:addons/foggy-dataset-vector/src/test/java/com/foggyframework/dataset/vector/integration/VectorStoreIntegrationTest.java	com.foggyframework.dataset.vector.integration.VectorStoreIntegrationTest	com.foggyframework.dataset.vector.integration.VectorStoreIntegrationTest	5	0	junit-jupiter	23faa996ddd8e9ac3f4ac3c9779b1793d73b503c2b6394d5f5180cea0308f30f	674d571ae56970e950c974d813847e722bc96afd6a5de0aaf736c043174a57c2	b3b45a1ef2621975d94bfa8e7d8f72fe45f5662c04d1d2d97401d12d67889546
addons/foggy-dataset-vector	v934-src|118:addons/foggy-dataset-vector/src/test/java/com/foggyframework/dataset/vector/support/VectorFscriptDataSetModelTest.java	com.foggyframework.dataset.vector.support.VectorFscriptDataSetModelTest	com.foggyframework.dataset.vector.support.VectorFscriptDataSetModelTest	5	0	junit-jupiter	c012fc6c9150092cdfc72778e2eec304cd40b83f7a2a645321c51d114876aa5b	674d571ae56970e950c974d813847e722bc96afd6a5de0aaf736c043174a57c2	b3b45a1ef2621975d94bfa8e7d8f72fe45f5662c04d1d2d97401d12d67889546
addons/foggy-dataset-vector	v934-src|122:addons/foggy-dataset-vector/src/test/java/io/foggytest/autoconfigure/vector/DataSetVectorAutoConfigurationContextTest.java	io.foggytest.autoconfigure.vector.DataSetVectorAutoConfigurationContextTest	io.foggytest.autoconfigure.vector.DataSetVectorAutoConfigurationContextTest	7	0	junit-jupiter	55cafc25c328403cb0e970639e183aa6a679ade377493bdfa85d3e8945990a4f	674d571ae56970e950c974d813847e722bc96afd6a5de0aaf736c043174a57c2	b3b45a1ef2621975d94bfa8e7d8f72fe45f5662c04d1d2d97401d12d67889546
addons/foggy-fsscript-client	v934-src|119:addons/foggy-fsscript-client/src/test/java/com/foggyframework/fsscript/client/test/support/FsscriptClientProxyTest.java	com.foggyframework.fsscript.client.test.support.FsscriptClientProxyTest	com.foggyframework.fsscript.client.test.support.FsscriptClientProxyTest	10	0	junit-jupiter	0ccdf5c5efbb808f82499b41bdad73f27a27513180aa1a42a885c51b48823b8f	fb561bc0af8c72e46caccde82aa668929007b1cb6513d667ee4f4ca374ed90f4	faf8de48882faa6618e8c53f64a37f0e740b2b2a46c3aac594b1c73db22335bf
addons/foggy-fsscript-client	v934-src|114:addons/foggy-fsscript-client/src/test/java/com/foggyframework/fsscript/client/test/support/FsscriptClientTest.java	com.foggyframework.fsscript.client.test.support.FsscriptClientTest	none	0	0	none	c67224a27a3c1648db47e44005449c763c26fdaab22e1794832a92f9095063bd	fb561bc0af8c72e46caccde82aa668929007b1cb6513d667ee4f4ca374ed90f4	faf8de48882faa6618e8c53f64a37f0e740b2b2a46c3aac594b1c73db22335bf
foggy-bean-copy	v934-src|87:foggy-bean-copy/src/test/java/com/foggyframework/bean/copy/utils/Bean2MapUtilsTest.java	com.foggyframework.bean.copy.utils.Bean2MapUtilsTest	com.foggyframework.bean.copy.utils.Bean2MapUtilsTest	23	0	junit-jupiter	b9ebad0e9cc735eeb3674bbb38f9b86f6542aafc04bb3750451cb5e840380800	7b89b19b49b202ea00326711df6e4421438161d8655a29a902fe1f24592b8dfe	80850f8582972452bcd722fa45431fb08cd3aecd0233b6fb8c5ce48e3b735e92
foggy-bean-copy	v934-src|87:foggy-bean-copy/src/test/java/com/foggyframework/bean/copy/utils/Map2BeanUtilsTest.java	com.foggyframework.bean.copy.utils.Map2BeanUtilsTest	com.foggyframework.bean.copy.utils.Map2BeanUtilsTest	4	0	junit-jupiter	64df9662d7bc1b7b535b5ae074b9ce81214d259d29395f90629634d7afa6d678	7b89b19b49b202ea00326711df6e4421438161d8655a29a902fe1f24592b8dfe	80850f8582972452bcd722fa45431fb08cd3aecd0233b6fb8c5ce48e3b735e92
foggy-core	v934-src|75:foggy-core/src/test/java/com/foggyframework/core/common/MapBuilderTest.java	com.foggyframework.core.common.MapBuilderTest	com.foggyframework.core.common.MapBuilderTest	1	0	junit-jupiter	e8c18dbbfe82ffa40a973a1006e33cc29303f88e48ff4259f70dfdfa91b59139	166c89ad0c064245405b6e8381305dcf7af3051b45c6e602b0cc084bc43178b8	fcc8d1bed99f03b126690e4feb3b975bc48a4e88039854904461e0a6559d9e06
foggy-core	v934-src|92:foggy-core/src/test/java/com/foggyframework/core/spring/bean/FoggyBeanPostProcessorTest.java	com.foggyframework.core.spring.bean.FoggyBeanPostProcessorTest	com.foggyframework.core.spring.bean.FoggyBeanPostProcessorTest	1	0	junit-jupiter	a7c2fd53ebe1b839d1125bf4f678ced54d6ba4441077c352bcfed303361eda20	166c89ad0c064245405b6e8381305dcf7af3051b45c6e602b0cc084bc43178b8	fcc8d1bed99f03b126690e4feb3b975bc48a4e88039854904461e0a6559d9e06
foggy-core	v934-src|87:foggy-core/src/test/java/com/foggyframework/core/spring/bean/TestFoggyMethodFilter.java	com.foggyframework.core.spring.bean.TestFoggyMethodFilter	none	0	0	none	f3ddd08fc05f2bb271461e4e452330ec01a219c886bded426bbc91feea1fd0d3	166c89ad0c064245405b6e8381305dcf7af3051b45c6e602b0cc084bc43178b8	fcc8d1bed99f03b126690e4feb3b975bc48a4e88039854904461e0a6559d9e06
foggy-core	v934-src|87:foggy-core/src/test/java/com/foggyframework/core/spring/bean/annotation/TestMethod.java	com.foggyframework.core.spring.bean.annotation.TestMethod	none	0	0	none	882ed1214d9ee755c1b1eefa318462087c758cbb55408c59665512ad57a75ba0	166c89ad0c064245405b6e8381305dcf7af3051b45c6e602b0cc084bc43178b8	fcc8d1bed99f03b126690e4feb3b975bc48a4e88039854904461e0a6559d9e06
foggy-core	v934-src|91:foggy-core/src/test/java/com/foggyframework/core/trans/ObjectTransFormatterBooleanTest.java	com.foggyframework.core.trans.ObjectTransFormatterBooleanTest	com.foggyframework.core.trans.ObjectTransFormatterBooleanTest	1	0	junit-jupiter	45ed5bceeacf394cbf45f9588827984e5f25f1a15381b95808c2e73a98ef28d6	166c89ad0c064245405b6e8381305dcf7af3051b45c6e602b0cc084bc43178b8	fcc8d1bed99f03b126690e4feb3b975bc48a4e88039854904461e0a6559d9e06
foggy-core	v934-src|91:foggy-core/src/test/java/com/foggyframework/core/trans/ObjectTransFormatterBooleanTest.java	com.foggyframework.core.trans.ObjectTransFormatterBooleanTest	com.foggyframework.core.trans.ObjectTransFormatterBooleanTest$BigDecimalTests	4	0	junit-jupiter	45ed5bceeacf394cbf45f9588827984e5f25f1a15381b95808c2e73a98ef28d6	166c89ad0c064245405b6e8381305dcf7af3051b45c6e602b0cc084bc43178b8	fcc8d1bed99f03b126690e4feb3b975bc48a4e88039854904461e0a6559d9e06
foggy-core	v934-src|91:foggy-core/src/test/java/com/foggyframework/core/trans/ObjectTransFormatterBooleanTest.java	com.foggyframework.core.trans.ObjectTransFormatterBooleanTest	com.foggyframework.core.trans.ObjectTransFormatterBooleanTest$BigIntegerTests	2	0	junit-jupiter	45ed5bceeacf394cbf45f9588827984e5f25f1a15381b95808c2e73a98ef28d6	166c89ad0c064245405b6e8381305dcf7af3051b45c6e602b0cc084bc43178b8	fcc8d1bed99f03b126690e4feb3b975bc48a4e88039854904461e0a6559d9e06
foggy-core	v934-src|91:foggy-core/src/test/java/com/foggyframework/core/trans/ObjectTransFormatterBooleanTest.java	com.foggyframework.core.trans.ObjectTransFormatterBooleanTest	com.foggyframework.core.trans.ObjectTransFormatterBooleanTest$BooleanTests	2	0	junit-jupiter	45ed5bceeacf394cbf45f9588827984e5f25f1a15381b95808c2e73a98ef28d6	166c89ad0c064245405b6e8381305dcf7af3051b45c6e602b0cc084bc43178b8	fcc8d1bed99f03b126690e4feb3b975bc48a4e88039854904461e0a6559d9e06
foggy-core	v934-src|91:foggy-core/src/test/java/com/foggyframework/core/trans/ObjectTransFormatterBooleanTest.java	com.foggyframework.core.trans.ObjectTransFormatterBooleanTest	com.foggyframework.core.trans.ObjectTransFormatterBooleanTest$ByteTests	2	0	junit-jupiter	45ed5bceeacf394cbf45f9588827984e5f25f1a15381b95808c2e73a98ef28d6	166c89ad0c064245405b6e8381305dcf7af3051b45c6e602b0cc084bc43178b8	fcc8d1bed99f03b126690e4feb3b975bc48a4e88039854904461e0a6559d9e06
foggy-core	v934-src|91:foggy-core/src/test/java/com/foggyframework/core/trans/ObjectTransFormatterBooleanTest.java	com.foggyframework.core.trans.ObjectTransFormatterBooleanTest	com.foggyframework.core.trans.ObjectTransFormatterBooleanTest$DoubleTests	4	0	junit-jupiter	45ed5bceeacf394cbf45f9588827984e5f25f1a15381b95808c2e73a98ef28d6	166c89ad0c064245405b6e8381305dcf7af3051b45c6e602b0cc084bc43178b8	fcc8d1bed99f03b126690e4feb3b975bc48a4e88039854904461e0a6559d9e06
foggy-core	v934-src|91:foggy-core/src/test/java/com/foggyframework/core/trans/ObjectTransFormatterBooleanTest.java	com.foggyframework.core.trans.ObjectTransFormatterBooleanTest	com.foggyframework.core.trans.ObjectTransFormatterBooleanTest$FloatTests	2	0	junit-jupiter	45ed5bceeacf394cbf45f9588827984e5f25f1a15381b95808c2e73a98ef28d6	166c89ad0c064245405b6e8381305dcf7af3051b45c6e602b0cc084bc43178b8	fcc8d1bed99f03b126690e4feb3b975bc48a4e88039854904461e0a6559d9e06
foggy-core	v934-src|91:foggy-core/src/test/java/com/foggyframework/core/trans/ObjectTransFormatterBooleanTest.java	com.foggyframework.core.trans.ObjectTransFormatterBooleanTest	com.foggyframework.core.trans.ObjectTransFormatterBooleanTest$IntegerTests	3	0	junit-jupiter	45ed5bceeacf394cbf45f9588827984e5f25f1a15381b95808c2e73a98ef28d6	166c89ad0c064245405b6e8381305dcf7af3051b45c6e602b0cc084bc43178b8	fcc8d1bed99f03b126690e4feb3b975bc48a4e88039854904461e0a6559d9e06
foggy-core	v934-src|91:foggy-core/src/test/java/com/foggyframework/core/trans/ObjectTransFormatterBooleanTest.java	com.foggyframework.core.trans.ObjectTransFormatterBooleanTest	com.foggyframework.core.trans.ObjectTransFormatterBooleanTest$LongTests	3	0	junit-jupiter	45ed5bceeacf394cbf45f9588827984e5f25f1a15381b95808c2e73a98ef28d6	166c89ad0c064245405b6e8381305dcf7af3051b45c6e602b0cc084bc43178b8	fcc8d1bed99f03b126690e4feb3b975bc48a4e88039854904461e0a6559d9e06
foggy-core	v934-src|91:foggy-core/src/test/java/com/foggyframework/core/trans/ObjectTransFormatterBooleanTest.java	com.foggyframework.core.trans.ObjectTransFormatterBooleanTest	com.foggyframework.core.trans.ObjectTransFormatterBooleanTest$ShortTests	2	0	junit-jupiter	45ed5bceeacf394cbf45f9588827984e5f25f1a15381b95808c2e73a98ef28d6	166c89ad0c064245405b6e8381305dcf7af3051b45c6e602b0cc084bc43178b8	fcc8d1bed99f03b126690e4feb3b975bc48a4e88039854904461e0a6559d9e06
foggy-core	v934-src|91:foggy-core/src/test/java/com/foggyframework/core/trans/ObjectTransFormatterBooleanTest.java	com.foggyframework.core.trans.ObjectTransFormatterBooleanTest	com.foggyframework.core.trans.ObjectTransFormatterBooleanTest$StringTests	5	0	junit-jupiter	45ed5bceeacf394cbf45f9588827984e5f25f1a15381b95808c2e73a98ef28d6	166c89ad0c064245405b6e8381305dcf7af3051b45c6e602b0cc084bc43178b8	fcc8d1bed99f03b126690e4feb3b975bc48a4e88039854904461e0a6559d9e06
foggy-core	v934-src|74:foggy-core/src/test/java/com/foggyframework/core/utils/ClazzUtilsTest.java	com.foggyframework.core.utils.ClazzUtilsTest	com.foggyframework.core.utils.ClazzUtilsTest	4	0	junit-jupiter	20ac816d3c2087213e706ab06ccf52716678f22896baa0a9beda7490f93fd6ba	166c89ad0c064245405b6e8381305dcf7af3051b45c6e602b0cc084bc43178b8	fcc8d1bed99f03b126690e4feb3b975bc48a4e88039854904461e0a6559d9e06
foggy-core	v934-src|73:foggy-core/src/test/java/com/foggyframework/core/utils/DateUtilsTest.java	com.foggyframework.core.utils.DateUtilsTest	com.foggyframework.core.utils.DateUtilsTest	6	0	junit-jupiter	9d2ac2d171a931ff733dd56f4c14178c0e0998b6e05cc65d8c8856f08f54852a	166c89ad0c064245405b6e8381305dcf7af3051b45c6e602b0cc084bc43178b8	fcc8d1bed99f03b126690e4feb3b975bc48a4e88039854904461e0a6559d9e06
foggy-core	v934-src|73:foggy-core/src/test/java/com/foggyframework/core/utils/FileUtilsTest.java	com.foggyframework.core.utils.FileUtilsTest	com.foggyframework.core.utils.FileUtilsTest	1	0	junit-jupiter	9eca307a2f16ca01a78532885676eb6478b809e1326b0a70d2615f71b62de780	166c89ad0c064245405b6e8381305dcf7af3051b45c6e602b0cc084bc43178b8	fcc8d1bed99f03b126690e4feb3b975bc48a4e88039854904461e0a6559d9e06
foggy-core	v934-src|78:foggy-core/src/test/java/com/foggyframework/core/utils/FoggyBeanUtilsTest.java	com.foggyframework.core.utils.FoggyBeanUtilsTest	com.foggyframework.core.utils.FoggyBeanUtilsTest	3	0	junit-jupiter	cd98a9853ad7933ae224aad89220de31148fee3e7d74654989fa211f87c15b05	166c89ad0c064245405b6e8381305dcf7af3051b45c6e602b0cc084bc43178b8	fcc8d1bed99f03b126690e4feb3b975bc48a4e88039854904461e0a6559d9e06
foggy-core	v934-src|73:foggy-core/src/test/java/com/foggyframework/core/utils/JsonUtilsTest.java	com.foggyframework.core.utils.JsonUtilsTest	com.foggyframework.core.utils.JsonUtilsTest	3	0	junit-jupiter	447cd680b6d961f24deec7689ade18200e459ad62ce09f3c3ef45ce9d6647a3a	166c89ad0c064245405b6e8381305dcf7af3051b45c6e602b0cc084bc43178b8	fcc8d1bed99f03b126690e4feb3b975bc48a4e88039854904461e0a6559d9e06
foggy-core	v934-src|75:foggy-core/src/test/java/com/foggyframework/core/utils/NumberUtilsTest.java	com.foggyframework.core.utils.NumberUtilsTest	com.foggyframework.core.utils.NumberUtilsTest	11	0	junit-jupiter	f000c92f317e3e159ff5c1a228aa76eb0d5edcce3b631e589b19fb32214ea9cf	166c89ad0c064245405b6e8381305dcf7af3051b45c6e602b0cc084bc43178b8	fcc8d1bed99f03b126690e4feb3b975bc48a4e88039854904461e0a6559d9e06
foggy-core	v934-src|75:foggy-core/src/test/java/com/foggyframework/core/utils/StringUtilsTest.java	com.foggyframework.core.utils.StringUtilsTest	com.foggyframework.core.utils.StringUtilsTest	16	0	junit-jupiter	6f9d1fe8472efc8365207578bfa96c9ff4ff34ea78698f1048189af1d72de1c0	166c89ad0c064245405b6e8381305dcf7af3051b45c6e602b0cc084bc43178b8	fcc8d1bed99f03b126690e4feb3b975bc48a4e88039854904461e0a6559d9e06
foggy-core	v934-src|89:foggy-core/src/test/java/com/foggyframework/core/utils/beanhelper/BeanInfoHelperTest.java	com.foggyframework.core.utils.beanhelper.BeanInfoHelperTest	com.foggyframework.core.utils.beanhelper.BeanInfoHelperTest	4	0	junit-jupiter	48379bdbf06f1266e0a72495e75e8e4f1d1f2934caf536f9a7aa8ccef19d8ac5	166c89ad0c064245405b6e8381305dcf7af3051b45c6e602b0cc084bc43178b8	fcc8d1bed99f03b126690e4feb3b975bc48a4e88039854904461e0a6559d9e06
foggy-core	v934-src|91:foggy-core/src/test/java/com/foggyframework/core/utils/file/WatchServiceFileTracerTest.java	com.foggyframework.core.utils.file.WatchServiceFileTracerTest	com.foggyframework.core.utils.file.WatchServiceFileTracerTest	11	0	junit-jupiter	9400e6b4b3cba63d9dede9ff6bb26e1b3c7ee97475172ff846c3af259acf662c	166c89ad0c064245405b6e8381305dcf7af3051b45c6e602b0cc084bc43178b8	fcc8d1bed99f03b126690e4feb3b975bc48a4e88039854904461e0a6559d9e06
foggy-core	v934-src|94:foggy-core/src/test/java/com/foggyframework/core/utils/resource/DefaultResourceFinderTest.java	com.foggyframework.core.utils.resource.DefaultResourceFinderTest	com.foggyframework.core.utils.resource.DefaultResourceFinderTest	3	0	junit-jupiter	6058df214166e4b1192a55e6634ff16c0bc46af616cf061da9c93fb649d06824	166c89ad0c064245405b6e8381305dcf7af3051b45c6e602b0cc084bc43178b8	fcc8d1bed99f03b126690e4feb3b975bc48a4e88039854904461e0a6559d9e06
foggy-dataset-mcp	v934-src|94:foggy-dataset-mcp/src/test/java/com/foggyframework/dataset/mcp/ai/AiTestReportSummaryTest.java	com.foggyframework.dataset.mcp.ai.AiTestReportSummaryTest	com.foggyframework.dataset.mcp.ai.AiTestReportSummaryTest	14	0	junit-jupiter	303e3ad016589ddc745ec40aeca851df049b1442c6cebe48ef2006163d3e0e1b	041d3c4cf7d3e0e9599b3001fdfe920beb1b3e6ea005ed3ce387048a14596c45	aa923ebb5f4dd09cf52c5da8a3a1d9a1883fa9dcba9ca544febee4f80f25a3e8
foggy-dataset-mcp	v934-src|93:foggy-dataset-mcp/src/test/java/com/foggyframework/dataset/mcp/ai/AiToolsIntegrationTest.java	com.foggyframework.dataset.mcp.ai.AiToolsIntegrationTest	com.foggyframework.dataset.mcp.ai.AiToolsIntegrationTest	3	0	junit-jupiter	4103df7f091b010a68a7725f0a8aab8e612f1689cc8359d1ff95429a419b0589	041d3c4cf7d3e0e9599b3001fdfe920beb1b3e6ea005ed3ce387048a14596c45	aa923ebb5f4dd09cf52c5da8a3a1d9a1883fa9dcba9ca544febee4f80f25a3e8
foggy-dataset-mcp	v934-src|93:foggy-dataset-mcp/src/test/java/com/foggyframework/dataset/mcp/ai/AiToolsIntegrationTest.java	com.foggyframework.dataset.mcp.ai.AiToolsIntegrationTest	com.foggyframework.dataset.mcp.ai.AiToolsIntegrationTest$AiModelCallTest	1	0	junit-jupiter	4103df7f091b010a68a7725f0a8aab8e612f1689cc8359d1ff95429a419b0589	041d3c4cf7d3e0e9599b3001fdfe920beb1b3e6ea005ed3ce387048a14596c45	aa923ebb5f4dd09cf52c5da8a3a1d9a1883fa9dcba9ca544febee4f80f25a3e8
foggy-dataset-mcp	v934-src|93:foggy-dataset-mcp/src/test/java/com/foggyframework/dataset/mcp/ai/AiToolsIntegrationTest.java	com.foggyframework.dataset.mcp.ai.AiToolsIntegrationTest	com.foggyframework.dataset.mcp.ai.AiToolsIntegrationTest$DirectToolCallTest	4	0	junit-jupiter	4103df7f091b010a68a7725f0a8aab8e612f1689cc8359d1ff95429a419b0589	041d3c4cf7d3e0e9599b3001fdfe920beb1b3e6ea005ed3ce387048a14596c45	aa923ebb5f4dd09cf52c5da8a3a1d9a1883fa9dcba9ca544febee4f80f25a3e8
foggy-dataset-mcp	v934-src|88:foggy-dataset-mcp/src/test/java/com/foggyframework/dataset/mcp/ai/EcommerceTestCase.java	com.foggyframework.dataset.mcp.ai.EcommerceTestCase	none	0	0	none	35376954a78778e23af66ddca033a4872bee16863b086af18b60d332eef633df	041d3c4cf7d3e0e9599b3001fdfe920beb1b3e6ea005ed3ce387048a14596c45	aa923ebb5f4dd09cf52c5da8a3a1d9a1883fa9dcba9ca544febee4f80f25a3e8
foggy-dataset-mcp	v934-src|90:foggy-dataset-mcp/src/test/java/com/foggyframework/dataset/mcp/ai/ResultValidatorTest.java	com.foggyframework.dataset.mcp.ai.ResultValidatorTest	com.foggyframework.dataset.mcp.ai.ResultValidatorTest	14	0	junit-jupiter	eb1899746d19e4811112febf728ead3925aedc171983f50e67491d2fb3e6118d	041d3c4cf7d3e0e9599b3001fdfe920beb1b3e6ea005ed3ce387048a14596c45	aa923ebb5f4dd09cf52c5da8a3a1d9a1883fa9dcba9ca544febee4f80f25a3e8
foggy-dataset-mcp	v934-src|95:foggy-dataset-mcp/src/test/java/com/foggyframework/dataset/mcp/ai/SpringAiTestExecutorTest.java	com.foggyframework.dataset.mcp.ai.SpringAiTestExecutorTest	com.foggyframework.dataset.mcp.ai.SpringAiTestExecutorTest	8	0	junit-jupiter	8d7fbae10620a9c0371eae9d3693350c1de2154f75e5f6f5045967e9eb36e575	041d3c4cf7d3e0e9599b3001fdfe920beb1b3e6ea005ed3ce387048a14596c45	aa923ebb5f4dd09cf52c5da8a3a1d9a1883fa9dcba9ca544febee4f80f25a3e8
foggy-dataset-mcp	v934-src|85:foggy-dataset-mcp/src/test/java/com/foggyframework/dataset/mcp/ai/TestCaseLoader.java	com.foggyframework.dataset.mcp.ai.TestCaseLoader	none	0	0	none	0ef4ae1eed140c73ffe1515195463ea04185f349d8354ee9a1ec6e0a3e1758ff	041d3c4cf7d3e0e9599b3001fdfe920beb1b3e6ea005ed3ce387048a14596c45	aa923ebb5f4dd09cf52c5da8a3a1d9a1883fa9dcba9ca544febee4f80f25a3e8
foggy-dataset-mcp	v934-src|84:foggy-dataset-mcp/src/test/java/com/foggyframework/dataset/mcp/base/BaseMcpTest.java	com.foggyframework.dataset.mcp.base.BaseMcpTest	none	0	0	none	11c434f01223223c76819f474910f1e679c3605f2dbedb0ee796f890d2605950	041d3c4cf7d3e0e9599b3001fdfe920beb1b3e6ea005ed3ce387048a14596c45	aa923ebb5f4dd09cf52c5da8a3a1d9a1883fa9dcba9ca544febee4f80f25a3e8
foggy-dataset-mcp	v934-src|99:foggy-dataset-mcp/src/test/java/com/foggyframework/dataset/mcp/config/McpPropertiesBindingTest.java	com.foggyframework.dataset.mcp.config.McpPropertiesBindingTest	com.foggyframework.dataset.mcp.config.McpPropertiesBindingTest	1	0	junit-jupiter	26f31a27795a27ece2465e207387b497c35494b1986475537830b920c0df4f7f	041d3c4cf7d3e0e9599b3001fdfe920beb1b3e6ea005ed3ce387048a14596c45	aa923ebb5f4dd09cf52c5da8a3a1d9a1883fa9dcba9ca544febee4f80f25a3e8
foggy-dataset-mcp	v934-src|101:foggy-dataset-mcp/src/test/java/com/foggyframework/dataset/mcp/controller/AdminMcpControllerTest.java	com.foggyframework.dataset.mcp.controller.AdminMcpControllerTest	com.foggyframework.dataset.mcp.controller.AdminMcpControllerTest	0	0	junit-jupiter	cd4243760c86a2cb52782ce4aea8779e5e6a1ded7956bd171ad36068cdb3d8fe	041d3c4cf7d3e0e9599b3001fdfe920beb1b3e6ea005ed3ce387048a14596c45	aa923ebb5f4dd09cf52c5da8a3a1d9a1883fa9dcba9ca544febee4f80f25a3e8
foggy-dataset-mcp	v934-src|101:foggy-dataset-mcp/src/test/java/com/foggyframework/dataset/mcp/controller/AdminMcpControllerTest.java	com.foggyframework.dataset.mcp.controller.AdminMcpControllerTest	com.foggyframework.dataset.mcp.controller.AdminMcpControllerTest$DirectToolCallTest	1	0	junit-jupiter	cd4243760c86a2cb52782ce4aea8779e5e6a1ded7956bd171ad36068cdb3d8fe	041d3c4cf7d3e0e9599b3001fdfe920beb1b3e6ea005ed3ce387048a14596c45	aa923ebb5f4dd09cf52c5da8a3a1d9a1883fa9dcba9ca544febee4f80f25a3e8
foggy-dataset-mcp	v934-src|101:foggy-dataset-mcp/src/test/java/com/foggyframework/dataset/mcp/controller/AdminMcpControllerTest.java	com.foggyframework.dataset.mcp.controller.AdminMcpControllerTest	com.foggyframework.dataset.mcp.controller.AdminMcpControllerTest$ExceptionHandlingTest	1	0	junit-jupiter	cd4243760c86a2cb52782ce4aea8779e5e6a1ded7956bd171ad36068cdb3d8fe	041d3c4cf7d3e0e9599b3001fdfe920beb1b3e6ea005ed3ce387048a14596c45	aa923ebb5f4dd09cf52c5da8a3a1d9a1883fa9dcba9ca544febee4f80f25a3e8
foggy-dataset-mcp	v934-src|101:foggy-dataset-mcp/src/test/java/com/foggyframework/dataset/mcp/controller/AdminMcpControllerTest.java	com.foggyframework.dataset.mcp.controller.AdminMcpControllerTest	com.foggyframework.dataset.mcp.controller.AdminMcpControllerTest$InitializeTest	1	0	junit-jupiter	cd4243760c86a2cb52782ce4aea8779e5e6a1ded7956bd171ad36068cdb3d8fe	041d3c4cf7d3e0e9599b3001fdfe920beb1b3e6ea005ed3ce387048a14596c45	aa923ebb5f4dd09cf52c5da8a3a1d9a1883fa9dcba9ca544febee4f80f25a3e8
foggy-dataset-mcp	v934-src|101:foggy-dataset-mcp/src/test/java/com/foggyframework/dataset/mcp/controller/AdminMcpControllerTest.java	com.foggyframework.dataset.mcp.controller.AdminMcpControllerTest	com.foggyframework.dataset.mcp.controller.AdminMcpControllerTest$InvalidMethodTest	2	0	junit-jupiter	cd4243760c86a2cb52782ce4aea8779e5e6a1ded7956bd171ad36068cdb3d8fe	041d3c4cf7d3e0e9599b3001fdfe920beb1b3e6ea005ed3ce387048a14596c45	aa923ebb5f4dd09cf52c5da8a3a1d9a1883fa9dcba9ca544febee4f80f25a3e8
foggy-dataset-mcp	v934-src|101:foggy-dataset-mcp/src/test/java/com/foggyframework/dataset/mcp/controller/AdminMcpControllerTest.java	com.foggyframework.dataset.mcp.controller.AdminMcpControllerTest	com.foggyframework.dataset.mcp.controller.AdminMcpControllerTest$PingTest	1	0	junit-jupiter	cd4243760c86a2cb52782ce4aea8779e5e6a1ded7956bd171ad36068cdb3d8fe	041d3c4cf7d3e0e9599b3001fdfe920beb1b3e6ea005ed3ce387048a14596c45	aa923ebb5f4dd09cf52c5da8a3a1d9a1883fa9dcba9ca544febee4f80f25a3e8
foggy-dataset-mcp	v934-src|101:foggy-dataset-mcp/src/test/java/com/foggyframework/dataset/mcp/controller/AdminMcpControllerTest.java	com.foggyframework.dataset.mcp.controller.AdminMcpControllerTest	com.foggyframework.dataset.mcp.controller.AdminMcpControllerTest$RequestHeaderTest	2	0	junit-jupiter	cd4243760c86a2cb52782ce4aea8779e5e6a1ded7956bd171ad36068cdb3d8fe	041d3c4cf7d3e0e9599b3001fdfe920beb1b3e6ea005ed3ce387048a14596c45	aa923ebb5f4dd09cf52c5da8a3a1d9a1883fa9dcba9ca544febee4f80f25a3e8
foggy-dataset-mcp	v934-src|101:foggy-dataset-mcp/src/test/java/com/foggyframework/dataset/mcp/controller/AdminMcpControllerTest.java	com.foggyframework.dataset.mcp.controller.AdminMcpControllerTest	com.foggyframework.dataset.mcp.controller.AdminMcpControllerTest$ToolsCallTest	3	0	junit-jupiter	cd4243760c86a2cb52782ce4aea8779e5e6a1ded7956bd171ad36068cdb3d8fe	041d3c4cf7d3e0e9599b3001fdfe920beb1b3e6ea005ed3ce387048a14596c45	aa923ebb5f4dd09cf52c5da8a3a1d9a1883fa9dcba9ca544febee4f80f25a3e8
foggy-dataset-mcp	v934-src|101:foggy-dataset-mcp/src/test/java/com/foggyframework/dataset/mcp/controller/AdminMcpControllerTest.java	com.foggyframework.dataset.mcp.controller.AdminMcpControllerTest	com.foggyframework.dataset.mcp.controller.AdminMcpControllerTest$ToolsListTest	1	0	junit-jupiter	cd4243760c86a2cb52782ce4aea8779e5e6a1ded7956bd171ad36068cdb3d8fe	041d3c4cf7d3e0e9599b3001fdfe920beb1b3e6ea005ed3ce387048a14596c45	aa923ebb5f4dd09cf52c5da8a3a1d9a1883fa9dcba9ca544febee4f80f25a3e8
foggy-dataset-mcp	v934-src|103:foggy-dataset-mcp/src/test/java/com/foggyframework/dataset/mcp/controller/AnalystMcpControllerTest.java	com.foggyframework.dataset.mcp.controller.AnalystMcpControllerTest	com.foggyframework.dataset.mcp.controller.AnalystMcpControllerTest	0	0	junit-jupiter	ae8649ab154aa5aee26f488c627087153c60cba01a3040e4534a979ade06ecf2	041d3c4cf7d3e0e9599b3001fdfe920beb1b3e6ea005ed3ce387048a14596c45	aa923ebb5f4dd09cf52c5da8a3a1d9a1883fa9dcba9ca544febee4f80f25a3e8
foggy-dataset-mcp	v934-src|103:foggy-dataset-mcp/src/test/java/com/foggyframework/dataset/mcp/controller/AnalystMcpControllerTest.java	com.foggyframework.dataset.mcp.controller.AnalystMcpControllerTest	com.foggyframework.dataset.mcp.controller.AnalystMcpControllerTest$ExportToolTest	1	0	junit-jupiter	ae8649ab154aa5aee26f488c627087153c60cba01a3040e4534a979ade06ecf2	041d3c4cf7d3e0e9599b3001fdfe920beb1b3e6ea005ed3ce387048a14596c45	aa923ebb5f4dd09cf52c5da8a3a1d9a1883fa9dcba9ca544febee4f80f25a3e8
foggy-dataset-mcp	v934-src|103:foggy-dataset-mcp/src/test/java/com/foggyframework/dataset/mcp/controller/AnalystMcpControllerTest.java	com.foggyframework.dataset.mcp.controller.AnalystMcpControllerTest	com.foggyframework.dataset.mcp.controller.AnalystMcpControllerTest$InitializeTest	1	0	junit-jupiter	ae8649ab154aa5aee26f488c627087153c60cba01a3040e4534a979ade06ecf2	041d3c4cf7d3e0e9599b3001fdfe920beb1b3e6ea005ed3ce387048a14596c45	aa923ebb5f4dd09cf52c5da8a3a1d9a1883fa9dcba9ca544febee4f80f25a3e8
foggy-dataset-mcp	v934-src|103:foggy-dataset-mcp/src/test/java/com/foggyframework/dataset/mcp/controller/AnalystMcpControllerTest.java	com.foggyframework.dataset.mcp.controller.AnalystMcpControllerTest	com.foggyframework.dataset.mcp.controller.AnalystMcpControllerTest$ToolsCallTest	8	0	junit-jupiter	ae8649ab154aa5aee26f488c627087153c60cba01a3040e4534a979ade06ecf2	041d3c4cf7d3e0e9599b3001fdfe920beb1b3e6ea005ed3ce387048a14596c45	aa923ebb5f4dd09cf52c5da8a3a1d9a1883fa9dcba9ca544febee4f80f25a3e8
foggy-dataset-mcp	v934-src|103:foggy-dataset-mcp/src/test/java/com/foggyframework/dataset/mcp/controller/AnalystMcpControllerTest.java	com.foggyframework.dataset.mcp.controller.AnalystMcpControllerTest	com.foggyframework.dataset.mcp.controller.AnalystMcpControllerTest$ToolsListTest	2	0	junit-jupiter	ae8649ab154aa5aee26f488c627087153c60cba01a3040e4534a979ade06ecf2	041d3c4cf7d3e0e9599b3001fdfe920beb1b3e6ea005ed3ce387048a14596c45	aa923ebb5f4dd09cf52c5da8a3a1d9a1883fa9dcba9ca544febee4f80f25a3e8
foggy-dataset-mcp	v934-src|104:foggy-dataset-mcp/src/test/java/com/foggyframework/dataset/mcp/controller/BusinessMcpControllerTest.java	com.foggyframework.dataset.mcp.controller.BusinessMcpControllerTest	com.foggyframework.dataset.mcp.controller.BusinessMcpControllerTest	0	0	junit-jupiter	d2de81dda387da334b6f2d40095130fab86700e70e67e8c7e2c57c631205fe9a	041d3c4cf7d3e0e9599b3001fdfe920beb1b3e6ea005ed3ce387048a14596c45	aa923ebb5f4dd09cf52c5da8a3a1d9a1883fa9dcba9ca544febee4f80f25a3e8
foggy-dataset-mcp	v934-src|104:foggy-dataset-mcp/src/test/java/com/foggyframework/dataset/mcp/controller/BusinessMcpControllerTest.java	com.foggyframework.dataset.mcp.controller.BusinessMcpControllerTest	com.foggyframework.dataset.mcp.controller.BusinessMcpControllerTest$InitializeTest	1	0	junit-jupiter	d2de81dda387da334b6f2d40095130fab86700e70e67e8c7e2c57c631205fe9a	041d3c4cf7d3e0e9599b3001fdfe920beb1b3e6ea005ed3ce387048a14596c45	aa923ebb5f4dd09cf52c5da8a3a1d9a1883fa9dcba9ca544febee4f80f25a3e8
foggy-dataset-mcp	v934-src|104:foggy-dataset-mcp/src/test/java/com/foggyframework/dataset/mcp/controller/BusinessMcpControllerTest.java	com.foggyframework.dataset.mcp.controller.BusinessMcpControllerTest	com.foggyframework.dataset.mcp.controller.BusinessMcpControllerTest$ToolsCallTest	5	0	junit-jupiter	d2de81dda387da334b6f2d40095130fab86700e70e67e8c7e2c57c631205fe9a	041d3c4cf7d3e0e9599b3001fdfe920beb1b3e6ea005ed3ce387048a14596c45	aa923ebb5f4dd09cf52c5da8a3a1d9a1883fa9dcba9ca544febee4f80f25a3e8
foggy-dataset-mcp	v934-src|104:foggy-dataset-mcp/src/test/java/com/foggyframework/dataset/mcp/controller/BusinessMcpControllerTest.java	com.foggyframework.dataset.mcp.controller.BusinessMcpControllerTest	com.foggyframework.dataset.mcp.controller.BusinessMcpControllerTest$ToolsListTest	1	0	junit-jupiter	d2de81dda387da334b6f2d40095130fab86700e70e67e8c7e2c57c631205fe9a	041d3c4cf7d3e0e9599b3001fdfe920beb1b3e6ea005ed3ce387048a14596c45	aa923ebb5f4dd09cf52c5da8a3a1d9a1883fa9dcba9ca544febee4f80f25a3e8
foggy-dataset-mcp	v934-src|110:foggy-dataset-mcp/src/test/java/com/foggyframework/dataset/mcp/controller/DevToolsControllerIsolationTest.java	com.foggyframework.dataset.mcp.controller.DevToolsControllerIsolationTest	com.foggyframework.dataset.mcp.controller.DevToolsControllerIsolationTest	5	0	junit-jupiter	2e41341002e224ba6803a5ebce82c60de35446d7b939e0a0e7bd5822dea54dca	041d3c4cf7d3e0e9599b3001fdfe920beb1b3e6ea005ed3ce387048a14596c45	aa923ebb5f4dd09cf52c5da8a3a1d9a1883fa9dcba9ca544febee4f80f25a3e8
foggy-dataset-mcp	v934-src|110:foggy-dataset-mcp/src/test/java/com/foggyframework/dataset/mcp/controller/ListModelsCatalogControllerTest.java	com.foggyframework.dataset.mcp.controller.ListModelsCatalogControllerTest	com.foggyframework.dataset.mcp.controller.ListModelsCatalogControllerTest	4	0	junit-jupiter	bec8e883886d8244db3099d4dd95817a217ffb560a93cc4f4907a0a91672c397	041d3c4cf7d3e0e9599b3001fdfe920beb1b3e6ea005ed3ce387048a14596c45	aa923ebb5f4dd09cf52c5da8a3a1d9a1883fa9dcba9ca544febee4f80f25a3e8
foggy-dataset-mcp	v934-src|116:foggy-dataset-mcp/src/test/java/com/foggyframework/dataset/mcp/datasource/DataSourceManagerBindingLifecycleTest.java	com.foggyframework.dataset.mcp.datasource.DataSourceManagerBindingLifecycleTest	com.foggyframework.dataset.mcp.datasource.DataSourceManagerBindingLifecycleTest	14	0	junit-jupiter	542d4d37c2b4489110be091296a39415fbb39dbf845ec9963f3572d2315ac068	041d3c4cf7d3e0e9599b3001fdfe920beb1b3e6ea005ed3ce387048a14596c45	aa923ebb5f4dd09cf52c5da8a3a1d9a1883fa9dcba9ca544febee4f80f25a3e8
foggy-dataset-mcp	v934-src|118:foggy-dataset-mcp/src/test/java/com/foggyframework/dataset/mcp/datasource/DataSourceManagerCatalogConvergenceTest.java	com.foggyframework.dataset.mcp.datasource.DataSourceManagerCatalogConvergenceTest	com.foggyframework.dataset.mcp.datasource.DataSourceManagerCatalogConvergenceTest	3	0	junit-jupiter	60a213f21ef340241cc404f79f9048b13e5e926871c93d6a214cc95f61698a3e	041d3c4cf7d3e0e9599b3001fdfe920beb1b3e6ea005ed3ce387048a14596c45	aa923ebb5f4dd09cf52c5da8a3a1d9a1883fa9dcba9ca544febee4f80f25a3e8
foggy-dataset-mcp	v934-src|129:foggy-dataset-mcp/src/test/java/com/foggyframework/dataset/mcp/experience/ExperienceRecipeArtifactSignatureConfigurationTest.java	com.foggyframework.dataset.mcp.experience.ExperienceRecipeArtifactSignatureConfigurationTest	com.foggyframework.dataset.mcp.experience.ExperienceRecipeArtifactSignatureConfigurationTest	1	0	junit-jupiter	ebcd0f6e2d57cc48180b232ca608b0d478ef756a484b526fc694bb00397405e2	041d3c4cf7d3e0e9599b3001fdfe920beb1b3e6ea005ed3ce387048a14596c45	aa923ebb5f4dd09cf52c5da8a3a1d9a1883fa9dcba9ca544febee4f80f25a3e8
foggy-dataset-mcp	v934-src|116:foggy-dataset-mcp/src/test/java/com/foggyframework/dataset/mcp/experience/ExperienceRecipeArtifactUriPolicyTest.java	com.foggyframework.dataset.mcp.experience.ExperienceRecipeArtifactUriPolicyTest	com.foggyframework.dataset.mcp.experience.ExperienceRecipeArtifactUriPolicyTest	3	0	junit-jupiter	eff5e9ca0c1a880827c1cbd1d5699c730088f7ce3b297f3a1bc4c027927c4827	041d3c4cf7d3e0e9599b3001fdfe920beb1b3e6ea005ed3ce387048a14596c45	aa923ebb5f4dd09cf52c5da8a3a1d9a1883fa9dcba9ca544febee4f80f25a3e8
foggy-dataset-mcp	v934-src|114:foggy-dataset-mcp/src/test/java/com/foggyframework/dataset/mcp/experience/ExperienceRecipeRegistryServiceTest.java	com.foggyframework.dataset.mcp.experience.ExperienceRecipeRegistryServiceTest	com.foggyframework.dataset.mcp.experience.ExperienceRecipeRegistryServiceTest	41	0	junit-jupiter	77c5760367624d9efbf2b5df12048ba79aa9ee72a380bda11959190670f97de9	041d3c4cf7d3e0e9599b3001fdfe920beb1b3e6ea005ed3ce387048a14596c45	aa923ebb5f4dd09cf52c5da8a3a1d9a1883fa9dcba9ca544febee4f80f25a3e8
foggy-dataset-mcp	v934-src|115:foggy-dataset-mcp/src/test/java/com/foggyframework/dataset/mcp/experience/ExperienceRecipeSearchToolWiringTest.java	com.foggyframework.dataset.mcp.experience.ExperienceRecipeSearchToolWiringTest	com.foggyframework.dataset.mcp.experience.ExperienceRecipeSearchToolWiringTest	4	0	junit-jupiter	8c70c36013bb18fbb9b17fecdca8c04e8fa156fac7462b06a2f283ab7ba88c59	041d3c4cf7d3e0e9599b3001fdfe920beb1b3e6ea005ed3ce387048a14596c45	aa923ebb5f4dd09cf52c5da8a3a1d9a1883fa9dcba9ca544febee4f80f25a3e8
foggy-dataset-mcp	v934-src|125:foggy-dataset-mcp/src/test/java/com/foggyframework/dataset/mcp/experience/RemoteHttpExperienceRecipeArtifactResolverTest.java	com.foggyframework.dataset.mcp.experience.RemoteHttpExperienceRecipeArtifactResolverTest	com.foggyframework.dataset.mcp.experience.RemoteHttpExperienceRecipeArtifactResolverTest	6	0	junit-jupiter	5a23f50ab1fc6879f592c98a06662c451081fa4fdfa3eea0775fd7c8ead295cd	041d3c4cf7d3e0e9599b3001fdfe920beb1b3e6ea005ed3ce387048a14596c45	aa923ebb5f4dd09cf52c5da8a3a1d9a1883fa9dcba9ca544febee4f80f25a3e8
foggy-dataset-mcp	v934-src|112:foggy-dataset-mcp/src/test/java/com/foggyframework/dataset/mcp/integration/ComposeScriptToolIntegrationTest.java	com.foggyframework.dataset.mcp.integration.ComposeScriptToolIntegrationTest	com.foggyframework.dataset.mcp.integration.ComposeScriptToolIntegrationTest	2	0	junit-jupiter	81f6781130c15a05dd53f483ead5aa1e508fca6bcd02ac06adc241dec51f886e	041d3c4cf7d3e0e9599b3001fdfe920beb1b3e6ea005ed3ce387048a14596c45	aa923ebb5f4dd09cf52c5da8a3a1d9a1883fa9dcba9ca544febee4f80f25a3e8
foggy-dataset-mcp	v934-src|103:foggy-dataset-mcp/src/test/java/com/foggyframework/dataset/mcp/integration/McpToolsIntegrationTest.java	com.foggyframework.dataset.mcp.integration.McpToolsIntegrationTest	com.foggyframework.dataset.mcp.integration.McpToolsIntegrationTest	2	0	junit-jupiter	dc4ed1894cd961917e10d0f862b34132352b3b2c1976a7de78cc0fe770e7d75b	041d3c4cf7d3e0e9599b3001fdfe920beb1b3e6ea005ed3ce387048a14596c45	aa923ebb5f4dd09cf52c5da8a3a1d9a1883fa9dcba9ca544febee4f80f25a3e8
foggy-dataset-mcp	v934-src|103:foggy-dataset-mcp/src/test/java/com/foggyframework/dataset/mcp/integration/McpToolsIntegrationTest.java	com.foggyframework.dataset.mcp.integration.McpToolsIntegrationTest	com.foggyframework.dataset.mcp.integration.McpToolsIntegrationTest$DescriptionModelToolIntegrationTest	2	0	junit-jupiter	dc4ed1894cd961917e10d0f862b34132352b3b2c1976a7de78cc0fe770e7d75b	041d3c4cf7d3e0e9599b3001fdfe920beb1b3e6ea005ed3ce387048a14596c45	aa923ebb5f4dd09cf52c5da8a3a1d9a1883fa9dcba9ca544febee4f80f25a3e8
foggy-dataset-mcp	v934-src|103:foggy-dataset-mcp/src/test/java/com/foggyframework/dataset/mcp/integration/McpToolsIntegrationTest.java	com.foggyframework.dataset.mcp.integration.McpToolsIntegrationTest	com.foggyframework.dataset.mcp.integration.McpToolsIntegrationTest$EndToEndScenarioTest	2	0	junit-jupiter	dc4ed1894cd961917e10d0f862b34132352b3b2c1976a7de78cc0fe770e7d75b	041d3c4cf7d3e0e9599b3001fdfe920beb1b3e6ea005ed3ce387048a14596c45	aa923ebb5f4dd09cf52c5da8a3a1d9a1883fa9dcba9ca544febee4f80f25a3e8
foggy-dataset-mcp	v934-src|103:foggy-dataset-mcp/src/test/java/com/foggyframework/dataset/mcp/integration/McpToolsIntegrationTest.java	com.foggyframework.dataset.mcp.integration.McpToolsIntegrationTest	com.foggyframework.dataset.mcp.integration.McpToolsIntegrationTest$MetadataToolIntegrationTest	2	0	junit-jupiter	dc4ed1894cd961917e10d0f862b34132352b3b2c1976a7de78cc0fe770e7d75b	041d3c4cf7d3e0e9599b3001fdfe920beb1b3e6ea005ed3ce387048a14596c45	aa923ebb5f4dd09cf52c5da8a3a1d9a1883fa9dcba9ca544febee4f80f25a3e8
foggy-dataset-mcp	v934-src|103:foggy-dataset-mcp/src/test/java/com/foggyframework/dataset/mcp/integration/McpToolsIntegrationTest.java	com.foggyframework.dataset.mcp.integration.McpToolsIntegrationTest	com.foggyframework.dataset.mcp.integration.McpToolsIntegrationTest$QueryModelToolIntegrationTest	6	0	junit-jupiter	dc4ed1894cd961917e10d0f862b34132352b3b2c1976a7de78cc0fe770e7d75b	041d3c4cf7d3e0e9599b3001fdfe920beb1b3e6ea005ed3ce387048a14596c45	aa923ebb5f4dd09cf52c5da8a3a1d9a1883fa9dcba9ca544febee4f80f25a3e8
foggy-dataset-mcp	v934-src|95:foggy-dataset-mcp/src/test/java/com/foggyframework/dataset/mcp/schema/McpJsonRpcIdTypeTest.java	com.foggyframework.dataset.mcp.schema.McpJsonRpcIdTypeTest	com.foggyframework.dataset.mcp.schema.McpJsonRpcIdTypeTest	2	0	junit-jupiter	a317c4ab2691aef57953df18a09744013982c072eca3c382ac13fd7ac24aba84	041d3c4cf7d3e0e9599b3001fdfe920beb1b3e6ea005ed3ce387048a14596c45	aa923ebb5f4dd09cf52c5da8a3a1d9a1883fa9dcba9ca544febee4f80f25a3e8
foggy-dataset-mcp	v934-src|100:foggy-dataset-mcp/src/test/java/com/foggyframework/dataset/mcp/schema/PivotSchemaValidationTest.java	com.foggyframework.dataset.mcp.schema.PivotSchemaValidationTest	com.foggyframework.dataset.mcp.schema.PivotSchemaValidationTest	22	0	junit-jupiter	2e12ae40ee1d44f33bb96172df960166607b1bb0fd51f80d51f71db998df0a51	041d3c4cf7d3e0e9599b3001fdfe920beb1b3e6ea005ed3ce387048a14596c45	aa923ebb5f4dd09cf52c5da8a3a1d9a1883fa9dcba9ca544febee4f80f25a3e8
foggy-dataset-mcp	v934-src|111:foggy-dataset-mcp/src/test/java/com/foggyframework/dataset/mcp/schema/QueryModelDescriptionConsistencyTest.java	com.foggyframework.dataset.mcp.schema.QueryModelDescriptionConsistencyTest	com.foggyframework.dataset.mcp.schema.QueryModelDescriptionConsistencyTest	1	0	junit-jupiter	1e2c6d45f5dc40949780bd906bfa24f5c461fe94767375371917d2df91dadc6e	041d3c4cf7d3e0e9599b3001fdfe920beb1b3e6ea005ed3ce387048a14596c45	aa923ebb5f4dd09cf52c5da8a3a1d9a1883fa9dcba9ca544febee4f80f25a3e8
foggy-dataset-mcp	v934-src|112:foggy-dataset-mcp/src/test/java/com/foggyframework/dataset/mcp/service/ClarifyQuestionTemplatesResourceTest.java	com.foggyframework.dataset.mcp.service.ClarifyQuestionTemplatesResourceTest	com.foggyframework.dataset.mcp.service.ClarifyQuestionTemplatesResourceTest	3	0	junit-jupiter	2112735393ec68058eee0cd162267894753705eb8cc61730b451c87160e11d58	041d3c4cf7d3e0e9599b3001fdfe920beb1b3e6ea005ed3ce387048a14596c45	aa923ebb5f4dd09cf52c5da8a3a1d9a1883fa9dcba9ca544febee4f80f25a3e8
foggy-dataset-mcp	v934-src|101:foggy-dataset-mcp/src/test/java/com/foggyframework/dataset/mcp/service/ClarifyRoutingFixtureTest.java	com.foggyframework.dataset.mcp.service.ClarifyRoutingFixtureTest	com.foggyframework.dataset.mcp.service.ClarifyRoutingFixtureTest	1	1	junit-jupiter	e19930fd312470787dfea02785422c698505acebfbebc7285374a64a61c56696	041d3c4cf7d3e0e9599b3001fdfe920beb1b3e6ea005ed3ce387048a14596c45	aa923ebb5f4dd09cf52c5da8a3a1d9a1883fa9dcba9ca544febee4f80f25a3e8
foggy-dataset-mcp	v934-src|90:foggy-dataset-mcp/src/test/java/com/foggyframework/dataset/mcp/service/McpServiceTest.java	com.foggyframework.dataset.mcp.service.McpServiceTest	com.foggyframework.dataset.mcp.service.McpServiceTest	0	0	junit-jupiter	dc97e534797c8539d31c6e0dc2022441e5e263494c19839d41a6b1f783710880	041d3c4cf7d3e0e9599b3001fdfe920beb1b3e6ea005ed3ce387048a14596c45	aa923ebb5f4dd09cf52c5da8a3a1d9a1883fa9dcba9ca544febee4f80f25a3e8
foggy-dataset-mcp	v934-src|90:foggy-dataset-mcp/src/test/java/com/foggyframework/dataset/mcp/service/McpServiceTest.java	com.foggyframework.dataset.mcp.service.McpServiceTest	com.foggyframework.dataset.mcp.service.McpServiceTest$HandleDirectToolCallTest	2	0	junit-jupiter	dc97e534797c8539d31c6e0dc2022441e5e263494c19839d41a6b1f783710880	041d3c4cf7d3e0e9599b3001fdfe920beb1b3e6ea005ed3ce387048a14596c45	aa923ebb5f4dd09cf52c5da8a3a1d9a1883fa9dcba9ca544febee4f80f25a3e8
foggy-dataset-mcp	v934-src|90:foggy-dataset-mcp/src/test/java/com/foggyframework/dataset/mcp/service/McpServiceTest.java	com.foggyframework.dataset.mcp.service.McpServiceTest	com.foggyframework.dataset.mcp.service.McpServiceTest$HandleInitializeTest	4	0	junit-jupiter	dc97e534797c8539d31c6e0dc2022441e5e263494c19839d41a6b1f783710880	041d3c4cf7d3e0e9599b3001fdfe920beb1b3e6ea005ed3ce387048a14596c45	aa923ebb5f4dd09cf52c5da8a3a1d9a1883fa9dcba9ca544febee4f80f25a3e8
foggy-dataset-mcp	v934-src|90:foggy-dataset-mcp/src/test/java/com/foggyframework/dataset/mcp/service/McpServiceTest.java	com.foggyframework.dataset.mcp.service.McpServiceTest	com.foggyframework.dataset.mcp.service.McpServiceTest$HandlePingTest	1	0	junit-jupiter	dc97e534797c8539d31c6e0dc2022441e5e263494c19839d41a6b1f783710880	041d3c4cf7d3e0e9599b3001fdfe920beb1b3e6ea005ed3ce387048a14596c45	aa923ebb5f4dd09cf52c5da8a3a1d9a1883fa9dcba9ca544febee4f80f25a3e8
foggy-dataset-mcp	v934-src|90:foggy-dataset-mcp/src/test/java/com/foggyframework/dataset/mcp/service/McpServiceTest.java	com.foggyframework.dataset.mcp.service.McpServiceTest	com.foggyframework.dataset.mcp.service.McpServiceTest$HandleToolsCallTest	10	0	junit-jupiter	dc97e534797c8539d31c6e0dc2022441e5e263494c19839d41a6b1f783710880	041d3c4cf7d3e0e9599b3001fdfe920beb1b3e6ea005ed3ce387048a14596c45	aa923ebb5f4dd09cf52c5da8a3a1d9a1883fa9dcba9ca544febee4f80f25a3e8
foggy-dataset-mcp	v934-src|90:foggy-dataset-mcp/src/test/java/com/foggyframework/dataset/mcp/service/McpServiceTest.java	com.foggyframework.dataset.mcp.service.McpServiceTest	com.foggyframework.dataset.mcp.service.McpServiceTest$HandleToolsListTest	3	0	junit-jupiter	dc97e534797c8539d31c6e0dc2022441e5e263494c19839d41a6b1f783710880	041d3c4cf7d3e0e9599b3001fdfe920beb1b3e6ea005ed3ce387048a14596c45	aa923ebb5f4dd09cf52c5da8a3a1d9a1883fa9dcba9ca544febee4f80f25a3e8
foggy-dataset-mcp	v934-src|102:foggy-dataset-mcp/src/test/java/com/foggyframework/dataset/mcp/service/McpToolCallbackFactoryTest.java	com.foggyframework.dataset.mcp.service.McpToolCallbackFactoryTest	com.foggyframework.dataset.mcp.service.McpToolCallbackFactoryTest	7	0	junit-jupiter	b2355a21d20cce163cb4c139ce7d29d0b3b8aa77afa22e1ebd85fada97fa7ca3	041d3c4cf7d3e0e9599b3001fdfe920beb1b3e6ea005ed3ce387048a14596c45	aa923ebb5f4dd09cf52c5da8a3a1d9a1883fa9dcba9ca544febee4f80f25a3e8
foggy-dataset-mcp	v934-src|97:foggy-dataset-mcp/src/test/java/com/foggyframework/dataset/mcp/service/McpToolDispatcherTest.java	com.foggyframework.dataset.mcp.service.McpToolDispatcherTest	com.foggyframework.dataset.mcp.service.McpToolDispatcherTest	0	0	junit-jupiter	66650f344be818c8d9e5b3ab956309420ab1c3a4e5cb54faa53afc899277d751	041d3c4cf7d3e0e9599b3001fdfe920beb1b3e6ea005ed3ce387048a14596c45	aa923ebb5f4dd09cf52c5da8a3a1d9a1883fa9dcba9ca544febee4f80f25a3e8
foggy-dataset-mcp	v934-src|97:foggy-dataset-mcp/src/test/java/com/foggyframework/dataset/mcp/service/McpToolDispatcherTest.java	com.foggyframework.dataset.mcp.service.McpToolDispatcherTest	com.foggyframework.dataset.mcp.service.McpToolDispatcherTest$ExecuteToolTest	6	0	junit-jupiter	66650f344be818c8d9e5b3ab956309420ab1c3a4e5cb54faa53afc899277d751	041d3c4cf7d3e0e9599b3001fdfe920beb1b3e6ea005ed3ce387048a14596c45	aa923ebb5f4dd09cf52c5da8a3a1d9a1883fa9dcba9ca544febee4f80f25a3e8
foggy-dataset-mcp	v934-src|97:foggy-dataset-mcp/src/test/java/com/foggyframework/dataset/mcp/service/McpToolDispatcherTest.java	com.foggyframework.dataset.mcp.service.McpToolDispatcherTest	com.foggyframework.dataset.mcp.service.McpToolDispatcherTest$ExecuteWithProgressTest	6	0	junit-jupiter	66650f344be818c8d9e5b3ab956309420ab1c3a4e5cb54faa53afc899277d751	041d3c4cf7d3e0e9599b3001fdfe920beb1b3e6ea005ed3ce387048a14596c45	aa923ebb5f4dd09cf52c5da8a3a1d9a1883fa9dcba9ca544febee4f80f25a3e8
foggy-dataset-mcp	v934-src|97:foggy-dataset-mcp/src/test/java/com/foggyframework/dataset/mcp/service/McpToolDispatcherTest.java	com.foggyframework.dataset.mcp.service.McpToolDispatcherTest	com.foggyframework.dataset.mcp.service.McpToolDispatcherTest$GetAllToolsTest	2	0	junit-jupiter	66650f344be818c8d9e5b3ab956309420ab1c3a4e5cb54faa53afc899277d751	041d3c4cf7d3e0e9599b3001fdfe920beb1b3e6ea005ed3ce387048a14596c45	aa923ebb5f4dd09cf52c5da8a3a1d9a1883fa9dcba9ca544febee4f80f25a3e8
foggy-dataset-mcp	v934-src|97:foggy-dataset-mcp/src/test/java/com/foggyframework/dataset/mcp/service/McpToolDispatcherTest.java	com.foggyframework.dataset.mcp.service.McpToolDispatcherTest	com.foggyframework.dataset.mcp.service.McpToolDispatcherTest$GetToolDefinitionsTest	3	0	junit-jupiter	66650f344be818c8d9e5b3ab956309420ab1c3a4e5cb54faa53afc899277d751	041d3c4cf7d3e0e9599b3001fdfe920beb1b3e6ea005ed3ce387048a14596c45	aa923ebb5f4dd09cf52c5da8a3a1d9a1883fa9dcba9ca544febee4f80f25a3e8
foggy-dataset-mcp	v934-src|97:foggy-dataset-mcp/src/test/java/com/foggyframework/dataset/mcp/service/McpToolDispatcherTest.java	com.foggyframework.dataset.mcp.service.McpToolDispatcherTest	com.foggyframework.dataset.mcp.service.McpToolDispatcherTest$GetToolTest	2	0	junit-jupiter	66650f344be818c8d9e5b3ab956309420ab1c3a4e5cb54faa53afc899277d751	041d3c4cf7d3e0e9599b3001fdfe920beb1b3e6ea005ed3ce387048a14596c45	aa923ebb5f4dd09cf52c5da8a3a1d9a1883fa9dcba9ca544febee4f80f25a3e8
foggy-dataset-mcp	v934-src|97:foggy-dataset-mcp/src/test/java/com/foggyframework/dataset/mcp/service/McpToolDispatcherTest.java	com.foggyframework.dataset.mcp.service.McpToolDispatcherTest	com.foggyframework.dataset.mcp.service.McpToolDispatcherTest$InitTest	3	0	junit-jupiter	66650f344be818c8d9e5b3ab956309420ab1c3a4e5cb54faa53afc899277d751	041d3c4cf7d3e0e9599b3001fdfe920beb1b3e6ea005ed3ce387048a14596c45	aa923ebb5f4dd09cf52c5da8a3a1d9a1883fa9dcba9ca544febee4f80f25a3e8
foggy-dataset-mcp	v934-src|116:foggy-dataset-mcp/src/test/java/com/foggyframework/dataset/mcp/service/QueryExpertServiceRoutingCalibrationTest.java	com.foggyframework.dataset.mcp.service.QueryExpertServiceRoutingCalibrationTest	com.foggyframework.dataset.mcp.service.QueryExpertServiceRoutingCalibrationTest	63	0	junit-jupiter	2657d21b0b34a8b7aaa65e7b7268cdcbc437389418ffbc9f9282ac72cc00c1c0	041d3c4cf7d3e0e9599b3001fdfe920beb1b3e6ea005ed3ce387048a14596c45	aa923ebb5f4dd09cf52c5da8a3a1d9a1883fa9dcba9ca544febee4f80f25a3e8
foggy-dataset-mcp	v934-src|96:foggy-dataset-mcp/src/test/java/com/foggyframework/dataset/mcp/service/ToolConfigLoaderTest.java	com.foggyframework.dataset.mcp.service.ToolConfigLoaderTest	com.foggyframework.dataset.mcp.service.ToolConfigLoaderTest	12	0	junit-jupiter	5faa41c0b4727d291f8c195cc52b0c2eea4f94bfc0e7845d8ca4a8b75f2a8022	041d3c4cf7d3e0e9599b3001fdfe920beb1b3e6ea005ed3ce387048a14596c45	aa923ebb5f4dd09cf52c5da8a3a1d9a1883fa9dcba9ca544febee4f80f25a3e8
foggy-dataset-mcp	v934-src|97:foggy-dataset-mcp/src/test/java/com/foggyframework/dataset/mcp/service/ToolFilterServiceTest.java	com.foggyframework.dataset.mcp.service.ToolFilterServiceTest	com.foggyframework.dataset.mcp.service.ToolFilterServiceTest	0	0	junit-jupiter	af956698a34f4216f2adcfb68eb53b7ccd8469dda027da5b7d17ecc0b40fcc7d	041d3c4cf7d3e0e9599b3001fdfe920beb1b3e6ea005ed3ce387048a14596c45	aa923ebb5f4dd09cf52c5da8a3a1d9a1883fa9dcba9ca544febee4f80f25a3e8
foggy-dataset-mcp	v934-src|97:foggy-dataset-mcp/src/test/java/com/foggyframework/dataset/mcp/service/ToolFilterServiceTest.java	com.foggyframework.dataset.mcp.service.ToolFilterServiceTest	com.foggyframework.dataset.mcp.service.ToolFilterServiceTest$CanAccessToolTest	8	0	junit-jupiter	af956698a34f4216f2adcfb68eb53b7ccd8469dda027da5b7d17ecc0b40fcc7d	041d3c4cf7d3e0e9599b3001fdfe920beb1b3e6ea005ed3ce387048a14596c45	aa923ebb5f4dd09cf52c5da8a3a1d9a1883fa9dcba9ca544febee4f80f25a3e8
foggy-dataset-mcp	v934-src|97:foggy-dataset-mcp/src/test/java/com/foggyframework/dataset/mcp/service/ToolFilterServiceTest.java	com.foggyframework.dataset.mcp.service.ToolFilterServiceTest	com.foggyframework.dataset.mcp.service.ToolFilterServiceTest$EdgeCaseTest	2	0	junit-jupiter	af956698a34f4216f2adcfb68eb53b7ccd8469dda027da5b7d17ecc0b40fcc7d	041d3c4cf7d3e0e9599b3001fdfe920beb1b3e6ea005ed3ce387048a14596c45	aa923ebb5f4dd09cf52c5da8a3a1d9a1883fa9dcba9ca544febee4f80f25a3e8
foggy-dataset-mcp	v934-src|97:foggy-dataset-mcp/src/test/java/com/foggyframework/dataset/mcp/service/ToolFilterServiceTest.java	com.foggyframework.dataset.mcp.service.ToolFilterServiceTest	com.foggyframework.dataset.mcp.service.ToolFilterServiceTest$FilterToolDefinitionsByRoleTest	2	0	junit-jupiter	af956698a34f4216f2adcfb68eb53b7ccd8469dda027da5b7d17ecc0b40fcc7d	041d3c4cf7d3e0e9599b3001fdfe920beb1b3e6ea005ed3ce387048a14596c45	aa923ebb5f4dd09cf52c5da8a3a1d9a1883fa9dcba9ca544febee4f80f25a3e8
foggy-dataset-mcp	v934-src|97:foggy-dataset-mcp/src/test/java/com/foggyframework/dataset/mcp/service/ToolFilterServiceTest.java	com.foggyframework.dataset.mcp.service.ToolFilterServiceTest	com.foggyframework.dataset.mcp.service.ToolFilterServiceTest$FilterToolsByRoleTest	6	0	junit-jupiter	af956698a34f4216f2adcfb68eb53b7ccd8469dda027da5b7d17ecc0b40fcc7d	041d3c4cf7d3e0e9599b3001fdfe920beb1b3e6ea005ed3ce387048a14596c45	aa923ebb5f4dd09cf52c5da8a3a1d9a1883fa9dcba9ca544febee4f80f25a3e8
foggy-dataset-mcp	v934-src|97:foggy-dataset-mcp/src/test/java/com/foggyframework/dataset/mcp/service/ToolFilterServiceTest.java	com.foggyframework.dataset.mcp.service.ToolFilterServiceTest	com.foggyframework.dataset.mcp.service.ToolFilterServiceTest$GetAllowedCategoriesTest	3	0	junit-jupiter	af956698a34f4216f2adcfb68eb53b7ccd8469dda027da5b7d17ecc0b40fcc7d	041d3c4cf7d3e0e9599b3001fdfe920beb1b3e6ea005ed3ce387048a14596c45	aa923ebb5f4dd09cf52c5da8a3a1d9a1883fa9dcba9ca544febee4f80f25a3e8
foggy-dataset-mcp	v934-src|110:foggy-dataset-mcp/src/test/java/com/foggyframework/dataset/mcp/service/routing/ClarifyTemplateCatalogTest.java	com.foggyframework.dataset.mcp.service.routing.ClarifyTemplateCatalogTest	com.foggyframework.dataset.mcp.service.routing.ClarifyTemplateCatalogTest	3	0	junit-jupiter	c1e6ba8b60a78b4910c9c11515eb59ec8d884f201e9bc2da3a372e711dfdd8a3	041d3c4cf7d3e0e9599b3001fdfe920beb1b3e6ea005ed3ce387048a14596c45	aa923ebb5f4dd09cf52c5da8a3a1d9a1883fa9dcba9ca544febee4f80f25a3e8
foggy-dataset-mcp	v934-src|120:foggy-dataset-mcp/src/test/java/com/foggyframework/dataset/mcp/service/routing/RoutingCalibrationActionResolverTest.java	com.foggyframework.dataset.mcp.service.routing.RoutingCalibrationActionResolverTest	com.foggyframework.dataset.mcp.service.routing.RoutingCalibrationActionResolverTest	8	0	junit-jupiter	04de2cb82a80a928d255b3603dc13c8f3b018b5b0016440585e069efcf53aee9	041d3c4cf7d3e0e9599b3001fdfe920beb1b3e6ea005ed3ce387048a14596c45	aa923ebb5f4dd09cf52c5da8a3a1d9a1883fa9dcba9ca544febee4f80f25a3e8
foggy-dataset-mcp	v934-src|109:foggy-dataset-mcp/src/test/java/com/foggyframework/dataset/mcp/spi/impl/CatalogAuthoritySpringWiringTest.java	com.foggyframework.dataset.mcp.spi.impl.CatalogAuthoritySpringWiringTest	com.foggyframework.dataset.mcp.spi.impl.CatalogAuthoritySpringWiringTest	1	0	junit-jupiter	0a9b44facdcc02f631386b9af13f465af29c4b7b76592c830819100e4566ece3	041d3c4cf7d3e0e9599b3001fdfe920beb1b3e6ea005ed3ce387048a14596c45	aa923ebb5f4dd09cf52c5da8a3a1d9a1883fa9dcba9ca544febee4f80f25a3e8
foggy-dataset-mcp	v934-src|106:foggy-dataset-mcp/src/test/java/com/foggyframework/dataset/mcp/spi/impl/CatalogNamespaceAuthorityTest.java	com.foggyframework.dataset.mcp.spi.impl.CatalogNamespaceAuthorityTest	com.foggyframework.dataset.mcp.spi.impl.CatalogNamespaceAuthorityTest	5	0	junit-jupiter	7756b193c21ece7c06cd5784e8fb6a8b1a39196e66913866735948f714de8e63	041d3c4cf7d3e0e9599b3001fdfe920beb1b3e6ea005ed3ce387048a14596c45	aa923ebb5f4dd09cf52c5da8a3a1d9a1883fa9dcba9ca544febee4f80f25a3e8
foggy-dataset-mcp	v934-src|111:foggy-dataset-mcp/src/test/java/com/foggyframework/dataset/mcp/spi/impl/LocalDatasetAccessorGovernanceTest.java	com.foggyframework.dataset.mcp.spi.impl.LocalDatasetAccessorGovernanceTest	com.foggyframework.dataset.mcp.spi.impl.LocalDatasetAccessorGovernanceTest	12	0	junit-jupiter	28b5cfda71cba98ba4292f7f080879f5d828e1f5b2a094ae4c2c624c5c699a47	041d3c4cf7d3e0e9599b3001fdfe920beb1b3e6ea005ed3ce387048a14596c45	aa923ebb5f4dd09cf52c5da8a3a1d9a1883fa9dcba9ca544febee4f80f25a3e8
foggy-dataset-mcp	v934-src|108:foggy-dataset-mcp/src/test/java/com/foggyframework/dataset/mcp/spi/impl/SemanticServiceResolverImplTest.java	com.foggyframework.dataset.mcp.spi.impl.SemanticServiceResolverImplTest	com.foggyframework.dataset.mcp.spi.impl.SemanticServiceResolverImplTest	11	0	junit-jupiter	61a2951855fa10e7a229134470bdb811c0c62580a23df0fbf04f7da7ad2ef66c	041d3c4cf7d3e0e9599b3001fdfe920beb1b3e6ea005ed3ce387048a14596c45	aa923ebb5f4dd09cf52c5da8a3a1d9a1883fa9dcba9ca544febee4f80f25a3e8
foggy-dataset-mcp	v934-src|87:foggy-dataset-mcp/src/test/java/com/foggyframework/dataset/mcp/tools/ChartToolTest.java	com.foggyframework.dataset.mcp.tools.ChartToolTest	com.foggyframework.dataset.mcp.tools.ChartToolTest	0	0	junit-jupiter	3af4f7927b22da5a4c4e0ab62b7805b38c91e6be8ec4531228da14f8bcbf82d3	041d3c4cf7d3e0e9599b3001fdfe920beb1b3e6ea005ed3ce387048a14596c45	aa923ebb5f4dd09cf52c5da8a3a1d9a1883fa9dcba9ca544febee4f80f25a3e8
foggy-dataset-mcp	v934-src|87:foggy-dataset-mcp/src/test/java/com/foggyframework/dataset/mcp/tools/ChartToolTest.java	com.foggyframework.dataset.mcp.tools.ChartToolTest	com.foggyframework.dataset.mcp.tools.ChartToolTest$BasicPropertiesTest	3	0	junit-jupiter	3af4f7927b22da5a4c4e0ab62b7805b38c91e6be8ec4531228da14f8bcbf82d3	041d3c4cf7d3e0e9599b3001fdfe920beb1b3e6ea005ed3ce387048a14596c45	aa923ebb5f4dd09cf52c5da8a3a1d9a1883fa9dcba9ca544febee4f80f25a3e8
foggy-dataset-mcp	v934-src|87:foggy-dataset-mcp/src/test/java/com/foggyframework/dataset/mcp/tools/ChartToolTest.java	com.foggyframework.dataset.mcp.tools.ChartToolTest	com.foggyframework.dataset.mcp.tools.ChartToolTest$ExecuteErrorTest	2	0	junit-jupiter	3af4f7927b22da5a4c4e0ab62b7805b38c91e6be8ec4531228da14f8bcbf82d3	041d3c4cf7d3e0e9599b3001fdfe920beb1b3e6ea005ed3ce387048a14596c45	aa923ebb5f4dd09cf52c5da8a3a1d9a1883fa9dcba9ca544febee4f80f25a3e8
foggy-dataset-mcp	v934-src|87:foggy-dataset-mcp/src/test/java/com/foggyframework/dataset/mcp/tools/ChartToolTest.java	com.foggyframework.dataset.mcp.tools.ChartToolTest	com.foggyframework.dataset.mcp.tools.ChartToolTest$ExecuteSuccessTest	6	0	junit-jupiter	3af4f7927b22da5a4c4e0ab62b7805b38c91e6be8ec4531228da14f8bcbf82d3	041d3c4cf7d3e0e9599b3001fdfe920beb1b3e6ea005ed3ce387048a14596c45	aa923ebb5f4dd09cf52c5da8a3a1d9a1883fa9dcba9ca544febee4f80f25a3e8
foggy-dataset-mcp	v934-src|87:foggy-dataset-mcp/src/test/java/com/foggyframework/dataset/mcp/tools/ChartToolTest.java	com.foggyframework.dataset.mcp.tools.ChartToolTest	com.foggyframework.dataset.mcp.tools.ChartToolTest$ExecuteWithProgressTest	2	0	junit-jupiter	3af4f7927b22da5a4c4e0ab62b7805b38c91e6be8ec4531228da14f8bcbf82d3	041d3c4cf7d3e0e9599b3001fdfe920beb1b3e6ea005ed3ce387048a14596c45	aa923ebb5f4dd09cf52c5da8a3a1d9a1883fa9dcba9ca544febee4f80f25a3e8
foggy-dataset-mcp	v934-src|87:foggy-dataset-mcp/src/test/java/com/foggyframework/dataset/mcp/tools/ChartToolTest.java	com.foggyframework.dataset.mcp.tools.ChartToolTest	com.foggyframework.dataset.mcp.tools.ChartToolTest$ParameterValidationTest	2	0	junit-jupiter	3af4f7927b22da5a4c4e0ab62b7805b38c91e6be8ec4531228da14f8bcbf82d3	041d3c4cf7d3e0e9599b3001fdfe920beb1b3e6ea005ed3ce387048a14596c45	aa923ebb5f4dd09cf52c5da8a3a1d9a1883fa9dcba9ca544febee4f80f25a3e8
foggy-dataset-mcp	v934-src|102:foggy-dataset-mcp/src/test/java/com/foggyframework/dataset/mcp/tools/ComposeScriptToolBindingTest.java	com.foggyframework.dataset.mcp.tools.ComposeScriptToolBindingTest	com.foggyframework.dataset.mcp.tools.ComposeScriptToolBindingTest	5	0	junit-jupiter	8f61f71c4633b3307ba5956e59e7806ca4d4b64240e4791ba5c9fa3c29b997fe	041d3c4cf7d3e0e9599b3001fdfe920beb1b3e6ea005ed3ce387048a14596c45	aa923ebb5f4dd09cf52c5da8a3a1d9a1883fa9dcba9ca544febee4f80f25a3e8
foggy-dataset-mcp	v934-src|95:foggy-dataset-mcp/src/test/java/com/foggyframework/dataset/mcp/tools/ComposeScriptToolTest.java	com.foggyframework.dataset.mcp.tools.ComposeScriptToolTest	com.foggyframework.dataset.mcp.tools.ComposeScriptToolTest	0	0	junit-jupiter	9225e4a59e12f475ec33f8dd14cf03937832bf087a95abdc801c82dc900c96ca	041d3c4cf7d3e0e9599b3001fdfe920beb1b3e6ea005ed3ce387048a14596c45	aa923ebb5f4dd09cf52c5da8a3a1d9a1883fa9dcba9ca544febee4f80f25a3e8
foggy-dataset-mcp	v934-src|95:foggy-dataset-mcp/src/test/java/com/foggyframework/dataset/mcp/tools/ComposeScriptToolTest.java	com.foggyframework.dataset.mcp.tools.ComposeScriptToolTest	com.foggyframework.dataset.mcp.tools.ComposeScriptToolTest$BasicPropertiesTest	4	0	junit-jupiter	9225e4a59e12f475ec33f8dd14cf03937832bf087a95abdc801c82dc900c96ca	041d3c4cf7d3e0e9599b3001fdfe920beb1b3e6ea005ed3ce387048a14596c45	aa923ebb5f4dd09cf52c5da8a3a1d9a1883fa9dcba9ca544febee4f80f25a3e8
foggy-dataset-mcp	v934-src|95:foggy-dataset-mcp/src/test/java/com/foggyframework/dataset/mcp/tools/ComposeScriptToolTest.java	com.foggyframework.dataset.mcp.tools.ComposeScriptToolTest	com.foggyframework.dataset.mcp.tools.ComposeScriptToolTest$ErrorPhaseMappingTest	3	0	junit-jupiter	9225e4a59e12f475ec33f8dd14cf03937832bf087a95abdc801c82dc900c96ca	041d3c4cf7d3e0e9599b3001fdfe920beb1b3e6ea005ed3ce387048a14596c45	aa923ebb5f4dd09cf52c5da8a3a1d9a1883fa9dcba9ca544febee4f80f25a3e8
foggy-dataset-mcp	v934-src|95:foggy-dataset-mcp/src/test/java/com/foggyframework/dataset/mcp/tools/ComposeScriptToolTest.java	com.foggyframework.dataset.mcp.tools.ComposeScriptToolTest	com.foggyframework.dataset.mcp.tools.ComposeScriptToolTest$InputValidationTest	3	0	junit-jupiter	9225e4a59e12f475ec33f8dd14cf03937832bf087a95abdc801c82dc900c96ca	041d3c4cf7d3e0e9599b3001fdfe920beb1b3e6ea005ed3ce387048a14596c45	aa923ebb5f4dd09cf52c5da8a3a1d9a1883fa9dcba9ca544febee4f80f25a3e8
foggy-dataset-mcp	v934-src|95:foggy-dataset-mcp/src/test/java/com/foggyframework/dataset/mcp/tools/ComposeScriptToolTest.java	com.foggyframework.dataset.mcp.tools.ComposeScriptToolTest	com.foggyframework.dataset.mcp.tools.ComposeScriptToolTest$ResolverFactoryTest	1	0	junit-jupiter	9225e4a59e12f475ec33f8dd14cf03937832bf087a95abdc801c82dc900c96ca	041d3c4cf7d3e0e9599b3001fdfe920beb1b3e6ea005ed3ce387048a14596c45	aa923ebb5f4dd09cf52c5da8a3a1d9a1883fa9dcba9ca544febee4f80f25a3e8
foggy-dataset-mcp	v934-src|98:foggy-dataset-mcp/src/test/java/com/foggyframework/dataset/mcp/tools/DescriptionModelToolTest.java	com.foggyframework.dataset.mcp.tools.DescriptionModelToolTest	com.foggyframework.dataset.mcp.tools.DescriptionModelToolTest	6	0	junit-jupiter	b32efa0fa63ac5fe4c94e8d77af1fcc3c74687c86f770c12a34d2500b47b32a9	041d3c4cf7d3e0e9599b3001fdfe920beb1b3e6ea005ed3ce387048a14596c45	aa923ebb5f4dd09cf52c5da8a3a1d9a1883fa9dcba9ca544febee4f80f25a3e8
foggy-dataset-mcp	v934-src|97:foggy-dataset-mcp/src/test/java/com/foggyframework/dataset/mcp/tools/ExportWithChartToolTest.java	com.foggyframework.dataset.mcp.tools.ExportWithChartToolTest	com.foggyframework.dataset.mcp.tools.ExportWithChartToolTest	0	0	junit-jupiter	87ee86f88aae0c64a3274cd3914c110dc22e3f97591f5a5dff85eb2719ec2398	041d3c4cf7d3e0e9599b3001fdfe920beb1b3e6ea005ed3ce387048a14596c45	aa923ebb5f4dd09cf52c5da8a3a1d9a1883fa9dcba9ca544febee4f80f25a3e8
foggy-dataset-mcp	v934-src|97:foggy-dataset-mcp/src/test/java/com/foggyframework/dataset/mcp/tools/ExportWithChartToolTest.java	com.foggyframework.dataset.mcp.tools.ExportWithChartToolTest	com.foggyframework.dataset.mcp.tools.ExportWithChartToolTest$BasicPropertiesTest	3	0	junit-jupiter	87ee86f88aae0c64a3274cd3914c110dc22e3f97591f5a5dff85eb2719ec2398	041d3c4cf7d3e0e9599b3001fdfe920beb1b3e6ea005ed3ce387048a14596c45	aa923ebb5f4dd09cf52c5da8a3a1d9a1883fa9dcba9ca544febee4f80f25a3e8
foggy-dataset-mcp	v934-src|97:foggy-dataset-mcp/src/test/java/com/foggyframework/dataset/mcp/tools/ExportWithChartToolTest.java	com.foggyframework.dataset.mcp.tools.ExportWithChartToolTest	com.foggyframework.dataset.mcp.tools.ExportWithChartToolTest$DataExtractionTest	1	0	junit-jupiter	87ee86f88aae0c64a3274cd3914c110dc22e3f97591f5a5dff85eb2719ec2398	041d3c4cf7d3e0e9599b3001fdfe920beb1b3e6ea005ed3ce387048a14596c45	aa923ebb5f4dd09cf52c5da8a3a1d9a1883fa9dcba9ca544febee4f80f25a3e8
foggy-dataset-mcp	v934-src|97:foggy-dataset-mcp/src/test/java/com/foggyframework/dataset/mcp/tools/ExportWithChartToolTest.java	com.foggyframework.dataset.mcp.tools.ExportWithChartToolTest	com.foggyframework.dataset.mcp.tools.ExportWithChartToolTest$ExecuteErrorTest	4	0	junit-jupiter	87ee86f88aae0c64a3274cd3914c110dc22e3f97591f5a5dff85eb2719ec2398	041d3c4cf7d3e0e9599b3001fdfe920beb1b3e6ea005ed3ce387048a14596c45	aa923ebb5f4dd09cf52c5da8a3a1d9a1883fa9dcba9ca544febee4f80f25a3e8
foggy-dataset-mcp	v934-src|97:foggy-dataset-mcp/src/test/java/com/foggyframework/dataset/mcp/tools/ExportWithChartToolTest.java	com.foggyframework.dataset.mcp.tools.ExportWithChartToolTest	com.foggyframework.dataset.mcp.tools.ExportWithChartToolTest$ExecuteSuccessTest	6	0	junit-jupiter	87ee86f88aae0c64a3274cd3914c110dc22e3f97591f5a5dff85eb2719ec2398	041d3c4cf7d3e0e9599b3001fdfe920beb1b3e6ea005ed3ce387048a14596c45	aa923ebb5f4dd09cf52c5da8a3a1d9a1883fa9dcba9ca544febee4f80f25a3e8
foggy-dataset-mcp	v934-src|97:foggy-dataset-mcp/src/test/java/com/foggyframework/dataset/mcp/tools/ExportWithChartToolTest.java	com.foggyframework.dataset.mcp.tools.ExportWithChartToolTest	com.foggyframework.dataset.mcp.tools.ExportWithChartToolTest$ExecuteWithProgressTest	2	0	junit-jupiter	87ee86f88aae0c64a3274cd3914c110dc22e3f97591f5a5dff85eb2719ec2398	041d3c4cf7d3e0e9599b3001fdfe920beb1b3e6ea005ed3ce387048a14596c45	aa923ebb5f4dd09cf52c5da8a3a1d9a1883fa9dcba9ca544febee4f80f25a3e8
foggy-dataset-mcp	v934-src|112:foggy-dataset-mcp/src/test/java/com/foggyframework/dataset/mcp/tools/JavaComposeScriptToolErrorSnapshotTest.java	com.foggyframework.dataset.mcp.tools.JavaComposeScriptToolErrorSnapshotTest	com.foggyframework.dataset.mcp.tools.JavaComposeScriptToolErrorSnapshotTest	1	0	junit-jupiter	12317f4ed3742bae0c2cf7fafb68a250ca9178bfdb9848096526c6390f71ab1b	041d3c4cf7d3e0e9599b3001fdfe920beb1b3e6ea005ed3ce387048a14596c45	aa923ebb5f4dd09cf52c5da8a3a1d9a1883fa9dcba9ca544febee4f80f25a3e8
foggy-dataset-mcp	v934-src|117:foggy-dataset-mcp/src/test/java/com/foggyframework/dataset/mcp/tools/JavaDomainQuestionNeutralRunnerSnapshotTest.java	com.foggyframework.dataset.mcp.tools.JavaDomainQuestionNeutralRunnerSnapshotTest	com.foggyframework.dataset.mcp.tools.JavaDomainQuestionNeutralRunnerSnapshotTest	1	0	junit-jupiter	503f260442b2e5255bcedaa25b7f217c5b953fe8aaac741c558afc531943bfcc	041d3c4cf7d3e0e9599b3001fdfe920beb1b3e6ea005ed3ce387048a14596c45	aa923ebb5f4dd09cf52c5da8a3a1d9a1883fa9dcba9ca544febee4f80f25a3e8
foggy-dataset-mcp	v934-src|92:foggy-dataset-mcp/src/test/java/com/foggyframework/dataset/mcp/tools/ListModelsToolTest.java	com.foggyframework.dataset.mcp.tools.ListModelsToolTest	com.foggyframework.dataset.mcp.tools.ListModelsToolTest	0	0	junit-jupiter	a6c27b866846885ef34dfa7595a4343c36aa948e3b79d3d16764c3800b2381da	041d3c4cf7d3e0e9599b3001fdfe920beb1b3e6ea005ed3ce387048a14596c45	aa923ebb5f4dd09cf52c5da8a3a1d9a1883fa9dcba9ca544febee4f80f25a3e8
foggy-dataset-mcp	v934-src|92:foggy-dataset-mcp/src/test/java/com/foggyframework/dataset/mcp/tools/ListModelsToolTest.java	com.foggyframework.dataset.mcp.tools.ListModelsToolTest	com.foggyframework.dataset.mcp.tools.ListModelsToolTest$BasicPropertiesTest	2	0	junit-jupiter	a6c27b866846885ef34dfa7595a4343c36aa948e3b79d3d16764c3800b2381da	041d3c4cf7d3e0e9599b3001fdfe920beb1b3e6ea005ed3ce387048a14596c45	aa923ebb5f4dd09cf52c5da8a3a1d9a1883fa9dcba9ca544febee4f80f25a3e8
foggy-dataset-mcp	v934-src|92:foggy-dataset-mcp/src/test/java/com/foggyframework/dataset/mcp/tools/ListModelsToolTest.java	com.foggyframework.dataset.mcp.tools.ListModelsToolTest	com.foggyframework.dataset.mcp.tools.ListModelsToolTest$ExecuteSuccessTest	19	0	junit-jupiter	a6c27b866846885ef34dfa7595a4343c36aa948e3b79d3d16764c3800b2381da	041d3c4cf7d3e0e9599b3001fdfe920beb1b3e6ea005ed3ce387048a14596c45	aa923ebb5f4dd09cf52c5da8a3a1d9a1883fa9dcba9ca544febee4f80f25a3e8
foggy-dataset-mcp	v934-src|90:foggy-dataset-mcp/src/test/java/com/foggyframework/dataset/mcp/tools/MetadataToolTest.java	com.foggyframework.dataset.mcp.tools.MetadataToolTest	com.foggyframework.dataset.mcp.tools.MetadataToolTest	0	0	junit-jupiter	80940e96b92fa6ea8b8a28b568749d47a266baaffdad806dae855d6ebd29d613	041d3c4cf7d3e0e9599b3001fdfe920beb1b3e6ea005ed3ce387048a14596c45	aa923ebb5f4dd09cf52c5da8a3a1d9a1883fa9dcba9ca544febee4f80f25a3e8
foggy-dataset-mcp	v934-src|90:foggy-dataset-mcp/src/test/java/com/foggyframework/dataset/mcp/tools/MetadataToolTest.java	com.foggyframework.dataset.mcp.tools.MetadataToolTest	com.foggyframework.dataset.mcp.tools.MetadataToolTest$AccessModeTest	1	0	junit-jupiter	80940e96b92fa6ea8b8a28b568749d47a266baaffdad806dae855d6ebd29d613	041d3c4cf7d3e0e9599b3001fdfe920beb1b3e6ea005ed3ce387048a14596c45	aa923ebb5f4dd09cf52c5da8a3a1d9a1883fa9dcba9ca544febee4f80f25a3e8
foggy-dataset-mcp	v934-src|90:foggy-dataset-mcp/src/test/java/com/foggyframework/dataset/mcp/tools/MetadataToolTest.java	com.foggyframework.dataset.mcp.tools.MetadataToolTest	com.foggyframework.dataset.mcp.tools.MetadataToolTest$BasicPropertiesTest	3	0	junit-jupiter	80940e96b92fa6ea8b8a28b568749d47a266baaffdad806dae855d6ebd29d613	041d3c4cf7d3e0e9599b3001fdfe920beb1b3e6ea005ed3ce387048a14596c45	aa923ebb5f4dd09cf52c5da8a3a1d9a1883fa9dcba9ca544febee4f80f25a3e8
foggy-dataset-mcp	v934-src|90:foggy-dataset-mcp/src/test/java/com/foggyframework/dataset/mcp/tools/MetadataToolTest.java	com.foggyframework.dataset.mcp.tools.MetadataToolTest	com.foggyframework.dataset.mcp.tools.MetadataToolTest$ExecuteErrorTest	2	0	junit-jupiter	80940e96b92fa6ea8b8a28b568749d47a266baaffdad806dae855d6ebd29d613	041d3c4cf7d3e0e9599b3001fdfe920beb1b3e6ea005ed3ce387048a14596c45	aa923ebb5f4dd09cf52c5da8a3a1d9a1883fa9dcba9ca544febee4f80f25a3e8
foggy-dataset-mcp	v934-src|90:foggy-dataset-mcp/src/test/java/com/foggyframework/dataset/mcp/tools/MetadataToolTest.java	com.foggyframework.dataset.mcp.tools.MetadataToolTest	com.foggyframework.dataset.mcp.tools.MetadataToolTest$ExecuteSuccessTest	5	0	junit-jupiter	80940e96b92fa6ea8b8a28b568749d47a266baaffdad806dae855d6ebd29d613	041d3c4cf7d3e0e9599b3001fdfe920beb1b3e6ea005ed3ce387048a14596c45	aa923ebb5f4dd09cf52c5da8a3a1d9a1883fa9dcba9ca544febee4f80f25a3e8
foggy-dataset-mcp	v934-src|90:foggy-dataset-mcp/src/test/java/com/foggyframework/dataset/mcp/tools/MetadataToolTest.java	com.foggyframework.dataset.mcp.tools.MetadataToolTest	com.foggyframework.dataset.mcp.tools.MetadataToolTest$NamespaceTest	3	0	junit-jupiter	80940e96b92fa6ea8b8a28b568749d47a266baaffdad806dae855d6ebd29d613	041d3c4cf7d3e0e9599b3001fdfe920beb1b3e6ea005ed3ce387048a14596c45	aa923ebb5f4dd09cf52c5da8a3a1d9a1883fa9dcba9ca544febee4f80f25a3e8
foggy-dataset-mcp	v934-src|90:foggy-dataset-mcp/src/test/java/com/foggyframework/dataset/mcp/tools/MetadataToolTest.java	com.foggyframework.dataset.mcp.tools.MetadataToolTest	com.foggyframework.dataset.mcp.tools.MetadataToolTest$ResponseFormatTest	2	0	junit-jupiter	80940e96b92fa6ea8b8a28b568749d47a266baaffdad806dae855d6ebd29d613	041d3c4cf7d3e0e9599b3001fdfe920beb1b3e6ea005ed3ce387048a14596c45	aa923ebb5f4dd09cf52c5da8a3a1d9a1883fa9dcba9ca544febee4f80f25a3e8
foggy-dataset-mcp	v934-src|102:foggy-dataset-mcp/src/test/java/com/foggyframework/dataset/mcp/tools/NaturalLanguageQueryToolTest.java	com.foggyframework.dataset.mcp.tools.NaturalLanguageQueryToolTest	com.foggyframework.dataset.mcp.tools.NaturalLanguageQueryToolTest	0	0	junit-jupiter	09cf093b76265e72cf7a4501b3873c24b8a5e8c1c90e89d8e08d480daf0b222d	041d3c4cf7d3e0e9599b3001fdfe920beb1b3e6ea005ed3ce387048a14596c45	aa923ebb5f4dd09cf52c5da8a3a1d9a1883fa9dcba9ca544febee4f80f25a3e8
foggy-dataset-mcp	v934-src|102:foggy-dataset-mcp/src/test/java/com/foggyframework/dataset/mcp/tools/NaturalLanguageQueryToolTest.java	com.foggyframework.dataset.mcp.tools.NaturalLanguageQueryToolTest	com.foggyframework.dataset.mcp.tools.NaturalLanguageQueryToolTest$BasicPropertiesTest	3	0	junit-jupiter	09cf093b76265e72cf7a4501b3873c24b8a5e8c1c90e89d8e08d480daf0b222d	041d3c4cf7d3e0e9599b3001fdfe920beb1b3e6ea005ed3ce387048a14596c45	aa923ebb5f4dd09cf52c5da8a3a1d9a1883fa9dcba9ca544febee4f80f25a3e8
foggy-dataset-mcp	v934-src|102:foggy-dataset-mcp/src/test/java/com/foggyframework/dataset/mcp/tools/NaturalLanguageQueryToolTest.java	com.foggyframework.dataset.mcp.tools.NaturalLanguageQueryToolTest	com.foggyframework.dataset.mcp.tools.NaturalLanguageQueryToolTest$ExecuteErrorTest	2	0	junit-jupiter	09cf093b76265e72cf7a4501b3873c24b8a5e8c1c90e89d8e08d480daf0b222d	041d3c4cf7d3e0e9599b3001fdfe920beb1b3e6ea005ed3ce387048a14596c45	aa923ebb5f4dd09cf52c5da8a3a1d9a1883fa9dcba9ca544febee4f80f25a3e8
foggy-dataset-mcp	v934-src|102:foggy-dataset-mcp/src/test/java/com/foggyframework/dataset/mcp/tools/NaturalLanguageQueryToolTest.java	com.foggyframework.dataset.mcp.tools.NaturalLanguageQueryToolTest	com.foggyframework.dataset.mcp.tools.NaturalLanguageQueryToolTest$ExecuteSuccessTest	8	0	junit-jupiter	09cf093b76265e72cf7a4501b3873c24b8a5e8c1c90e89d8e08d480daf0b222d	041d3c4cf7d3e0e9599b3001fdfe920beb1b3e6ea005ed3ce387048a14596c45	aa923ebb5f4dd09cf52c5da8a3a1d9a1883fa9dcba9ca544febee4f80f25a3e8
foggy-dataset-mcp	v934-src|102:foggy-dataset-mcp/src/test/java/com/foggyframework/dataset/mcp/tools/NaturalLanguageQueryToolTest.java	com.foggyframework.dataset.mcp.tools.NaturalLanguageQueryToolTest	com.foggyframework.dataset.mcp.tools.NaturalLanguageQueryToolTest$ExecuteWithProgressTest	4	0	junit-jupiter	09cf093b76265e72cf7a4501b3873c24b8a5e8c1c90e89d8e08d480daf0b222d	041d3c4cf7d3e0e9599b3001fdfe920beb1b3e6ea005ed3ce387048a14596c45	aa923ebb5f4dd09cf52c5da8a3a1d9a1883fa9dcba9ca544febee4f80f25a3e8
foggy-dataset-mcp	v934-src|102:foggy-dataset-mcp/src/test/java/com/foggyframework/dataset/mcp/tools/NaturalLanguageQueryToolTest.java	com.foggyframework.dataset.mcp.tools.NaturalLanguageQueryToolTest	com.foggyframework.dataset.mcp.tools.NaturalLanguageQueryToolTest$RequestBuildingTest	2	0	junit-jupiter	09cf093b76265e72cf7a4501b3873c24b8a5e8c1c90e89d8e08d480daf0b222d	041d3c4cf7d3e0e9599b3001fdfe920beb1b3e6ea005ed3ce387048a14596c45	aa923ebb5f4dd09cf52c5da8a3a1d9a1883fa9dcba9ca544febee4f80f25a3e8
foggy-dataset-mcp	v934-src|92:foggy-dataset-mcp/src/test/java/com/foggyframework/dataset/mcp/tools/QueryModelToolTest.java	com.foggyframework.dataset.mcp.tools.QueryModelToolTest	com.foggyframework.dataset.mcp.tools.QueryModelToolTest	0	0	junit-jupiter	40540214c8aa247da4c64136a0589cf1fae08e9554cedbdac17823d09c6dd11e	041d3c4cf7d3e0e9599b3001fdfe920beb1b3e6ea005ed3ce387048a14596c45	aa923ebb5f4dd09cf52c5da8a3a1d9a1883fa9dcba9ca544febee4f80f25a3e8
foggy-dataset-mcp	v934-src|92:foggy-dataset-mcp/src/test/java/com/foggyframework/dataset/mcp/tools/QueryModelToolTest.java	com.foggyframework.dataset.mcp.tools.QueryModelToolTest	com.foggyframework.dataset.mcp.tools.QueryModelToolTest$BasicPropertiesTest	2	0	junit-jupiter	40540214c8aa247da4c64136a0589cf1fae08e9554cedbdac17823d09c6dd11e	041d3c4cf7d3e0e9599b3001fdfe920beb1b3e6ea005ed3ce387048a14596c45	aa923ebb5f4dd09cf52c5da8a3a1d9a1883fa9dcba9ca544febee4f80f25a3e8
foggy-dataset-mcp	v934-src|92:foggy-dataset-mcp/src/test/java/com/foggyframework/dataset/mcp/tools/QueryModelToolTest.java	com.foggyframework.dataset.mcp.tools.QueryModelToolTest	com.foggyframework.dataset.mcp.tools.QueryModelToolTest$ExecuteErrorTest	2	0	junit-jupiter	40540214c8aa247da4c64136a0589cf1fae08e9554cedbdac17823d09c6dd11e	041d3c4cf7d3e0e9599b3001fdfe920beb1b3e6ea005ed3ce387048a14596c45	aa923ebb5f4dd09cf52c5da8a3a1d9a1883fa9dcba9ca544febee4f80f25a3e8
foggy-dataset-mcp	v934-src|92:foggy-dataset-mcp/src/test/java/com/foggyframework/dataset/mcp/tools/QueryModelToolTest.java	com.foggyframework.dataset.mcp.tools.QueryModelToolTest	com.foggyframework.dataset.mcp.tools.QueryModelToolTest$ExecuteSuccessTest	8	0	junit-jupiter	40540214c8aa247da4c64136a0589cf1fae08e9554cedbdac17823d09c6dd11e	041d3c4cf7d3e0e9599b3001fdfe920beb1b3e6ea005ed3ce387048a14596c45	aa923ebb5f4dd09cf52c5da8a3a1d9a1883fa9dcba9ca544febee4f80f25a3e8
foggy-dataset-mcp	v934-src|92:foggy-dataset-mcp/src/test/java/com/foggyframework/dataset/mcp/tools/QueryModelToolTest.java	com.foggyframework.dataset.mcp.tools.QueryModelToolTest	com.foggyframework.dataset.mcp.tools.QueryModelToolTest$NamespaceTest	3	0	junit-jupiter	40540214c8aa247da4c64136a0589cf1fae08e9554cedbdac17823d09c6dd11e	041d3c4cf7d3e0e9599b3001fdfe920beb1b3e6ea005ed3ce387048a14596c45	aa923ebb5f4dd09cf52c5da8a3a1d9a1883fa9dcba9ca544febee4f80f25a3e8
foggy-dataset-mcp	v934-src|92:foggy-dataset-mcp/src/test/java/com/foggyframework/dataset/mcp/tools/QueryModelToolTest.java	com.foggyframework.dataset.mcp.tools.QueryModelToolTest	com.foggyframework.dataset.mcp.tools.QueryModelToolTest$ParameterValidationTest	4	0	junit-jupiter	40540214c8aa247da4c64136a0589cf1fae08e9554cedbdac17823d09c6dd11e	041d3c4cf7d3e0e9599b3001fdfe920beb1b3e6ea005ed3ce387048a14596c45	aa923ebb5f4dd09cf52c5da8a3a1d9a1883fa9dcba9ca544febee4f80f25a3e8
foggy-dataset-mcp	v934-src|113:foggy-dataset-mcp/src/test/java/com/foggyframework/dataset/mcp/validation/SemanticLayerValidationServiceTest.java	com.foggyframework.dataset.mcp.validation.SemanticLayerValidationServiceTest	com.foggyframework.dataset.mcp.validation.SemanticLayerValidationServiceTest	3	0	junit-jupiter	b71f45d814580e9bdc35e4e44b13cdea210a1bf736bc1643beb9d8dd7590d35c	041d3c4cf7d3e0e9599b3001fdfe920beb1b3e6ea005ed3ce387048a14596c45	aa923ebb5f4dd09cf52c5da8a3a1d9a1883fa9dcba9ca544febee4f80f25a3e8
foggy-dataset-memory-grid-bridge	v934-src|127:foggy-dataset-memory-grid-bridge/src/test/java/com/foggyframework/dataset/db/model/semantic/MemoryGridAcceptanceSampleTest.java	com.foggyframework.dataset.db.model.semantic.MemoryGridAcceptanceSampleTest	com.foggyframework.dataset.db.model.semantic.MemoryGridAcceptanceSampleTest	18	0	junit-jupiter	53d8aaae24278820d752fd40631a1bc6be3560236c7ec32762c95b9cfeeafc68	a561c11d278d5176dd456c264359b7992f8d56805445a5f58c834a9e59b8294f	0d831711713621073ef620e07aba51787a81e4104ae3e7270b0084d60ea3694c
foggy-dataset-memory-grid-bridge	v934-src|129:foggy-dataset-memory-grid-bridge/src/test/java/com/foggyframework/dataset/db/model/semantic/MemoryGridGuardrailValidatorTest.java	com.foggyframework.dataset.db.model.semantic.MemoryGridGuardrailValidatorTest	com.foggyframework.dataset.db.model.semantic.MemoryGridGuardrailValidatorTest	12	0	junit-jupiter	127da67cac6fe4ca9e961fe920a78947727dcf6c1ce1a0540aec98c0010b863b	a561c11d278d5176dd456c264359b7992f8d56805445a5f58c834a9e59b8294f	0d831711713621073ef620e07aba51787a81e4104ae3e7270b0084d60ea3694c
foggy-dataset-memory-grid-bridge	v934-src|126:foggy-dataset-memory-grid-bridge/src/test/java/com/foggyframework/dataset/db/model/semantic/MemoryGridHandleLifecycleTest.java	com.foggyframework.dataset.db.model.semantic.MemoryGridHandleLifecycleTest	com.foggyframework.dataset.db.model.semantic.MemoryGridHandleLifecycleTest	3	0	junit-jupiter	9e21ad393d76bc599b1f05cfcf8736bcc5074d3618c072eabfd74fe329348a1d	a561c11d278d5176dd456c264359b7992f8d56805445a5f58c834a9e59b8294f	0d831711713621073ef620e07aba51787a81e4104ae3e7270b0084d60ea3694c
foggy-dataset-memory-grid-duckdb	v934-src|132:foggy-dataset-memory-grid-duckdb/src/test/java/com/foggyframework/dataset/db/model/memorygrid/duckdb/DuckDbMemoryGridEngineTest.java	com.foggyframework.dataset.db.model.memorygrid.duckdb.DuckDbMemoryGridEngineTest	com.foggyframework.dataset.db.model.memorygrid.duckdb.DuckDbMemoryGridEngineTest	6	0	junit-jupiter	7e9c6e780002aaf81a104f76585d89596777bffdd3a3019148bc012695b4fb9b	8451bdd58cab33a2558f0343850f3e097e5acb41e45938d141827c2c4dd9d212	9374c22f3794df35a2c47378e78e6ceedaa1bf37ce0de4463a9323eb1d6154b0
foggy-dataset-model	v934-src|110:foggy-dataset-model/src/test/java/com/foggyframework/dataset/db/model/authorization/AuthorizationStepTest.java	com.foggyframework.dataset.db.model.authorization.AuthorizationStepTest	com.foggyframework.dataset.db.model.authorization.AuthorizationStepTest	22	0	junit-jupiter	fe745e5cc3dc3b6bcb377e4bc1744438cb79afed3263e09bfca7106fe4dd40bd	0fe04b0aa637110c8ece261af7d071a6730dbb7ad4eaaae7e61fecb70ff7a8ef	4e9c6dceec3397a3620e41a4522542f1a05126973090f5c0c1c375c2eff64a65
foggy-dataset-model	v934-src|98:foggy-dataset-model/src/test/java/com/foggyframework/dataset/db/model/compose/CteComposerTest.java	com.foggyframework.dataset.db.model.compose.CteComposerTest	com.foggyframework.dataset.db.model.compose.CteComposerTest	15	0	junit-jupiter	7e0da1fc7c2d2eeaee7dc3d8bbc0902df5485d567431281c95ff1b07eb25d070	0fe04b0aa637110c8ece261af7d071a6730dbb7ad4eaaae7e61fecb70ff7a8ef	4e9c6dceec3397a3620e41a4522542f1a05126973090f5c0c1c375c2eff64a65
foggy-dataset-model	v934-src|100:foggy-dataset-model/src/test/java/com/foggyframework/dataset/db/model/compose/DataSetResultTest.java	com.foggyframework.dataset.db.model.compose.DataSetResultTest	com.foggyframework.dataset.db.model.compose.DataSetResultTest	46	0	junit-jupiter	be10a4e3e36cd39d64744f270b375cbeab3fcc518f2af6f4750be7fc8a1dc94b	0fe04b0aa637110c8ece261af7d071a6730dbb7ad4eaaae7e61fecb70ff7a8ef	4e9c6dceec3397a3620e41a4522542f1a05126973090f5c0c1c375c2eff64a65
foggy-dataset-model	v934-src|117:foggy-dataset-model/src/test/java/com/foggyframework/dataset/db/model/config/DatasetRequestNamespaceResolverTest.java	com.foggyframework.dataset.db.model.config.DatasetRequestNamespaceResolverTest	com.foggyframework.dataset.db.model.config.DatasetRequestNamespaceResolverTest	5	0	junit-jupiter	32a4b48c92debb931d307c34ad150acc566cc1f1b2fd3af4e413307b5a8ba50c	0fe04b0aa637110c8ece261af7d071a6730dbb7ad4eaaae7e61fecb70ff7a8ef	4e9c6dceec3397a3620e41a4522542f1a05126973090f5c0c1c375c2eff64a65
foggy-dataset-model	v934-src|110:foggy-dataset-model/src/test/java/com/foggyframework/dataset/db/model/config/DbModelAutoConfigurationTest.java	com.foggyframework.dataset.db.model.config.DbModelAutoConfigurationTest	com.foggyframework.dataset.db.model.config.DbModelAutoConfigurationTest	8	0	junit-jupiter	e6cf9141b2bb3a1ab96e833ac9a2e3a21c8796c1cccc70973d922225854ada99	0fe04b0aa637110c8ece261af7d071a6730dbb7ad4eaaae7e61fecb70ff7a8ef	4e9c6dceec3397a3620e41a4522542f1a05126973090f5c0c1c375c2eff64a65
foggy-dataset-model	v934-src|123:foggy-dataset-model/src/test/java/com/foggyframework/dataset/db/model/config/GlobalNamespaceFallbackRiskDiagnosticTest.java	com.foggyframework.dataset.db.model.config.GlobalNamespaceFallbackRiskDiagnosticTest	com.foggyframework.dataset.db.model.config.GlobalNamespaceFallbackRiskDiagnosticTest	2	0	junit-jupiter	5b081066370c40800f5741a3e7753e226f3b671fcf3aa1e61214857ae5f670b0	0fe04b0aa637110c8ece261af7d071a6730dbb7ad4eaaae7e61fecb70ff7a8ef	4e9c6dceec3397a3620e41a4522542f1a05126973090f5c0c1c375c2eff64a65
foggy-dataset-model	v934-src|118:foggy-dataset-model/src/test/java/com/foggyframework/dataset/db/model/controller/FoggyDatasetExceptionHandlerTest.java	com.foggyframework.dataset.db.model.controller.FoggyDatasetExceptionHandlerTest	com.foggyframework.dataset.db.model.controller.FoggyDatasetExceptionHandlerTest	6	0	junit-jupiter	ba127863eedc937c2e5e54feb4587837e39a76e2839822697b455a11e9ba4185	0fe04b0aa637110c8ece261af7d071a6730dbb7ad4eaaae7e61fecb70ff7a8ef	4e9c6dceec3397a3620e41a4522542f1a05126973090f5c0c1c375c2eff64a65
foggy-dataset-model	v934-src|112:foggy-dataset-model/src/test/java/com/foggyframework/dataset/db/model/def/dict/DbDictionaryDiscoveryDefTest.java	com.foggyframework.dataset.db.model.def.dict.DbDictionaryDiscoveryDefTest	com.foggyframework.dataset.db.model.def.dict.DbDictionaryDiscoveryDefTest	7	0	junit-jupiter	e2e6f1950c31178af3f81ba2e8d5de75f3ea06b4e48dd97395b87fb2d41d5f51	0fe04b0aa637110c8ece261af7d071a6730dbb7ad4eaaae7e61fecb70ff7a8ef	4e9c6dceec3397a3620e41a4522542f1a05126973090f5c0c1c375c2eff64a65
foggy-dataset-model	v934-src|131:foggy-dataset-model/src/test/java/com/foggyframework/dataset/db/model/def/query/request/deserializer/ShorthandDeserializerTest.java	com.foggyframework.dataset.db.model.def.query.request.deserializer.ShorthandDeserializerTest	com.foggyframework.dataset.db.model.def.query.request.deserializer.ShorthandDeserializerTest	0	0	junit-jupiter	19206c1f91b1e319e2d42ef1c02ec215da6543c83c523b3bddf10031780274fc	0fe04b0aa637110c8ece261af7d071a6730dbb7ad4eaaae7e61fecb70ff7a8ef	4e9c6dceec3397a3620e41a4522542f1a05126973090f5c0c1c375c2eff64a65
foggy-dataset-model	v934-src|131:foggy-dataset-model/src/test/java/com/foggyframework/dataset/db/model/def/query/request/deserializer/ShorthandDeserializerTest.java	com.foggyframework.dataset.db.model.def.query.request.deserializer.ShorthandDeserializerTest	com.foggyframework.dataset.db.model.def.query.request.deserializer.ShorthandDeserializerTest$GroupByShorthandTest	3	0	junit-jupiter	19206c1f91b1e319e2d42ef1c02ec215da6543c83c523b3bddf10031780274fc	0fe04b0aa637110c8ece261af7d071a6730dbb7ad4eaaae7e61fecb70ff7a8ef	4e9c6dceec3397a3620e41a4522542f1a05126973090f5c0c1c375c2eff64a65
foggy-dataset-model	v934-src|131:foggy-dataset-model/src/test/java/com/foggyframework/dataset/db/model/def/query/request/deserializer/ShorthandDeserializerTest.java	com.foggyframework.dataset.db.model.def.query.request.deserializer.ShorthandDeserializerTest	com.foggyframework.dataset.db.model.def.query.request.deserializer.ShorthandDeserializerTest$OrderByShorthandTest	4	0	junit-jupiter	19206c1f91b1e319e2d42ef1c02ec215da6543c83c523b3bddf10031780274fc	0fe04b0aa637110c8ece261af7d071a6730dbb7ad4eaaae7e61fecb70ff7a8ef	4e9c6dceec3397a3620e41a4522542f1a05126973090f5c0c1c375c2eff64a65
foggy-dataset-model	v934-src|131:foggy-dataset-model/src/test/java/com/foggyframework/dataset/db/model/def/query/request/deserializer/ShorthandDeserializerTest.java	com.foggyframework.dataset.db.model.def.query.request.deserializer.ShorthandDeserializerTest	com.foggyframework.dataset.db.model.def.query.request.deserializer.ShorthandDeserializerTest$SliceShorthandTest	4	0	junit-jupiter	19206c1f91b1e319e2d42ef1c02ec215da6543c83c523b3bddf10031780274fc	0fe04b0aa637110c8ece261af7d071a6730dbb7ad4eaaae7e61fecb70ff7a8ef	4e9c6dceec3397a3620e41a4522542f1a05126973090f5c0c1c375c2eff64a65
foggy-dataset-model	v934-src|111:foggy-dataset-model/src/test/java/com/foggyframework/dataset/db/model/demo/FactOrderDemoAuthQueryModelTest.java	com.foggyframework.dataset.db.model.demo.FactOrderDemoAuthQueryModelTest	com.foggyframework.dataset.db.model.demo.FactOrderDemoAuthQueryModelTest	6	0	junit-jupiter	eaa27e5913b8e24e298b9b4bbb59f8837e0a8c4efd9b537a0ecb9cff1837dd59	0fe04b0aa637110c8ece261af7d071a6730dbb7ad4eaaae7e61fecb70ff7a8ef	4e9c6dceec3397a3620e41a4522542f1a05126973090f5c0c1c375c2eff64a65
foggy-dataset-model	v934-src|111:foggy-dataset-model/src/test/java/com/foggyframework/dataset/db/model/demo/FactSalesDemoAuthQueryModelTest.java	com.foggyframework.dataset.db.model.demo.FactSalesDemoAuthQueryModelTest	com.foggyframework.dataset.db.model.demo.FactSalesDemoAuthQueryModelTest	6	0	junit-jupiter	1aa0b780974fa6da359d28ef42e63f51c2ca37fe73f40be3442a02251d9dc28c	0fe04b0aa637110c8ece261af7d071a6730dbb7ad4eaaae7e61fecb70ff7a8ef	4e9c6dceec3397a3620e41a4522542f1a05126973090f5c0c1c375c2eff64a65
foggy-dataset-model	v934-src|111:foggy-dataset-model/src/test/java/com/foggyframework/dataset/db/model/dialect/DialectBuildFunctionCallTest.java	com.foggyframework.dataset.db.model.dialect.DialectBuildFunctionCallTest	com.foggyframework.dataset.db.model.dialect.DialectBuildFunctionCallTest	0	0	junit-jupiter	514e1c9aba50443ba13510f351bcb09c35bbd48ba7a85eb9fc1552d32b88277e	0fe04b0aa637110c8ece261af7d071a6730dbb7ad4eaaae7e61fecb70ff7a8ef	4e9c6dceec3397a3620e41a4522542f1a05126973090f5c0c1c375c2eff64a65
foggy-dataset-model	v934-src|111:foggy-dataset-model/src/test/java/com/foggyframework/dataset/db/model/dialect/DialectBuildFunctionCallTest.java	com.foggyframework.dataset.db.model.dialect.DialectBuildFunctionCallTest	com.foggyframework.dataset.db.model.dialect.DialectBuildFunctionCallTest$EdgeCaseTest	4	0	junit-jupiter	514e1c9aba50443ba13510f351bcb09c35bbd48ba7a85eb9fc1552d32b88277e	0fe04b0aa637110c8ece261af7d071a6730dbb7ad4eaaae7e61fecb70ff7a8ef	4e9c6dceec3397a3620e41a4522542f1a05126973090f5c0c1c375c2eff64a65
foggy-dataset-model	v934-src|111:foggy-dataset-model/src/test/java/com/foggyframework/dataset/db/model/dialect/DialectBuildFunctionCallTest.java	com.foggyframework.dataset.db.model.dialect.DialectBuildFunctionCallTest	com.foggyframework.dataset.db.model.dialect.DialectBuildFunctionCallTest$MysqlTest	3	0	junit-jupiter	514e1c9aba50443ba13510f351bcb09c35bbd48ba7a85eb9fc1552d32b88277e	0fe04b0aa637110c8ece261af7d071a6730dbb7ad4eaaae7e61fecb70ff7a8ef	4e9c6dceec3397a3620e41a4522542f1a05126973090f5c0c1c375c2eff64a65
foggy-dataset-model	v934-src|111:foggy-dataset-model/src/test/java/com/foggyframework/dataset/db/model/dialect/DialectBuildFunctionCallTest.java	com.foggyframework.dataset.db.model.dialect.DialectBuildFunctionCallTest	com.foggyframework.dataset.db.model.dialect.DialectBuildFunctionCallTest$PostgresTest	11	0	junit-jupiter	514e1c9aba50443ba13510f351bcb09c35bbd48ba7a85eb9fc1552d32b88277e	0fe04b0aa637110c8ece261af7d071a6730dbb7ad4eaaae7e61fecb70ff7a8ef	4e9c6dceec3397a3620e41a4522542f1a05126973090f5c0c1c375c2eff64a65
foggy-dataset-model	v934-src|111:foggy-dataset-model/src/test/java/com/foggyframework/dataset/db/model/dialect/DialectBuildFunctionCallTest.java	com.foggyframework.dataset.db.model.dialect.DialectBuildFunctionCallTest	com.foggyframework.dataset.db.model.dialect.DialectBuildFunctionCallTest$SqlServerTest	4	0	junit-jupiter	514e1c9aba50443ba13510f351bcb09c35bbd48ba7a85eb9fc1552d32b88277e	0fe04b0aa637110c8ece261af7d071a6730dbb7ad4eaaae7e61fecb70ff7a8ef	4e9c6dceec3397a3620e41a4522542f1a05126973090f5c0c1c375c2eff64a65
foggy-dataset-model	v934-src|111:foggy-dataset-model/src/test/java/com/foggyframework/dataset/db/model/dialect/DialectBuildFunctionCallTest.java	com.foggyframework.dataset.db.model.dialect.DialectBuildFunctionCallTest	com.foggyframework.dataset.db.model.dialect.DialectBuildFunctionCallTest$SqliteTest	4	0	junit-jupiter	514e1c9aba50443ba13510f351bcb09c35bbd48ba7a85eb9fc1552d32b88277e	0fe04b0aa637110c8ece261af7d071a6730dbb7ad4eaaae7e61fecb70ff7a8ef	4e9c6dceec3397a3620e41a4522542f1a05126973090f5c0c1c375c2eff64a65
foggy-dataset-model	v934-src|113:foggy-dataset-model/src/test/java/com/foggyframework/dataset/db/model/dialect/DialectFunctionTranslationTest.java	com.foggyframework.dataset.db.model.dialect.DialectFunctionTranslationTest	com.foggyframework.dataset.db.model.dialect.DialectFunctionTranslationTest	0	0	junit-jupiter	ae8e466ec4d86b4f3d050a4a1f0dc1f1e2d5008672b5363915e11c977c623678	0fe04b0aa637110c8ece261af7d071a6730dbb7ad4eaaae7e61fecb70ff7a8ef	4e9c6dceec3397a3620e41a4522542f1a05126973090f5c0c1c375c2eff64a65
foggy-dataset-model	v934-src|113:foggy-dataset-model/src/test/java/com/foggyframework/dataset/db/model/dialect/DialectFunctionTranslationTest.java	com.foggyframework.dataset.db.model.dialect.DialectFunctionTranslationTest	com.foggyframework.dataset.db.model.dialect.DialectFunctionTranslationTest$CommonEdgeCaseTest	3	0	junit-jupiter	ae8e466ec4d86b4f3d050a4a1f0dc1f1e2d5008672b5363915e11c977c623678	0fe04b0aa637110c8ece261af7d071a6730dbb7ad4eaaae7e61fecb70ff7a8ef	4e9c6dceec3397a3620e41a4522542f1a05126973090f5c0c1c375c2eff64a65
foggy-dataset-model	v934-src|113:foggy-dataset-model/src/test/java/com/foggyframework/dataset/db/model/dialect/DialectFunctionTranslationTest.java	com.foggyframework.dataset.db.model.dialect.DialectFunctionTranslationTest	com.foggyframework.dataset.db.model.dialect.DialectFunctionTranslationTest$MysqlFunctionTest	9	0	junit-jupiter	ae8e466ec4d86b4f3d050a4a1f0dc1f1e2d5008672b5363915e11c977c623678	0fe04b0aa637110c8ece261af7d071a6730dbb7ad4eaaae7e61fecb70ff7a8ef	4e9c6dceec3397a3620e41a4522542f1a05126973090f5c0c1c375c2eff64a65
foggy-dataset-model	v934-src|113:foggy-dataset-model/src/test/java/com/foggyframework/dataset/db/model/dialect/DialectFunctionTranslationTest.java	com.foggyframework.dataset.db.model.dialect.DialectFunctionTranslationTest	com.foggyframework.dataset.db.model.dialect.DialectFunctionTranslationTest$PostgresFunctionTest	10	0	junit-jupiter	ae8e466ec4d86b4f3d050a4a1f0dc1f1e2d5008672b5363915e11c977c623678	0fe04b0aa637110c8ece261af7d071a6730dbb7ad4eaaae7e61fecb70ff7a8ef	4e9c6dceec3397a3620e41a4522542f1a05126973090f5c0c1c375c2eff64a65
foggy-dataset-model	v934-src|113:foggy-dataset-model/src/test/java/com/foggyframework/dataset/db/model/dialect/DialectFunctionTranslationTest.java	com.foggyframework.dataset.db.model.dialect.DialectFunctionTranslationTest	com.foggyframework.dataset.db.model.dialect.DialectFunctionTranslationTest$SqlServerFunctionTest	11	0	junit-jupiter	ae8e466ec4d86b4f3d050a4a1f0dc1f1e2d5008672b5363915e11c977c623678	0fe04b0aa637110c8ece261af7d071a6730dbb7ad4eaaae7e61fecb70ff7a8ef	4e9c6dceec3397a3620e41a4522542f1a05126973090f5c0c1c375c2eff64a65
foggy-dataset-model	v934-src|113:foggy-dataset-model/src/test/java/com/foggyframework/dataset/db/model/dialect/DialectFunctionTranslationTest.java	com.foggyframework.dataset.db.model.dialect.DialectFunctionTranslationTest	com.foggyframework.dataset.db.model.dialect.DialectFunctionTranslationTest$SqliteFunctionTest	8	0	junit-jupiter	ae8e466ec4d86b4f3d050a4a1f0dc1f1e2d5008672b5363915e11c977c623678	0fe04b0aa637110c8ece261af7d071a6730dbb7ad4eaaae7e61fecb70ff7a8ef	4e9c6dceec3397a3620e41a4522542f1a05126973090f5c0c1c375c2eff64a65
foggy-dataset-model	v934-src|94:foggy-dataset-model/src/test/java/com/foggyframework/dataset/db/model/dialect/DialectTest.java	com.foggyframework.dataset.db.model.dialect.DialectTest	com.foggyframework.dataset.db.model.dialect.DialectTest	0	0	junit-jupiter	f766b06b511b86c4cbd5abb0a8fc6ae99820d41e11fdad4009694687565f39e5	0fe04b0aa637110c8ece261af7d071a6730dbb7ad4eaaae7e61fecb70ff7a8ef	4e9c6dceec3397a3620e41a4522542f1a05126973090f5c0c1c375c2eff64a65
foggy-dataset-model	v934-src|94:foggy-dataset-model/src/test/java/com/foggyframework/dataset/db/model/dialect/DialectTest.java	com.foggyframework.dataset.db.model.dialect.DialectTest	com.foggyframework.dataset.db.model.dialect.DialectTest$CommonDialectTest	4	0	junit-jupiter	f766b06b511b86c4cbd5abb0a8fc6ae99820d41e11fdad4009694687565f39e5	0fe04b0aa637110c8ece261af7d071a6730dbb7ad4eaaae7e61fecb70ff7a8ef	4e9c6dceec3397a3620e41a4522542f1a05126973090f5c0c1c375c2eff64a65
foggy-dataset-model	v934-src|94:foggy-dataset-model/src/test/java/com/foggyframework/dataset/db/model/dialect/DialectTest.java	com.foggyframework.dataset.db.model.dialect.DialectTest	com.foggyframework.dataset.db.model.dialect.DialectTest$MysqlDialectTest	9	0	junit-jupiter	f766b06b511b86c4cbd5abb0a8fc6ae99820d41e11fdad4009694687565f39e5	0fe04b0aa637110c8ece261af7d071a6730dbb7ad4eaaae7e61fecb70ff7a8ef	4e9c6dceec3397a3620e41a4522542f1a05126973090f5c0c1c375c2eff64a65
foggy-dataset-model	v934-src|94:foggy-dataset-model/src/test/java/com/foggyframework/dataset/db/model/dialect/DialectTest.java	com.foggyframework.dataset.db.model.dialect.DialectTest	com.foggyframework.dataset.db.model.dialect.DialectTest$PostgresDialectTest	9	0	junit-jupiter	f766b06b511b86c4cbd5abb0a8fc6ae99820d41e11fdad4009694687565f39e5	0fe04b0aa637110c8ece261af7d071a6730dbb7ad4eaaae7e61fecb70ff7a8ef	4e9c6dceec3397a3620e41a4522542f1a05126973090f5c0c1c375c2eff64a65
foggy-dataset-model	v934-src|94:foggy-dataset-model/src/test/java/com/foggyframework/dataset/db/model/dialect/DialectTest.java	com.foggyframework.dataset.db.model.dialect.DialectTest	com.foggyframework.dataset.db.model.dialect.DialectTest$SqlServerDialectTest	11	0	junit-jupiter	f766b06b511b86c4cbd5abb0a8fc6ae99820d41e11fdad4009694687565f39e5	0fe04b0aa637110c8ece261af7d071a6730dbb7ad4eaaae7e61fecb70ff7a8ef	4e9c6dceec3397a3620e41a4522542f1a05126973090f5c0c1c375c2eff64a65
foggy-dataset-model	v934-src|94:foggy-dataset-model/src/test/java/com/foggyframework/dataset/db/model/dialect/DialectTest.java	com.foggyframework.dataset.db.model.dialect.DialectTest	com.foggyframework.dataset.db.model.dialect.DialectTest$SqliteDialectTest	9	0	junit-jupiter	f766b06b511b86c4cbd5abb0a8fc6ae99820d41e11fdad4009694687565f39e5	0fe04b0aa637110c8ece261af7d071a6730dbb7ad4eaaae7e61fecb70ff7a8ef	4e9c6dceec3397a3620e41a4522542f1a05126973090f5c0c1c375c2eff64a65
foggy-dataset-model	v934-src|102:foggy-dataset-model/src/test/java/com/foggyframework/dataset/db/model/ecommerce/AccessControlTest.java	com.foggyframework.dataset.db.model.ecommerce.AccessControlTest	com.foggyframework.dataset.db.model.ecommerce.AccessControlTest	9	0	junit-jupiter	41e7e0b0ae0d10f7264d3253ee53122e9db5cc46be2251a978d426fcc43d7fe0	0fe04b0aa637110c8ece261af7d071a6730dbb7ad4eaaae7e61fecb70ff7a8ef	4e9c6dceec3397a3620e41a4522542f1a05126973090f5c0c1c375c2eff64a65
foggy-dataset-model	v934-src|106:foggy-dataset-model/src/test/java/com/foggyframework/dataset/db/model/ecommerce/AdvancedAnalyticsTest.java	com.foggyframework.dataset.db.model.ecommerce.AdvancedAnalyticsTest	com.foggyframework.dataset.db.model.ecommerce.AdvancedAnalyticsTest	20	0	junit-jupiter	6ab0ccdc32c2b9e7f3f1b8bb23ebdd36c480fed25e66e124ff3635865bd020d3	0fe04b0aa637110c8ece261af7d071a6730dbb7ad4eaaae7e61fecb70ff7a8ef	4e9c6dceec3397a3620e41a4522542f1a05126973090f5c0c1c375c2eff64a65
foggy-dataset-model	v934-src|112:foggy-dataset-model/src/test/java/com/foggyframework/dataset/db/model/ecommerce/AggregateJoinQueryModelTest.java	com.foggyframework.dataset.db.model.ecommerce.AggregateJoinQueryModelTest	com.foggyframework.dataset.db.model.ecommerce.AggregateJoinQueryModelTest	67	0	junit-jupiter	9f0dfb7f10125d3058a1dc9ece31d7ad9391e4b0737e27508fda89cd307a5d42	0fe04b0aa637110c8ece261af7d071a6730dbb7ad4eaaae7e61fecb70ff7a8ef	4e9c6dceec3397a3620e41a4522542f1a05126973090f5c0c1c375c2eff64a65
foggy-dataset-model	v934-src|105:foggy-dataset-model/src/test/java/com/foggyframework/dataset/db/model/ecommerce/AggregationQueryTest.java	com.foggyframework.dataset.db.model.ecommerce.AggregationQueryTest	com.foggyframework.dataset.db.model.ecommerce.AggregationQueryTest	18	0	junit-jupiter	6c75d33f068ae0bef79da5a314383e146f9fcaddeb7245bdbce083d39b0bb7a4	0fe04b0aa637110c8ece261af7d071a6730dbb7ad4eaaae7e61fecb70ff7a8ef	4e9c6dceec3397a3620e41a4522542f1a05126973090f5c0c1c375c2eff64a65
foggy-dataset-model	v934-src|99:foggy-dataset-model/src/test/java/com/foggyframework/dataset/db/model/ecommerce/BasicQueryTest.java	com.foggyframework.dataset.db.model.ecommerce.BasicQueryTest	com.foggyframework.dataset.db.model.ecommerce.BasicQueryTest	11	0	junit-jupiter	c475ebf3146790afcedca36e9be764029dd77485312dd9b921a7b6cdf232bd74	0fe04b0aa637110c8ece261af7d071a6730dbb7ad4eaaae7e61fecb70ff7a8ef	4e9c6dceec3397a3620e41a4522542f1a05126973090f5c0c1c375c2eff64a65
foggy-dataset-model	v934-src|112:foggy-dataset-model/src/test/java/com/foggyframework/dataset/db/model/ecommerce/CalculateMvpIntegrationTest.java	com.foggyframework.dataset.db.model.ecommerce.CalculateMvpIntegrationTest	com.foggyframework.dataset.db.model.ecommerce.CalculateMvpIntegrationTest	14	0	junit-jupiter	3e8b061a34c077a6feea7d1225b815ed1f7a74b4aea6f183da28a816ada36c70	0fe04b0aa637110c8ece261af7d071a6730dbb7ad4eaaae7e61fecb70ff7a8ef	4e9c6dceec3397a3620e41a4522542f1a05126973090f5c0c1c375c2eff64a65
foggy-dataset-model	v934-src|118:foggy-dataset-model/src/test/java/com/foggyframework/dataset/db/model/ecommerce/CalculatedFieldAggregationBugTest.java	com.foggyframework.dataset.db.model.ecommerce.CalculatedFieldAggregationBugTest	com.foggyframework.dataset.db.model.ecommerce.CalculatedFieldAggregationBugTest	12	0	junit-jupiter	d311ac0c3a781402e42c1083964b091f2dada1caa13e6d4801891ebd92eb32d0	0fe04b0aa637110c8ece261af7d071a6730dbb7ad4eaaae7e61fecb70ff7a8ef	4e9c6dceec3397a3620e41a4522542f1a05126973090f5c0c1c375c2eff64a65
foggy-dataset-model	v934-src|104:foggy-dataset-model/src/test/java/com/foggyframework/dataset/db/model/ecommerce/CalculatedFieldTest.java	com.foggyframework.dataset.db.model.ecommerce.CalculatedFieldTest	com.foggyframework.dataset.db.model.ecommerce.CalculatedFieldTest	33	0	junit-jupiter	bb759d26d71a8eb574689dbff975a737a8e1704d2db29e1b49ee1c9b08d3834e	0fe04b0aa637110c8ece261af7d071a6730dbb7ad4eaaae7e61fecb70ff7a8ef	4e9c6dceec3397a3620e41a4522542f1a05126973090f5c0c1c375c2eff64a65
foggy-dataset-model	v934-src|99:foggy-dataset-model/src/test/java/com/foggyframework/dataset/db/model/ecommerce/CaptionDefTest.java	com.foggyframework.dataset.db.model.ecommerce.CaptionDefTest	com.foggyframework.dataset.db.model.ecommerce.CaptionDefTest	13	0	junit-jupiter	fd4cd87f955ade0f738168e4a3591cd42eff5be4b731b79c4d873f6d9c798391	0fe04b0aa637110c8ece261af7d071a6730dbb7ad4eaaae7e61fecb70ff7a8ef	4e9c6dceec3397a3620e41a4522542f1a05126973090f5c0c1c375c2eff64a65
foggy-dataset-model	v934-src|103:foggy-dataset-model/src/test/java/com/foggyframework/dataset/db/model/ecommerce/DataComparisonTest.java	com.foggyframework.dataset.db.model.ecommerce.DataComparisonTest	com.foggyframework.dataset.db.model.ecommerce.DataComparisonTest	13	0	junit-jupiter	c4d3199f0ad9998bd2e9d8cc35caa7a8627487ac335537bc41ced3bfe29c5423	0fe04b0aa637110c8ece261af7d071a6730dbb7ad4eaaae7e61fecb70ff7a8ef	4e9c6dceec3397a3620e41a4522542f1a05126973090f5c0c1c375c2eff64a65
foggy-dataset-model	v934-src|104:foggy-dataset-model/src/test/java/com/foggyframework/dataset/db/model/ecommerce/DataEnvironmentTest.java	com.foggyframework.dataset.db.model.ecommerce.DataEnvironmentTest	com.foggyframework.dataset.db.model.ecommerce.DataEnvironmentTest	10	0	junit-jupiter	beef85381dc3ddadb9cc65f447f5d5e6e83142785ca72ad17e439c7e1a1ba853	0fe04b0aa637110c8ece261af7d071a6730dbb7ad4eaaae7e61fecb70ff7a8ef	4e9c6dceec3397a3620e41a4522542f1a05126973090f5c0c1c375c2eff64a65
foggy-dataset-model	v934-src|108:foggy-dataset-model/src/test/java/com/foggyframework/dataset/db/model/ecommerce/DimensionAutoExpandTest.java	com.foggyframework.dataset.db.model.ecommerce.DimensionAutoExpandTest	com.foggyframework.dataset.db.model.ecommerce.DimensionAutoExpandTest	11	0	junit-jupiter	1abc68857a49e621f1f676b1acc3eb7effe44c445ef968a23418c13b6070abf8	0fe04b0aa637110c8ece261af7d071a6730dbb7ad4eaaae7e61fecb70ff7a8ef	4e9c6dceec3397a3620e41a4522542f1a05126973090f5c0c1c375c2eff64a65
foggy-dataset-model	v934-src|104:foggy-dataset-model/src/test/java/com/foggyframework/dataset/db/model/ecommerce/ErrorCollectionTest.java	com.foggyframework.dataset.db.model.ecommerce.ErrorCollectionTest	com.foggyframework.dataset.db.model.ecommerce.ErrorCollectionTest	12	0	junit-jupiter	0b73d5861c993ca9549b04a5081e0fdf58e4d4293feab3bbe3e8153d7a949912	0fe04b0aa637110c8ece261af7d071a6730dbb7ad4eaaae7e61fecb70ff7a8ef	4e9c6dceec3397a3620e41a4522542f1a05126973090f5c0c1c375c2eff64a65
foggy-dataset-model	v934-src|121:foggy-dataset-model/src/test/java/com/foggyframework/dataset/db/model/ecommerce/FieldAccessPermissionIntegrationTest.java	com.foggyframework.dataset.db.model.ecommerce.FieldAccessPermissionIntegrationTest	com.foggyframework.dataset.db.model.ecommerce.FieldAccessPermissionIntegrationTest	0	0	junit-jupiter	c75ba1b6c32a166ca220b66746592a6e949860a656890a9d306b629e409d281b	0fe04b0aa637110c8ece261af7d071a6730dbb7ad4eaaae7e61fecb70ff7a8ef	4e9c6dceec3397a3620e41a4522542f1a05126973090f5c0c1c375c2eff64a65
foggy-dataset-model	v934-src|121:foggy-dataset-model/src/test/java/com/foggyframework/dataset/db/model/ecommerce/FieldAccessPermissionIntegrationTest.java	com.foggyframework.dataset.db.model.ecommerce.FieldAccessPermissionIntegrationTest	com.foggyframework.dataset.db.model.ecommerce.FieldAccessPermissionIntegrationTest$AllowedFieldTests	1	0	junit-jupiter	c75ba1b6c32a166ca220b66746592a6e949860a656890a9d306b629e409d281b	0fe04b0aa637110c8ece261af7d071a6730dbb7ad4eaaae7e61fecb70ff7a8ef	4e9c6dceec3397a3620e41a4522542f1a05126973090f5c0c1c375c2eff64a65
foggy-dataset-model	v934-src|121:foggy-dataset-model/src/test/java/com/foggyframework/dataset/db/model/ecommerce/FieldAccessPermissionIntegrationTest.java	com.foggyframework.dataset.db.model.ecommerce.FieldAccessPermissionIntegrationTest	com.foggyframework.dataset.db.model.ecommerce.FieldAccessPermissionIntegrationTest$BackwardCompatibleTests	1	0	junit-jupiter	c75ba1b6c32a166ca220b66746592a6e949860a656890a9d306b629e409d281b	0fe04b0aa637110c8ece261af7d071a6730dbb7ad4eaaae7e61fecb70ff7a8ef	4e9c6dceec3397a3620e41a4522542f1a05126973090f5c0c1c375c2eff64a65
foggy-dataset-model	v934-src|121:foggy-dataset-model/src/test/java/com/foggyframework/dataset/db/model/ecommerce/FieldAccessPermissionIntegrationTest.java	com.foggyframework.dataset.db.model.ecommerce.FieldAccessPermissionIntegrationTest	com.foggyframework.dataset.db.model.ecommerce.FieldAccessPermissionIntegrationTest$CalculatedFieldTests	2	0	junit-jupiter	c75ba1b6c32a166ca220b66746592a6e949860a656890a9d306b629e409d281b	0fe04b0aa637110c8ece261af7d071a6730dbb7ad4eaaae7e61fecb70ff7a8ef	4e9c6dceec3397a3620e41a4522542f1a05126973090f5c0c1c375c2eff64a65
foggy-dataset-model	v934-src|121:foggy-dataset-model/src/test/java/com/foggyframework/dataset/db/model/ecommerce/FieldAccessPermissionIntegrationTest.java	com.foggyframework.dataset.db.model.ecommerce.FieldAccessPermissionIntegrationTest	com.foggyframework.dataset.db.model.ecommerce.FieldAccessPermissionIntegrationTest$DeniedFieldTests	2	0	junit-jupiter	c75ba1b6c32a166ca220b66746592a6e949860a656890a9d306b629e409d281b	0fe04b0aa637110c8ece261af7d071a6730dbb7ad4eaaae7e61fecb70ff7a8ef	4e9c6dceec3397a3620e41a4522542f1a05126973090f5c0c1c375c2eff64a65
foggy-dataset-model	v934-src|121:foggy-dataset-model/src/test/java/com/foggyframework/dataset/db/model/ecommerce/FieldAccessPermissionIntegrationTest.java	com.foggyframework.dataset.db.model.ecommerce.FieldAccessPermissionIntegrationTest	com.foggyframework.dataset.db.model.ecommerce.FieldAccessPermissionIntegrationTest$EdgeCaseTests	2	0	junit-jupiter	c75ba1b6c32a166ca220b66746592a6e949860a656890a9d306b629e409d281b	0fe04b0aa637110c8ece261af7d071a6730dbb7ad4eaaae7e61fecb70ff7a8ef	4e9c6dceec3397a3620e41a4522542f1a05126973090f5c0c1c375c2eff64a65
foggy-dataset-model	v934-src|121:foggy-dataset-model/src/test/java/com/foggyframework/dataset/db/model/ecommerce/FieldAccessPermissionIntegrationTest.java	com.foggyframework.dataset.db.model.ecommerce.FieldAccessPermissionIntegrationTest	com.foggyframework.dataset.db.model.ecommerce.FieldAccessPermissionIntegrationTest$ModelPermissionAndDeniedColumnsTests	1	0	junit-jupiter	c75ba1b6c32a166ca220b66746592a6e949860a656890a9d306b629e409d281b	0fe04b0aa637110c8ece261af7d071a6730dbb7ad4eaaae7e61fecb70ff7a8ef	4e9c6dceec3397a3620e41a4522542f1a05126973090f5c0c1c375c2eff64a65
foggy-dataset-model	v934-src|104:foggy-dataset-model/src/test/java/com/foggyframework/dataset/db/model/ecommerce/FieldComparisonTest.java	com.foggyframework.dataset.db.model.ecommerce.FieldComparisonTest	com.foggyframework.dataset.db.model.ecommerce.FieldComparisonTest	14	0	junit-jupiter	1f6ec2fcf8a4b5f83b2000e72af75bab351a59619e332c64131d3a8bae863043	0fe04b0aa637110c8ece261af7d071a6730dbb7ad4eaaae7e61fecb70ff7a8ef	4e9c6dceec3397a3620e41a4522542f1a05126973090f5c0c1c375c2eff64a65
foggy-dataset-model	v934-src|119:foggy-dataset-model/src/test/java/com/foggyframework/dataset/db/model/ecommerce/InOperatorCalcFieldIntegrationTest.java	com.foggyframework.dataset.db.model.ecommerce.InOperatorCalcFieldIntegrationTest	com.foggyframework.dataset.db.model.ecommerce.InOperatorCalcFieldIntegrationTest	12	0	junit-jupiter	e5ae130516385bfed509640e40356bbb89fade68ca09c4488f779c4a88ea01c3	0fe04b0aa637110c8ece261af7d071a6730dbb7ad4eaaae7e61fecb70ff7a8ef	4e9c6dceec3397a3620e41a4522542f1a05126973090f5c0c1c375c2eff64a65
foggy-dataset-model	v934-src|116:foggy-dataset-model/src/test/java/com/foggyframework/dataset/db/model/ecommerce/JdbcModelQueryEngineCteWrapTest.java	com.foggyframework.dataset.db.model.ecommerce.JdbcModelQueryEngineCteWrapTest	com.foggyframework.dataset.db.model.ecommerce.JdbcModelQueryEngineCteWrapTest	24	0	junit-jupiter	1ab1b6f1ae624abea3d2f8a3a26b2d378e7fd9a739637620d55068bfdead9aad	0fe04b0aa637110c8ece261af7d071a6730dbb7ad4eaaae7e61fecb70ff7a8ef	4e9c6dceec3397a3620e41a4522542f1a05126973090f5c0c1c375c2eff64a65
foggy-dataset-model	v934-src|101:foggy-dataset-model/src/test/java/com/foggyframework/dataset/db/model/ecommerce/ModelLoadingTest.java	com.foggyframework.dataset.db.model.ecommerce.ModelLoadingTest	com.foggyframework.dataset.db.model.ecommerce.ModelLoadingTest	24	0	junit-jupiter	ba96f8fa063bf9ed6461cac3ac577d361863e6f7948099793c10b69bca3bec26	0fe04b0aa637110c8ece261af7d071a6730dbb7ad4eaaae7e61fecb70ff7a8ef	4e9c6dceec3397a3620e41a4522542f1a05126973090f5c0c1c375c2eff64a65
foggy-dataset-model	v934-src|107:foggy-dataset-model/src/test/java/com/foggyframework/dataset/db/model/ecommerce/MultiFactTableJoinTest.java	com.foggyframework.dataset.db.model.ecommerce.MultiFactTableJoinTest	com.foggyframework.dataset.db.model.ecommerce.MultiFactTableJoinTest	13	0	junit-jupiter	6d7c4c975b0100226f1987283872c4e8f67e26e6713957678ead636a564bd768	0fe04b0aa637110c8ece261af7d071a6730dbb7ad4eaaae7e61fecb70ff7a8ef	4e9c6dceec3397a3620e41a4522542f1a05126973090f5c0c1c375c2eff64a65
foggy-dataset-model	v934-src|104:foggy-dataset-model/src/test/java/com/foggyframework/dataset/db/model/ecommerce/NestedDimensionTest.java	com.foggyframework.dataset.db.model.ecommerce.NestedDimensionTest	com.foggyframework.dataset.db.model.ecommerce.NestedDimensionTest	11	0	junit-jupiter	acc76bdf1c5f1eced6ef646019b6520325cfbd6e8740c776242093388acea8db	0fe04b0aa637110c8ece261af7d071a6730dbb7ad4eaaae7e61fecb70ff7a8ef	4e9c6dceec3397a3620e41a4522542f1a05126973090f5c0c1c375c2eff64a65
foggy-dataset-model	v934-src|109:foggy-dataset-model/src/test/java/com/foggyframework/dataset/db/model/ecommerce/ParentChildDimensionTest.java	com.foggyframework.dataset.db.model.ecommerce.ParentChildDimensionTest	com.foggyframework.dataset.db.model.ecommerce.ParentChildDimensionTest	26	0	junit-jupiter	1d2a55b623486514200c48cc42ac66f4866427b0c043b63609ee1a3eb8c74101	0fe04b0aa637110c8ece261af7d071a6730dbb7ad4eaaae7e61fecb70ff7a8ef	4e9c6dceec3397a3620e41a4522542f1a05126973090f5c0c1c375c2eff64a65
foggy-dataset-model	v934-src|121:foggy-dataset-model/src/test/java/com/foggyframework/dataset/db/model/ecommerce/PhysicalColumnMappingIntegrationTest.java	com.foggyframework.dataset.db.model.ecommerce.PhysicalColumnMappingIntegrationTest	com.foggyframework.dataset.db.model.ecommerce.PhysicalColumnMappingIntegrationTest	0	0	junit-jupiter	339c764f25a5f810a206395c6ba83c42bc7ae08342c2c6dac2b56d0a4a93db9d	0fe04b0aa637110c8ece261af7d071a6730dbb7ad4eaaae7e61fecb70ff7a8ef	4e9c6dceec3397a3620e41a4522542f1a05126973090f5c0c1c375c2eff64a65
foggy-dataset-model	v934-src|121:foggy-dataset-model/src/test/java/com/foggyframework/dataset/db/model/ecommerce/PhysicalColumnMappingIntegrationTest.java	com.foggyframework.dataset.db.model.ecommerce.PhysicalColumnMappingIntegrationTest	com.foggyframework.dataset.db.model.ecommerce.PhysicalColumnMappingIntegrationTest$BasicStructure	2	0	junit-jupiter	339c764f25a5f810a206395c6ba83c42bc7ae08342c2c6dac2b56d0a4a93db9d	0fe04b0aa637110c8ece261af7d071a6730dbb7ad4eaaae7e61fecb70ff7a8ef	4e9c6dceec3397a3620e41a4522542f1a05126973090f5c0c1c375c2eff64a65
foggy-dataset-model	v934-src|121:foggy-dataset-model/src/test/java/com/foggyframework/dataset/db/model/ecommerce/PhysicalColumnMappingIntegrationTest.java	com.foggyframework.dataset.db.model.ecommerce.PhysicalColumnMappingIntegrationTest	com.foggyframework.dataset.db.model.ecommerce.PhysicalColumnMappingIntegrationTest$DeniedConversion	4	0	junit-jupiter	339c764f25a5f810a206395c6ba83c42bc7ae08342c2c6dac2b56d0a4a93db9d	0fe04b0aa637110c8ece261af7d071a6730dbb7ad4eaaae7e61fecb70ff7a8ef	4e9c6dceec3397a3620e41a4522542f1a05126973090f5c0c1c375c2eff64a65
foggy-dataset-model	v934-src|121:foggy-dataset-model/src/test/java/com/foggyframework/dataset/db/model/ecommerce/PhysicalColumnMappingIntegrationTest.java	com.foggyframework.dataset.db.model.ecommerce.PhysicalColumnMappingIntegrationTest	com.foggyframework.dataset.db.model.ecommerce.PhysicalColumnMappingIntegrationTest$DimensionMapping	2	0	junit-jupiter	339c764f25a5f810a206395c6ba83c42bc7ae08342c2c6dac2b56d0a4a93db9d	0fe04b0aa637110c8ece261af7d071a6730dbb7ad4eaaae7e61fecb70ff7a8ef	4e9c6dceec3397a3620e41a4522542f1a05126973090f5c0c1c375c2eff64a65
foggy-dataset-model	v934-src|121:foggy-dataset-model/src/test/java/com/foggyframework/dataset/db/model/ecommerce/PhysicalColumnMappingIntegrationTest.java	com.foggyframework.dataset.db.model.ecommerce.PhysicalColumnMappingIntegrationTest	com.foggyframework.dataset.db.model.ecommerce.PhysicalColumnMappingIntegrationTest$DimensionPropertyMapping	6	0	junit-jupiter	339c764f25a5f810a206395c6ba83c42bc7ae08342c2c6dac2b56d0a4a93db9d	0fe04b0aa637110c8ece261af7d071a6730dbb7ad4eaaae7e61fecb70ff7a8ef	4e9c6dceec3397a3620e41a4522542f1a05126973090f5c0c1c375c2eff64a65
foggy-dataset-model	v934-src|121:foggy-dataset-model/src/test/java/com/foggyframework/dataset/db/model/ecommerce/PhysicalColumnMappingIntegrationTest.java	com.foggyframework.dataset.db.model.ecommerce.PhysicalColumnMappingIntegrationTest	com.foggyframework.dataset.db.model.ecommerce.PhysicalColumnMappingIntegrationTest$MeasureMapping	2	0	junit-jupiter	339c764f25a5f810a206395c6ba83c42bc7ae08342c2c6dac2b56d0a4a93db9d	0fe04b0aa637110c8ece261af7d071a6730dbb7ad4eaaae7e61fecb70ff7a8ef	4e9c6dceec3397a3620e41a4522542f1a05126973090f5c0c1c375c2eff64a65
foggy-dataset-model	v934-src|121:foggy-dataset-model/src/test/java/com/foggyframework/dataset/db/model/ecommerce/PhysicalColumnMappingIntegrationTest.java	com.foggyframework.dataset.db.model.ecommerce.PhysicalColumnMappingIntegrationTest	com.foggyframework.dataset.db.model.ecommerce.PhysicalColumnMappingIntegrationTest$NestedDimensionMapping	7	0	junit-jupiter	339c764f25a5f810a206395c6ba83c42bc7ae08342c2c6dac2b56d0a4a93db9d	0fe04b0aa637110c8ece261af7d071a6730dbb7ad4eaaae7e61fecb70ff7a8ef	4e9c6dceec3397a3620e41a4522542f1a05126973090f5c0c1c375c2eff64a65
foggy-dataset-model	v934-src|121:foggy-dataset-model/src/test/java/com/foggyframework/dataset/db/model/ecommerce/PhysicalColumnMappingIntegrationTest.java	com.foggyframework.dataset.db.model.ecommerce.PhysicalColumnMappingIntegrationTest	com.foggyframework.dataset.db.model.ecommerce.PhysicalColumnMappingIntegrationTest$ParentChildDimensionMapping	3	0	junit-jupiter	339c764f25a5f810a206395c6ba83c42bc7ae08342c2c6dac2b56d0a4a93db9d	0fe04b0aa637110c8ece261af7d071a6730dbb7ad4eaaae7e61fecb70ff7a8ef	4e9c6dceec3397a3620e41a4522542f1a05126973090f5c0c1c375c2eff64a65
foggy-dataset-model	v934-src|124:foggy-dataset-model/src/test/java/com/foggyframework/dataset/db/model/ecommerce/PhysicalColumnPermissionIntegrationTest.java	com.foggyframework.dataset.db.model.ecommerce.PhysicalColumnPermissionIntegrationTest	com.foggyframework.dataset.db.model.ecommerce.PhysicalColumnPermissionIntegrationTest	0	0	junit-jupiter	ce8527412d633d70f3f1f226aabd1afe2b6831144c22f29f7dce6ad29d854d1d	0fe04b0aa637110c8ece261af7d071a6730dbb7ad4eaaae7e61fecb70ff7a8ef	4e9c6dceec3397a3620e41a4522542f1a05126973090f5c0c1c375c2eff64a65
foggy-dataset-model	v934-src|124:foggy-dataset-model/src/test/java/com/foggyframework/dataset/db/model/ecommerce/PhysicalColumnPermissionIntegrationTest.java	com.foggyframework.dataset.db.model.ecommerce.PhysicalColumnPermissionIntegrationTest	com.foggyframework.dataset.db.model.ecommerce.PhysicalColumnPermissionIntegrationTest$DeniedColumnBlocksQueryTests	3	0	junit-jupiter	ce8527412d633d70f3f1f226aabd1afe2b6831144c22f29f7dce6ad29d854d1d	0fe04b0aa637110c8ece261af7d071a6730dbb7ad4eaaae7e61fecb70ff7a8ef	4e9c6dceec3397a3620e41a4522542f1a05126973090f5c0c1c375c2eff64a65
foggy-dataset-model	v934-src|124:foggy-dataset-model/src/test/java/com/foggyframework/dataset/db/model/ecommerce/PhysicalColumnPermissionIntegrationTest.java	com.foggyframework.dataset.db.model.ecommerce.PhysicalColumnPermissionIntegrationTest	com.foggyframework.dataset.db.model.ecommerce.PhysicalColumnPermissionIntegrationTest$DeniedColumnNotInQueryTests	1	0	junit-jupiter	ce8527412d633d70f3f1f226aabd1afe2b6831144c22f29f7dce6ad29d854d1d	0fe04b0aa637110c8ece261af7d071a6730dbb7ad4eaaae7e61fecb70ff7a8ef	4e9c6dceec3397a3620e41a4522542f1a05126973090f5c0c1c375c2eff64a65
foggy-dataset-model	v934-src|124:foggy-dataset-model/src/test/java/com/foggyframework/dataset/db/model/ecommerce/PhysicalColumnPermissionIntegrationTest.java	com.foggyframework.dataset.db.model.ecommerce.PhysicalColumnPermissionIntegrationTest	com.foggyframework.dataset.db.model.ecommerce.PhysicalColumnPermissionIntegrationTest$InvalidDeniedEntryTests	1	0	junit-jupiter	ce8527412d633d70f3f1f226aabd1afe2b6831144c22f29f7dce6ad29d854d1d	0fe04b0aa637110c8ece261af7d071a6730dbb7ad4eaaae7e61fecb70ff7a8ef	4e9c6dceec3397a3620e41a4522542f1a05126973090f5c0c1c375c2eff64a65
foggy-dataset-model	v934-src|124:foggy-dataset-model/src/test/java/com/foggyframework/dataset/db/model/ecommerce/PhysicalColumnPermissionIntegrationTest.java	com.foggyframework.dataset.db.model.ecommerce.PhysicalColumnPermissionIntegrationTest	com.foggyframework.dataset.db.model.ecommerce.PhysicalColumnPermissionIntegrationTest$MultipleDeniedColumnsTests	2	0	junit-jupiter	ce8527412d633d70f3f1f226aabd1afe2b6831144c22f29f7dce6ad29d854d1d	0fe04b0aa637110c8ece261af7d071a6730dbb7ad4eaaae7e61fecb70ff7a8ef	4e9c6dceec3397a3620e41a4522542f1a05126973090f5c0c1c375c2eff64a65
foggy-dataset-model	v934-src|124:foggy-dataset-model/src/test/java/com/foggyframework/dataset/db/model/ecommerce/PhysicalColumnPermissionIntegrationTest.java	com.foggyframework.dataset.db.model.ecommerce.PhysicalColumnPermissionIntegrationTest	com.foggyframework.dataset.db.model.ecommerce.PhysicalColumnPermissionIntegrationTest$NoRestrictionTests	2	0	junit-jupiter	ce8527412d633d70f3f1f226aabd1afe2b6831144c22f29f7dce6ad29d854d1d	0fe04b0aa637110c8ece261af7d071a6730dbb7ad4eaaae7e61fecb70ff7a8ef	4e9c6dceec3397a3620e41a4522542f1a05126973090f5c0c1c375c2eff64a65
foggy-dataset-model	v934-src|124:foggy-dataset-model/src/test/java/com/foggyframework/dataset/db/model/ecommerce/PhysicalColumnPermissionIntegrationTest.java	com.foggyframework.dataset.db.model.ecommerce.PhysicalColumnPermissionIntegrationTest	com.foggyframework.dataset.db.model.ecommerce.PhysicalColumnPermissionIntegrationTest$SchemaMatchingTests	2	0	junit-jupiter	ce8527412d633d70f3f1f226aabd1afe2b6831144c22f29f7dce6ad29d854d1d	0fe04b0aa637110c8ece261af7d071a6730dbb7ad4eaaae7e61fecb70ff7a8ef	4e9c6dceec3397a3620e41a4522542f1a05126973090f5c0c1c375c2eff64a65
foggy-dataset-model	v934-src|119:foggy-dataset-model/src/test/java/com/foggyframework/dataset/db/model/ecommerce/SemanticScaleFactorIntegrationTest.java	com.foggyframework.dataset.db.model.ecommerce.SemanticScaleFactorIntegrationTest	com.foggyframework.dataset.db.model.ecommerce.SemanticScaleFactorIntegrationTest	27	0	junit-jupiter	ef61a61424ab98c6859414e5eb3968832b28b67aa3fc43d802808873e96a62f5	0fe04b0aa637110c8ece261af7d071a6730dbb7ad4eaaae7e61fecb70ff7a8ef	4e9c6dceec3397a3620e41a4522542f1a05126973090f5c0c1c375c2eff64a65
foggy-dataset-model	v934-src|107:foggy-dataset-model/src/test/java/com/foggyframework/dataset/db/model/ecommerce/ServiceIntegrationTest.java	com.foggyframework.dataset.db.model.ecommerce.ServiceIntegrationTest	com.foggyframework.dataset.db.model.ecommerce.ServiceIntegrationTest	8	0	junit-jupiter	cdfb1dd24958d35f1fe53f2b12fde960996a82c3f59e986f2e182b81cadc7469	0fe04b0aa637110c8ece261af7d071a6730dbb7ad4eaaae7e61fecb70ff7a8ef	4e9c6dceec3397a3620e41a4522542f1a05126973090f5c0c1c375c2eff64a65
foggy-dataset-model	v934-src|101:foggy-dataset-model/src/test/java/com/foggyframework/dataset/db/model/engine/AggSqlOptimizerTest.java	com.foggyframework.dataset.db.model.engine.AggSqlOptimizerTest	com.foggyframework.dataset.db.model.engine.AggSqlOptimizerTest	10	0	junit-jupiter	f99ef491a2465d5fc6d06943d45ee4052c217a6d25c23ea02f207fef8e898ed8	0fe04b0aa637110c8ece261af7d071a6730dbb7ad4eaaae7e61fecb70ff7a8ef	4e9c6dceec3397a3620e41a4522542f1a05126973090f5c0c1c375c2eff64a65
foggy-dataset-model	v934-src|126:foggy-dataset-model/src/test/java/com/foggyframework/dataset/db/model/engine/compose/ComposedDataSetResultIntegrationTest.java	com.foggyframework.dataset.db.model.engine.compose.ComposedDataSetResultIntegrationTest	com.foggyframework.dataset.db.model.engine.compose.ComposedDataSetResultIntegrationTest	1	0	junit-jupiter	a8a316a2945293bee988cebd3c285287535109ee7dc374e6fac25ca93dd99d0a	0fe04b0aa637110c8ece261af7d071a6730dbb7ad4eaaae7e61fecb70ff7a8ef	4e9c6dceec3397a3620e41a4522542f1a05126973090f5c0c1c375c2eff64a65
foggy-dataset-model	v934-src|119:foggy-dataset-model/src/test/java/com/foggyframework/dataset/db/model/engine/compose/F4ColumnObjectIntegrationTest.java	com.foggyframework.dataset.db.model.engine.compose.F4ColumnObjectIntegrationTest	com.foggyframework.dataset.db.model.engine.compose.F4ColumnObjectIntegrationTest	18	0	junit-jupiter	65bdc4e8af3b7eb5bc1d670a0ec62a0d32b341dd63c09148b76585be2d1d5d42	0fe04b0aa637110c8ece261af7d071a6730dbb7ad4eaaae7e61fecb70ff7a8ef	4e9c6dceec3397a3620e41a4522542f1a05126973090f5c0c1c375c2eff64a65
foggy-dataset-model	v934-src|119:foggy-dataset-model/src/test/java/com/foggyframework/dataset/db/model/engine/compose/F5ColumnObjectIntegrationTest.java	com.foggyframework.dataset.db.model.engine.compose.F5ColumnObjectIntegrationTest	com.foggyframework.dataset.db.model.engine.compose.F5ColumnObjectIntegrationTest	5	0	junit-jupiter	4aef29fb76e38c5b38c9315916434efbe9119264af44c86971b3572210a730d8	0fe04b0aa637110c8ece261af7d071a6730dbb7ad4eaaae7e61fecb70ff7a8ef	4e9c6dceec3397a3620e41a4522542f1a05126973090f5c0c1c375c2eff64a65
foggy-dataset-model	v934-src|128:foggy-dataset-model/src/test/java/com/foggyframework/dataset/db/model/engine/compose/authority/AuthorityBindingResolverTest.java	com.foggyframework.dataset.db.model.engine.compose.authority.AuthorityBindingResolverTest	com.foggyframework.dataset.db.model.engine.compose.authority.AuthorityBindingResolverTest	8	0	junit-jupiter	8ca2dad42621a970147783ecd23d6de5288a8153ba8df9db3fd7efffc2d1ddd7	0fe04b0aa637110c8ece261af7d071a6730dbb7ad4eaaae7e61fecb70ff7a8ef	4e9c6dceec3397a3620e41a4522542f1a05126973090f5c0c1c375c2eff64a65
foggy-dataset-model	v934-src|131:foggy-dataset-model/src/test/java/com/foggyframework/dataset/db/model/engine/compose/authority/AuthorityResolutionPipelineTest.java	com.foggyframework.dataset.db.model.engine.compose.authority.AuthorityResolutionPipelineTest	com.foggyframework.dataset.db.model.engine.compose.authority.AuthorityResolutionPipelineTest	0	0	junit-jupiter	e6a37b2b0063121278444ab424903b5408d545ef626f51065ff9522ef1ea9362	0fe04b0aa637110c8ece261af7d071a6730dbb7ad4eaaae7e61fecb70ff7a8ef	4e9c6dceec3397a3620e41a4522542f1a05126973090f5c0c1c375c2eff64a65
foggy-dataset-model	v934-src|131:foggy-dataset-model/src/test/java/com/foggyframework/dataset/db/model/engine/compose/authority/AuthorityResolutionPipelineTest.java	com.foggyframework.dataset.db.model.engine.compose.authority.AuthorityResolutionPipelineTest	com.foggyframework.dataset.db.model.engine.compose.authority.AuthorityResolutionPipelineTest$ErrorPhaseTag	1	0	junit-jupiter	e6a37b2b0063121278444ab424903b5408d545ef626f51065ff9522ef1ea9362	0fe04b0aa637110c8ece261af7d071a6730dbb7ad4eaaae7e61fecb70ff7a8ef	4e9c6dceec3397a3620e41a4522542f1a05126973090f5c0c1c375c2eff64a65
foggy-dataset-model	v934-src|131:foggy-dataset-model/src/test/java/com/foggyframework/dataset/db/model/engine/compose/authority/AuthorityResolutionPipelineTest.java	com.foggyframework.dataset.db.model.engine.compose.authority.AuthorityResolutionPipelineTest	com.foggyframework.dataset.db.model.engine.compose.authority.AuthorityResolutionPipelineTest$FailClosedNoResolver	2	0	junit-jupiter	e6a37b2b0063121278444ab424903b5408d545ef626f51065ff9522ef1ea9362	0fe04b0aa637110c8ece261af7d071a6730dbb7ad4eaaae7e61fecb70ff7a8ef	4e9c6dceec3397a3620e41a4522542f1a05126973090f5c0c1c375c2eff64a65
foggy-dataset-model	v934-src|131:foggy-dataset-model/src/test/java/com/foggyframework/dataset/db/model/engine/compose/authority/AuthorityResolutionPipelineTest.java	com.foggyframework.dataset.db.model.engine.compose.authority.AuthorityResolutionPipelineTest	com.foggyframework.dataset.db.model.engine.compose.authority.AuthorityResolutionPipelineTest$FailClosedResolverRaises	2	0	junit-jupiter	e6a37b2b0063121278444ab424903b5408d545ef626f51065ff9522ef1ea9362	0fe04b0aa637110c8ece261af7d071a6730dbb7ad4eaaae7e61fecb70ff7a8ef	4e9c6dceec3397a3620e41a4522542f1a05126973090f5c0c1c375c2eff64a65
foggy-dataset-model	v934-src|131:foggy-dataset-model/src/test/java/com/foggyframework/dataset/db/model/engine/compose/authority/AuthorityResolutionPipelineTest.java	com.foggyframework.dataset.db.model.engine.compose.authority.AuthorityResolutionPipelineTest	com.foggyframework.dataset.db.model.engine.compose.authority.AuthorityResolutionPipelineTest$FailClosedResponseShape	4	0	junit-jupiter	e6a37b2b0063121278444ab424903b5408d545ef626f51065ff9522ef1ea9362	0fe04b0aa637110c8ece261af7d071a6730dbb7ad4eaaae7e61fecb70ff7a8ef	4e9c6dceec3397a3620e41a4522542f1a05126973090f5c0c1c375c2eff64a65
foggy-dataset-model	v934-src|131:foggy-dataset-model/src/test/java/com/foggyframework/dataset/db/model/engine/compose/authority/AuthorityResolutionPipelineTest.java	com.foggyframework.dataset.db.model.engine.compose.authority.AuthorityResolutionPipelineTest	com.foggyframework.dataset.db.model.engine.compose.authority.AuthorityResolutionPipelineTest$ModelInfoProviderIntegration	5	0	junit-jupiter	e6a37b2b0063121278444ab424903b5408d545ef626f51065ff9522ef1ea9362	0fe04b0aa637110c8ece261af7d071a6730dbb7ad4eaaae7e61fecb70ff7a8ef	4e9c6dceec3397a3620e41a4522542f1a05126973090f5c0c1c375c2eff64a65
foggy-dataset-model	v934-src|131:foggy-dataset-model/src/test/java/com/foggyframework/dataset/db/model/engine/compose/authority/AuthorityResolutionPipelineTest.java	com.foggyframework.dataset.db.model.engine.compose.authority.AuthorityResolutionPipelineTest	com.foggyframework.dataset.db.model.engine.compose.authority.AuthorityResolutionPipelineTest$MultiModel	3	0	junit-jupiter	e6a37b2b0063121278444ab424903b5408d545ef626f51065ff9522ef1ea9362	0fe04b0aa637110c8ece261af7d071a6730dbb7ad4eaaae7e61fecb70ff7a8ef	4e9c6dceec3397a3620e41a4522542f1a05126973090f5c0c1c375c2eff64a65
foggy-dataset-model	v934-src|131:foggy-dataset-model/src/test/java/com/foggyframework/dataset/db/model/engine/compose/authority/AuthorityResolutionPipelineTest.java	com.foggyframework.dataset.db.model.engine.compose.authority.AuthorityResolutionPipelineTest	com.foggyframework.dataset.db.model.engine.compose.authority.AuthorityResolutionPipelineTest$ReturnShape	1	0	junit-jupiter	e6a37b2b0063121278444ab424903b5408d545ef626f51065ff9522ef1ea9362	0fe04b0aa637110c8ece261af7d071a6730dbb7ad4eaaae7e61fecb70ff7a8ef	4e9c6dceec3397a3620e41a4522542f1a05126973090f5c0c1c375c2eff64a65
foggy-dataset-model	v934-src|131:foggy-dataset-model/src/test/java/com/foggyframework/dataset/db/model/engine/compose/authority/AuthorityResolutionPipelineTest.java	com.foggyframework.dataset.db.model.engine.compose.authority.AuthorityResolutionPipelineTest	com.foggyframework.dataset.db.model.engine.compose.authority.AuthorityResolutionPipelineTest$SingleModel	4	0	junit-jupiter	e6a37b2b0063121278444ab424903b5408d545ef626f51065ff9522ef1ea9362	0fe04b0aa637110c8ece261af7d071a6730dbb7ad4eaaae7e61fecb70ff7a8ef	4e9c6dceec3397a3620e41a4522542f1a05126973090f5c0c1c375c2eff64a65
foggy-dataset-model	v934-src|131:foggy-dataset-model/src/test/java/com/foggyframework/dataset/db/model/engine/compose/authority/AuthorityResolutionPipelineTest.java	com.foggyframework.dataset.db.model.engine.compose.authority.AuthorityResolutionPipelineTest	com.foggyframework.dataset.db.model.engine.compose.authority.AuthorityResolutionPipelineTest$StaticShape	1	0	junit-jupiter	e6a37b2b0063121278444ab424903b5408d545ef626f51065ff9522ef1ea9362	0fe04b0aa637110c8ece261af7d071a6730dbb7ad4eaaae7e61fecb70ff7a8ef	4e9c6dceec3397a3620e41a4522542f1a05126973090f5c0c1c375c2eff64a65
foggy-dataset-model	v934-src|126:foggy-dataset-model/src/test/java/com/foggyframework/dataset/db/model/engine/compose/authority/BaseModelPlanCollectorTest.java	com.foggyframework.dataset.db.model.engine.compose.authority.BaseModelPlanCollectorTest	com.foggyframework.dataset.db.model.engine.compose.authority.BaseModelPlanCollectorTest	0	0	junit-jupiter	236bc604954784be4cd17095f798d7bb888619f75ef881b25bdb33278faf6317	0fe04b0aa637110c8ece261af7d071a6730dbb7ad4eaaae7e61fecb70ff7a8ef	4e9c6dceec3397a3620e41a4522542f1a05126973090f5c0c1c375c2eff64a65
foggy-dataset-model	v934-src|126:foggy-dataset-model/src/test/java/com/foggyframework/dataset/db/model/engine/compose/authority/BaseModelPlanCollectorTest.java	com.foggyframework.dataset.db.model.engine.compose.authority.BaseModelPlanCollectorTest	com.foggyframework.dataset.db.model.engine.compose.authority.BaseModelPlanCollectorTest$CollectFromBaseOrDerived	2	0	junit-jupiter	236bc604954784be4cd17095f798d7bb888619f75ef881b25bdb33278faf6317	0fe04b0aa637110c8ece261af7d071a6730dbb7ad4eaaae7e61fecb70ff7a8ef	4e9c6dceec3397a3620e41a4522542f1a05126973090f5c0c1c375c2eff64a65
foggy-dataset-model	v934-src|126:foggy-dataset-model/src/test/java/com/foggyframework/dataset/db/model/engine/compose/authority/BaseModelPlanCollectorTest.java	com.foggyframework.dataset.db.model.engine.compose.authority.BaseModelPlanCollectorTest	com.foggyframework.dataset.db.model.engine.compose.authority.BaseModelPlanCollectorTest$CollectFromDeepTree	2	0	junit-jupiter	236bc604954784be4cd17095f798d7bb888619f75ef881b25bdb33278faf6317	0fe04b0aa637110c8ece261af7d071a6730dbb7ad4eaaae7e61fecb70ff7a8ef	4e9c6dceec3397a3620e41a4522542f1a05126973090f5c0c1c375c2eff64a65
foggy-dataset-model	v934-src|126:foggy-dataset-model/src/test/java/com/foggyframework/dataset/db/model/engine/compose/authority/BaseModelPlanCollectorTest.java	com.foggyframework.dataset.db.model.engine.compose.authority.BaseModelPlanCollectorTest	com.foggyframework.dataset.db.model.engine.compose.authority.BaseModelPlanCollectorTest$CollectFromJoin	1	0	junit-jupiter	236bc604954784be4cd17095f798d7bb888619f75ef881b25bdb33278faf6317	0fe04b0aa637110c8ece261af7d071a6730dbb7ad4eaaae7e61fecb70ff7a8ef	4e9c6dceec3397a3620e41a4522542f1a05126973090f5c0c1c375c2eff64a65
foggy-dataset-model	v934-src|126:foggy-dataset-model/src/test/java/com/foggyframework/dataset/db/model/engine/compose/authority/BaseModelPlanCollectorTest.java	com.foggyframework.dataset.db.model.engine.compose.authority.BaseModelPlanCollectorTest	com.foggyframework.dataset.db.model.engine.compose.authority.BaseModelPlanCollectorTest$CollectFromUnion	2	0	junit-jupiter	236bc604954784be4cd17095f798d7bb888619f75ef881b25bdb33278faf6317	0fe04b0aa637110c8ece261af7d071a6730dbb7ad4eaaae7e61fecb70ff7a8ef	4e9c6dceec3397a3620e41a4522542f1a05126973090f5c0c1c375c2eff64a65
foggy-dataset-model	v934-src|126:foggy-dataset-model/src/test/java/com/foggyframework/dataset/db/model/engine/compose/authority/BaseModelPlanCollectorTest.java	com.foggyframework.dataset.db.model.engine.compose.authority.BaseModelPlanCollectorTest	com.foggyframework.dataset.db.model.engine.compose.authority.BaseModelPlanCollectorTest$FailClosed	1	0	junit-jupiter	236bc604954784be4cd17095f798d7bb888619f75ef881b25bdb33278faf6317	0fe04b0aa637110c8ece261af7d071a6730dbb7ad4eaaae7e61fecb70ff7a8ef	4e9c6dceec3397a3620e41a4522542f1a05126973090f5c0c1c375c2eff64a65
foggy-dataset-model	v934-src|126:foggy-dataset-model/src/test/java/com/foggyframework/dataset/db/model/engine/compose/authority/BaseModelPlanCollectorTest.java	com.foggyframework.dataset.db.model.engine.compose.authority.BaseModelPlanCollectorTest	com.foggyframework.dataset.db.model.engine.compose.authority.BaseModelPlanCollectorTest$ReturnShape	2	0	junit-jupiter	236bc604954784be4cd17095f798d7bb888619f75ef881b25bdb33278faf6317	0fe04b0aa637110c8ece261af7d071a6730dbb7ad4eaaae7e61fecb70ff7a8ef	4e9c6dceec3397a3620e41a4522542f1a05126973090f5c0c1c375c2eff64a65
foggy-dataset-model	v934-src|122:foggy-dataset-model/src/test/java/com/foggyframework/dataset/db/model/engine/compose/authority/FieldAccessApplierTest.java	com.foggyframework.dataset.db.model.engine.compose.authority.FieldAccessApplierTest	com.foggyframework.dataset.db.model.engine.compose.authority.FieldAccessApplierTest	0	0	junit-jupiter	deb4e805504c4f02a53953afae22a0e6dbceac90da51937e886e8776278c2583	0fe04b0aa637110c8ece261af7d071a6730dbb7ad4eaaae7e61fecb70ff7a8ef	4e9c6dceec3397a3620e41a4522542f1a05126973090f5c0c1c375c2eff64a65
foggy-dataset-model	v934-src|122:foggy-dataset-model/src/test/java/com/foggyframework/dataset/db/model/engine/compose/authority/FieldAccessApplierTest.java	com.foggyframework.dataset.db.model.engine.compose.authority.FieldAccessApplierTest	com.foggyframework.dataset.db.model.engine.compose.authority.FieldAccessApplierTest$BadInputs	2	0	junit-jupiter	deb4e805504c4f02a53953afae22a0e6dbceac90da51937e886e8776278c2583	0fe04b0aa637110c8ece261af7d071a6730dbb7ad4eaaae7e61fecb70ff7a8ef	4e9c6dceec3397a3620e41a4522542f1a05126973090f5c0c1c375c2eff64a65
foggy-dataset-model	v934-src|122:foggy-dataset-model/src/test/java/com/foggyframework/dataset/db/model/engine/compose/authority/FieldAccessApplierTest.java	com.foggyframework.dataset.db.model.engine.compose.authority.FieldAccessApplierTest	com.foggyframework.dataset.db.model.engine.compose.authority.FieldAccessApplierTest$EmptyInputSchema	2	0	junit-jupiter	deb4e805504c4f02a53953afae22a0e6dbceac90da51937e886e8776278c2583	0fe04b0aa637110c8ece261af7d071a6730dbb7ad4eaaae7e61fecb70ff7a8ef	4e9c6dceec3397a3620e41a4522542f1a05126973090f5c0c1c375c2eff64a65
foggy-dataset-model	v934-src|122:foggy-dataset-model/src/test/java/com/foggyframework/dataset/db/model/engine/compose/authority/FieldAccessApplierTest.java	com.foggyframework.dataset.db.model.engine.compose.authority.FieldAccessApplierTest	com.foggyframework.dataset.db.model.engine.compose.authority.FieldAccessApplierTest$FieldAccessEmpty	2	0	junit-jupiter	deb4e805504c4f02a53953afae22a0e6dbceac90da51937e886e8776278c2583	0fe04b0aa637110c8ece261af7d071a6730dbb7ad4eaaae7e61fecb70ff7a8ef	4e9c6dceec3397a3620e41a4522542f1a05126973090f5c0c1c375c2eff64a65
foggy-dataset-model	v934-src|122:foggy-dataset-model/src/test/java/com/foggyframework/dataset/db/model/engine/compose/authority/FieldAccessApplierTest.java	com.foggyframework.dataset.db.model.engine.compose.authority.FieldAccessApplierTest	com.foggyframework.dataset.db.model.engine.compose.authority.FieldAccessApplierTest$FieldAccessNull	2	0	junit-jupiter	deb4e805504c4f02a53953afae22a0e6dbceac90da51937e886e8776278c2583	0fe04b0aa637110c8ece261af7d071a6730dbb7ad4eaaae7e61fecb70ff7a8ef	4e9c6dceec3397a3620e41a4522542f1a05126973090f5c0c1c375c2eff64a65
foggy-dataset-model	v934-src|122:foggy-dataset-model/src/test/java/com/foggyframework/dataset/db/model/engine/compose/authority/FieldAccessApplierTest.java	com.foggyframework.dataset.db.model.engine.compose.authority.FieldAccessApplierTest	com.foggyframework.dataset.db.model.engine.compose.authority.FieldAccessApplierTest$IndependentOfOtherBindingFields	2	0	junit-jupiter	deb4e805504c4f02a53953afae22a0e6dbceac90da51937e886e8776278c2583	0fe04b0aa637110c8ece261af7d071a6730dbb7ad4eaaae7e61fecb70ff7a8ef	4e9c6dceec3397a3620e41a4522542f1a05126973090f5c0c1c375c2eff64a65
foggy-dataset-model	v934-src|122:foggy-dataset-model/src/test/java/com/foggyframework/dataset/db/model/engine/compose/authority/FieldAccessApplierTest.java	com.foggyframework.dataset.db.model.engine.compose.authority.FieldAccessApplierTest	com.foggyframework.dataset.db.model.engine.compose.authority.FieldAccessApplierTest$Whitelist	5	0	junit-jupiter	deb4e805504c4f02a53953afae22a0e6dbceac90da51937e886e8776278c2583	0fe04b0aa637110c8ece261af7d071a6730dbb7ad4eaaae7e61fecb70ff7a8ef	4e9c6dceec3397a3620e41a4522542f1a05126973090f5c0c1c375c2eff64a65
foggy-dataset-model	v934-src|126:foggy-dataset-model/src/test/java/com/foggyframework/dataset/db/model/engine/compose/authority/ModelInfoProviderSmokeTest.java	com.foggyframework.dataset.db.model.engine.compose.authority.ModelInfoProviderSmokeTest	com.foggyframework.dataset.db.model.engine.compose.authority.ModelInfoProviderSmokeTest	5	0	junit-jupiter	c275ceb8c9360453678c5e71c3a3152c60d05b604c97a93c2f7856e661562bed	0fe04b0aa637110c8ece261af7d071a6730dbb7ad4eaaae7e61fecb70ff7a8ef	4e9c6dceec3397a3620e41a4522542f1a05126973090f5c0c1c375c2eff64a65
foggy-dataset-model	v934-src|121:foggy-dataset-model/src/test/java/com/foggyframework/dataset/db/model/engine/compose/capability/CapabilityPolicyTest.java	com.foggyframework.dataset.db.model.engine.compose.capability.CapabilityPolicyTest	com.foggyframework.dataset.db.model.engine.compose.capability.CapabilityPolicyTest	4	0	junit-jupiter	8f46067ed494452a343e8d780bc35ed104f1a3546b6899df8130e145451987be	0fe04b0aa637110c8ece261af7d071a6730dbb7ad4eaaae7e61fecb70ff7a8ef	4e9c6dceec3397a3620e41a4522542f1a05126973090f5c0c1c375c2eff64a65
foggy-dataset-model	v934-src|123:foggy-dataset-model/src/test/java/com/foggyframework/dataset/db/model/engine/compose/capability/CapabilityRegistryTest.java	com.foggyframework.dataset.db.model.engine.compose.capability.CapabilityRegistryTest	com.foggyframework.dataset.db.model.engine.compose.capability.CapabilityRegistryTest	13	0	junit-jupiter	ad96a466ca852e6688f13b9d0c3965f0300e735032f36dbda7731c20966579a4	0fe04b0aa637110c8ece261af7d071a6730dbb7ad4eaaae7e61fecb70ff7a8ef	4e9c6dceec3397a3620e41a4522542f1a05126973090f5c0c1c375c2eff64a65
foggy-dataset-model	v934-src|123:foggy-dataset-model/src/test/java/com/foggyframework/dataset/db/model/engine/compose/capability/FunctionDescriptorTest.java	com.foggyframework.dataset.db.model.engine.compose.capability.FunctionDescriptorTest	com.foggyframework.dataset.db.model.engine.compose.capability.FunctionDescriptorTest	24	0	junit-jupiter	efd24e3215186d392dc288f13c08323980a8d351ab0d44bfb0850e57296198cc	0fe04b0aa637110c8ece261af7d071a6730dbb7ad4eaaae7e61fecb70ff7a8ef	4e9c6dceec3397a3620e41a4522542f1a05126973090f5c0c1c375c2eff64a65
foggy-dataset-model	v934-src|133:foggy-dataset-model/src/test/java/com/foggyframework/dataset/db/model/engine/compose/capability/ObjectFacadePauseIntegrationTest.java	com.foggyframework.dataset.db.model.engine.compose.capability.ObjectFacadePauseIntegrationTest	com.foggyframework.dataset.db.model.engine.compose.capability.ObjectFacadePauseIntegrationTest	3	0	junit-jupiter	a63b935a87ae95407c513cfd3862ac09b4d9a7af13e09efd5fa4a855ddc0934a	0fe04b0aa637110c8ece261af7d071a6730dbb7ad4eaaae7e61fecb70ff7a8ef	4e9c6dceec3397a3620e41a4522542f1a05126973090f5c0c1c375c2eff64a65
foggy-dataset-model	v934-src|122:foggy-dataset-model/src/test/java/com/foggyframework/dataset/db/model/engine/compose/capability/ObjectFacadeProxyTest.java	com.foggyframework.dataset.db.model.engine.compose.capability.ObjectFacadeProxyTest	com.foggyframework.dataset.db.model.engine.compose.capability.ObjectFacadeProxyTest	12	0	junit-jupiter	d9fe530435b9891d33ae11cd6f521e1f1ff6c14238186d8ddffaada9c2f43f5a	0fe04b0aa637110c8ece261af7d071a6730dbb7ad4eaaae7e61fecb70ff7a8ef	4e9c6dceec3397a3620e41a4522542f1a05126973090f5c0c1c375c2eff64a65
foggy-dataset-model	v934-src|128:foggy-dataset-model/src/test/java/com/foggyframework/dataset/db/model/engine/compose/capability/SqlExpFactoryCapabilityTest.java	com.foggyframework.dataset.db.model.engine.compose.capability.SqlExpFactoryCapabilityTest	com.foggyframework.dataset.db.model.engine.compose.capability.SqlExpFactoryCapabilityTest	9	0	junit-jupiter	316a44b352b0f126ca43e18bb9754ae83a292efadad41e2e586576992bed2cbb	0fe04b0aa637110c8ece261af7d071a6730dbb7ad4eaaae7e61fecb70ff7a8ef	4e9c6dceec3397a3620e41a4522542f1a05126973090f5c0c1c375c2eff64a65
foggy-dataset-model	v934-src|126:foggy-dataset-model/src/test/java/com/foggyframework/dataset/db/model/engine/compose/compilation/BaseSubqueryLoweringTest.java	com.foggyframework.dataset.db.model.engine.compose.compilation.BaseSubqueryLoweringTest	com.foggyframework.dataset.db.model.engine.compose.compilation.BaseSubqueryLoweringTest	11	0	junit-jupiter	99fe967c0a71f63ac18997d01c32f1de5d8a04833699f39c2d433fcb3576fc22	0fe04b0aa637110c8ece261af7d071a6730dbb7ad4eaaae7e61fecb70ff7a8ef	4e9c6dceec3397a3620e41a4522542f1a05126973090f5c0c1c375c2eff64a65
foggy-dataset-model	v934-src|130:foggy-dataset-model/src/test/java/com/foggyframework/dataset/db/model/engine/compose/compilation/ComposeCompileErrorCodesTest.java	com.foggyframework.dataset.db.model.engine.compose.compilation.ComposeCompileErrorCodesTest	com.foggyframework.dataset.db.model.engine.compose.compilation.ComposeCompileErrorCodesTest	15	0	junit-jupiter	3ba77d134d581ff7d8e1734163ecd3c7108f34bd4a3f582109774f1fe42efbe5	0fe04b0aa637110c8ece261af7d071a6730dbb7ad4eaaae7e61fecb70ff7a8ef	4e9c6dceec3397a3620e41a4522542f1a05126973090f5c0c1c375c2eff64a65
foggy-dataset-model	v934-src|129:foggy-dataset-model/src/test/java/com/foggyframework/dataset/db/model/engine/compose/compilation/ComposeCompileExceptionTest.java	com.foggyframework.dataset.db.model.engine.compose.compilation.ComposeCompileExceptionTest	com.foggyframework.dataset.db.model.engine.compose.compilation.ComposeCompileExceptionTest	12	0	junit-jupiter	b2d19be9958f7c58cd9626bc262b6f0d89a6d2280e38001982f73e0e9ae4157d	0fe04b0aa637110c8ece261af7d071a6730dbb7ad4eaaae7e61fecb70ff7a8ef	4e9c6dceec3397a3620e41a4522542f1a05126973090f5c0c1c375c2eff64a65
foggy-dataset-model	v934-src|127:foggy-dataset-model/src/test/java/com/foggyframework/dataset/db/model/engine/compose/compilation/ComposePlannerCteWrapTest.java	com.foggyframework.dataset.db.model.engine.compose.compilation.ComposePlannerCteWrapTest	com.foggyframework.dataset.db.model.engine.compose.compilation.ComposePlannerCteWrapTest	2	0	junit-jupiter	1f676c18af46584776e2b4beb24f19d67f895d42624cb01ae7e49ff0dc3a44a2	0fe04b0aa637110c8ece261af7d071a6730dbb7ad4eaaae7e61fecb70ff7a8ef	4e9c6dceec3397a3620e41a4522542f1a05126973090f5c0c1c375c2eff64a65
foggy-dataset-model	v934-src|129:foggy-dataset-model/src/test/java/com/foggyframework/dataset/db/model/engine/compose/compilation/ComposeRelationCompilerTest.java	com.foggyframework.dataset.db.model.engine.compose.compilation.ComposeRelationCompilerTest	com.foggyframework.dataset.db.model.engine.compose.compilation.ComposeRelationCompilerTest	17	6	junit-jupiter	2f3de430b601de6d6f6663b01343f586662e8b5237742b4e8331329f20824741	0fe04b0aa637110c8ece261af7d071a6730dbb7ad4eaaae7e61fecb70ff7a8ef	4e9c6dceec3397a3620e41a4522542f1a05126973090f5c0c1c375c2eff64a65
foggy-dataset-model	v934-src|124:foggy-dataset-model/src/test/java/com/foggyframework/dataset/db/model/engine/compose/compilation/ComposeSqlCompilerTest.java	com.foggyframework.dataset.db.model.engine.compose.compilation.ComposeSqlCompilerTest	com.foggyframework.dataset.db.model.engine.compose.compilation.ComposeSqlCompilerTest	16	0	junit-jupiter	4d987a6d8dff07c0bfeeeb118fbbb257f244c7870d96f51585134a253c73a178	0fe04b0aa637110c8ece261af7d071a6730dbb7ad4eaaae7e61fecb70ff7a8ef	4e9c6dceec3397a3620e41a4522542f1a05126973090f5c0c1c375c2eff64a65
foggy-dataset-model	v934-src|121:foggy-dataset-model/src/test/java/com/foggyframework/dataset/db/model/engine/compose/compilation/DerivedLoweringTest.java	com.foggyframework.dataset.db.model.engine.compose.compilation.DerivedLoweringTest	com.foggyframework.dataset.db.model.engine.compose.compilation.DerivedLoweringTest	40	0	junit-jupiter	7bf2183c10cd599d5ae8a54a340f675df9ff13c6966e3135545ed747a7acf280	0fe04b0aa637110c8ece261af7d071a6730dbb7ad4eaaae7e61fecb70ff7a8ef	4e9c6dceec3397a3620e41a4522542f1a05126973090f5c0c1c375c2eff64a65
foggy-dataset-model	v934-src|121:foggy-dataset-model/src/test/java/com/foggyframework/dataset/db/model/engine/compose/compilation/DialectFallbackTest.java	com.foggyframework.dataset.db.model.engine.compose.compilation.DialectFallbackTest	com.foggyframework.dataset.db.model.engine.compose.compilation.DialectFallbackTest	18	0	junit-jupiter	81e8d9356f66658ec59b6262d6df9c147463924b8a2a03674aa1fa96bfe7cff1	0fe04b0aa637110c8ece261af7d071a6730dbb7ad4eaaae7e61fecb70ff7a8ef	4e9c6dceec3397a3620e41a4522542f1a05126973090f5c0c1c375c2eff64a65
foggy-dataset-model	v934-src|122:foggy-dataset-model/src/test/java/com/foggyframework/dataset/db/model/engine/compose/compilation/FluentApiCompileTest.java	com.foggyframework.dataset.db.model.engine.compose.compilation.FluentApiCompileTest	com.foggyframework.dataset.db.model.engine.compose.compilation.FluentApiCompileTest	0	0	junit-jupiter	6529d025d4ee9a025c0fd23122c121fc52bcd5b7fd776cc9e6dbba8a56912422	0fe04b0aa637110c8ece261af7d071a6730dbb7ad4eaaae7e61fecb70ff7a8ef	4e9c6dceec3397a3620e41a4522542f1a05126973090f5c0c1c375c2eff64a65
foggy-dataset-model	v934-src|122:foggy-dataset-model/src/test/java/com/foggyframework/dataset/db/model/engine/compose/compilation/FluentApiCompileTest.java	com.foggyframework.dataset.db.model.engine.compose.compilation.FluentApiCompileTest	com.foggyframework.dataset.db.model.engine.compose.compilation.FluentApiCompileTest$FluentJoinCompilation	2	0	junit-jupiter	6529d025d4ee9a025c0fd23122c121fc52bcd5b7fd776cc9e6dbba8a56912422	0fe04b0aa637110c8ece261af7d071a6730dbb7ad4eaaae7e61fecb70ff7a8ef	4e9c6dceec3397a3620e41a4522542f1a05126973090f5c0c1c375c2eff64a65
foggy-dataset-model	v934-src|122:foggy-dataset-model/src/test/java/com/foggyframework/dataset/db/model/engine/compose/compilation/FluentApiCompileTest.java	com.foggyframework.dataset.db.model.engine.compose.compilation.FluentApiCompileTest	com.foggyframework.dataset.db.model.engine.compose.compilation.FluentApiCompileTest$IntermediateStages	3	0	junit-jupiter	6529d025d4ee9a025c0fd23122c121fc52bcd5b7fd776cc9e6dbba8a56912422	0fe04b0aa637110c8ece261af7d071a6730dbb7ad4eaaae7e61fecb70ff7a8ef	4e9c6dceec3397a3620e41a4522542f1a05126973090f5c0c1c375c2eff64a65
foggy-dataset-model	v934-src|122:foggy-dataset-model/src/test/java/com/foggyframework/dataset/db/model/engine/compose/compilation/FluentApiCompileTest.java	com.foggyframework.dataset.db.model.engine.compose.compilation.FluentApiCompileTest	com.foggyframework.dataset.db.model.engine.compose.compilation.FluentApiCompileTest$ProjectedColumnExpressions	1	0	junit-jupiter	6529d025d4ee9a025c0fd23122c121fc52bcd5b7fd776cc9e6dbba8a56912422	0fe04b0aa637110c8ece261af7d071a6730dbb7ad4eaaae7e61fecb70ff7a8ef	4e9c6dceec3397a3620e41a4522542f1a05126973090f5c0c1c375c2eff64a65
foggy-dataset-model	v934-src|122:foggy-dataset-model/src/test/java/com/foggyframework/dataset/db/model/engine/compose/compilation/FluentApiCompileTest.java	com.foggyframework.dataset.db.model.engine.compose.compilation.FluentApiCompileTest	com.foggyframework.dataset.db.model.engine.compose.compilation.FluentApiCompileTest$QueryFactoryCompile	1	0	junit-jupiter	6529d025d4ee9a025c0fd23122c121fc52bcd5b7fd776cc9e6dbba8a56912422	0fe04b0aa637110c8ece261af7d071a6730dbb7ad4eaaae7e61fecb70ff7a8ef	4e9c6dceec3397a3620e41a4522542f1a05126973090f5c0c1c375c2eff64a65
foggy-dataset-model	v934-src|122:foggy-dataset-model/src/test/java/com/foggyframework/dataset/db/model/engine/compose/compilation/FluentApiCompileTest.java	com.foggyframework.dataset.db.model.engine.compose.compilation.FluentApiCompileTest	com.foggyframework.dataset.db.model.engine.compose.compilation.FluentApiCompileTest$TwoStageAggregation	3	0	junit-jupiter	6529d025d4ee9a025c0fd23122c121fc52bcd5b7fd776cc9e6dbba8a56912422	0fe04b0aa637110c8ece261af7d071a6730dbb7ad4eaaae7e61fecb70ff7a8ef	4e9c6dceec3397a3620e41a4522542f1a05126973090f5c0c1c375c2eff64a65
foggy-dataset-model	v934-src|122:foggy-dataset-model/src/test/java/com/foggyframework/dataset/db/model/engine/compose/compilation/FluentApiCompileTest.java	com.foggyframework.dataset.db.model.engine.compose.compilation.FluentApiCompileTest	com.foggyframework.dataset.db.model.engine.compose.compilation.FluentApiCompileTest$WindowFrameCompilation	5	0	junit-jupiter	6529d025d4ee9a025c0fd23122c121fc52bcd5b7fd776cc9e6dbba8a56912422	0fe04b0aa637110c8ece261af7d071a6730dbb7ad4eaaae7e61fecb70ff7a8ef	4e9c6dceec3397a3620e41a4522542f1a05126973090f5c0c1c375c2eff64a65
foggy-dataset-model	v934-src|125:foggy-dataset-model/src/test/java/com/foggyframework/dataset/db/model/engine/compose/compilation/JavaComposeSnapshotTest.java	com.foggyframework.dataset.db.model.engine.compose.compilation.JavaComposeSnapshotTest	com.foggyframework.dataset.db.model.engine.compose.compilation.JavaComposeSnapshotTest	1	0	junit-jupiter	e98cb62c71e7168d5facaec55d0a8059763f499beb6aaba53462d4ba8f5b42b5	0fe04b0aa637110c8ece261af7d071a6730dbb7ad4eaaae7e61fecb70ff7a8ef	4e9c6dceec3397a3620e41a4522542f1a05126973090f5c0c1c375c2eff64a65
foggy-dataset-model	v934-src|117:foggy-dataset-model/src/test/java/com/foggyframework/dataset/db/model/engine/compose/compilation/JoinCompileTest.java	com.foggyframework.dataset.db.model.engine.compose.compilation.JoinCompileTest	com.foggyframework.dataset.db.model.engine.compose.compilation.JoinCompileTest	21	0	junit-jupiter	3acae11ee2da86164553aa546db44662decd67a8f46f5ff2212a593c84b1ca66	0fe04b0aa637110c8ece261af7d071a6730dbb7ad4eaaae7e61fecb70ff7a8ef	4e9c6dceec3397a3620e41a4522542f1a05126973090f5c0c1c375c2eff64a65
foggy-dataset-model	v934-src|120:foggy-dataset-model/src/test/java/com/foggyframework/dataset/db/model/engine/compose/compilation/PerBaseCompileTest.java	com.foggyframework.dataset.db.model.engine.compose.compilation.PerBaseCompileTest	com.foggyframework.dataset.db.model.engine.compose.compilation.PerBaseCompileTest	20	1	junit-jupiter	9523aaf08de956f17e737abaa8bbdde29148e9d3e8133d3adeebca04aabf6f27	0fe04b0aa637110c8ece261af7d071a6730dbb7ad4eaaae7e61fecb70ff7a8ef	4e9c6dceec3397a3620e41a4522542f1a05126973090f5c0c1c375c2eff64a65
foggy-dataset-model	v934-src|132:foggy-dataset-model/src/test/java/com/foggyframework/dataset/db/model/engine/compose/compilation/PlanAwareCompileExpressionTest.java	com.foggyframework.dataset.db.model.engine.compose.compilation.PlanAwareCompileExpressionTest	com.foggyframework.dataset.db.model.engine.compose.compilation.PlanAwareCompileExpressionTest	0	0	junit-jupiter	3f3573685f37a09daab4b4dd4ded87b713ebc086a8f964336e26c428be292a73	0fe04b0aa637110c8ece261af7d071a6730dbb7ad4eaaae7e61fecb70ff7a8ef	4e9c6dceec3397a3620e41a4522542f1a05126973090f5c0c1c375c2eff64a65
foggy-dataset-model	v934-src|132:foggy-dataset-model/src/test/java/com/foggyframework/dataset/db/model/engine/compose/compilation/PlanAwareCompileExpressionTest.java	com.foggyframework.dataset.db.model.engine.compose.compilation.PlanAwareCompileExpressionTest	com.foggyframework.dataset.db.model.engine.compose.compilation.PlanAwareCompileExpressionTest$FlagOffIgnoresMap	1	0	junit-jupiter	3f3573685f37a09daab4b4dd4ded87b713ebc086a8f964336e26c428be292a73	0fe04b0aa637110c8ece261af7d071a6730dbb7ad4eaaae7e61fecb70ff7a8ef	4e9c6dceec3397a3620e41a4522542f1a05126973090f5c0c1c375c2eff64a65
foggy-dataset-model	v934-src|132:foggy-dataset-model/src/test/java/com/foggyframework/dataset/db/model/engine/compose/compilation/PlanAwareCompileExpressionTest.java	com.foggyframework.dataset.db.model.engine.compose.compilation.PlanAwareCompileExpressionTest	com.foggyframework.dataset.db.model.engine.compose.compilation.PlanAwareCompileExpressionTest$FlagOnAliasQualified	6	0	junit-jupiter	3f3573685f37a09daab4b4dd4ded87b713ebc086a8f964336e26c428be292a73	0fe04b0aa637110c8ece261af7d071a6730dbb7ad4eaaae7e61fecb70ff7a8ef	4e9c6dceec3397a3620e41a4522542f1a05126973090f5c0c1c375c2eff64a65
foggy-dataset-model	v934-src|132:foggy-dataset-model/src/test/java/com/foggyframework/dataset/db/model/engine/compose/compilation/PlanAwareCompileExpressionTest.java	com.foggyframework.dataset.db.model.engine.compose.compilation.PlanAwareCompileExpressionTest	com.foggyframework.dataset.db.model.engine.compose.compilation.PlanAwareCompileExpressionTest$LegacyOrEmptyMap	3	0	junit-jupiter	3f3573685f37a09daab4b4dd4ded87b713ebc086a8f964336e26c428be292a73	0fe04b0aa637110c8ece261af7d071a6730dbb7ad4eaaae7e61fecb70ff7a8ef	4e9c6dceec3397a3620e41a4522542f1a05126973090f5c0c1c375c2eff64a65
foggy-dataset-model	v934-src|123:foggy-dataset-model/src/test/java/com/foggyframework/dataset/db/model/engine/compose/compilation/PlanAwareLoweringTest.java	com.foggyframework.dataset.db.model.engine.compose.compilation.PlanAwareLoweringTest	com.foggyframework.dataset.db.model.engine.compose.compilation.PlanAwareLoweringTest	5	0	junit-jupiter	14f0a8ac61d13437d6a0722a8cd72d16e3fc3d0c59f91b89522113e933beeae9	0fe04b0aa637110c8ece261af7d071a6730dbb7ad4eaaae7e61fecb70ff7a8ef	4e9c6dceec3397a3620e41a4522542f1a05126973090f5c0c1c375c2eff64a65
foggy-dataset-model	v934-src|114:foggy-dataset-model/src/test/java/com/foggyframework/dataset/db/model/engine/compose/compilation/PlanHashTest.java	com.foggyframework.dataset.db.model.engine.compose.compilation.PlanHashTest	com.foggyframework.dataset.db.model.engine.compose.compilation.PlanHashTest	32	0	junit-jupiter	c0928900464fa6590cd8c727d86530155a221f2e9c79561e840a041700c5db8c	0fe04b0aa637110c8ece261af7d071a6730dbb7ad4eaaae7e61fecb70ff7a8ef	4e9c6dceec3397a3620e41a4522542f1a05126973090f5c0c1c375c2eff64a65
foggy-dataset-model	v934-src|131:foggy-dataset-model/src/test/java/com/foggyframework/dataset/db/model/engine/compose/compilation/RelationOuterQueryBuilderTest.java	com.foggyframework.dataset.db.model.engine.compose.compilation.RelationOuterQueryBuilderTest	com.foggyframework.dataset.db.model.engine.compose.compilation.RelationOuterQueryBuilderTest	40	0	junit-jupiter	00f435aadacda12cfccb9b824b1f430fa1cc7027ec2b0bbdccdeff3fed0099f6	0fe04b0aa637110c8ece261af7d071a6730dbb7ad4eaaae7e61fecb70ff7a8ef	4e9c6dceec3397a3620e41a4522542f1a05126973090f5c0c1c375c2eff64a65
foggy-dataset-model	v934-src|118:foggy-dataset-model/src/test/java/com/foggyframework/dataset/db/model/engine/compose/compilation/UnionCompileTest.java	com.foggyframework.dataset.db.model.engine.compose.compilation.UnionCompileTest	com.foggyframework.dataset.db.model.engine.compose.compilation.UnionCompileTest	17	0	junit-jupiter	567017a02815cc39ae1186d1b15fbb73023b411a18cb538e0cb7960bbfc8cbca	0fe04b0aa637110c8ece261af7d071a6730dbb7ad4eaaae7e61fecb70ff7a8ef	4e9c6dceec3397a3620e41a4522542f1a05126973090f5c0c1c375c2eff64a65
foggy-dataset-model	v934-src|121:foggy-dataset-model/src/test/java/com/foggyframework/dataset/db/model/engine/compose/context/ComposeQueryContextTest.java	com.foggyframework.dataset.db.model.engine.compose.context.ComposeQueryContextTest	com.foggyframework.dataset.db.model.engine.compose.context.ComposeQueryContextTest	7	0	junit-jupiter	916e8b30f926512f026bd652b94cdbfa2793f317228e188a42ffb178f218c456	0fe04b0aa637110c8ece261af7d071a6730dbb7ad4eaaae7e61fecb70ff7a8ef	4e9c6dceec3397a3620e41a4522542f1a05126973090f5c0c1c375c2eff64a65
foggy-dataset-model	v934-src|111:foggy-dataset-model/src/test/java/com/foggyframework/dataset/db/model/engine/compose/context/PrincipalTest.java	com.foggyframework.dataset.db.model.engine.compose.context.PrincipalTest	com.foggyframework.dataset.db.model.engine.compose.context.PrincipalTest	7	0	junit-jupiter	76be6deaf683444bf5b3d24d728d8c93090ad283a9eaccd128f8f8904e115d07	0fe04b0aa637110c8ece261af7d071a6730dbb7ad4eaaae7e61fecb70ff7a8ef	4e9c6dceec3397a3620e41a4522542f1a05126973090f5c0c1c375c2eff64a65
foggy-dataset-model	v934-src|129:foggy-dataset-model/src/test/java/com/foggyframework/dataset/db/model/engine/compose/normalization/PlanNormalizePipelineTest.java	com.foggyframework.dataset.db.model.engine.compose.normalization.PlanNormalizePipelineTest	com.foggyframework.dataset.db.model.engine.compose.normalization.PlanNormalizePipelineTest	11	0	junit-jupiter	6370c13cef15985bf198378f6353320186638890715e9b1dc1ee3e1a5c9328a7	0fe04b0aa637110c8ece261af7d071a6730dbb7ad4eaaae7e61fecb70ff7a8ef	4e9c6dceec3397a3620e41a4522542f1a05126973090f5c0c1c375c2eff64a65
foggy-dataset-model	v934-src|112:foggy-dataset-model/src/test/java/com/foggyframework/dataset/db/model/engine/compose/plan/BaseModelPlanTest.java	com.foggyframework.dataset.db.model.engine.compose.plan.BaseModelPlanTest	com.foggyframework.dataset.db.model.engine.compose.plan.BaseModelPlanTest	0	0	junit-jupiter	94d54bb1388c6b91abe3336329c6b3f289aa0940560614df72746553c36bd970	0fe04b0aa637110c8ece261af7d071a6730dbb7ad4eaaae7e61fecb70ff7a8ef	4e9c6dceec3397a3620e41a4522542f1a05126973090f5c0c1c375c2eff64a65
foggy-dataset-model	v934-src|112:foggy-dataset-model/src/test/java/com/foggyframework/dataset/db/model/engine/compose/plan/BaseModelPlanTest.java	com.foggyframework.dataset.db.model.engine.compose.plan.BaseModelPlanTest	com.foggyframework.dataset.db.model.engine.compose.plan.BaseModelPlanTest$Construction	7	0	junit-jupiter	94d54bb1388c6b91abe3336329c6b3f289aa0940560614df72746553c36bd970	0fe04b0aa637110c8ece261af7d071a6730dbb7ad4eaaae7e61fecb70ff7a8ef	4e9c6dceec3397a3620e41a4522542f1a05126973090f5c0c1c375c2eff64a65
foggy-dataset-model	v934-src|112:foggy-dataset-model/src/test/java/com/foggyframework/dataset/db/model/engine/compose/plan/BaseModelPlanTest.java	com.foggyframework.dataset.db.model.engine.compose.plan.BaseModelPlanTest	com.foggyframework.dataset.db.model.engine.compose.plan.BaseModelPlanTest$ExecuteAndToSqlWithoutBundle	2	0	junit-jupiter	94d54bb1388c6b91abe3336329c6b3f289aa0940560614df72746553c36bd970	0fe04b0aa637110c8ece261af7d071a6730dbb7ad4eaaae7e61fecb70ff7a8ef	4e9c6dceec3397a3620e41a4522542f1a05126973090f5c0c1c375c2eff64a65
foggy-dataset-model	v934-src|112:foggy-dataset-model/src/test/java/com/foggyframework/dataset/db/model/engine/compose/plan/BaseModelPlanTest.java	com.foggyframework.dataset.db.model.engine.compose.plan.BaseModelPlanTest	com.foggyframework.dataset.db.model.engine.compose.plan.BaseModelPlanTest$Immutability	4	0	junit-jupiter	94d54bb1388c6b91abe3336329c6b3f289aa0940560614df72746553c36bd970	0fe04b0aa637110c8ece261af7d071a6730dbb7ad4eaaae7e61fecb70ff7a8ef	4e9c6dceec3397a3620e41a4522542f1a05126973090f5c0c1c375c2eff64a65
foggy-dataset-model	v934-src|112:foggy-dataset-model/src/test/java/com/foggyframework/dataset/db/model/engine/compose/plan/BaseModelPlanTest.java	com.foggyframework.dataset.db.model.engine.compose.plan.BaseModelPlanTest	com.foggyframework.dataset.db.model.engine.compose.plan.BaseModelPlanTest$IsQueryPlan	1	0	junit-jupiter	94d54bb1388c6b91abe3336329c6b3f289aa0940560614df72746553c36bd970	0fe04b0aa637110c8ece261af7d071a6730dbb7ad4eaaae7e61fecb70ff7a8ef	4e9c6dceec3397a3620e41a4522542f1a05126973090f5c0c1c375c2eff64a65
foggy-dataset-model	v934-src|112:foggy-dataset-model/src/test/java/com/foggyframework/dataset/db/model/engine/compose/plan/BaseModelPlanTest.java	com.foggyframework.dataset.db.model.engine.compose.plan.BaseModelPlanTest	com.foggyframework.dataset.db.model.engine.compose.plan.BaseModelPlanTest$TreeWalk	1	0	junit-jupiter	94d54bb1388c6b91abe3336329c6b3f289aa0940560614df72746553c36bd970	0fe04b0aa637110c8ece261af7d071a6730dbb7ad4eaaae7e61fecb70ff7a8ef	4e9c6dceec3397a3620e41a4522542f1a05126973090f5c0c1c375c2eff64a65
foggy-dataset-model	v934-src|123:foggy-dataset-model/src/test/java/com/foggyframework/dataset/db/model/engine/compose/plan/ColumnObjectNormalizerF5Test.java	com.foggyframework.dataset.db.model.engine.compose.plan.ColumnObjectNormalizerF5Test	com.foggyframework.dataset.db.model.engine.compose.plan.ColumnObjectNormalizerF5Test	0	0	junit-jupiter	c00f6c67828e3625ed882b6caac1d86b754f695562d68bd9784ad12c9a5cddd3	0fe04b0aa637110c8ece261af7d071a6730dbb7ad4eaaae7e61fecb70ff7a8ef	4e9c6dceec3397a3620e41a4522542f1a05126973090f5c0c1c375c2eff64a65
foggy-dataset-model	v934-src|123:foggy-dataset-model/src/test/java/com/foggyframework/dataset/db/model/engine/compose/plan/ColumnObjectNormalizerF5Test.java	com.foggyframework.dataset.db.model.engine.compose.plan.ColumnObjectNormalizerF5Test	com.foggyframework.dataset.db.model.engine.compose.plan.ColumnObjectNormalizerF5Test$HappyPath	8	0	junit-jupiter	c00f6c67828e3625ed882b6caac1d86b754f695562d68bd9784ad12c9a5cddd3	0fe04b0aa637110c8ece261af7d071a6730dbb7ad4eaaae7e61fecb70ff7a8ef	4e9c6dceec3397a3620e41a4522542f1a05126973090f5c0c1c375c2eff64a65
foggy-dataset-model	v934-src|123:foggy-dataset-model/src/test/java/com/foggyframework/dataset/db/model/engine/compose/plan/ColumnObjectNormalizerF5Test.java	com.foggyframework.dataset.db.model.engine.compose.plan.ColumnObjectNormalizerF5Test	com.foggyframework.dataset.db.model.engine.compose.plan.ColumnObjectNormalizerF5Test$LegacyStringPathRejection	3	0	junit-jupiter	c00f6c67828e3625ed882b6caac1d86b754f695562d68bd9784ad12c9a5cddd3	0fe04b0aa637110c8ece261af7d071a6730dbb7ad4eaaae7e61fecb70ff7a8ef	4e9c6dceec3397a3620e41a4522542f1a05126973090f5c0c1c375c2eff64a65
foggy-dataset-model	v934-src|123:foggy-dataset-model/src/test/java/com/foggyframework/dataset/db/model/engine/compose/plan/ColumnObjectNormalizerF5Test.java	com.foggyframework.dataset.db.model.engine.compose.plan.ColumnObjectNormalizerF5Test	com.foggyframework.dataset.db.model.engine.compose.plan.ColumnObjectNormalizerF5Test$Validation	5	0	junit-jupiter	c00f6c67828e3625ed882b6caac1d86b754f695562d68bd9784ad12c9a5cddd3	0fe04b0aa637110c8ece261af7d071a6730dbb7ad4eaaae7e61fecb70ff7a8ef	4e9c6dceec3397a3620e41a4522542f1a05126973090f5c0c1c375c2eff64a65
foggy-dataset-model	v934-src|117:foggy-dataset-model/src/test/java/com/foggyframework/dataset/db/model/engine/compose/plan/ColumnsApiContractTest.java	com.foggyframework.dataset.db.model.engine.compose.plan.ColumnsApiContractTest	com.foggyframework.dataset.db.model.engine.compose.plan.ColumnsApiContractTest	7	0	junit-jupiter	0759d4e9fcd35a45e4b378e0aa3e7dc5c08879a6071b4b2772f58ada93674b96	0fe04b0aa637110c8ece261af7d071a6730dbb7ad4eaaae7e61fecb70ff7a8ef	4e9c6dceec3397a3620e41a4522542f1a05126973090f5c0c1c375c2eff64a65
foggy-dataset-model	v934-src|115:foggy-dataset-model/src/test/java/com/foggyframework/dataset/db/model/engine/compose/plan/DerivedQueryPlanTest.java	com.foggyframework.dataset.db.model.engine.compose.plan.DerivedQueryPlanTest	com.foggyframework.dataset.db.model.engine.compose.plan.DerivedQueryPlanTest	0	0	junit-jupiter	74856d87bce3e22709187d36c11b7d067207c79e354be002099061a873e45a9c	0fe04b0aa637110c8ece261af7d071a6730dbb7ad4eaaae7e61fecb70ff7a8ef	4e9c6dceec3397a3620e41a4522542f1a05126973090f5c0c1c375c2eff64a65
foggy-dataset-model	v934-src|115:foggy-dataset-model/src/test/java/com/foggyframework/dataset/db/model/engine/compose/plan/DerivedQueryPlanTest.java	com.foggyframework.dataset.db.model.engine.compose.plan.DerivedQueryPlanTest	com.foggyframework.dataset.db.model.engine.compose.plan.DerivedQueryPlanTest$ChainQuerySugar	2	0	junit-jupiter	74856d87bce3e22709187d36c11b7d067207c79e354be002099061a873e45a9c	0fe04b0aa637110c8ece261af7d071a6730dbb7ad4eaaae7e61fecb70ff7a8ef	4e9c6dceec3397a3620e41a4522542f1a05126973090f5c0c1c375c2eff64a65
foggy-dataset-model	v934-src|115:foggy-dataset-model/src/test/java/com/foggyframework/dataset/db/model/engine/compose/plan/DerivedQueryPlanTest.java	com.foggyframework.dataset.db.model.engine.compose.plan.DerivedQueryPlanTest	com.foggyframework.dataset.db.model.engine.compose.plan.DerivedQueryPlanTest$Construction	4	0	junit-jupiter	74856d87bce3e22709187d36c11b7d067207c79e354be002099061a873e45a9c	0fe04b0aa637110c8ece261af7d071a6730dbb7ad4eaaae7e61fecb70ff7a8ef	4e9c6dceec3397a3620e41a4522542f1a05126973090f5c0c1c375c2eff64a65
foggy-dataset-model	v934-src|115:foggy-dataset-model/src/test/java/com/foggyframework/dataset/db/model/engine/compose/plan/DerivedQueryPlanTest.java	com.foggyframework.dataset.db.model.engine.compose.plan.DerivedQueryPlanTest	com.foggyframework.dataset.db.model.engine.compose.plan.DerivedQueryPlanTest$ExecuteToSqlWithoutBundle	2	0	junit-jupiter	74856d87bce3e22709187d36c11b7d067207c79e354be002099061a873e45a9c	0fe04b0aa637110c8ece261af7d071a6730dbb7ad4eaaae7e61fecb70ff7a8ef	4e9c6dceec3397a3620e41a4522542f1a05126973090f5c0c1c375c2eff64a65
foggy-dataset-model	v934-src|115:foggy-dataset-model/src/test/java/com/foggyframework/dataset/db/model/engine/compose/plan/DerivedQueryPlanTest.java	com.foggyframework.dataset.db.model.engine.compose.plan.DerivedQueryPlanTest	com.foggyframework.dataset.db.model.engine.compose.plan.DerivedQueryPlanTest$Immutability	1	0	junit-jupiter	74856d87bce3e22709187d36c11b7d067207c79e354be002099061a873e45a9c	0fe04b0aa637110c8ece261af7d071a6730dbb7ad4eaaae7e61fecb70ff7a8ef	4e9c6dceec3397a3620e41a4522542f1a05126973090f5c0c1c375c2eff64a65
foggy-dataset-model	v934-src|115:foggy-dataset-model/src/test/java/com/foggyframework/dataset/db/model/engine/compose/plan/DerivedQueryPlanTest.java	com.foggyframework.dataset.db.model.engine.compose.plan.DerivedQueryPlanTest	com.foggyframework.dataset.db.model.engine.compose.plan.DerivedQueryPlanTest$IsInstance	1	0	junit-jupiter	74856d87bce3e22709187d36c11b7d067207c79e354be002099061a873e45a9c	0fe04b0aa637110c8ece261af7d071a6730dbb7ad4eaaae7e61fecb70ff7a8ef	4e9c6dceec3397a3620e41a4522542f1a05126973090f5c0c1c375c2eff64a65
foggy-dataset-model	v934-src|115:foggy-dataset-model/src/test/java/com/foggyframework/dataset/db/model/engine/compose/plan/DerivedQueryPlanTest.java	com.foggyframework.dataset.db.model.engine.compose.plan.DerivedQueryPlanTest	com.foggyframework.dataset.db.model.engine.compose.plan.DerivedQueryPlanTest$TreeWalk	1	0	junit-jupiter	74856d87bce3e22709187d36c11b7d067207c79e354be002099061a873e45a9c	0fe04b0aa637110c8ece261af7d071a6730dbb7ad4eaaae7e61fecb70ff7a8ef	4e9c6dceec3397a3620e41a4522542f1a05126973090f5c0c1c375c2eff64a65
foggy-dataset-model	v934-src|108:foggy-dataset-model/src/test/java/com/foggyframework/dataset/db/model/engine/compose/plan/FluentApiTest.java	com.foggyframework.dataset.db.model.engine.compose.plan.FluentApiTest	com.foggyframework.dataset.db.model.engine.compose.plan.FluentApiTest	0	0	junit-jupiter	65721951997d0311a7d976c27cd958a1737ed69809b0b4cfb1008fc6fbe28792	0fe04b0aa637110c8ece261af7d071a6730dbb7ad4eaaae7e61fecb70ff7a8ef	4e9c6dceec3397a3620e41a4522542f1a05126973090f5c0c1c375c2eff64a65
foggy-dataset-model	v934-src|108:foggy-dataset-model/src/test/java/com/foggyframework/dataset/db/model/engine/compose/plan/FluentApiTest.java	com.foggyframework.dataset.db.model.engine.compose.plan.FluentApiTest	com.foggyframework.dataset.db.model.engine.compose.plan.FluentApiTest$AggregateColumnTests	2	0	junit-jupiter	65721951997d0311a7d976c27cd958a1737ed69809b0b4cfb1008fc6fbe28792	0fe04b0aa637110c8ece261af7d071a6730dbb7ad4eaaae7e61fecb70ff7a8ef	4e9c6dceec3397a3620e41a4522542f1a05126973090f5c0c1c375c2eff64a65
foggy-dataset-model	v934-src|108:foggy-dataset-model/src/test/java/com/foggyframework/dataset/db/model/engine/compose/plan/FluentApiTest.java	com.foggyframework.dataset.db.model.engine.compose.plan.FluentApiTest	com.foggyframework.dataset.db.model.engine.compose.plan.FluentApiTest$EndToEndTests	2	0	junit-jupiter	65721951997d0311a7d976c27cd958a1737ed69809b0b4cfb1008fc6fbe28792	0fe04b0aa637110c8ece261af7d071a6730dbb7ad4eaaae7e61fecb70ff7a8ef	4e9c6dceec3397a3620e41a4522542f1a05126973090f5c0c1c375c2eff64a65
foggy-dataset-model	v934-src|108:foggy-dataset-model/src/test/java/com/foggyframework/dataset/db/model/engine/compose/plan/FluentApiTest.java	com.foggyframework.dataset.db.model.engine.compose.plan.FluentApiTest	com.foggyframework.dataset.db.model.engine.compose.plan.FluentApiTest$FluentBuilderTests	6	0	junit-jupiter	65721951997d0311a7d976c27cd958a1737ed69809b0b4cfb1008fc6fbe28792	0fe04b0aa637110c8ece261af7d071a6730dbb7ad4eaaae7e61fecb70ff7a8ef	4e9c6dceec3397a3620e41a4522542f1a05126973090f5c0c1c375c2eff64a65
foggy-dataset-model	v934-src|108:foggy-dataset-model/src/test/java/com/foggyframework/dataset/db/model/engine/compose/plan/FluentApiTest.java	com.foggyframework.dataset.db.model.engine.compose.plan.FluentApiTest	com.foggyframework.dataset.db.model.engine.compose.plan.FluentApiTest$JoinBuilderTests	3	0	junit-jupiter	65721951997d0311a7d976c27cd958a1737ed69809b0b4cfb1008fc6fbe28792	0fe04b0aa637110c8ece261af7d071a6730dbb7ad4eaaae7e61fecb70ff7a8ef	4e9c6dceec3397a3620e41a4522542f1a05126973090f5c0c1c375c2eff64a65
foggy-dataset-model	v934-src|108:foggy-dataset-model/src/test/java/com/foggyframework/dataset/db/model/engine/compose/plan/FluentApiTest.java	com.foggyframework.dataset.db.model.engine.compose.plan.FluentApiTest	com.foggyframework.dataset.db.model.engine.compose.plan.FluentApiTest$PlanColumnRefTests	5	0	junit-jupiter	65721951997d0311a7d976c27cd958a1737ed69809b0b4cfb1008fc6fbe28792	0fe04b0aa637110c8ece261af7d071a6730dbb7ad4eaaae7e61fecb70ff7a8ef	4e9c6dceec3397a3620e41a4522542f1a05126973090f5c0c1c375c2eff64a65
foggy-dataset-model	v934-src|108:foggy-dataset-model/src/test/java/com/foggyframework/dataset/db/model/engine/compose/plan/FluentApiTest.java	com.foggyframework.dataset.db.model.engine.compose.plan.FluentApiTest	com.foggyframework.dataset.db.model.engine.compose.plan.FluentApiTest$PropertyHolderTests	2	0	junit-jupiter	65721951997d0311a7d976c27cd958a1737ed69809b0b4cfb1008fc6fbe28792	0fe04b0aa637110c8ece261af7d071a6730dbb7ad4eaaae7e61fecb70ff7a8ef	4e9c6dceec3397a3620e41a4522542f1a05126973090f5c0c1c375c2eff64a65
foggy-dataset-model	v934-src|108:foggy-dataset-model/src/test/java/com/foggyframework/dataset/db/model/engine/compose/plan/FluentApiTest.java	com.foggyframework.dataset.db.model.engine.compose.plan.FluentApiTest	com.foggyframework.dataset.db.model.engine.compose.plan.FluentApiTest$QueryFactoryTests	3	0	junit-jupiter	65721951997d0311a7d976c27cd958a1737ed69809b0b4cfb1008fc6fbe28792	0fe04b0aa637110c8ece261af7d071a6730dbb7ad4eaaae7e61fecb70ff7a8ef	4e9c6dceec3397a3620e41a4522542f1a05126973090f5c0c1c375c2eff64a65
foggy-dataset-model	v934-src|108:foggy-dataset-model/src/test/java/com/foggyframework/dataset/db/model/engine/compose/plan/FluentApiTest.java	com.foggyframework.dataset.db.model.engine.compose.plan.FluentApiTest	com.foggyframework.dataset.db.model.engine.compose.plan.FluentApiTest$WindowFunctionTests	20	0	junit-jupiter	65721951997d0311a7d976c27cd958a1737ed69809b0b4cfb1008fc6fbe28792	0fe04b0aa637110c8ece261af7d071a6730dbb7ad4eaaae7e61fecb70ff7a8ef	4e9c6dceec3397a3620e41a4522542f1a05126973090f5c0c1c375c2eff64a65
foggy-dataset-model	v934-src|108:foggy-dataset-model/src/test/java/com/foggyframework/dataset/db/model/engine/compose/plan/FromEntryTest.java	com.foggyframework.dataset.db.model.engine.compose.plan.FromEntryTest	com.foggyframework.dataset.db.model.engine.compose.plan.FromEntryTest	0	0	junit-jupiter	2437d02a15f9a1141f9b52d9ef3f14af8757182bd714bd08a6f719afbe15b75f	0fe04b0aa637110c8ece261af7d071a6730dbb7ad4eaaae7e61fecb70ff7a8ef	4e9c6dceec3397a3620e41a4522542f1a05126973090f5c0c1c375c2eff64a65
foggy-dataset-model	v934-src|108:foggy-dataset-model/src/test/java/com/foggyframework/dataset/db/model/engine/compose/plan/FromEntryTest.java	com.foggyframework.dataset.db.model.engine.compose.plan.FromEntryTest	com.foggyframework.dataset.db.model.engine.compose.plan.FromEntryTest$KernelEquivalence	1	0	junit-jupiter	2437d02a15f9a1141f9b52d9ef3f14af8757182bd714bd08a6f719afbe15b75f	0fe04b0aa637110c8ece261af7d071a6730dbb7ad4eaaae7e61fecb70ff7a8ef	4e9c6dceec3397a3620e41a4522542f1a05126973090f5c0c1c375c2eff64a65
foggy-dataset-model	v934-src|108:foggy-dataset-model/src/test/java/com/foggyframework/dataset/db/model/engine/compose/plan/FromEntryTest.java	com.foggyframework.dataset.db.model.engine.compose.plan.FromEntryTest	com.foggyframework.dataset.db.model.engine.compose.plan.FromEntryTest$ModelSourceMutualExclusion	5	0	junit-jupiter	2437d02a15f9a1141f9b52d9ef3f14af8757182bd714bd08a6f719afbe15b75f	0fe04b0aa637110c8ece261af7d071a6730dbb7ad4eaaae7e61fecb70ff7a8ef	4e9c6dceec3397a3620e41a4522542f1a05126973090f5c0c1c375c2eff64a65
foggy-dataset-model	v934-src|108:foggy-dataset-model/src/test/java/com/foggyframework/dataset/db/model/engine/compose/plan/FromEntryTest.java	com.foggyframework.dataset.db.model.engine.compose.plan.FromEntryTest	com.foggyframework.dataset.db.model.engine.compose.plan.FromEntryTest$OptionalFieldsPropagation	2	0	junit-jupiter	2437d02a15f9a1141f9b52d9ef3f14af8757182bd714bd08a6f719afbe15b75f	0fe04b0aa637110c8ece261af7d071a6730dbb7ad4eaaae7e61fecb70ff7a8ef	4e9c6dceec3397a3620e41a4522542f1a05126973090f5c0c1c375c2eff64a65
foggy-dataset-model	v934-src|108:foggy-dataset-model/src/test/java/com/foggyframework/dataset/db/model/engine/compose/plan/FromEntryTest.java	com.foggyframework.dataset.db.model.engine.compose.plan.FromEntryTest	com.foggyframework.dataset.db.model.engine.compose.plan.FromEntryTest$ShapeValidation	6	0	junit-jupiter	2437d02a15f9a1141f9b52d9ef3f14af8757182bd714bd08a6f719afbe15b75f	0fe04b0aa637110c8ece261af7d071a6730dbb7ad4eaaae7e61fecb70ff7a8ef	4e9c6dceec3397a3620e41a4522542f1a05126973090f5c0c1c375c2eff64a65
foggy-dataset-model	v934-src|107:foggy-dataset-model/src/test/java/com/foggyframework/dataset/db/model/engine/compose/plan/JoinPlanTest.java	com.foggyframework.dataset.db.model.engine.compose.plan.JoinPlanTest	com.foggyframework.dataset.db.model.engine.compose.plan.JoinPlanTest	0	0	junit-jupiter	7981858b90722129ab271210058807a9bf79b36eabc3b27846a6ce342ff9cfcf	0fe04b0aa637110c8ece261af7d071a6730dbb7ad4eaaae7e61fecb70ff7a8ef	4e9c6dceec3397a3620e41a4522542f1a05126973090f5c0c1c375c2eff64a65
foggy-dataset-model	v934-src|107:foggy-dataset-model/src/test/java/com/foggyframework/dataset/db/model/engine/compose/plan/JoinPlanTest.java	com.foggyframework.dataset.db.model.engine.compose.plan.JoinPlanTest	com.foggyframework.dataset.db.model.engine.compose.plan.JoinPlanTest$Chain	7	0	junit-jupiter	7981858b90722129ab271210058807a9bf79b36eabc3b27846a6ce342ff9cfcf	0fe04b0aa637110c8ece261af7d071a6730dbb7ad4eaaae7e61fecb70ff7a8ef	4e9c6dceec3397a3620e41a4522542f1a05126973090f5c0c1c375c2eff64a65
foggy-dataset-model	v934-src|107:foggy-dataset-model/src/test/java/com/foggyframework/dataset/db/model/engine/compose/plan/JoinPlanTest.java	com.foggyframework.dataset.db.model.engine.compose.plan.JoinPlanTest	com.foggyframework.dataset.db.model.engine.compose.plan.JoinPlanTest$Construction	5	0	junit-jupiter	7981858b90722129ab271210058807a9bf79b36eabc3b27846a6ce342ff9cfcf	0fe04b0aa637110c8ece261af7d071a6730dbb7ad4eaaae7e61fecb70ff7a8ef	4e9c6dceec3397a3620e41a4522542f1a05126973090f5c0c1c375c2eff64a65
foggy-dataset-model	v934-src|107:foggy-dataset-model/src/test/java/com/foggyframework/dataset/db/model/engine/compose/plan/JoinPlanTest.java	com.foggyframework.dataset.db.model.engine.compose.plan.JoinPlanTest	com.foggyframework.dataset.db.model.engine.compose.plan.JoinPlanTest$IsInstance	1	0	junit-jupiter	7981858b90722129ab271210058807a9bf79b36eabc3b27846a6ce342ff9cfcf	0fe04b0aa637110c8ece261af7d071a6730dbb7ad4eaaae7e61fecb70ff7a8ef	4e9c6dceec3397a3620e41a4522542f1a05126973090f5c0c1c375c2eff64a65
foggy-dataset-model	v934-src|107:foggy-dataset-model/src/test/java/com/foggyframework/dataset/db/model/engine/compose/plan/JoinPlanTest.java	com.foggyframework.dataset.db.model.engine.compose.plan.JoinPlanTest	com.foggyframework.dataset.db.model.engine.compose.plan.JoinPlanTest$JoinOnTests	7	0	junit-jupiter	7981858b90722129ab271210058807a9bf79b36eabc3b27846a6ce342ff9cfcf	0fe04b0aa637110c8ece261af7d071a6730dbb7ad4eaaae7e61fecb70ff7a8ef	4e9c6dceec3397a3620e41a4522542f1a05126973090f5c0c1c375c2eff64a65
foggy-dataset-model	v934-src|107:foggy-dataset-model/src/test/java/com/foggyframework/dataset/db/model/engine/compose/plan/JoinPlanTest.java	com.foggyframework.dataset.db.model.engine.compose.plan.JoinPlanTest	com.foggyframework.dataset.db.model.engine.compose.plan.JoinPlanTest$TreeWalk	1	0	junit-jupiter	7981858b90722129ab271210058807a9bf79b36eabc3b27846a6ce342ff9cfcf	0fe04b0aa637110c8ece261af7d071a6730dbb7ad4eaaae7e61fecb70ff7a8ef	4e9c6dceec3397a3620e41a4522542f1a05126973090f5c0c1c375c2eff64a65
foggy-dataset-model	v934-src|114:foggy-dataset-model/src/test/java/com/foggyframework/dataset/db/model/engine/compose/plan/PlanCompositionTest.java	com.foggyframework.dataset.db.model.engine.compose.plan.PlanCompositionTest	com.foggyframework.dataset.db.model.engine.compose.plan.PlanCompositionTest	0	0	junit-jupiter	a33a752c33e48d55588ab76cc9f734465e4d394086d8186dcca75bcf2fd41f9f	0fe04b0aa637110c8ece261af7d071a6730dbb7ad4eaaae7e61fecb70ff7a8ef	4e9c6dceec3397a3620e41a4522542f1a05126973090f5c0c1c375c2eff64a65
foggy-dataset-model	v934-src|114:foggy-dataset-model/src/test/java/com/foggyframework/dataset/db/model/engine/compose/plan/PlanCompositionTest.java	com.foggyframework.dataset.db.model.engine.compose.plan.PlanCompositionTest	com.foggyframework.dataset.db.model.engine.compose.plan.PlanCompositionTest$BaseModelPlansPreorder	1	0	junit-jupiter	a33a752c33e48d55588ab76cc9f734465e4d394086d8186dcca75bcf2fd41f9f	0fe04b0aa637110c8ece261af7d071a6730dbb7ad4eaaae7e61fecb70ff7a8ef	4e9c6dceec3397a3620e41a4522542f1a05126973090f5c0c1c375c2eff64a65
foggy-dataset-model	v934-src|114:foggy-dataset-model/src/test/java/com/foggyframework/dataset/db/model/engine/compose/plan/PlanCompositionTest.java	com.foggyframework.dataset.db.model.engine.compose.plan.PlanCompositionTest	com.foggyframework.dataset.db.model.engine.compose.plan.PlanCompositionTest$LayerCWhitelist	2	0	junit-jupiter	a33a752c33e48d55588ab76cc9f734465e4d394086d8186dcca75bcf2fd41f9f	0fe04b0aa637110c8ece261af7d071a6730dbb7ad4eaaae7e61fecb70ff7a8ef	4e9c6dceec3397a3620e41a4522542f1a05126973090f5c0c1c375c2eff64a65
foggy-dataset-model	v934-src|114:foggy-dataset-model/src/test/java/com/foggyframework/dataset/db/model/engine/compose/plan/PlanCompositionTest.java	com.foggyframework.dataset.db.model.engine.compose.plan.PlanCompositionTest	com.foggyframework.dataset.db.model.engine.compose.plan.PlanCompositionTest$MultiLevelDerivation	1	0	junit-jupiter	a33a752c33e48d55588ab76cc9f734465e4d394086d8186dcca75bcf2fd41f9f	0fe04b0aa637110c8ece261af7d071a6730dbb7ad4eaaae7e61fecb70ff7a8ef	4e9c6dceec3397a3620e41a4522542f1a05126973090f5c0c1c375c2eff64a65
foggy-dataset-model	v934-src|114:foggy-dataset-model/src/test/java/com/foggyframework/dataset/db/model/engine/compose/plan/PlanCompositionTest.java	com.foggyframework.dataset.db.model.engine.compose.plan.PlanCompositionTest	com.foggyframework.dataset.db.model.engine.compose.plan.PlanCompositionTest$SpecExample1TwoStageAggregation	1	0	junit-jupiter	a33a752c33e48d55588ab76cc9f734465e4d394086d8186dcca75bcf2fd41f9f	0fe04b0aa637110c8ece261af7d071a6730dbb7ad4eaaae7e61fecb70ff7a8ef	4e9c6dceec3397a3620e41a4522542f1a05126973090f5c0c1c375c2eff64a65
foggy-dataset-model	v934-src|114:foggy-dataset-model/src/test/java/com/foggyframework/dataset/db/model/engine/compose/plan/PlanCompositionTest.java	com.foggyframework.dataset.db.model.engine.compose.plan.PlanCompositionTest	com.foggyframework.dataset.db.model.engine.compose.plan.PlanCompositionTest$SpecExample2UnionThenAggregate	1	0	junit-jupiter	a33a752c33e48d55588ab76cc9f734465e4d394086d8186dcca75bcf2fd41f9f	0fe04b0aa637110c8ece261af7d071a6730dbb7ad4eaaae7e61fecb70ff7a8ef	4e9c6dceec3397a3620e41a4522542f1a05126973090f5c0c1c375c2eff64a65
foggy-dataset-model	v934-src|114:foggy-dataset-model/src/test/java/com/foggyframework/dataset/db/model/engine/compose/plan/PlanCompositionTest.java	com.foggyframework.dataset.db.model.engine.compose.plan.PlanCompositionTest	com.foggyframework.dataset.db.model.engine.compose.plan.PlanCompositionTest$SpecExample3JoinThenFilter	1	0	junit-jupiter	a33a752c33e48d55588ab76cc9f734465e4d394086d8186dcca75bcf2fd41f9f	0fe04b0aa637110c8ece261af7d071a6730dbb7ad4eaaae7e61fecb70ff7a8ef	4e9c6dceec3397a3620e41a4522542f1a05126973090f5c0c1c375c2eff64a65
foggy-dataset-model	v934-src|105:foggy-dataset-model/src/test/java/com/foggyframework/dataset/db/model/engine/compose/plan/PlanIdTest.java	com.foggyframework.dataset.db.model.engine.compose.plan.PlanIdTest	com.foggyframework.dataset.db.model.engine.compose.plan.PlanIdTest	0	0	junit-jupiter	597bd6c342e04e5732f10d58affe09609baaa83cafc8c68e466ea7c5d1dfa387	0fe04b0aa637110c8ece261af7d071a6730dbb7ad4eaaae7e61fecb70ff7a8ef	4e9c6dceec3397a3620e41a4522542f1a05126973090f5c0c1c375c2eff64a65
foggy-dataset-model	v934-src|105:foggy-dataset-model/src/test/java/com/foggyframework/dataset/db/model/engine/compose/plan/PlanIdTest.java	com.foggyframework.dataset.db.model.engine.compose.plan.PlanIdTest	com.foggyframework.dataset.db.model.engine.compose.plan.PlanIdTest$Equality	6	0	junit-jupiter	597bd6c342e04e5732f10d58affe09609baaa83cafc8c68e466ea7c5d1dfa387	0fe04b0aa637110c8ece261af7d071a6730dbb7ad4eaaae7e61fecb70ff7a8ef	4e9c6dceec3397a3620e41a4522542f1a05126973090f5c0c1c375c2eff64a65
foggy-dataset-model	v934-src|105:foggy-dataset-model/src/test/java/com/foggyframework/dataset/db/model/engine/compose/plan/PlanIdTest.java	com.foggyframework.dataset.db.model.engine.compose.plan.PlanIdTest	com.foggyframework.dataset.db.model.engine.compose.plan.PlanIdTest$GcBehavior	3	0	junit-jupiter	597bd6c342e04e5732f10d58affe09609baaa83cafc8c68e466ea7c5d1dfa387	0fe04b0aa637110c8ece261af7d071a6730dbb7ad4eaaae7e61fecb70ff7a8ef	4e9c6dceec3397a3620e41a4522542f1a05126973090f5c0c1c375c2eff64a65
foggy-dataset-model	v934-src|105:foggy-dataset-model/src/test/java/com/foggyframework/dataset/db/model/engine/compose/plan/PlanIdTest.java	com.foggyframework.dataset.db.model.engine.compose.plan.PlanIdTest	com.foggyframework.dataset.db.model.engine.compose.plan.PlanIdTest$HashContract	3	0	junit-jupiter	597bd6c342e04e5732f10d58affe09609baaa83cafc8c68e466ea7c5d1dfa387	0fe04b0aa637110c8ece261af7d071a6730dbb7ad4eaaae7e61fecb70ff7a8ef	4e9c6dceec3397a3620e41a4522542f1a05126973090f5c0c1c375c2eff64a65
foggy-dataset-model	v934-src|105:foggy-dataset-model/src/test/java/com/foggyframework/dataset/db/model/engine/compose/plan/PlanIdTest.java	com.foggyframework.dataset.db.model.engine.compose.plan.PlanIdTest	com.foggyframework.dataset.db.model.engine.compose.plan.PlanIdTest$TransientSemanticsDoc	3	0	junit-jupiter	597bd6c342e04e5732f10d58affe09609baaa83cafc8c68e466ea7c5d1dfa387	0fe04b0aa637110c8ece261af7d071a6730dbb7ad4eaaae7e61fecb70ff7a8ef	4e9c6dceec3397a3620e41a4522542f1a05126973090f5c0c1c375c2eff64a65
foggy-dataset-model	v934-src|118:foggy-dataset-model/src/test/java/com/foggyframework/dataset/db/model/engine/compose/plan/QueryPlanVisibilityTest.java	com.foggyframework.dataset.db.model.engine.compose.plan.QueryPlanVisibilityTest	com.foggyframework.dataset.db.model.engine.compose.plan.QueryPlanVisibilityTest	0	0	junit-jupiter	7d20d4b40fdf51eeaa31a1f0602b600ab3fe14fcd72401700539baf0ddf49bfe	0fe04b0aa637110c8ece261af7d071a6730dbb7ad4eaaae7e61fecb70ff7a8ef	4e9c6dceec3397a3620e41a4522542f1a05126973090f5c0c1c375c2eff64a65
foggy-dataset-model	v934-src|118:foggy-dataset-model/src/test/java/com/foggyframework/dataset/db/model/engine/compose/plan/QueryPlanVisibilityTest.java	com.foggyframework.dataset.db.model.engine.compose.plan.QueryPlanVisibilityTest	com.foggyframework.dataset.db.model.engine.compose.plan.QueryPlanVisibilityTest$BaseVisibilityCheck	2	0	junit-jupiter	7d20d4b40fdf51eeaa31a1f0602b600ab3fe14fcd72401700539baf0ddf49bfe	0fe04b0aa637110c8ece261af7d071a6730dbb7ad4eaaae7e61fecb70ff7a8ef	4e9c6dceec3397a3620e41a4522542f1a05126973090f5c0c1c375c2eff64a65
foggy-dataset-model	v934-src|118:foggy-dataset-model/src/test/java/com/foggyframework/dataset/db/model/engine/compose/plan/QueryPlanVisibilityTest.java	com.foggyframework.dataset.db.model.engine.compose.plan.QueryPlanVisibilityTest	com.foggyframework.dataset.db.model.engine.compose.plan.QueryPlanVisibilityTest$CollectVisible	6	0	junit-jupiter	7d20d4b40fdf51eeaa31a1f0602b600ab3fe14fcd72401700539baf0ddf49bfe	0fe04b0aa637110c8ece261af7d071a6730dbb7ad4eaaae7e61fecb70ff7a8ef	4e9c6dceec3397a3620e41a4522542f1a05126973090f5c0c1c375c2eff64a65
foggy-dataset-model	v934-src|118:foggy-dataset-model/src/test/java/com/foggyframework/dataset/db/model/engine/compose/plan/QueryPlanVisibilityTest.java	com.foggyframework.dataset.db.model.engine.compose.plan.QueryPlanVisibilityTest	com.foggyframework.dataset.db.model.engine.compose.plan.QueryPlanVisibilityTest$DerivedVisibilityCheck	6	0	junit-jupiter	7d20d4b40fdf51eeaa31a1f0602b600ab3fe14fcd72401700539baf0ddf49bfe	0fe04b0aa637110c8ece261af7d071a6730dbb7ad4eaaae7e61fecb70ff7a8ef	4e9c6dceec3397a3620e41a4522542f1a05126973090f5c0c1c375c2eff64a65
foggy-dataset-model	v934-src|117:foggy-dataset-model/src/test/java/com/foggyframework/dataset/db/model/engine/compose/plan/RelativeDateParserTest.java	com.foggyframework.dataset.db.model.engine.compose.plan.RelativeDateParserTest	com.foggyframework.dataset.db.model.engine.compose.plan.RelativeDateParserTest	0	0	junit-jupiter	a185fe9877a307c6c2feefafbe9c579902a8500e7f7d7a670da5a64f73d4f168	0fe04b0aa637110c8ece261af7d071a6730dbb7ad4eaaae7e61fecb70ff7a8ef	4e9c6dceec3397a3620e41a4522542f1a05126973090f5c0c1c375c2eff64a65
foggy-dataset-model	v934-src|117:foggy-dataset-model/src/test/java/com/foggyframework/dataset/db/model/engine/compose/plan/RelativeDateParserTest.java	com.foggyframework.dataset.db.model.engine.compose.plan.RelativeDateParserTest	com.foggyframework.dataset.db.model.engine.compose.plan.RelativeDateParserTest$IsValid	13	0	junit-jupiter	a185fe9877a307c6c2feefafbe9c579902a8500e7f7d7a670da5a64f73d4f168	0fe04b0aa637110c8ece261af7d071a6730dbb7ad4eaaae7e61fecb70ff7a8ef	4e9c6dceec3397a3620e41a4522542f1a05126973090f5c0c1c375c2eff64a65
foggy-dataset-model	v934-src|117:foggy-dataset-model/src/test/java/com/foggyframework/dataset/db/model/engine/compose/plan/RelativeDateParserTest.java	com.foggyframework.dataset.db.model.engine.compose.plan.RelativeDateParserTest	com.foggyframework.dataset.db.model.engine.compose.plan.RelativeDateParserTest$ParseAbsolute	2	0	junit-jupiter	a185fe9877a307c6c2feefafbe9c579902a8500e7f7d7a670da5a64f73d4f168	0fe04b0aa637110c8ece261af7d071a6730dbb7ad4eaaae7e61fecb70ff7a8ef	4e9c6dceec3397a3620e41a4522542f1a05126973090f5c0c1c375c2eff64a65
foggy-dataset-model	v934-src|117:foggy-dataset-model/src/test/java/com/foggyframework/dataset/db/model/engine/compose/plan/RelativeDateParserTest.java	com.foggyframework.dataset.db.model.engine.compose.plan.RelativeDateParserTest	com.foggyframework.dataset.db.model.engine.compose.plan.RelativeDateParserTest$ParseErrors	3	0	junit-jupiter	a185fe9877a307c6c2feefafbe9c579902a8500e7f7d7a670da5a64f73d4f168	0fe04b0aa637110c8ece261af7d071a6730dbb7ad4eaaae7e61fecb70ff7a8ef	4e9c6dceec3397a3620e41a4522542f1a05126973090f5c0c1c375c2eff64a65
foggy-dataset-model	v934-src|117:foggy-dataset-model/src/test/java/com/foggyframework/dataset/db/model/engine/compose/plan/RelativeDateParserTest.java	com.foggyframework.dataset.db.model.engine.compose.plan.RelativeDateParserTest	com.foggyframework.dataset.db.model.engine.compose.plan.RelativeDateParserTest$ParseNow	1	0	junit-jupiter	a185fe9877a307c6c2feefafbe9c579902a8500e7f7d7a670da5a64f73d4f168	0fe04b0aa637110c8ece261af7d071a6730dbb7ad4eaaae7e61fecb70ff7a8ef	4e9c6dceec3397a3620e41a4522542f1a05126973090f5c0c1c375c2eff64a65
foggy-dataset-model	v934-src|117:foggy-dataset-model/src/test/java/com/foggyframework/dataset/db/model/engine/compose/plan/RelativeDateParserTest.java	com.foggyframework.dataset.db.model.engine.compose.plan.RelativeDateParserTest	com.foggyframework.dataset.db.model.engine.compose.plan.RelativeDateParserTest$ParseRelative	11	0	junit-jupiter	a185fe9877a307c6c2feefafbe9c579902a8500e7f7d7a670da5a64f73d4f168	0fe04b0aa637110c8ece261af7d071a6730dbb7ad4eaaae7e61fecb70ff7a8ef	4e9c6dceec3397a3620e41a4522542f1a05126973090f5c0c1c375c2eff64a65
foggy-dataset-model	v934-src|119:foggy-dataset-model/src/test/java/com/foggyframework/dataset/db/model/engine/compose/plan/SliceValueValidationTest.java	com.foggyframework.dataset.db.model.engine.compose.plan.SliceValueValidationTest	com.foggyframework.dataset.db.model.engine.compose.plan.SliceValueValidationTest	9	0	junit-jupiter	a3373ef4f563b8598852bc9ad3b36fdf7ed5214c9304538e8c14b73d840b3342	0fe04b0aa637110c8ece261af7d071a6730dbb7ad4eaaae7e61fecb70ff7a8ef	4e9c6dceec3397a3620e41a4522542f1a05126973090f5c0c1c375c2eff64a65
foggy-dataset-model	v934-src|112:foggy-dataset-model/src/test/java/com/foggyframework/dataset/db/model/engine/compose/plan/TimeWindowDefTest.java	com.foggyframework.dataset.db.model.engine.compose.plan.TimeWindowDefTest	com.foggyframework.dataset.db.model.engine.compose.plan.TimeWindowDefTest	0	0	junit-jupiter	b31ae67fef3356bdf64b31f7df624f27394abce312ed689141b302874b94540a	0fe04b0aa637110c8ece261af7d071a6730dbb7ad4eaaae7e61fecb70ff7a8ef	4e9c6dceec3397a3620e41a4522542f1a05126973090f5c0c1c375c2eff64a65
foggy-dataset-model	v934-src|112:foggy-dataset-model/src/test/java/com/foggyframework/dataset/db/model/engine/compose/plan/TimeWindowDefTest.java	com.foggyframework.dataset.db.model.engine.compose.plan.TimeWindowDefTest	com.foggyframework.dataset.db.model.engine.compose.plan.TimeWindowDefTest$Classification	8	0	junit-jupiter	b31ae67fef3356bdf64b31f7df624f27394abce312ed689141b302874b94540a	0fe04b0aa637110c8ece261af7d071a6730dbb7ad4eaaae7e61fecb70ff7a8ef	4e9c6dceec3397a3620e41a4522542f1a05126973090f5c0c1c375c2eff64a65
foggy-dataset-model	v934-src|112:foggy-dataset-model/src/test/java/com/foggyframework/dataset/db/model/engine/compose/plan/TimeWindowDefTest.java	com.foggyframework.dataset.db.model.engine.compose.plan.TimeWindowDefTest	com.foggyframework.dataset.db.model.engine.compose.plan.TimeWindowDefTest$ConstructorValidation	8	0	junit-jupiter	b31ae67fef3356bdf64b31f7df624f27394abce312ed689141b302874b94540a	0fe04b0aa637110c8ece261af7d071a6730dbb7ad4eaaae7e61fecb70ff7a8ef	4e9c6dceec3397a3620e41a4522542f1a05126973090f5c0c1c375c2eff64a65
foggy-dataset-model	v934-src|112:foggy-dataset-model/src/test/java/com/foggyframework/dataset/db/model/engine/compose/plan/TimeWindowDefTest.java	com.foggyframework.dataset.db.model.engine.compose.plan.TimeWindowDefTest	com.foggyframework.dataset.db.model.engine.compose.plan.TimeWindowDefTest$FromMap	4	0	junit-jupiter	b31ae67fef3356bdf64b31f7df624f27394abce312ed689141b302874b94540a	0fe04b0aa637110c8ece261af7d071a6730dbb7ad4eaaae7e61fecb70ff7a8ef	4e9c6dceec3397a3620e41a4522542f1a05126973090f5c0c1c375c2eff64a65
foggy-dataset-model	v934-src|112:foggy-dataset-model/src/test/java/com/foggyframework/dataset/db/model/engine/compose/plan/TimeWindowDefTest.java	com.foggyframework.dataset.db.model.engine.compose.plan.TimeWindowDefTest	com.foggyframework.dataset.db.model.engine.compose.plan.TimeWindowDefTest$RollingWindowSize	4	0	junit-jupiter	b31ae67fef3356bdf64b31f7df624f27394abce312ed689141b302874b94540a	0fe04b0aa637110c8ece261af7d071a6730dbb7ad4eaaae7e61fecb70ff7a8ef	4e9c6dceec3397a3620e41a4522542f1a05126973090f5c0c1c375c2eff64a65
foggy-dataset-model	v934-src|117:foggy-dataset-model/src/test/java/com/foggyframework/dataset/db/model/engine/compose/plan/TimeWindowExpanderTest.java	com.foggyframework.dataset.db.model.engine.compose.plan.TimeWindowExpanderTest	com.foggyframework.dataset.db.model.engine.compose.plan.TimeWindowExpanderTest	0	0	junit-jupiter	38da6ceb19d961dc3809a29360e25e30f25205068c7041e654f15708377e8105	0fe04b0aa637110c8ece261af7d071a6730dbb7ad4eaaae7e61fecb70ff7a8ef	4e9c6dceec3397a3620e41a4522542f1a05126973090f5c0c1c375c2eff64a65
foggy-dataset-model	v934-src|117:foggy-dataset-model/src/test/java/com/foggyframework/dataset/db/model/engine/compose/plan/TimeWindowExpanderTest.java	com.foggyframework.dataset.db.model.engine.compose.plan.TimeWindowExpanderTest	com.foggyframework.dataset.db.model.engine.compose.plan.TimeWindowExpanderTest$ComparativeExpansion	9	0	junit-jupiter	38da6ceb19d961dc3809a29360e25e30f25205068c7041e654f15708377e8105	0fe04b0aa637110c8ece261af7d071a6730dbb7ad4eaaae7e61fecb70ff7a8ef	4e9c6dceec3397a3620e41a4522542f1a05126973090f5c0c1c375c2eff64a65
foggy-dataset-model	v934-src|117:foggy-dataset-model/src/test/java/com/foggyframework/dataset/db/model/engine/compose/plan/TimeWindowExpanderTest.java	com.foggyframework.dataset.db.model.engine.compose.plan.TimeWindowExpanderTest	com.foggyframework.dataset.db.model.engine.compose.plan.TimeWindowExpanderTest$CumulativeExpansion	2	0	junit-jupiter	38da6ceb19d961dc3809a29360e25e30f25205068c7041e654f15708377e8105	0fe04b0aa637110c8ece261af7d071a6730dbb7ad4eaaae7e61fecb70ff7a8ef	4e9c6dceec3397a3620e41a4522542f1a05126973090f5c0c1c375c2eff64a65
foggy-dataset-model	v934-src|117:foggy-dataset-model/src/test/java/com/foggyframework/dataset/db/model/engine/compose/plan/TimeWindowExpanderTest.java	com.foggyframework.dataset.db.model.engine.compose.plan.TimeWindowExpanderTest	com.foggyframework.dataset.db.model.engine.compose.plan.TimeWindowExpanderTest$RollingExpansion	3	0	junit-jupiter	38da6ceb19d961dc3809a29360e25e30f25205068c7041e654f15708377e8105	0fe04b0aa637110c8ece261af7d071a6730dbb7ad4eaaae7e61fecb70ff7a8ef	4e9c6dceec3397a3620e41a4522542f1a05126973090f5c0c1c375c2eff64a65
foggy-dataset-model	v934-src|121:foggy-dataset-model/src/test/java/com/foggyframework/dataset/db/model/engine/compose/plan/TimeWindowOutputSchemaTest.java	com.foggyframework.dataset.db.model.engine.compose.plan.TimeWindowOutputSchemaTest	com.foggyframework.dataset.db.model.engine.compose.plan.TimeWindowOutputSchemaTest	5	0	junit-jupiter	298dcd701222d2529464a9245c81036c0ee3a988c434352694e330d588bec7fa	0fe04b0aa637110c8ece261af7d071a6730dbb7ad4eaaae7e61fecb70ff7a8ef	4e9c6dceec3397a3620e41a4522542f1a05126973090f5c0c1c375c2eff64a65
foggy-dataset-model	v934-src|118:foggy-dataset-model/src/test/java/com/foggyframework/dataset/db/model/engine/compose/plan/TimeWindowValidatorTest.java	com.foggyframework.dataset.db.model.engine.compose.plan.TimeWindowValidatorTest	com.foggyframework.dataset.db.model.engine.compose.plan.TimeWindowValidatorTest	0	0	junit-jupiter	5f348ae791e6f5cabb300071492feac51ebd57465821eb12be3f9632dc30bd78	0fe04b0aa637110c8ece261af7d071a6730dbb7ad4eaaae7e61fecb70ff7a8ef	4e9c6dceec3397a3620e41a4522542f1a05126973090f5c0c1c375c2eff64a65
foggy-dataset-model	v934-src|118:foggy-dataset-model/src/test/java/com/foggyframework/dataset/db/model/engine/compose/plan/TimeWindowValidatorTest.java	com.foggyframework.dataset.db.model.engine.compose.plan.TimeWindowValidatorTest	com.foggyframework.dataset.db.model.engine.compose.plan.TimeWindowValidatorTest$CalculatedFieldInteraction	6	0	junit-jupiter	5f348ae791e6f5cabb300071492feac51ebd57465821eb12be3f9632dc30bd78	0fe04b0aa637110c8ece261af7d071a6730dbb7ad4eaaae7e61fecb70ff7a8ef	4e9c6dceec3397a3620e41a4522542f1a05126973090f5c0c1c375c2eff64a65
foggy-dataset-model	v934-src|118:foggy-dataset-model/src/test/java/com/foggyframework/dataset/db/model/engine/compose/plan/TimeWindowValidatorTest.java	com.foggyframework.dataset.db.model.engine.compose.plan.TimeWindowValidatorTest	com.foggyframework.dataset.db.model.engine.compose.plan.TimeWindowValidatorTest$ErrorCodes	11	0	junit-jupiter	5f348ae791e6f5cabb300071492feac51ebd57465821eb12be3f9632dc30bd78	0fe04b0aa637110c8ece261af7d071a6730dbb7ad4eaaae7e61fecb70ff7a8ef	4e9c6dceec3397a3620e41a4522542f1a05126973090f5c0c1c375c2eff64a65
foggy-dataset-model	v934-src|118:foggy-dataset-model/src/test/java/com/foggyframework/dataset/db/model/engine/compose/plan/TimeWindowValidatorTest.java	com.foggyframework.dataset.db.model.engine.compose.plan.TimeWindowValidatorTest	com.foggyframework.dataset.db.model.engine.compose.plan.TimeWindowValidatorTest$HappyPaths	4	0	junit-jupiter	5f348ae791e6f5cabb300071492feac51ebd57465821eb12be3f9632dc30bd78	0fe04b0aa637110c8ece261af7d071a6730dbb7ad4eaaae7e61fecb70ff7a8ef	4e9c6dceec3397a3620e41a4522542f1a05126973090f5c0c1c375c2eff64a65
foggy-dataset-model	v934-src|108:foggy-dataset-model/src/test/java/com/foggyframework/dataset/db/model/engine/compose/plan/UnionPlanTest.java	com.foggyframework.dataset.db.model.engine.compose.plan.UnionPlanTest	com.foggyframework.dataset.db.model.engine.compose.plan.UnionPlanTest	0	0	junit-jupiter	58a81d1d7b21cfc73128fa77245432e36081c1619cde74e5cd0b904fa81029b6	0fe04b0aa637110c8ece261af7d071a6730dbb7ad4eaaae7e61fecb70ff7a8ef	4e9c6dceec3397a3620e41a4522542f1a05126973090f5c0c1c375c2eff64a65
foggy-dataset-model	v934-src|108:foggy-dataset-model/src/test/java/com/foggyframework/dataset/db/model/engine/compose/plan/UnionPlanTest.java	com.foggyframework.dataset.db.model.engine.compose.plan.UnionPlanTest	com.foggyframework.dataset.db.model.engine.compose.plan.UnionPlanTest$Chain	3	0	junit-jupiter	58a81d1d7b21cfc73128fa77245432e36081c1619cde74e5cd0b904fa81029b6	0fe04b0aa637110c8ece261af7d071a6730dbb7ad4eaaae7e61fecb70ff7a8ef	4e9c6dceec3397a3620e41a4522542f1a05126973090f5c0c1c375c2eff64a65
foggy-dataset-model	v934-src|108:foggy-dataset-model/src/test/java/com/foggyframework/dataset/db/model/engine/compose/plan/UnionPlanTest.java	com.foggyframework.dataset.db.model.engine.compose.plan.UnionPlanTest	com.foggyframework.dataset.db.model.engine.compose.plan.UnionPlanTest$Construction	4	0	junit-jupiter	58a81d1d7b21cfc73128fa77245432e36081c1619cde74e5cd0b904fa81029b6	0fe04b0aa637110c8ece261af7d071a6730dbb7ad4eaaae7e61fecb70ff7a8ef	4e9c6dceec3397a3620e41a4522542f1a05126973090f5c0c1c375c2eff64a65
foggy-dataset-model	v934-src|108:foggy-dataset-model/src/test/java/com/foggyframework/dataset/db/model/engine/compose/plan/UnionPlanTest.java	com.foggyframework.dataset.db.model.engine.compose.plan.UnionPlanTest	com.foggyframework.dataset.db.model.engine.compose.plan.UnionPlanTest$Equality	1	0	junit-jupiter	58a81d1d7b21cfc73128fa77245432e36081c1619cde74e5cd0b904fa81029b6	0fe04b0aa637110c8ece261af7d071a6730dbb7ad4eaaae7e61fecb70ff7a8ef	4e9c6dceec3397a3620e41a4522542f1a05126973090f5c0c1c375c2eff64a65
foggy-dataset-model	v934-src|108:foggy-dataset-model/src/test/java/com/foggyframework/dataset/db/model/engine/compose/plan/UnionPlanTest.java	com.foggyframework.dataset.db.model.engine.compose.plan.UnionPlanTest	com.foggyframework.dataset.db.model.engine.compose.plan.UnionPlanTest$IsInstance	1	0	junit-jupiter	58a81d1d7b21cfc73128fa77245432e36081c1619cde74e5cd0b904fa81029b6	0fe04b0aa637110c8ece261af7d071a6730dbb7ad4eaaae7e61fecb70ff7a8ef	4e9c6dceec3397a3620e41a4522542f1a05126973090f5c0c1c375c2eff64a65
foggy-dataset-model	v934-src|108:foggy-dataset-model/src/test/java/com/foggyframework/dataset/db/model/engine/compose/plan/UnionPlanTest.java	com.foggyframework.dataset.db.model.engine.compose.plan.UnionPlanTest	com.foggyframework.dataset.db.model.engine.compose.plan.UnionPlanTest$TreeWalk	2	0	junit-jupiter	58a81d1d7b21cfc73128fa77245432e36081c1619cde74e5cd0b904fa81029b6	0fe04b0aa637110c8ece261af7d071a6730dbb7ad4eaaae7e61fecb70ff7a8ef	4e9c6dceec3397a3620e41a4522542f1a05126973090f5c0c1c375c2eff64a65
foggy-dataset-model	v934-src|116:foggy-dataset-model/src/test/java/com/foggyframework/dataset/db/model/engine/compose/relation/RelationModelTest.java	com.foggyframework.dataset.db.model.engine.compose.relation.RelationModelTest	com.foggyframework.dataset.db.model.engine.compose.relation.RelationModelTest	9	6	junit-jupiter	0788a74b26413d0a82b12652b4e19b9ab30004f2d981c0de6e9cbf3d8039de9f	0fe04b0aa637110c8ece261af7d071a6730dbb7ad4eaaae7e61fecb70ff7a8ef	4e9c6dceec3397a3620e41a4522542f1a05126973090f5c0c1c375c2eff64a65
foggy-dataset-model	v934-src|114:foggy-dataset-model/src/test/java/com/foggyframework/dataset/db/model/engine/compose/runtime/ComposePauseTest.java	com.foggyframework.dataset.db.model.engine.compose.runtime.ComposePauseTest	com.foggyframework.dataset.db.model.engine.compose.runtime.ComposePauseTest	3	0	junit-jupiter	ac0945b4efb2188a499c8f3b46df7ee82f80ccea8b5d5ec170b276a9fd069d6e	0fe04b0aa637110c8ece261af7d071a6730dbb7ad4eaaae7e61fecb70ff7a8ef	4e9c6dceec3397a3620e41a4522542f1a05126973090f5c0c1c375c2eff64a65
foggy-dataset-model	v934-src|122:foggy-dataset-model/src/test/java/com/foggyframework/dataset/db/model/engine/compose/runtime/ComposeRealSqlParityTest.java	com.foggyframework.dataset.db.model.engine.compose.runtime.ComposeRealSqlParityTest	com.foggyframework.dataset.db.model.engine.compose.runtime.ComposeRealSqlParityTest	3	0	junit-jupiter	dfd3b6f6deac13d354ed8131b616c0920ef1d057a785909adffb517622ea56d9	0fe04b0aa637110c8ece261af7d071a6730dbb7ad4eaaae7e61fecb70ff7a8ef	4e9c6dceec3397a3620e41a4522542f1a05126973090f5c0c1c375c2eff64a65
foggy-dataset-model	v934-src|122:foggy-dataset-model/src/test/java/com/foggyframework/dataset/db/model/engine/compose/runtime/ComposeRuntimeHolderTest.java	com.foggyframework.dataset.db.model.engine.compose.runtime.ComposeRuntimeHolderTest	com.foggyframework.dataset.db.model.engine.compose.runtime.ComposeRuntimeHolderTest	7	0	junit-jupiter	5432dec695d64737dff8f92771f9765308da259c66ef69d9296c8ba8a322769a	0fe04b0aa637110c8ece261af7d071a6730dbb7ad4eaaae7e61fecb70ff7a8ef	4e9c6dceec3397a3620e41a4522542f1a05126973090f5c0c1c375c2eff64a65
foggy-dataset-model	v934-src|122:foggy-dataset-model/src/test/java/com/foggyframework/dataset/db/model/engine/compose/runtime/ComposeScriptServiceTest.java	com.foggyframework.dataset.db.model.engine.compose.runtime.ComposeScriptServiceTest	com.foggyframework.dataset.db.model.engine.compose.runtime.ComposeScriptServiceTest	9	0	junit-jupiter	ca09bca8095662cf580f0bcdee5062cbf43c819a63f3aeb82ef9a2e68f6b73c1	0fe04b0aa637110c8ece261af7d071a6730dbb7ad4eaaae7e61fecb70ff7a8ef	4e9c6dceec3397a3620e41a4522542f1a05126973090f5c0c1c375c2eff64a65
foggy-dataset-model	v934-src|127:foggy-dataset-model/src/test/java/com/foggyframework/dataset/db/model/engine/compose/runtime/JavaComposeScriptSnapshotTest.java	com.foggyframework.dataset.db.model.engine.compose.runtime.JavaComposeScriptSnapshotTest	com.foggyframework.dataset.db.model.engine.compose.runtime.JavaComposeScriptSnapshotTest	1	0	junit-jupiter	5981fd1a24ad9d76bb3e3c76b80c1ccd3e6c3541c4d4484a5aaba44573941968	0fe04b0aa637110c8ece261af7d071a6730dbb7ad4eaaae7e61fecb70ff7a8ef	4e9c6dceec3397a3620e41a4522542f1a05126973090f5c0c1c375c2eff64a65
foggy-dataset-model	v934-src|115:foggy-dataset-model/src/test/java/com/foggyframework/dataset/db/model/engine/compose/runtime/PlanExecutionTest.java	com.foggyframework.dataset.db.model.engine.compose.runtime.PlanExecutionTest	com.foggyframework.dataset.db.model.engine.compose.runtime.PlanExecutionTest	5	0	junit-jupiter	05c6a4fc0eae3c7ef5deddffa281cbe3a309bf6329142f7d315cbbdf8851ed67	0fe04b0aa637110c8ece261af7d071a6730dbb7ad4eaaae7e61fecb70ff7a8ef	4e9c6dceec3397a3620e41a4522542f1a05126973090f5c0c1c375c2eff64a65
foggy-dataset-model	v934-src|129:foggy-dataset-model/src/test/java/com/foggyframework/dataset/db/model/engine/compose/runtime/ScriptResourceRealSqlParityTest.java	com.foggyframework.dataset.db.model.engine.compose.runtime.ScriptResourceRealSqlParityTest	com.foggyframework.dataset.db.model.engine.compose.runtime.ScriptResourceRealSqlParityTest	3	0	junit-jupiter	f335b87736ebf81b3a04352f75e915aa19db2446a572d9d8d92922986ff512cb	0fe04b0aa637110c8ece261af7d071a6730dbb7ad4eaaae7e61fecb70ff7a8ef	4e9c6dceec3397a3620e41a4522542f1a05126973090f5c0c1c375c2eff64a65
foggy-dataset-model	v934-src|116:foggy-dataset-model/src/test/java/com/foggyframework/dataset/db/model/engine/compose/runtime/ScriptRunStateTest.java	com.foggyframework.dataset.db.model.engine.compose.runtime.ScriptRunStateTest	com.foggyframework.dataset.db.model.engine.compose.runtime.ScriptRunStateTest	12	3	junit-jupiter	8ee03c1d59f3c905dde710a491479f3149cf406340f314036d36d286833762c2	0fe04b0aa637110c8ece261af7d071a6730dbb7ad4eaaae7e61fecb70ff7a8ef	4e9c6dceec3397a3620e41a4522542f1a05126973090f5c0c1c375c2eff64a65
foggy-dataset-model	v934-src|115:foggy-dataset-model/src/test/java/com/foggyframework/dataset/db/model/engine/compose/runtime/ScriptRuntimeTest.java	com.foggyframework.dataset.db.model.engine.compose.runtime.ScriptRuntimeTest	com.foggyframework.dataset.db.model.engine.compose.runtime.ScriptRuntimeTest	26	0	junit-jupiter	1b004ba6f9260fb42f22c79f2031a202dd3a8142a7fb251c538d1dbe295f1d15	0fe04b0aa637110c8ece261af7d071a6730dbb7ad4eaaae7e61fecb70ff7a8ef	4e9c6dceec3397a3620e41a4522542f1a05126973090f5c0c1c375c2eff64a65
foggy-dataset-model	v934-src|125:foggy-dataset-model/src/test/java/com/foggyframework/dataset/db/model/engine/compose/runtime/ScriptSuspendErrorCodesTest.java	com.foggyframework.dataset.db.model.engine.compose.runtime.ScriptSuspendErrorCodesTest	com.foggyframework.dataset.db.model.engine.compose.runtime.ScriptSuspendErrorCodesTest	5	0	junit-jupiter	5d75af557a6f23233ccb5f482b634f2dedb78318e5d05a76f8bdcf58dc566f67	0fe04b0aa637110c8ece261af7d071a6730dbb7ad4eaaae7e61fecb70ff7a8ef	4e9c6dceec3397a3620e41a4522542f1a05126973090f5c0c1c375c2eff64a65
foggy-dataset-model	v934-src|119:foggy-dataset-model/src/test/java/com/foggyframework/dataset/db/model/engine/compose/runtime/SuspensionManagerTest.java	com.foggyframework.dataset.db.model.engine.compose.runtime.SuspensionManagerTest	com.foggyframework.dataset.db.model.engine.compose.runtime.SuspensionManagerTest	14	0	junit-jupiter	b2e4534cd0545a697393e87a93f4d5fc1f8785819a60cb83d302b28c1314d553	0fe04b0aa637110c8ece261af7d071a6730dbb7ad4eaaae7e61fecb70ff7a8ef	4e9c6dceec3397a3620e41a4522542f1a05126973090f5c0c1c375c2eff64a65
foggy-dataset-model	v934-src|126:foggy-dataset-model/src/test/java/com/foggyframework/dataset/db/model/engine/compose/sandbox/ComposeSandboxErrorCodesTest.java	com.foggyframework.dataset.db.model.engine.compose.sandbox.ComposeSandboxErrorCodesTest	com.foggyframework.dataset.db.model.engine.compose.sandbox.ComposeSandboxErrorCodesTest	13	0	junit-jupiter	5b7f862d77bf2410cb6c27caecae46b484cc8570ff142647a0978e50dff702ce	0fe04b0aa637110c8ece261af7d071a6730dbb7ad4eaaae7e61fecb70ff7a8ef	4e9c6dceec3397a3620e41a4522542f1a05126973090f5c0c1c375c2eff64a65
foggy-dataset-model	v934-src|134:foggy-dataset-model/src/test/java/com/foggyframework/dataset/db/model/engine/compose/sandbox/ComposeSandboxViolationExceptionTest.java	com.foggyframework.dataset.db.model.engine.compose.sandbox.ComposeSandboxViolationExceptionTest	com.foggyframework.dataset.db.model.engine.compose.sandbox.ComposeSandboxViolationExceptionTest	11	0	junit-jupiter	d15f53b0a41310f28337d1d2df785952429e587814fa83616b4b21022147d794	0fe04b0aa637110c8ece261af7d071a6730dbb7ad4eaaae7e61fecb70ff7a8ef	4e9c6dceec3397a3620e41a4522542f1a05126973090f5c0c1c375c2eff64a65
foggy-dataset-model	v934-src|115:foggy-dataset-model/src/test/java/com/foggyframework/dataset/db/model/engine/compose/sandbox/SandboxLayerATest.java	com.foggyframework.dataset.db.model.engine.compose.sandbox.SandboxLayerATest	com.foggyframework.dataset.db.model.engine.compose.sandbox.SandboxLayerATest	10	0	junit-jupiter	1e40c35b0012517f99d89bed3164ea0ae527e02780021c9ff7129213e8be8ce7	0fe04b0aa637110c8ece261af7d071a6730dbb7ad4eaaae7e61fecb70ff7a8ef	4e9c6dceec3397a3620e41a4522542f1a05126973090f5c0c1c375c2eff64a65
foggy-dataset-model	v934-src|115:foggy-dataset-model/src/test/java/com/foggyframework/dataset/db/model/engine/compose/sandbox/SandboxLayerBTest.java	com.foggyframework.dataset.db.model.engine.compose.sandbox.SandboxLayerBTest	com.foggyframework.dataset.db.model.engine.compose.sandbox.SandboxLayerBTest	7	0	junit-jupiter	574b93e669e2ec2cb39d07e64a3a4d3b77f4419032ca15ca65b4efa417772108	0fe04b0aa637110c8ece261af7d071a6730dbb7ad4eaaae7e61fecb70ff7a8ef	4e9c6dceec3397a3620e41a4522542f1a05126973090f5c0c1c375c2eff64a65
foggy-dataset-model	v934-src|115:foggy-dataset-model/src/test/java/com/foggyframework/dataset/db/model/engine/compose/sandbox/SandboxLayerCTest.java	com.foggyframework.dataset.db.model.engine.compose.sandbox.SandboxLayerCTest	com.foggyframework.dataset.db.model.engine.compose.sandbox.SandboxLayerCTest	7	0	junit-jupiter	aa9913c6cbeffd6c78092d3b229caef682237fcdae15abbb3831e0ef3d8e2763	0fe04b0aa637110c8ece261af7d071a6730dbb7ad4eaaae7e61fecb70ff7a8ef	4e9c6dceec3397a3620e41a4522542f1a05126973090f5c0c1c375c2eff64a65
foggy-dataset-model	v934-src|115:foggy-dataset-model/src/test/java/com/foggyframework/dataset/db/model/engine/compose/schema/AliasExtractorTest.java	com.foggyframework.dataset.db.model.engine.compose.schema.AliasExtractorTest	com.foggyframework.dataset.db.model.engine.compose.schema.AliasExtractorTest	0	0	junit-jupiter	d4eca61070d0559f4850cdc22e2d69f8e2834a668a1ac1e809b6e03e54331486	0fe04b0aa637110c8ece261af7d071a6730dbb7ad4eaaae7e61fecb70ff7a8ef	4e9c6dceec3397a3620e41a4522542f1a05126973090f5c0c1c375c2eff64a65
foggy-dataset-model	v934-src|115:foggy-dataset-model/src/test/java/com/foggyframework/dataset/db/model/engine/compose/schema/AliasExtractorTest.java	com.foggyframework.dataset.db.model.engine.compose.schema.AliasExtractorTest	com.foggyframework.dataset.db.model.engine.compose.schema.AliasExtractorTest$AliasExtraction	7	0	junit-jupiter	d4eca61070d0559f4850cdc22e2d69f8e2834a668a1ac1e809b6e03e54331486	0fe04b0aa637110c8ece261af7d071a6730dbb7ad4eaaae7e61fecb70ff7a8ef	4e9c6dceec3397a3620e41a4522542f1a05126973090f5c0c1c375c2eff64a65
foggy-dataset-model	v934-src|115:foggy-dataset-model/src/test/java/com/foggyframework/dataset/db/model/engine/compose/schema/AliasExtractorTest.java	com.foggyframework.dataset.db.model.engine.compose.schema.AliasExtractorTest	com.foggyframework.dataset.db.model.engine.compose.schema.AliasExtractorTest$AsInsideIdentifierNotMatched	2	0	junit-jupiter	d4eca61070d0559f4850cdc22e2d69f8e2834a668a1ac1e809b6e03e54331486	0fe04b0aa637110c8ece261af7d071a6730dbb7ad4eaaae7e61fecb70ff7a8ef	4e9c6dceec3397a3620e41a4522542f1a05126973090f5c0c1c375c2eff64a65
foggy-dataset-model	v934-src|115:foggy-dataset-model/src/test/java/com/foggyframework/dataset/db/model/engine/compose/schema/AliasExtractorTest.java	com.foggyframework.dataset.db.model.engine.compose.schema.AliasExtractorTest	com.foggyframework.dataset.db.model.engine.compose.schema.AliasExtractorTest$BareColumnNames	3	0	junit-jupiter	d4eca61070d0559f4850cdc22e2d69f8e2834a668a1ac1e809b6e03e54331486	0fe04b0aa637110c8ece261af7d071a6730dbb7ad4eaaae7e61fecb70ff7a8ef	4e9c6dceec3397a3620e41a4522542f1a05126973090f5c0c1c375c2eff64a65
foggy-dataset-model	v934-src|115:foggy-dataset-model/src/test/java/com/foggyframework/dataset/db/model/engine/compose/schema/AliasExtractorTest.java	com.foggyframework.dataset.db.model.engine.compose.schema.AliasExtractorTest	com.foggyframework.dataset.db.model.engine.compose.schema.AliasExtractorTest$FunctionExpressions	2	0	junit-jupiter	d4eca61070d0559f4850cdc22e2d69f8e2834a668a1ac1e809b6e03e54331486	0fe04b0aa637110c8ece261af7d071a6730dbb7ad4eaaae7e61fecb70ff7a8ef	4e9c6dceec3397a3620e41a4522542f1a05126973090f5c0c1c375c2eff64a65
foggy-dataset-model	v934-src|115:foggy-dataset-model/src/test/java/com/foggyframework/dataset/db/model/engine/compose/schema/AliasExtractorTest.java	com.foggyframework.dataset.db.model.engine.compose.schema.AliasExtractorTest	com.foggyframework.dataset.db.model.engine.compose.schema.AliasExtractorTest$MalformedInputs	5	0	junit-jupiter	d4eca61070d0559f4850cdc22e2d69f8e2834a668a1ac1e809b6e03e54331486	0fe04b0aa637110c8ece261af7d071a6730dbb7ad4eaaae7e61fecb70ff7a8ef	4e9c6dceec3397a3620e41a4522542f1a05126973090f5c0c1c375c2eff64a65
foggy-dataset-model	v934-src|115:foggy-dataset-model/src/test/java/com/foggyframework/dataset/db/model/engine/compose/schema/AliasExtractorTest.java	com.foggyframework.dataset.db.model.engine.compose.schema.AliasExtractorTest	com.foggyframework.dataset.db.model.engine.compose.schema.AliasExtractorTest$ValueSemantics	1	0	junit-jupiter	d4eca61070d0559f4850cdc22e2d69f8e2834a668a1ac1e809b6e03e54331486	0fe04b0aa637110c8ece261af7d071a6730dbb7ad4eaaae7e61fecb70ff7a8ef	4e9c6dceec3397a3620e41a4522542f1a05126973090f5c0c1c375c2eff64a65
foggy-dataset-model	v934-src|119:foggy-dataset-model/src/test/java/com/foggyframework/dataset/db/model/engine/compose/schema/ColumnSpecMetadataTest.java	com.foggyframework.dataset.db.model.engine.compose.schema.ColumnSpecMetadataTest	com.foggyframework.dataset.db.model.engine.compose.schema.ColumnSpecMetadataTest	11	0	junit-jupiter	69dc3706d5c2a21eaf92d27322290ceb799d0ed3d47426dc768ce3bdbba399ec	0fe04b0aa637110c8ece261af7d071a6730dbb7ad4eaaae7e61fecb70ff7a8ef	4e9c6dceec3397a3620e41a4522542f1a05126973090f5c0c1c375c2eff64a65
foggy-dataset-model	v934-src|125:foggy-dataset-model/src/test/java/com/foggyframework/dataset/db/model/engine/compose/schema/ColumnSpecPlanProvenanceTest.java	com.foggyframework.dataset.db.model.engine.compose.schema.ColumnSpecPlanProvenanceTest	com.foggyframework.dataset.db.model.engine.compose.schema.ColumnSpecPlanProvenanceTest	0	0	junit-jupiter	a1da550532a67e9ac7f586676d316e4350998edd6f6f50ed0490e1027bd1b61b	0fe04b0aa637110c8ece261af7d071a6730dbb7ad4eaaae7e61fecb70ff7a8ef	4e9c6dceec3397a3620e41a4522542f1a05126973090f5c0c1c375c2eff64a65
foggy-dataset-model	v934-src|125:foggy-dataset-model/src/test/java/com/foggyframework/dataset/db/model/engine/compose/schema/ColumnSpecPlanProvenanceTest.java	com.foggyframework.dataset.db.model.engine.compose.schema.ColumnSpecPlanProvenanceTest	com.foggyframework.dataset.db.model.engine.compose.schema.ColumnSpecPlanProvenanceTest$BuilderAcceptsNewFields	3	0	junit-jupiter	a1da550532a67e9ac7f586676d316e4350998edd6f6f50ed0490e1027bd1b61b	0fe04b0aa637110c8ece261af7d071a6730dbb7ad4eaaae7e61fecb70ff7a8ef	4e9c6dceec3397a3620e41a4522542f1a05126973090f5c0c1c375c2eff64a65
foggy-dataset-model	v934-src|125:foggy-dataset-model/src/test/java/com/foggyframework/dataset/db/model/engine/compose/schema/ColumnSpecPlanProvenanceTest.java	com.foggyframework.dataset.db.model.engine.compose.schema.ColumnSpecPlanProvenanceTest	com.foggyframework.dataset.db.model.engine.compose.schema.ColumnSpecPlanProvenanceTest$Defaults	2	0	junit-jupiter	a1da550532a67e9ac7f586676d316e4350998edd6f6f50ed0490e1027bd1b61b	0fe04b0aa637110c8ece261af7d071a6730dbb7ad4eaaae7e61fecb70ff7a8ef	4e9c6dceec3397a3620e41a4522542f1a05126973090f5c0c1c375c2eff64a65
foggy-dataset-model	v934-src|125:foggy-dataset-model/src/test/java/com/foggyframework/dataset/db/model/engine/compose/schema/ColumnSpecPlanProvenanceTest.java	com.foggyframework.dataset.db.model.engine.compose.schema.ColumnSpecPlanProvenanceTest	com.foggyframework.dataset.db.model.engine.compose.schema.ColumnSpecPlanProvenanceTest$EqualityUnchanged	3	0	junit-jupiter	a1da550532a67e9ac7f586676d316e4350998edd6f6f50ed0490e1027bd1b61b	0fe04b0aa637110c8ece261af7d071a6730dbb7ad4eaaae7e61fecb70ff7a8ef	4e9c6dceec3397a3620e41a4522542f1a05126973090f5c0c1c375c2eff64a65
foggy-dataset-model	v934-src|125:foggy-dataset-model/src/test/java/com/foggyframework/dataset/db/model/engine/compose/schema/ColumnSpecPlanProvenanceTest.java	com.foggyframework.dataset.db.model.engine.compose.schema.ColumnSpecPlanProvenanceTest	com.foggyframework.dataset.db.model.engine.compose.schema.ColumnSpecPlanProvenanceTest$ToStringIncludesNewFields	1	0	junit-jupiter	a1da550532a67e9ac7f586676d316e4350998edd6f6f50ed0490e1027bd1b61b	0fe04b0aa637110c8ece261af7d071a6730dbb7ad4eaaae7e61fecb70ff7a8ef	4e9c6dceec3397a3620e41a4522542f1a05126973090f5c0c1c375c2eff64a65
foggy-dataset-model	v934-src|123:foggy-dataset-model/src/test/java/com/foggyframework/dataset/db/model/engine/compose/schema/ComposeSchemaExceptionTest.java	com.foggyframework.dataset.db.model.engine.compose.schema.ComposeSchemaExceptionTest	com.foggyframework.dataset.db.model.engine.compose.schema.ComposeSchemaExceptionTest	11	0	junit-jupiter	13a40db40ca7a6b91d702eada0c020626468c0ea46e88c3774f1e18031afbce3	0fe04b0aa637110c8ece261af7d071a6730dbb7ad4eaaae7e61fecb70ff7a8ef	4e9c6dceec3397a3620e41a4522542f1a05126973090f5c0c1c375c2eff64a65
foggy-dataset-model	v934-src|122:foggy-dataset-model/src/test/java/com/foggyframework/dataset/db/model/engine/compose/schema/OutputSchemaLookupApiTest.java	com.foggyframework.dataset.db.model.engine.compose.schema.OutputSchemaLookupApiTest	com.foggyframework.dataset.db.model.engine.compose.schema.OutputSchemaLookupApiTest	0	0	junit-jupiter	0395e87ae99033ad4b2dcf029620eae20c6d71581a5a00c4466a12ba93a275b2	0fe04b0aa637110c8ece261af7d071a6730dbb7ad4eaaae7e61fecb70ff7a8ef	4e9c6dceec3397a3620e41a4522542f1a05126973090f5c0c1c375c2eff64a65
foggy-dataset-model	v934-src|122:foggy-dataset-model/src/test/java/com/foggyframework/dataset/db/model/engine/compose/schema/OutputSchemaLookupApiTest.java	com.foggyframework.dataset.db.model.engine.compose.schema.OutputSchemaLookupApiTest	com.foggyframework.dataset.db.model.engine.compose.schema.OutputSchemaLookupApiTest$G10AmbiguousRegime	8	0	junit-jupiter	0395e87ae99033ad4b2dcf029620eae20c6d71581a5a00c4466a12ba93a275b2	0fe04b0aa637110c8ece261af7d071a6730dbb7ad4eaaae7e61fecb70ff7a8ef	4e9c6dceec3397a3620e41a4522542f1a05126973090f5c0c1c375c2eff64a65
foggy-dataset-model	v934-src|122:foggy-dataset-model/src/test/java/com/foggyframework/dataset/db/model/engine/compose/schema/OutputSchemaLookupApiTest.java	com.foggyframework.dataset.db.model.engine.compose.schema.OutputSchemaLookupApiTest	com.foggyframework.dataset.db.model.engine.compose.schema.OutputSchemaLookupApiTest$LegacyDuplicateRejection	2	0	junit-jupiter	0395e87ae99033ad4b2dcf029620eae20c6d71581a5a00c4466a12ba93a275b2	0fe04b0aa637110c8ece261af7d071a6730dbb7ad4eaaae7e61fecb70ff7a8ef	4e9c6dceec3397a3620e41a4522542f1a05126973090f5c0c1c375c2eff64a65
foggy-dataset-model	v934-src|122:foggy-dataset-model/src/test/java/com/foggyframework/dataset/db/model/engine/compose/schema/OutputSchemaLookupApiTest.java	com.foggyframework.dataset.db.model.engine.compose.schema.OutputSchemaLookupApiTest	com.foggyframework.dataset.db.model.engine.compose.schema.OutputSchemaLookupApiTest$NonAmbiguous	6	0	junit-jupiter	0395e87ae99033ad4b2dcf029620eae20c6d71581a5a00c4466a12ba93a275b2	0fe04b0aa637110c8ece261af7d071a6730dbb7ad4eaaae7e61fecb70ff7a8ef	4e9c6dceec3397a3620e41a4522542f1a05126973090f5c0c1c375c2eff64a65
foggy-dataset-model	v934-src|113:foggy-dataset-model/src/test/java/com/foggyframework/dataset/db/model/engine/compose/schema/OutputSchemaTest.java	com.foggyframework.dataset.db.model.engine.compose.schema.OutputSchemaTest	com.foggyframework.dataset.db.model.engine.compose.schema.OutputSchemaTest	0	0	junit-jupiter	ce6ea1ced2b2bedbcd447ffb019dfc93404a6d5d5da404cb6a9646ad3c6f0316	0fe04b0aa637110c8ece261af7d071a6730dbb7ad4eaaae7e61fecb70ff7a8ef	4e9c6dceec3397a3620e41a4522542f1a05126973090f5c0c1c375c2eff64a65
foggy-dataset-model	v934-src|113:foggy-dataset-model/src/test/java/com/foggyframework/dataset/db/model/engine/compose/schema/OutputSchemaTest.java	com.foggyframework.dataset.db.model.engine.compose.schema.OutputSchemaTest	com.foggyframework.dataset.db.model.engine.compose.schema.OutputSchemaTest$Accessors	5	0	junit-jupiter	ce6ea1ced2b2bedbcd447ffb019dfc93404a6d5d5da404cb6a9646ad3c6f0316	0fe04b0aa637110c8ece261af7d071a6730dbb7ad4eaaae7e61fecb70ff7a8ef	4e9c6dceec3397a3620e41a4522542f1a05126973090f5c0c1c375c2eff64a65
foggy-dataset-model	v934-src|113:foggy-dataset-model/src/test/java/com/foggyframework/dataset/db/model/engine/compose/schema/OutputSchemaTest.java	com.foggyframework.dataset.db.model.engine.compose.schema.OutputSchemaTest	com.foggyframework.dataset.db.model.engine.compose.schema.OutputSchemaTest$ColumnSpecInvariants	4	0	junit-jupiter	ce6ea1ced2b2bedbcd447ffb019dfc93404a6d5d5da404cb6a9646ad3c6f0316	0fe04b0aa637110c8ece261af7d071a6730dbb7ad4eaaae7e61fecb70ff7a8ef	4e9c6dceec3397a3620e41a4522542f1a05126973090f5c0c1c375c2eff64a65
foggy-dataset-model	v934-src|113:foggy-dataset-model/src/test/java/com/foggyframework/dataset/db/model/engine/compose/schema/OutputSchemaTest.java	com.foggyframework.dataset.db.model.engine.compose.schema.OutputSchemaTest	com.foggyframework.dataset.db.model.engine.compose.schema.OutputSchemaTest$Immutability	3	0	junit-jupiter	ce6ea1ced2b2bedbcd447ffb019dfc93404a6d5d5da404cb6a9646ad3c6f0316	0fe04b0aa637110c8ece261af7d071a6730dbb7ad4eaaae7e61fecb70ff7a8ef	4e9c6dceec3397a3620e41a4522542f1a05126973090f5c0c1c375c2eff64a65
foggy-dataset-model	v934-src|113:foggy-dataset-model/src/test/java/com/foggyframework/dataset/db/model/engine/compose/schema/OutputSchemaTest.java	com.foggyframework.dataset.db.model.engine.compose.schema.OutputSchemaTest	com.foggyframework.dataset.db.model.engine.compose.schema.OutputSchemaTest$OutputSchemaConstruction	4	0	junit-jupiter	ce6ea1ced2b2bedbcd447ffb019dfc93404a6d5d5da404cb6a9646ad3c6f0316	0fe04b0aa637110c8ece261af7d071a6730dbb7ad4eaaae7e61fecb70ff7a8ef	4e9c6dceec3397a3620e41a4522542f1a05126973090f5c0c1c375c2eff64a65
foggy-dataset-model	v934-src|124:foggy-dataset-model/src/test/java/com/foggyframework/dataset/db/model/engine/compose/schema/SchemaDerivationG10JoinTest.java	com.foggyframework.dataset.db.model.engine.compose.schema.SchemaDerivationG10JoinTest	com.foggyframework.dataset.db.model.engine.compose.schema.SchemaDerivationG10JoinTest	0	0	junit-jupiter	30e3eee6786d90f45ba556e17ab45e97809e908822a1e47252cb030ebcd680d1	0fe04b0aa637110c8ece261af7d071a6730dbb7ad4eaaae7e61fecb70ff7a8ef	4e9c6dceec3397a3620e41a4522542f1a05126973090f5c0c1c375c2eff64a65
foggy-dataset-model	v934-src|124:foggy-dataset-model/src/test/java/com/foggyframework/dataset/db/model/engine/compose/schema/SchemaDerivationG10JoinTest.java	com.foggyframework.dataset.db.model.engine.compose.schema.SchemaDerivationG10JoinTest	com.foggyframework.dataset.db.model.engine.compose.schema.SchemaDerivationG10JoinTest$FlagOffLegacy	2	0	junit-jupiter	30e3eee6786d90f45ba556e17ab45e97809e908822a1e47252cb030ebcd680d1	0fe04b0aa637110c8ece261af7d071a6730dbb7ad4eaaae7e61fecb70ff7a8ef	4e9c6dceec3397a3620e41a4522542f1a05126973090f5c0c1c375c2eff64a65
foggy-dataset-model	v934-src|124:foggy-dataset-model/src/test/java/com/foggyframework/dataset/db/model/engine/compose/schema/SchemaDerivationG10JoinTest.java	com.foggyframework.dataset.db.model.engine.compose.schema.SchemaDerivationG10JoinTest	com.foggyframework.dataset.db.model.engine.compose.schema.SchemaDerivationG10JoinTest$FlagOnG10	6	0	junit-jupiter	30e3eee6786d90f45ba556e17ab45e97809e908822a1e47252cb030ebcd680d1	0fe04b0aa637110c8ece261af7d071a6730dbb7ad4eaaae7e61fecb70ff7a8ef	4e9c6dceec3397a3620e41a4522542f1a05126973090f5c0c1c375c2eff64a65
foggy-dataset-model	v934-src|117:foggy-dataset-model/src/test/java/com/foggyframework/dataset/db/model/engine/compose/schema/SchemaDerivationTest.java	com.foggyframework.dataset.db.model.engine.compose.schema.SchemaDerivationTest	com.foggyframework.dataset.db.model.engine.compose.schema.SchemaDerivationTest	0	0	junit-jupiter	89e563e4819be38b3ae8cf6d93a9db95fccdd9cbf10f517836867460bbd02c19	0fe04b0aa637110c8ece261af7d071a6730dbb7ad4eaaae7e61fecb70ff7a8ef	4e9c6dceec3397a3620e41a4522542f1a05126973090f5c0c1c375c2eff64a65
foggy-dataset-model	v934-src|117:foggy-dataset-model/src/test/java/com/foggyframework/dataset/db/model/engine/compose/schema/SchemaDerivationTest.java	com.foggyframework.dataset.db.model.engine.compose.schema.SchemaDerivationTest	com.foggyframework.dataset.db.model.engine.compose.schema.SchemaDerivationTest$BaseModelSchema	6	0	junit-jupiter	89e563e4819be38b3ae8cf6d93a9db95fccdd9cbf10f517836867460bbd02c19	0fe04b0aa637110c8ece261af7d071a6730dbb7ad4eaaae7e61fecb70ff7a8ef	4e9c6dceec3397a3620e41a4522542f1a05126973090f5c0c1c375c2eff64a65
foggy-dataset-model	v934-src|117:foggy-dataset-model/src/test/java/com/foggyframework/dataset/db/model/engine/compose/schema/SchemaDerivationTest.java	com.foggyframework.dataset.db.model.engine.compose.schema.SchemaDerivationTest	com.foggyframework.dataset.db.model.engine.compose.schema.SchemaDerivationTest$DerivedQuerySchema	15	0	junit-jupiter	89e563e4819be38b3ae8cf6d93a9db95fccdd9cbf10f517836867460bbd02c19	0fe04b0aa637110c8ece261af7d071a6730dbb7ad4eaaae7e61fecb70ff7a8ef	4e9c6dceec3397a3620e41a4522542f1a05126973090f5c0c1c375c2eff64a65
foggy-dataset-model	v934-src|117:foggy-dataset-model/src/test/java/com/foggyframework/dataset/db/model/engine/compose/schema/SchemaDerivationTest.java	com.foggyframework.dataset.db.model.engine.compose.schema.SchemaDerivationTest	com.foggyframework.dataset.db.model.engine.compose.schema.SchemaDerivationTest$JoinSchema	5	0	junit-jupiter	89e563e4819be38b3ae8cf6d93a9db95fccdd9cbf10f517836867460bbd02c19	0fe04b0aa637110c8ece261af7d071a6730dbb7ad4eaaae7e61fecb70ff7a8ef	4e9c6dceec3397a3620e41a4522542f1a05126973090f5c0c1c375c2eff64a65
foggy-dataset-model	v934-src|117:foggy-dataset-model/src/test/java/com/foggyframework/dataset/db/model/engine/compose/schema/SchemaDerivationTest.java	com.foggyframework.dataset.db.model.engine.compose.schema.SchemaDerivationTest	com.foggyframework.dataset.db.model.engine.compose.schema.SchemaDerivationTest$ReservedTokensAndScanner	5	0	junit-jupiter	89e563e4819be38b3ae8cf6d93a9db95fccdd9cbf10f517836867460bbd02c19	0fe04b0aa637110c8ece261af7d071a6730dbb7ad4eaaae7e61fecb70ff7a8ef	4e9c6dceec3397a3620e41a4522542f1a05126973090f5c0c1c375c2eff64a65
foggy-dataset-model	v934-src|117:foggy-dataset-model/src/test/java/com/foggyframework/dataset/db/model/engine/compose/schema/SchemaDerivationTest.java	com.foggyframework.dataset.db.model.engine.compose.schema.SchemaDerivationTest	com.foggyframework.dataset.db.model.engine.compose.schema.SchemaDerivationTest$SpecExampleJoinThenFilter	1	0	junit-jupiter	89e563e4819be38b3ae8cf6d93a9db95fccdd9cbf10f517836867460bbd02c19	0fe04b0aa637110c8ece261af7d071a6730dbb7ad4eaaae7e61fecb70ff7a8ef	4e9c6dceec3397a3620e41a4522542f1a05126973090f5c0c1c375c2eff64a65
foggy-dataset-model	v934-src|117:foggy-dataset-model/src/test/java/com/foggyframework/dataset/db/model/engine/compose/schema/SchemaDerivationTest.java	com.foggyframework.dataset.db.model.engine.compose.schema.SchemaDerivationTest	com.foggyframework.dataset.db.model.engine.compose.schema.SchemaDerivationTest$SpecExampleTwoStageAggregation	1	0	junit-jupiter	89e563e4819be38b3ae8cf6d93a9db95fccdd9cbf10f517836867460bbd02c19	0fe04b0aa637110c8ece261af7d071a6730dbb7ad4eaaae7e61fecb70ff7a8ef	4e9c6dceec3397a3620e41a4522542f1a05126973090f5c0c1c375c2eff64a65
foggy-dataset-model	v934-src|117:foggy-dataset-model/src/test/java/com/foggyframework/dataset/db/model/engine/compose/schema/SchemaDerivationTest.java	com.foggyframework.dataset.db.model.engine.compose.schema.SchemaDerivationTest	com.foggyframework.dataset.db.model.engine.compose.schema.SchemaDerivationTest$UnionSchema	5	0	junit-jupiter	89e563e4819be38b3ae8cf6d93a9db95fccdd9cbf10f517836867460bbd02c19	0fe04b0aa637110c8ece261af7d071a6730dbb7ad4eaaae7e61fecb70ff7a8ef	4e9c6dceec3397a3620e41a4522542f1a05126973090f5c0c1c375c2eff64a65
foggy-dataset-model	v934-src|119:foggy-dataset-model/src/test/java/com/foggyframework/dataset/db/model/engine/compose/security/AuthorityRequestTest.java	com.foggyframework.dataset.db.model.engine.compose.security.AuthorityRequestTest	com.foggyframework.dataset.db.model.engine.compose.security.AuthorityRequestTest	8	0	junit-jupiter	b4c860e10f117f7a18563f38d94369d07a24640a543a76a1461205797840fcb3	0fe04b0aa637110c8ece261af7d071a6730dbb7ad4eaaae7e61fecb70ff7a8ef	4e9c6dceec3397a3620e41a4522542f1a05126973090f5c0c1c375c2eff64a65
foggy-dataset-model	v934-src|131:foggy-dataset-model/src/test/java/com/foggyframework/dataset/db/model/engine/compose/security/AuthorityResolutionErrorCodeTest.java	com.foggyframework.dataset.db.model.engine.compose.security.AuthorityResolutionErrorCodeTest	com.foggyframework.dataset.db.model.engine.compose.security.AuthorityResolutionErrorCodeTest	10	0	junit-jupiter	660941c3edc2c91b65a51451746e3c0282ee12a48a43dc39a85606191b4720fc	0fe04b0aa637110c8ece261af7d071a6730dbb7ad4eaaae7e61fecb70ff7a8ef	4e9c6dceec3397a3620e41a4522542f1a05126973090f5c0c1c375c2eff64a65
foggy-dataset-model	v934-src|122:foggy-dataset-model/src/test/java/com/foggyframework/dataset/db/model/engine/compose/security/AuthorityResolutionTest.java	com.foggyframework.dataset.db.model.engine.compose.security.AuthorityResolutionTest	com.foggyframework.dataset.db.model.engine.compose.security.AuthorityResolutionTest	12	0	junit-jupiter	08ee362ddd01417c0f4eaa31fce2f07086fc0fe091c6a28803fc46b2a6bdf868	0fe04b0aa637110c8ece261af7d071a6730dbb7ad4eaaae7e61fecb70ff7a8ef	4e9c6dceec3397a3620e41a4522542f1a05126973090f5c0c1c375c2eff64a65
foggy-dataset-model	v934-src|128:foggy-dataset-model/src/test/java/com/foggyframework/dataset/db/model/engine/compose/security/AuthorityResolverContractTest.java	com.foggyframework.dataset.db.model.engine.compose.security.AuthorityResolverContractTest	com.foggyframework.dataset.db.model.engine.compose.security.AuthorityResolverContractTest	5	0	junit-jupiter	f328174c3c5139f3577ba51d91256669dd05722f26f9c4beddb49197708036df	0fe04b0aa637110c8ece261af7d071a6730dbb7ad4eaaae7e61fecb70ff7a8ef	4e9c6dceec3397a3620e41a4522542f1a05126973090f5c0c1c375c2eff64a65
foggy-dataset-model	v934-src|138:foggy-dataset-model/src/test/java/com/foggyframework/dataset/db/model/engine/compose/security/ComposePlanAwarePermissionValidatorTest.java	com.foggyframework.dataset.db.model.engine.compose.security.ComposePlanAwarePermissionValidatorTest	com.foggyframework.dataset.db.model.engine.compose.security.ComposePlanAwarePermissionValidatorTest	0	0	junit-jupiter	8c2c47596ab0b992d4a74fcc8cc39c088d416c0ae9b891b41801538fd93c1cbe	0fe04b0aa637110c8ece261af7d071a6730dbb7ad4eaaae7e61fecb70ff7a8ef	4e9c6dceec3397a3620e41a4522542f1a05126973090f5c0c1c375c2eff64a65
foggy-dataset-model	v934-src|138:foggy-dataset-model/src/test/java/com/foggyframework/dataset/db/model/engine/compose/security/ComposePlanAwarePermissionValidatorTest.java	com.foggyframework.dataset.db.model.engine.compose.security.ComposePlanAwarePermissionValidatorTest	com.foggyframework.dataset.db.model.engine.compose.security.ComposePlanAwarePermissionValidatorTest$ArgumentGuards	3	0	junit-jupiter	8c2c47596ab0b992d4a74fcc8cc39c088d416c0ae9b891b41801538fd93c1cbe	0fe04b0aa637110c8ece261af7d071a6730dbb7ad4eaaae7e61fecb70ff7a8ef	4e9c6dceec3397a3620e41a4522542f1a05126973090f5c0c1c375c2eff64a65
foggy-dataset-model	v934-src|138:foggy-dataset-model/src/test/java/com/foggyframework/dataset/db/model/engine/compose/security/ComposePlanAwarePermissionValidatorTest.java	com.foggyframework.dataset.db.model.engine.compose.security.ComposePlanAwarePermissionValidatorTest	com.foggyframework.dataset.db.model.engine.compose.security.ComposePlanAwarePermissionValidatorTest$BareField	5	0	junit-jupiter	8c2c47596ab0b992d4a74fcc8cc39c088d416c0ae9b891b41801538fd93c1cbe	0fe04b0aa637110c8ece261af7d071a6730dbb7ad4eaaae7e61fecb70ff7a8ef	4e9c6dceec3397a3620e41a4522542f1a05126973090f5c0c1c375c2eff64a65
foggy-dataset-model	v934-src|138:foggy-dataset-model/src/test/java/com/foggyframework/dataset/db/model/engine/compose/security/ComposePlanAwarePermissionValidatorTest.java	com.foggyframework.dataset.db.model.engine.compose.security.ComposePlanAwarePermissionValidatorTest	com.foggyframework.dataset.db.model.engine.compose.security.ComposePlanAwarePermissionValidatorTest$PlanQualified	6	0	junit-jupiter	8c2c47596ab0b992d4a74fcc8cc39c088d416c0ae9b891b41801538fd93c1cbe	0fe04b0aa637110c8ece261af7d071a6730dbb7ad4eaaae7e61fecb70ff7a8ef	4e9c6dceec3397a3620e41a4522542f1a05126973090f5c0c1c375c2eff64a65
foggy-dataset-model	v934-src|138:foggy-dataset-model/src/test/java/com/foggyframework/dataset/db/model/engine/compose/security/ComposePlanAwarePermissionValidatorTest.java	com.foggyframework.dataset.db.model.engine.compose.security.ComposePlanAwarePermissionValidatorTest	com.foggyframework.dataset.db.model.engine.compose.security.ComposePlanAwarePermissionValidatorTest$RelationExpressionDependencies	4	0	junit-jupiter	8c2c47596ab0b992d4a74fcc8cc39c088d416c0ae9b891b41801538fd93c1cbe	0fe04b0aa637110c8ece261af7d071a6730dbb7ad4eaaae7e61fecb70ff7a8ef	4e9c6dceec3397a3620e41a4522542f1a05126973090f5c0c1c375c2eff64a65
foggy-dataset-model	v934-src|125:foggy-dataset-model/src/test/java/com/foggyframework/dataset/db/model/engine/compose/security/JavaGovernanceSnapshotTest.java	com.foggyframework.dataset.db.model.engine.compose.security.JavaGovernanceSnapshotTest	com.foggyframework.dataset.db.model.engine.compose.security.JavaGovernanceSnapshotTest	1	0	junit-jupiter	c317492285c40d2e2ae12227e41d163d623046a16df274bb41987d281429a4c3	0fe04b0aa637110c8ece261af7d071a6730dbb7ad4eaaae7e61fecb70ff7a8ef	4e9c6dceec3397a3620e41a4522542f1a05126973090f5c0c1c375c2eff64a65
foggy-dataset-model	v934-src|125:foggy-dataset-model/src/test/java/com/foggyframework/dataset/db/model/engine/compose/security/PlanFieldAccessContextTest.java	com.foggyframework.dataset.db.model.engine.compose.security.PlanFieldAccessContextTest	com.foggyframework.dataset.db.model.engine.compose.security.PlanFieldAccessContextTest	0	0	junit-jupiter	08c1146cef28e544b3709621e041e8a93a1dbc06a290b0b51a66c8a2db48c0d3	0fe04b0aa637110c8ece261af7d071a6730dbb7ad4eaaae7e61fecb70ff7a8ef	4e9c6dceec3397a3620e41a4522542f1a05126973090f5c0c1c375c2eff64a65
foggy-dataset-model	v934-src|125:foggy-dataset-model/src/test/java/com/foggyframework/dataset/db/model/engine/compose/security/PlanFieldAccessContextTest.java	com.foggyframework.dataset.db.model.engine.compose.security.PlanFieldAccessContextTest	com.foggyframework.dataset.db.model.engine.compose.security.PlanFieldAccessContextTest$RegistryBehaviour	7	0	junit-jupiter	08c1146cef28e544b3709621e041e8a93a1dbc06a290b0b51a66c8a2db48c0d3	0fe04b0aa637110c8ece261af7d071a6730dbb7ad4eaaae7e61fecb70ff7a8ef	4e9c6dceec3397a3620e41a4522542f1a05126973090f5c0c1c375c2eff64a65
foggy-dataset-model	v934-src|126:foggy-dataset-model/src/test/java/com/foggyframework/dataset/db/model/engine/expression/CalculatedFieldServiceDialectTest.java	com.foggyframework.dataset.db.model.engine.expression.CalculatedFieldServiceDialectTest	com.foggyframework.dataset.db.model.engine.expression.CalculatedFieldServiceDialectTest	5	0	junit-jupiter	2062a590c8b36e70541bee874df6f11006cfead2ed87e330e660df2484ad8638	0fe04b0aa637110c8ece261af7d071a6730dbb7ad4eaaae7e61fecb70ff7a8ef	4e9c6dceec3397a3620e41a4522542f1a05126973090f5c0c1c375c2eff64a65
foggy-dataset-model	v934-src|126:foggy-dataset-model/src/test/java/com/foggyframework/dataset/db/model/engine/expression/CalculatedFieldServiceFormulaTest.java	com.foggyframework.dataset.db.model.engine.expression.CalculatedFieldServiceFormulaTest	com.foggyframework.dataset.db.model.engine.expression.CalculatedFieldServiceFormulaTest	7	0	junit-jupiter	4b18b2e853e4fd1f52e93fe3e36306c9184ce72b2d32cc65e01c29e1a34c32bc	0fe04b0aa637110c8ece261af7d071a6730dbb7ad4eaaae7e61fecb70ff7a8ef	4e9c6dceec3397a3620e41a4522542f1a05126973090f5c0c1c375c2eff64a65
foggy-dataset-model	v934-src|119:foggy-dataset-model/src/test/java/com/foggyframework/dataset/db/model/engine/expression/CalculatedFieldServiceTest.java	com.foggyframework.dataset.db.model.engine.expression.CalculatedFieldServiceTest	com.foggyframework.dataset.db.model.engine.expression.CalculatedFieldServiceTest	30	0	junit-jupiter	9cfba00c20a66ec3b05ba8d40678b55ef4f4f5eb72867d68ff3c6db42948fb96	0fe04b0aa637110c8ece261af7d071a6730dbb7ad4eaaae7e61fecb70ff7a8ef	4e9c6dceec3397a3620e41a4522542f1a05126973090f5c0c1c375c2eff64a65
foggy-dataset-model	v934-src|124:foggy-dataset-model/src/test/java/com/foggyframework/dataset/db/model/engine/expression/sql/DialectAwareFunctionExpTest.java	com.foggyframework.dataset.db.model.engine.expression.sql.DialectAwareFunctionExpTest	com.foggyframework.dataset.db.model.engine.expression.sql.DialectAwareFunctionExpTest	14	0	junit-jupiter	b06a4058815dbd55edd6cd04ef5b1e094e706d36b309720116e3285cbfa550f6	0fe04b0aa637110c8ece261af7d071a6730dbb7ad4eaaae7e61fecb70ff7a8ef	4e9c6dceec3397a3620e41a4522542f1a05126973090f5c0c1c375c2eff64a65
foggy-dataset-model	v934-src|111:foggy-dataset-model/src/test/java/com/foggyframework/dataset/db/model/engine/formula/SqlFormulaSupportTest.java	com.foggyframework.dataset.db.model.engine.formula.SqlFormulaSupportTest	com.foggyframework.dataset.db.model.engine.formula.SqlFormulaSupportTest	1	0	junit-jupiter	5dd6bdb534b25f50992d24463609cf6a514a234354cbd6120b8e2906b28069bb	0fe04b0aa637110c8ece261af7d071a6730dbb7ad4eaaae7e61fecb70ff7a8ef	4e9c6dceec3397a3620e41a4522542f1a05126973090f5c0c1c375c2eff64a65
foggy-dataset-model	v934-src|100:foggy-dataset-model/src/test/java/com/foggyframework/dataset/db/model/engine/join/JoinGraphTest.java	com.foggyframework.dataset.db.model.engine.join.JoinGraphTest	com.foggyframework.dataset.db.model.engine.join.JoinGraphTest	0	0	junit-jupiter	3b35f4c383245f0ef179bcc8dd9e4de89add434b830d790de172f0db3bd8761d	0fe04b0aa637110c8ece261af7d071a6730dbb7ad4eaaae7e61fecb70ff7a8ef	4e9c6dceec3397a3620e41a4522542f1a05126973090f5c0c1c375c2eff64a65
foggy-dataset-model	v934-src|100:foggy-dataset-model/src/test/java/com/foggyframework/dataset/db/model/engine/join/JoinGraphTest.java	com.foggyframework.dataset.db.model.engine.join.JoinGraphTest	com.foggyframework.dataset.db.model.engine.join.JoinGraphTest$BasicTests	4	0	junit-jupiter	3b35f4c383245f0ef179bcc8dd9e4de89add434b830d790de172f0db3bd8761d	0fe04b0aa637110c8ece261af7d071a6730dbb7ad4eaaae7e61fecb70ff7a8ef	4e9c6dceec3397a3620e41a4522542f1a05126973090f5c0c1c375c2eff64a65
foggy-dataset-model	v934-src|100:foggy-dataset-model/src/test/java/com/foggyframework/dataset/db/model/engine/join/JoinGraphTest.java	com.foggyframework.dataset.db.model.engine.join.JoinGraphTest	com.foggyframework.dataset.db.model.engine.join.JoinGraphTest$CycleDetectionTests	2	0	junit-jupiter	3b35f4c383245f0ef179bcc8dd9e4de89add434b830d790de172f0db3bd8761d	0fe04b0aa637110c8ece261af7d071a6730dbb7ad4eaaae7e61fecb70ff7a8ef	4e9c6dceec3397a3620e41a4522542f1a05126973090f5c0c1c375c2eff64a65
foggy-dataset-model	v934-src|100:foggy-dataset-model/src/test/java/com/foggyframework/dataset/db/model/engine/join/JoinGraphTest.java	com.foggyframework.dataset.db.model.engine.join.JoinGraphTest	com.foggyframework.dataset.db.model.engine.join.JoinGraphTest$JoinEdgeTests	3	0	junit-jupiter	3b35f4c383245f0ef179bcc8dd9e4de89add434b830d790de172f0db3bd8761d	0fe04b0aa637110c8ece261af7d071a6730dbb7ad4eaaae7e61fecb70ff7a8ef	4e9c6dceec3397a3620e41a4522542f1a05126973090f5c0c1c375c2eff64a65
foggy-dataset-model	v934-src|100:foggy-dataset-model/src/test/java/com/foggyframework/dataset/db/model/engine/join/JoinGraphTest.java	com.foggyframework.dataset.db.model.engine.join.JoinGraphTest	com.foggyframework.dataset.db.model.engine.join.JoinGraphTest$PathCacheTests	2	0	junit-jupiter	3b35f4c383245f0ef179bcc8dd9e4de89add434b830d790de172f0db3bd8761d	0fe04b0aa637110c8ece261af7d071a6730dbb7ad4eaaae7e61fecb70ff7a8ef	4e9c6dceec3397a3620e41a4522542f1a05126973090f5c0c1c375c2eff64a65
foggy-dataset-model	v934-src|100:foggy-dataset-model/src/test/java/com/foggyframework/dataset/db/model/engine/join/JoinGraphTest.java	com.foggyframework.dataset.db.model.engine.join.JoinGraphTest	com.foggyframework.dataset.db.model.engine.join.JoinGraphTest$PathFindingTests	7	0	junit-jupiter	3b35f4c383245f0ef179bcc8dd9e4de89add434b830d790de172f0db3bd8761d	0fe04b0aa637110c8ece261af7d071a6730dbb7ad4eaaae7e61fecb70ff7a8ef	4e9c6dceec3397a3620e41a4522542f1a05126973090f5c0c1c375c2eff64a65
foggy-dataset-model	v934-src|100:foggy-dataset-model/src/test/java/com/foggyframework/dataset/db/model/engine/join/JoinGraphTest.java	com.foggyframework.dataset.db.model.engine.join.JoinGraphTest	com.foggyframework.dataset.db.model.engine.join.JoinGraphTest$TopologicalSortTests	2	0	junit-jupiter	3b35f4c383245f0ef179bcc8dd9e4de89add434b830d790de172f0db3bd8761d	0fe04b0aa637110c8ece261af7d071a6730dbb7ad4eaaae7e61fecb70ff7a8ef	4e9c6dceec3397a3620e41a4522542f1a05126973090f5c0c1c375c2eff64a65
foggy-dataset-model	v934-src|110:foggy-dataset-model/src/test/java/com/foggyframework/dataset/db/model/engine/pivot/CardinalityBreakerTest.java	com.foggyframework.dataset.db.model.engine.pivot.CardinalityBreakerTest	com.foggyframework.dataset.db.model.engine.pivot.CardinalityBreakerTest	8	0	junit-jupiter	4a5665707dccae6f22072b391bb4eca251ff36d187a21df58967bb0539c56d91	0fe04b0aa637110c8ece261af7d071a6730dbb7ad4eaaae7e61fecb70ff7a8ef	4e9c6dceec3397a3620e41a4522542f1a05126973090f5c0c1c375c2eff64a65
foggy-dataset-model	v934-src|115:foggy-dataset-model/src/test/java/com/foggyframework/dataset/db/model/engine/pivot/JavaPivotDomainSnapshotTest.java	com.foggyframework.dataset.db.model.engine.pivot.JavaPivotDomainSnapshotTest	com.foggyframework.dataset.db.model.engine.pivot.JavaPivotDomainSnapshotTest	1	0	junit-jupiter	609118c0be81b01f945fae1ac373403efc87f37b8caffe511c2be8205f8bde02	0fe04b0aa637110c8ece261af7d071a6730dbb7ad4eaaae7e61fecb70ff7a8ef	4e9c6dceec3397a3620e41a4522542f1a05126973090f5c0c1c375c2eff64a65
foggy-dataset-model	v934-src|115:foggy-dataset-model/src/test/java/com/foggyframework/dataset/db/model/engine/pivot/JavaPivotOutputSnapshotTest.java	com.foggyframework.dataset.db.model.engine.pivot.JavaPivotOutputSnapshotTest	com.foggyframework.dataset.db.model.engine.pivot.JavaPivotOutputSnapshotTest	2	0	junit-jupiter	a5497985fe042540b44d6fc77ecb37c9cf96d3645ad3a4e7354562afc61453c7	0fe04b0aa637110c8ece261af7d071a6730dbb7ad4eaaae7e61fecb70ff7a8ef	4e9c6dceec3397a3620e41a4522542f1a05126973090f5c0c1c375c2eff64a65
foggy-dataset-model	v934-src|100:foggy-dataset-model/src/test/java/com/foggyframework/dataset/db/model/engine/pivot/PivotAstTest.java	com.foggyframework.dataset.db.model.engine.pivot.PivotAstTest	com.foggyframework.dataset.db.model.engine.pivot.PivotAstTest	10	0	junit-jupiter	70abd49f3f1b69bf39e4d46fac953d5e90d7913795b78c7cb493ec086c9df91f	0fe04b0aa637110c8ece261af7d071a6730dbb7ad4eaaae7e61fecb70ff7a8ef	4e9c6dceec3397a3620e41a4522542f1a05126973090f5c0c1c375c2eff64a65
foggy-dataset-model	v934-src|132:foggy-dataset-model/src/test/java/com/foggyframework/dataset/db/model/engine/pivot/PivotCascadeGenerateSqlParityIntegrationTest.java	com.foggyframework.dataset.db.model.engine.pivot.PivotCascadeGenerateSqlParityIntegrationTest	com.foggyframework.dataset.db.model.engine.pivot.PivotCascadeGenerateSqlParityIntegrationTest	7	0	junit-jupiter	a0297f0ad5e04ef4b675c67995655d81ff49be74744954627ce1485af5bcebb1	0fe04b0aa637110c8ece261af7d071a6730dbb7ad4eaaae7e61fecb70ff7a8ef	4e9c6dceec3397a3620e41a4522542f1a05126973090f5c0c1c375c2eff64a65
foggy-dataset-model	v934-src|122:foggy-dataset-model/src/test/java/com/foggyframework/dataset/db/model/engine/pivot/PivotCascadeGenerateValidationTest.java	com.foggyframework.dataset.db.model.engine.pivot.PivotCascadeGenerateValidationTest	com.foggyframework.dataset.db.model.engine.pivot.PivotCascadeGenerateValidationTest	10	0	junit-jupiter	ea57d32795a54c0634c05ceea3985fb752ba31f2d5d031c4c74515e4971822cf	0fe04b0aa637110c8ece261af7d071a6730dbb7ad4eaaae7e61fecb70ff7a8ef	4e9c6dceec3397a3620e41a4522542f1a05126973090f5c0c1c375c2eff64a65
foggy-dataset-model	v934-src|116:foggy-dataset-model/src/test/java/com/foggyframework/dataset/db/model/engine/pivot/PivotDiagnosticCollectorTest.java	com.foggyframework.dataset.db.model.engine.pivot.PivotDiagnosticCollectorTest	com.foggyframework.dataset.db.model.engine.pivot.PivotDiagnosticCollectorTest	2	0	junit-jupiter	df01d56593fcefe1ae3968d2b14fbef4595c0ea02ee6018134227bffd98e1602	0fe04b0aa637110c8ece261af7d071a6730dbb7ad4eaaae7e61fecb70ff7a8ef	4e9c6dceec3397a3620e41a4522542f1a05126973090f5c0c1c375c2eff64a65
foggy-dataset-model	v934-src|108:foggy-dataset-model/src/test/java/com/foggyframework/dataset/db/model/engine/pivot/PivotIntegrationTest.java	com.foggyframework.dataset.db.model.engine.pivot.PivotIntegrationTest	com.foggyframework.dataset.db.model.engine.pivot.PivotIntegrationTest	55	0	junit-jupiter	51758d543127ee522c79a250188a5fdfc38f39d78f866f9a8458c7148865cfd3	0fe04b0aa637110c8ece261af7d071a6730dbb7ad4eaaae7e61fecb70ff7a8ef	4e9c6dceec3397a3620e41a4522542f1a05126973090f5c0c1c375c2eff64a65
foggy-dataset-model	v934-src|133:foggy-dataset-model/src/test/java/com/foggyframework/dataset/db/model/engine/pivot/PivotOuterCacheDistributedProviderAdapterTest.java	com.foggyframework.dataset.db.model.engine.pivot.PivotOuterCacheDistributedProviderAdapterTest	com.foggyframework.dataset.db.model.engine.pivot.PivotOuterCacheDistributedProviderAdapterTest	8	0	junit-jupiter	3425c8eb568c6c5fdf612617be65e26683e2a85ea2b30244a222a616db54c8cf	0fe04b0aa637110c8ece261af7d071a6730dbb7ad4eaaae7e61fecb70ff7a8ef	4e9c6dceec3397a3620e41a4522542f1a05126973090f5c0c1c375c2eff64a65
foggy-dataset-model	v934-src|134:foggy-dataset-model/src/test/java/com/foggyframework/dataset/db/model/engine/pivot/PivotOuterCacheDistributedProviderContractTest.java	com.foggyframework.dataset.db.model.engine.pivot.PivotOuterCacheDistributedProviderContractTest	com.foggyframework.dataset.db.model.engine.pivot.PivotOuterCacheDistributedProviderContractTest	3	0	junit-jupiter	eda66e109fa38254011ac26895f2640749635bea3b8bb1ac2d69e4621a7bb99b	0fe04b0aa637110c8ece261af7d071a6730dbb7ad4eaaae7e61fecb70ff7a8ef	4e9c6dceec3397a3620e41a4522542f1a05126973090f5c0c1c375c2eff64a65
foggy-dataset-model	v934-src|138:foggy-dataset-model/src/test/java/com/foggyframework/dataset/db/model/engine/pivot/PivotOuterCacheInvalidationBroadcasterContractTest.java	com.foggyframework.dataset.db.model.engine.pivot.PivotOuterCacheInvalidationBroadcasterContractTest	none	0	0	none	5d1de2ea31b618ff810fe6e11f8138769e8edcea5e1b80f30f8c8cf25055d655	0fe04b0aa637110c8ece261af7d071a6730dbb7ad4eaaae7e61fecb70ff7a8ef	4e9c6dceec3397a3620e41a4522542f1a05126973090f5c0c1c375c2eff64a65
foggy-dataset-model	v934-src|124:foggy-dataset-model/src/test/java/com/foggyframework/dataset/db/model/engine/pivot/PivotOuterCacheInvalidationEventTest.java	com.foggyframework.dataset.db.model.engine.pivot.PivotOuterCacheInvalidationEventTest	com.foggyframework.dataset.db.model.engine.pivot.PivotOuterCacheInvalidationEventTest	4	0	junit-jupiter	49895820fd66358e7f749226419e5ef466bccc154fa77957d5fa7e40452fd577	0fe04b0aa637110c8ece261af7d071a6730dbb7ad4eaaae7e61fecb70ff7a8ef	4e9c6dceec3397a3620e41a4522542f1a05126973090f5c0c1c375c2eff64a65
foggy-dataset-model	v934-src|133:foggy-dataset-model/src/test/java/com/foggyframework/dataset/db/model/engine/pivot/PivotOuterCacheInvalidationFanOutContractTest.java	com.foggyframework.dataset.db.model.engine.pivot.PivotOuterCacheInvalidationFanOutContractTest	com.foggyframework.dataset.db.model.engine.pivot.PivotOuterCacheInvalidationFanOutContractTest	10	0	junit-jupiter	6555006064e9be66522ce673766b2932fa978312cacf53f3ccf1b7143427a5bf	0fe04b0aa637110c8ece261af7d071a6730dbb7ad4eaaae7e61fecb70ff7a8ef	4e9c6dceec3397a3620e41a4522542f1a05126973090f5c0c1c375c2eff64a65
foggy-dataset-model	v934-src|131:foggy-dataset-model/src/test/java/com/foggyframework/dataset/db/model/engine/pivot/PivotOuterCacheInvalidationReplayWindowTest.java	com.foggyframework.dataset.db.model.engine.pivot.PivotOuterCacheInvalidationReplayWindowTest	com.foggyframework.dataset.db.model.engine.pivot.PivotOuterCacheInvalidationReplayWindowTest	5	0	junit-jupiter	36b181cd43a2059174738425c7e67de02ff891c109f46a6409fc9143b7cc34d0	0fe04b0aa637110c8ece261af7d071a6730dbb7ad4eaaae7e61fecb70ff7a8ef	4e9c6dceec3397a3620e41a4522542f1a05126973090f5c0c1c375c2eff64a65
foggy-dataset-model	v934-src|121:foggy-dataset-model/src/test/java/com/foggyframework/dataset/db/model/engine/pivot/PivotOuterCacheOperationalSpiTest.java	com.foggyframework.dataset.db.model.engine.pivot.PivotOuterCacheOperationalSpiTest	com.foggyframework.dataset.db.model.engine.pivot.PivotOuterCacheOperationalSpiTest	3	0	junit-jupiter	91a67339069b2ec4a643309915a651ffe59c337dc152af3b168a9d067f189980	0fe04b0aa637110c8ece261af7d071a6730dbb7ad4eaaae7e61fecb70ff7a8ef	4e9c6dceec3397a3620e41a4522542f1a05126973090f5c0c1c375c2eff64a65
foggy-dataset-model	v934-src|123:foggy-dataset-model/src/test/java/com/foggyframework/dataset/db/model/engine/pivot/PivotOuterCacheProviderContractTest.java	com.foggyframework.dataset.db.model.engine.pivot.PivotOuterCacheProviderContractTest	none	0	0	none	f8c3a728f72ba484e76ba5536763b7d536ca4f252931671576d2bda08784c4a3	0fe04b0aa637110c8ece261af7d071a6730dbb7ad4eaaae7e61fecb70ff7a8ef	4e9c6dceec3397a3620e41a4522542f1a05126973090f5c0c1c375c2eff64a65
foggy-dataset-model	v934-src|119:foggy-dataset-model/src/test/java/com/foggyframework/dataset/db/model/engine/pivot/PivotOuterCacheSafeProviderTest.java	com.foggyframework.dataset.db.model.engine.pivot.PivotOuterCacheSafeProviderTest	com.foggyframework.dataset.db.model.engine.pivot.PivotOuterCacheSafeProviderTest	6	0	junit-jupiter	93da9edadd02d8852dba91fc2e2518ee26a95d5a7a08dce87f1d94caa60fec58	0fe04b0aa637110c8ece261af7d071a6730dbb7ad4eaaae7e61fecb70ff7a8ef	4e9c6dceec3397a3620e41a4522542f1a05126973090f5c0c1c375c2eff64a65
foggy-dataset-model	v934-src|121:foggy-dataset-model/src/test/java/com/foggyframework/dataset/db/model/engine/pivot/PivotOuterCacheStrongIdentityTest.java	com.foggyframework.dataset.db.model.engine.pivot.PivotOuterCacheStrongIdentityTest	com.foggyframework.dataset.db.model.engine.pivot.PivotOuterCacheStrongIdentityTest	4	0	junit-jupiter	42fb7881bd3ca0ac9e4da73a8789f4e7b5755cd2922daac61b2b9e3e79ce813a	0fe04b0aa637110c8ece261af7d071a6730dbb7ad4eaaae7e61fecb70ff7a8ef	4e9c6dceec3397a3620e41a4522542f1a05126973090f5c0c1c375c2eff64a65
foggy-dataset-model	v934-src|116:foggy-dataset-model/src/test/java/com/foggyframework/dataset/db/model/engine/pivot/PivotOuterCacheTelemetryTest.java	com.foggyframework.dataset.db.model.engine.pivot.PivotOuterCacheTelemetryTest	com.foggyframework.dataset.db.model.engine.pivot.PivotOuterCacheTelemetryTest	4	0	junit-jupiter	1cde8d5d0b98c07a891f8b32f3ea01f87e668e6bf48788b4c19023195aa0cd6f	0fe04b0aa637110c8ece261af7d071a6730dbb7ad4eaaae7e61fecb70ff7a8ef	4e9c6dceec3397a3620e41a4522542f1a05126973090f5c0c1c375c2eff64a65
foggy-dataset-model	v934-src|115:foggy-dataset-model/src/test/java/com/foggyframework/dataset/db/model/engine/pivot/PivotOuterResponseCacheTest.java	com.foggyframework.dataset.db.model.engine.pivot.PivotOuterResponseCacheTest	com.foggyframework.dataset.db.model.engine.pivot.PivotOuterResponseCacheTest	8	0	junit-jupiter	26b6b57991869a52710a916aa9658f15f7ac3c46bcc004b9fa54c128025d0693	0fe04b0aa637110c8ece261af7d071a6730dbb7ad4eaaae7e61fecb70ff7a8ef	4e9c6dceec3397a3620e41a4522542f1a05126973090f5c0c1c375c2eff64a65
foggy-dataset-model	v934-src|120:foggy-dataset-model/src/test/java/com/foggyframework/dataset/db/model/engine/pivot/PivotPipelineCatalogIdentityTest.java	com.foggyframework.dataset.db.model.engine.pivot.PivotPipelineCatalogIdentityTest	com.foggyframework.dataset.db.model.engine.pivot.PivotPipelineCatalogIdentityTest	8	0	junit-jupiter	8d8dceea1d1dce92007f45f6af8f5ba997972636507081713fa3a628e8f782c7	0fe04b0aa637110c8ece261af7d071a6730dbb7ad4eaaae7e61fecb70ff7a8ef	4e9c6dceec3397a3620e41a4522542f1a05126973090f5c0c1c375c2eff64a65
foggy-dataset-model	v934-src|117:foggy-dataset-model/src/test/java/com/foggyframework/dataset/db/model/engine/pivot/PivotSqlParityIntegrationTest.java	com.foggyframework.dataset.db.model.engine.pivot.PivotSqlParityIntegrationTest	com.foggyframework.dataset.db.model.engine.pivot.PivotSqlParityIntegrationTest	23	0	junit-jupiter	f844dfaded92bd6d7860ddb4afd6fdbc6f0c3e2405425e92e5ff774be59d9437	0fe04b0aa637110c8ece261af7d071a6730dbb7ad4eaaae7e61fecb70ff7a8ef	4e9c6dceec3397a3620e41a4522542f1a05126973090f5c0c1c375c2eff64a65
foggy-dataset-model	v934-src|119:foggy-dataset-model/src/test/java/com/foggyframework/dataset/db/model/engine/pivot/PivotSqlPerformanceBaselineTest.java	com.foggyframework.dataset.db.model.engine.pivot.PivotSqlPerformanceBaselineTest	com.foggyframework.dataset.db.model.engine.pivot.PivotSqlPerformanceBaselineTest	1	0	junit-jupiter	9d9cd149a9b60face31e4a098cb22e1a796b2a64e0884c9d7c11081191d8fd9f	0fe04b0aa637110c8ece261af7d071a6730dbb7ad4eaaae7e61fecb70ff7a8ef	4e9c6dceec3397a3620e41a4522542f1a05126973090f5c0c1c375c2eff64a65
foggy-dataset-model	v934-src|113:foggy-dataset-model/src/test/java/com/foggyframework/dataset/db/model/engine/pivot/algo/AxisHavingFilterTest.java	com.foggyframework.dataset.db.model.engine.pivot.algo.AxisHavingFilterTest	com.foggyframework.dataset.db.model.engine.pivot.algo.AxisHavingFilterTest	7	0	junit-jupiter	d1e929671bb3e8e78a700d1817ac83852d13082e7efd40931b8f3d1afb8b765e	0fe04b0aa637110c8ece261af7d071a6730dbb7ad4eaaae7e61fecb70ff7a8ef	4e9c6dceec3397a3620e41a4522542f1a05126973090f5c0c1c375c2eff64a65
foggy-dataset-model	v934-src|114:foggy-dataset-model/src/test/java/com/foggyframework/dataset/db/model/engine/pivot/algo/AxisTopNTruncatorTest.java	com.foggyframework.dataset.db.model.engine.pivot.algo.AxisTopNTruncatorTest	com.foggyframework.dataset.db.model.engine.pivot.algo.AxisTopNTruncatorTest	10	0	junit-jupiter	edfbf968503881ce664f9cf8c2ed2cf0e34eb6cebe48c4f81e65ca6ef157de2a	0fe04b0aa637110c8ece261af7d071a6730dbb7ad4eaaae7e61fecb70ff7a8ef	4e9c6dceec3397a3620e41a4522542f1a05126973090f5c0c1c375c2eff64a65
foggy-dataset-model	v934-src|120:foggy-dataset-model/src/test/java/com/foggyframework/dataset/db/model/engine/pivot/algo/BaselineRatioCalculatorTest.java	com.foggyframework.dataset.db.model.engine.pivot.algo.BaselineRatioCalculatorTest	com.foggyframework.dataset.db.model.engine.pivot.algo.BaselineRatioCalculatorTest	6	0	junit-jupiter	2ae1f3913aa811d7d02a6aaabc7e298c5dd01a804062f9b7a1b8ac87a7ff1e71	0fe04b0aa637110c8ece261af7d071a6730dbb7ad4eaaae7e61fecb70ff7a8ef	4e9c6dceec3397a3620e41a4522542f1a05126973090f5c0c1c375c2eff64a65
foggy-dataset-model	v934-src|112:foggy-dataset-model/src/test/java/com/foggyframework/dataset/db/model/engine/pivot/algo/CrossJoinFillerTest.java	com.foggyframework.dataset.db.model.engine.pivot.algo.CrossJoinFillerTest	com.foggyframework.dataset.db.model.engine.pivot.algo.CrossJoinFillerTest	4	0	junit-jupiter	d02b66af72c1153c457f664552524630d5317ddba13ff97afffcc2de1d49f1db	0fe04b0aa637110c8ece261af7d071a6730dbb7ad4eaaae7e61fecb70ff7a8ef	4e9c6dceec3397a3620e41a4522542f1a05126973090f5c0c1c375c2eff64a65
foggy-dataset-model	v934-src|117:foggy-dataset-model/src/test/java/com/foggyframework/dataset/db/model/engine/pivot/algo/HierarchyTreeBuilderTest.java	com.foggyframework.dataset.db.model.engine.pivot.algo.HierarchyTreeBuilderTest	com.foggyframework.dataset.db.model.engine.pivot.algo.HierarchyTreeBuilderTest	11	0	junit-jupiter	48228b354c72cd9cc5bbde214ea7e00cef19d3eba04b0183f98228db37960908	0fe04b0aa637110c8ece261af7d071a6730dbb7ad4eaaae7e61fecb70ff7a8ef	4e9c6dceec3397a3620e41a4522542f1a05126973090f5c0c1c375c2eff64a65
foggy-dataset-model	v934-src|118:foggy-dataset-model/src/test/java/com/foggyframework/dataset/db/model/engine/pivot/algo/ParentShareCalculatorTest.java	com.foggyframework.dataset.db.model.engine.pivot.algo.ParentShareCalculatorTest	com.foggyframework.dataset.db.model.engine.pivot.algo.ParentShareCalculatorTest	6	0	junit-jupiter	d8ab629c128f9f9b999827d6052f83f146aee607914ba4da76614b9d6ff32169	0fe04b0aa637110c8ece261af7d071a6730dbb7ad4eaaae7e61fecb70ff7a8ef	4e9c6dceec3397a3620e41a4522542f1a05126973090f5c0c1c375c2eff64a65
foggy-dataset-model	v934-src|118:foggy-dataset-model/src/test/java/com/foggyframework/dataset/db/model/engine/pivot/algo/ParentShareCalculatorTest.java	com.foggyframework.dataset.db.model.engine.pivot.algo.ParentShareCalculatorTest	com.foggyframework.dataset.db.model.engine.pivot.algo.ParentShareCalculatorTest$ResolutionTests	5	0	junit-jupiter	d8ab629c128f9f9b999827d6052f83f146aee607914ba4da76614b9d6ff32169	0fe04b0aa637110c8ece261af7d071a6730dbb7ad4eaaae7e61fecb70ff7a8ef	4e9c6dceec3397a3620e41a4522542f1a05126973090f5c0c1c375c2eff64a65
foggy-dataset-model	v934-src|118:foggy-dataset-model/src/test/java/com/foggyframework/dataset/db/model/engine/pivot/algo/ParentShareCalculatorTest.java	com.foggyframework.dataset.db.model.engine.pivot.algo.ParentShareCalculatorTest	com.foggyframework.dataset.db.model.engine.pivot.algo.ParentShareCalculatorTest$ValidationTests	2	0	junit-jupiter	d8ab629c128f9f9b999827d6052f83f146aee607914ba4da76614b9d6ff32169	0fe04b0aa637110c8ece261af7d071a6730dbb7ad4eaaae7e61fecb70ff7a8ef	4e9c6dceec3397a3620e41a4522542f1a05126973090f5c0c1c375c2eff64a65
foggy-dataset-model	v934-src|113:foggy-dataset-model/src/test/java/com/foggyframework/dataset/db/model/engine/pivot/algo/PropertyAttacherTest.java	com.foggyframework.dataset.db.model.engine.pivot.algo.PropertyAttacherTest	com.foggyframework.dataset.db.model.engine.pivot.algo.PropertyAttacherTest	4	0	junit-jupiter	873149910da9d2ee03e65cbcfe37ff5c09d35f5e8efc5718ecdda0e7a7613178	0fe04b0aa637110c8ece261af7d071a6730dbb7ad4eaaae7e61fecb70ff7a8ef	4e9c6dceec3397a3620e41a4522542f1a05126973090f5c0c1c375c2eff64a65
foggy-dataset-model	v934-src|113:foggy-dataset-model/src/test/java/com/foggyframework/dataset/db/model/engine/pivot/algo/PropertyResolverTest.java	com.foggyframework.dataset.db.model.engine.pivot.algo.PropertyResolverTest	com.foggyframework.dataset.db.model.engine.pivot.algo.PropertyResolverTest	7	0	junit-jupiter	87a44df1da932c8434bef1874bbec37c8ba4e7342ee972be7f26b9f0212f38df	0fe04b0aa637110c8ece261af7d071a6730dbb7ad4eaaae7e61fecb70ff7a8ef	4e9c6dceec3397a3620e41a4522542f1a05126973090f5c0c1c375c2eff64a65
foggy-dataset-model	v934-src|109:foggy-dataset-model/src/test/java/com/foggyframework/dataset/db/model/engine/pivot/algo/ResultShaperTest.java	com.foggyframework.dataset.db.model.engine.pivot.algo.ResultShaperTest	com.foggyframework.dataset.db.model.engine.pivot.algo.ResultShaperTest	6	0	junit-jupiter	9cc8348d878d9ea404d486cd781f87d0747e1b8c10747123b835fe00be43095c	0fe04b0aa637110c8ece261af7d071a6730dbb7ad4eaaae7e61fecb70ff7a8ef	4e9c6dceec3397a3620e41a4522542f1a05126973090f5c0c1c375c2eff64a65
foggy-dataset-model	v934-src|113:foggy-dataset-model/src/test/java/com/foggyframework/dataset/db/model/engine/pivot/algo/SubtotalInjectorTest.java	com.foggyframework.dataset.db.model.engine.pivot.algo.SubtotalInjectorTest	com.foggyframework.dataset.db.model.engine.pivot.algo.SubtotalInjectorTest	5	0	junit-jupiter	67a71477e1ae653d81a4f4b097fd7aaf779df3dad36e01a4fa029f1d1c9d8f5c	0fe04b0aa637110c8ece261af7d071a6730dbb7ad4eaaae7e61fecb70ff7a8ef	4e9c6dceec3397a3620e41a4522542f1a05126973090f5c0c1c375c2eff64a65
foggy-dataset-model	v934-src|123:foggy-dataset-model/src/test/java/com/foggyframework/dataset/db/model/engine/pivot/rollup/MetricAdditivityAnalyzerTest.java	com.foggyframework.dataset.db.model.engine.pivot.rollup.MetricAdditivityAnalyzerTest	com.foggyframework.dataset.db.model.engine.pivot.rollup.MetricAdditivityAnalyzerTest	20	0	junit-jupiter	34552f0d5e8a8ee1d09919cf0a46086f7a3a47e968ffa21afa0de516a82b83ef	0fe04b0aa637110c8ece261af7d071a6730dbb7ad4eaaae7e61fecb70ff7a8ef	4e9c6dceec3397a3620e41a4522542f1a05126973090f5c0c1c375c2eff64a65
foggy-dataset-model	v934-src|135:foggy-dataset-model/src/test/java/com/foggyframework/dataset/db/model/engine/pivot/rollup/NonAdditiveRollupExecutorDomainSliceTest.java	com.foggyframework.dataset.db.model.engine.pivot.rollup.NonAdditiveRollupExecutorDomainSliceTest	com.foggyframework.dataset.db.model.engine.pivot.rollup.NonAdditiveRollupExecutorDomainSliceTest	12	0	junit-jupiter	149b23823dac073ea6d00766736163bad93e71a395f6dd0fa803fed4e348c576	0fe04b0aa637110c8ece261af7d071a6730dbb7ad4eaaae7e61fecb70ff7a8ef	4e9c6dceec3397a3620e41a4522542f1a05126973090f5c0c1c375c2eff64a65
foggy-dataset-model	v934-src|120:foggy-dataset-model/src/test/java/com/foggyframework/dataset/db/model/engine/pivot/rollup/RollupGrainEnumeratorTest.java	com.foggyframework.dataset.db.model.engine.pivot.rollup.RollupGrainEnumeratorTest	com.foggyframework.dataset.db.model.engine.pivot.rollup.RollupGrainEnumeratorTest	6	0	junit-jupiter	b6ccd8b65947aaa8c197168ee3ea23ccaf9b8f69f9439c77919c7e8452ec6cba	0fe04b0aa637110c8ece261af7d071a6730dbb7ad4eaaae7e61fecb70ff7a8ef	4e9c6dceec3397a3620e41a4522542f1a05126973090f5c0c1c375c2eff64a65
foggy-dataset-model	v934-src|128:foggy-dataset-model/src/test/java/com/foggyframework/dataset/db/model/engine/pivot/rollup/TestableNonAdditiveRollupExecutor.java	com.foggyframework.dataset.db.model.engine.pivot.rollup.TestableNonAdditiveRollupExecutor	none	0	0	none	b7ab979efec9bb0f3032c62bafc18de6135a2cb39bc061e478c80c584fed56cb	0fe04b0aa637110c8ece261af7d071a6730dbb7ad4eaaae7e61fecb70ff7a8ef	4e9c6dceec3397a3620e41a4522542f1a05126973090f5c0c1c375c2eff64a65
foggy-dataset-model	v934-src|128:foggy-dataset-model/src/test/java/com/foggyframework/dataset/db/model/engine/pivot/sql/PivotAxisDomainSqlPlannerCascadeTest.java	com.foggyframework.dataset.db.model.engine.pivot.sql.PivotAxisDomainSqlPlannerCascadeTest	com.foggyframework.dataset.db.model.engine.pivot.sql.PivotAxisDomainSqlPlannerCascadeTest	1	0	junit-jupiter	62e341fcd0e88b5a82933db62b39eab00175117929811ef91650c98b5a0b264b	0fe04b0aa637110c8ece261af7d071a6730dbb7ad4eaaae7e61fecb70ff7a8ef	4e9c6dceec3397a3620e41a4522542f1a05126973090f5c0c1c375c2eff64a65
foggy-dataset-model	v934-src|121:foggy-dataset-model/src/test/java/com/foggyframework/dataset/db/model/engine/pivot/sql/PivotAxisDomainSqlPlannerTest.java	com.foggyframework.dataset.db.model.engine.pivot.sql.PivotAxisDomainSqlPlannerTest	com.foggyframework.dataset.db.model.engine.pivot.sql.PivotAxisDomainSqlPlannerTest	12	0	junit-jupiter	8dd7155912bd06e3ee4b45d9dd3152a2cdac375d0a821f344e88d53134cce4fa	0fe04b0aa637110c8ece261af7d071a6730dbb7ad4eaaae7e61fecb70ff7a8ef	4e9c6dceec3397a3620e41a4522542f1a05126973090f5c0c1c375c2eff64a65
foggy-dataset-model	v934-src|115:foggy-dataset-model/src/test/java/com/foggyframework/dataset/db/model/engine/pivot/sql/PivotTopNSqlPlannerTest.java	com.foggyframework.dataset.db.model.engine.pivot.sql.PivotTopNSqlPlannerTest	com.foggyframework.dataset.db.model.engine.pivot.sql.PivotTopNSqlPlannerTest	2	0	junit-jupiter	4f77ee45372349b1a78500611e169edc7badd5c0b5e1204102f98abec79aec27	0fe04b0aa637110c8ece261af7d071a6730dbb7ad4eaaae7e61fecb70ff7a8ef	4e9c6dceec3397a3620e41a4522542f1a05126973090f5c0c1c375c2eff64a65
foggy-dataset-model	v934-src|124:foggy-dataset-model/src/test/java/com/foggyframework/dataset/db/model/engine/pivot/transport/DomainRelationRendererTest.java	com.foggyframework.dataset.db.model.engine.pivot.transport.DomainRelationRendererTest	com.foggyframework.dataset.db.model.engine.pivot.transport.DomainRelationRendererTest	8	0	junit-jupiter	2157336636f00fed776131f9477f5e0d976370136bac8b8dfa1d0497b2c279f2	0fe04b0aa637110c8ece261af7d071a6730dbb7ad4eaaae7e61fecb70ff7a8ef	4e9c6dceec3397a3620e41a4522542f1a05126973090f5c0c1c375c2eff64a65
foggy-dataset-model	v934-src|114:foggy-dataset-model/src/test/java/com/foggyframework/dataset/db/model/engine/preagg/PreAggregationMatcherTest.java	com.foggyframework.dataset.db.model.engine.preagg.PreAggregationMatcherTest	com.foggyframework.dataset.db.model.engine.preagg.PreAggregationMatcherTest	12	0	junit-jupiter	7dd0af19ec08e60d621b80a53f99c5891c1006d8a459b814f03620f0a0026e51	0fe04b0aa637110c8ece261af7d071a6730dbb7ad4eaaae7e61fecb70ff7a8ef	4e9c6dceec3397a3620e41a4522542f1a05126973090f5c0c1c375c2eff64a65
foggy-dataset-model	v934-src|111:foggy-dataset-model/src/test/java/com/foggyframework/dataset/db/model/engine/query/CalculatedFieldJoinTest.java	com.foggyframework.dataset.db.model.engine.query.CalculatedFieldJoinTest	com.foggyframework.dataset.db.model.engine.query.CalculatedFieldJoinTest	5	0	junit-jupiter	81f773a328fcfaf02d3288e808f8cfb4f1d19d099604748cc0d50fa8f534e416	0fe04b0aa637110c8ece261af7d071a6730dbb7ad4eaaae7e61fecb70ff7a8ef	4e9c6dceec3397a3620e41a4522542f1a05126973090f5c0c1c375c2eff64a65
foggy-dataset-model	v934-src|118:foggy-dataset-model/src/test/java/com/foggyframework/dataset/db/model/engine/query/SqlServerIdentifierQuotingTest.java	com.foggyframework.dataset.db.model.engine.query.SqlServerIdentifierQuotingTest	com.foggyframework.dataset.db.model.engine.query.SqlServerIdentifierQuotingTest	3	0	junit-jupiter	c47bc31eab61827b96f41ceb442fb03886b8f2d5188483c7cd0eacd49f33a0b7	0fe04b0aa637110c8ece261af7d071a6730dbb7ad4eaaae7e61fecb70ff7a8ef	4e9c6dceec3397a3620e41a4522542f1a05126973090f5c0c1c375c2eff64a65
foggy-dataset-model	v934-src|108:foggy-dataset-model/src/test/java/com/foggyframework/dataset/db/model/event/BundleLifecycleListenerTest.java	com.foggyframework.dataset.db.model.event.BundleLifecycleListenerTest	com.foggyframework.dataset.db.model.event.BundleLifecycleListenerTest	6	0	junit-jupiter	de31903852c97a0e200a8f5af03945b7a84242ccf07b5ad558928e34568246d7	0fe04b0aa637110c8ece261af7d071a6730dbb7ad4eaaae7e61fecb70ff7a8ef	4e9c6dceec3397a3620e41a4522542f1a05126973090f5c0c1c375c2eff64a65
foggy-dataset-model	v934-src|112:foggy-dataset-model/src/test/java/com/foggyframework/dataset/db/model/expression/InlineExpressionParserTest.java	com.foggyframework.dataset.db.model.expression.InlineExpressionParserTest	com.foggyframework.dataset.db.model.expression.InlineExpressionParserTest	26	0	junit-jupiter	13d59561fc0debf44308872d98399870e940c1af6b3084251e045aab1de63dd8	0fe04b0aa637110c8ece261af7d071a6730dbb7ad4eaaae7e61fecb70ff7a8ef	4e9c6dceec3397a3620e41a4522542f1a05126973090f5c0c1c375c2eff64a65
foggy-dataset-model	v934-src|128:foggy-dataset-model/src/test/java/com/foggyframework/dataset/db/model/expression/SqlCalculatedFieldProcessorWindowOrderTest.java	com.foggyframework.dataset.db.model.expression.SqlCalculatedFieldProcessorWindowOrderTest	com.foggyframework.dataset.db.model.expression.SqlCalculatedFieldProcessorWindowOrderTest	0	0	junit-jupiter	9dbda4ca00f6e3c59316922fa616644fe90823e4c5750bde32ba37aef9f3c320	0fe04b0aa637110c8ece261af7d071a6730dbb7ad4eaaae7e61fecb70ff7a8ef	4e9c6dceec3397a3620e41a4522542f1a05126973090f5c0c1c375c2eff64a65
foggy-dataset-model	v934-src|128:foggy-dataset-model/src/test/java/com/foggyframework/dataset/db/model/expression/SqlCalculatedFieldProcessorWindowOrderTest.java	com.foggyframework.dataset.db.model.expression.SqlCalculatedFieldProcessorWindowOrderTest	com.foggyframework.dataset.db.model.expression.SqlCalculatedFieldProcessorWindowOrderTest$ErrorMessageContract	10	0	junit-jupiter	9dbda4ca00f6e3c59316922fa616644fe90823e4c5750bde32ba37aef9f3c320	0fe04b0aa637110c8ece261af7d071a6730dbb7ad4eaaae7e61fecb70ff7a8ef	4e9c6dceec3397a3620e41a4522542f1a05126973090f5c0c1c375c2eff64a65
foggy-dataset-model	v934-src|128:foggy-dataset-model/src/test/java/com/foggyframework/dataset/db/model/expression/SqlCalculatedFieldProcessorWindowOrderTest.java	com.foggyframework.dataset.db.model.expression.SqlCalculatedFieldProcessorWindowOrderTest	com.foggyframework.dataset.db.model.expression.SqlCalculatedFieldProcessorWindowOrderTest$RawExpressionGuard	6	0	junit-jupiter	9dbda4ca00f6e3c59316922fa616644fe90823e4c5750bde32ba37aef9f3c320	0fe04b0aa637110c8ece261af7d071a6730dbb7ad4eaaae7e61fecb70ff7a8ef	4e9c6dceec3397a3620e41a4522542f1a05126973090f5c0c1c375c2eff64a65
foggy-dataset-model	v934-src|113:foggy-dataset-model/src/test/java/com/foggyframework/dataset/db/model/expression/SqlExpFactoryInOperatorTest.java	com.foggyframework.dataset.db.model.expression.SqlExpFactoryInOperatorTest	com.foggyframework.dataset.db.model.expression.SqlExpFactoryInOperatorTest	24	0	junit-jupiter	a7c5dadc8ff276c2f2420efd5fc77253c3c22f86198ff486e9e4ecbc807dcf97	0fe04b0aa637110c8ece261af7d071a6730dbb7ad4eaaae7e61fecb70ff7a8ef	4e9c6dceec3397a3620e41a4522542f1a05126973090f5c0c1c375c2eff64a65
foggy-dataset-model	v934-src|103:foggy-dataset-model/src/test/java/com/foggyframework/dataset/db/model/expression/SqlExpFactoryTest.java	com.foggyframework.dataset.db.model.expression.SqlExpFactoryTest	com.foggyframework.dataset.db.model.expression.SqlExpFactoryTest	42	0	junit-jupiter	2fde58fcc886d3fdb951818260db87a71dd5f5fb1d741ea6d0e3b515730a6ab3	0fe04b0aa637110c8ece261af7d071a6730dbb7ad4eaaae7e61fecb70ff7a8ef	4e9c6dceec3397a3620e41a4522542f1a05126973090f5c0c1c375c2eff64a65
foggy-dataset-model	v934-src|107:foggy-dataset-model/src/test/java/com/foggyframework/dataset/db/model/impl/SemanticScaleSqlSupportTest.java	com.foggyframework.dataset.db.model.impl.SemanticScaleSqlSupportTest	com.foggyframework.dataset.db.model.impl.SemanticScaleSqlSupportTest	4	0	junit-jupiter	423420cca911e38b91fea1b48f9219f2681150265380958c90c369b8f2aba66e	0fe04b0aa637110c8ece261af7d071a6730dbb7ad4eaaae7e61fecb70ff7a8ef	4e9c6dceec3397a3620e41a4522542f1a05126973090f5c0c1c375c2eff64a65
foggy-dataset-model	v934-src|138:foggy-dataset-model/src/test/java/com/foggyframework/dataset/db/model/impl/loader/TableModelLoaderManagerImplDataSourceResolutionTest.java	com.foggyframework.dataset.db.model.impl.loader.TableModelLoaderManagerImplDataSourceResolutionTest	com.foggyframework.dataset.db.model.impl.loader.TableModelLoaderManagerImplDataSourceResolutionTest	14	0	junit-jupiter	fdb5c11812693e8d8afe0bf9991e5f09af3693bbc4d61cffd2f9ece792db96bf	0fe04b0aa637110c8ece261af7d071a6730dbb7ad4eaaae7e61fecb70ff7a8ef	4e9c6dceec3397a3620e41a4522542f1a05126973090f5c0c1c375c2eff64a65
foggy-dataset-model	v934-src|125:foggy-dataset-model/src/test/java/com/foggyframework/dataset/db/model/impl/model/AggregateRelationDiagnosticContractTest.java	com.foggyframework.dataset.db.model.impl.model.AggregateRelationDiagnosticContractTest	com.foggyframework.dataset.db.model.impl.model.AggregateRelationDiagnosticContractTest	3	0	junit-jupiter	a7164ee4f6d102c972fa9113e8b4ce86890a96a392c22cdaf15e2e2af63fee26	0fe04b0aa637110c8ece261af7d071a6730dbb7ad4eaaae7e61fecb70ff7a8ef	4e9c6dceec3397a3620e41a4522542f1a05126973090f5c0c1c375c2eff64a65
foggy-dataset-model	v934-src|117:foggy-dataset-model/src/test/java/com/foggyframework/dataset/db/model/lifecycle/catalog/CatalogSnapshotStoreTest.java	com.foggyframework.dataset.db.model.lifecycle.catalog.CatalogSnapshotStoreTest	com.foggyframework.dataset.db.model.lifecycle.catalog.CatalogSnapshotStoreTest	18	0	junit-jupiter	17aebfd76ac384693700560b1ba7f1edd8b8491407ccd60add748d3b99eceadd	0fe04b0aa637110c8ece261af7d071a6730dbb7ad4eaaae7e61fecb70ff7a8ef	4e9c6dceec3397a3620e41a4522542f1a05126973090f5c0c1c375c2eff64a65
foggy-dataset-model	v934-src|112:foggy-dataset-model/src/test/java/com/foggyframework/dataset/db/model/lifecycle/catalog/CatalogSnapshotTest.java	com.foggyframework.dataset.db.model.lifecycle.catalog.CatalogSnapshotTest	com.foggyframework.dataset.db.model.lifecycle.catalog.CatalogSnapshotTest	5	0	junit-jupiter	d7b2b3a6ee2252cb2f23eac3ab3e08e70f120181e17d47e83a4ac1620f7e7307	0fe04b0aa637110c8ece261af7d071a6730dbb7ad4eaaae7e61fecb70ff7a8ef	4e9c6dceec3397a3620e41a4522542f1a05126973090f5c0c1c375c2eff64a65
foggy-dataset-model	v934-src|123:foggy-dataset-model/src/test/java/com/foggyframework/dataset/db/model/lifecycle/catalog/JdbcQueryModelCompletenessTest.java	com.foggyframework.dataset.db.model.lifecycle.catalog.JdbcQueryModelCompletenessTest	com.foggyframework.dataset.db.model.lifecycle.catalog.JdbcQueryModelCompletenessTest	2	0	junit-jupiter	dfaad9cfd30ef234d6533180388f1f8ef44a3bdd50c65e241c31f699c3ca48f2	0fe04b0aa637110c8ece261af7d071a6730dbb7ad4eaaae7e61fecb70ff7a8ef	4e9c6dceec3397a3620e41a4522542f1a05126973090f5c0c1c375c2eff64a65
foggy-dataset-model	v934-src|123:foggy-dataset-model/src/test/java/com/foggyframework/dataset/db/model/lifecycle/catalog/QueryFacadeCatalogIdentityTest.java	com.foggyframework.dataset.db.model.lifecycle.catalog.QueryFacadeCatalogIdentityTest	com.foggyframework.dataset.db.model.lifecycle.catalog.QueryFacadeCatalogIdentityTest	6	0	junit-jupiter	af52f11663bce3c424f2ef5f0811997f3d9ce5a6c0f611a91711c0a68880a9c2	0fe04b0aa637110c8ece261af7d071a6730dbb7ad4eaaae7e61fecb70ff7a8ef	4e9c6dceec3397a3620e41a4522542f1a05126973090f5c0c1c375c2eff64a65
foggy-dataset-model	v934-src|123:foggy-dataset-model/src/test/java/com/foggyframework/dataset/db/model/lifecycle/catalog/QueryModelAliasDeterminismTest.java	com.foggyframework.dataset.db.model.lifecycle.catalog.QueryModelAliasDeterminismTest	com.foggyframework.dataset.db.model.lifecycle.catalog.QueryModelAliasDeterminismTest	1	0	junit-jupiter	fe7c2dee130bc64d597d9a500b69f21eb17ff993ecd546a9eb309cba093dfe11	0fe04b0aa637110c8ece261af7d071a6730dbb7ad4eaaae7e61fecb70ff7a8ef	4e9c6dceec3397a3620e41a4522542f1a05126973090f5c0c1c375c2eff64a65
foggy-dataset-model	v934-src|125:foggy-dataset-model/src/test/java/com/foggyframework/dataset/db/model/lifecycle/catalog/QueryModelDiscoveryAuthorityTest.java	com.foggyframework.dataset.db.model.lifecycle.catalog.QueryModelDiscoveryAuthorityTest	com.foggyframework.dataset.db.model.lifecycle.catalog.QueryModelDiscoveryAuthorityTest	3	0	junit-jupiter	c2d5d5826afd3fbd0a4e8a8d8776c7ab97fc893867d1de9f4c35bc4ea6f70b4a	0fe04b0aa637110c8ece261af7d071a6730dbb7ad4eaaae7e61fecb70ff7a8ef	4e9c6dceec3397a3620e41a4522542f1a05126973090f5c0c1c375c2eff64a65
foggy-dataset-model	v934-src|128:foggy-dataset-model/src/test/java/com/foggyframework/dataset/db/model/lifecycle/catalog/SemanticMetadataCatalogIdentityTest.java	com.foggyframework.dataset.db.model.lifecycle.catalog.SemanticMetadataCatalogIdentityTest	com.foggyframework.dataset.db.model.lifecycle.catalog.SemanticMetadataCatalogIdentityTest	3	0	junit-jupiter	d15d7562a5b9c59b5cf3c58f415718ad3e9cb6e57c741824ee9d7425f1a36176	0fe04b0aa637110c8ece261af7d071a6730dbb7ad4eaaae7e61fecb70ff7a8ef	4e9c6dceec3397a3620e41a4522542f1a05126973090f5c0c1c375c2eff64a65
foggy-dataset-model	v934-src|113:foggy-dataset-model/src/test/java/com/foggyframework/dataset/db/model/lifecycle/concurrent/ModelBuildKeyTest.java	com.foggyframework.dataset.db.model.lifecycle.concurrent.ModelBuildKeyTest	com.foggyframework.dataset.db.model.lifecycle.concurrent.ModelBuildKeyTest	4	0	junit-jupiter	10672dd3f3e702a53eee30fe8bb91d4be78d853d75e04a7d6cd6893f2c2d96cf	0fe04b0aa637110c8ece261af7d071a6730dbb7ad4eaaae7e61fecb70ff7a8ef	4e9c6dceec3397a3620e41a4522542f1a05126973090f5c0c1c375c2eff64a65
foggy-dataset-model	v934-src|122:foggy-dataset-model/src/test/java/com/foggyframework/dataset/db/model/lifecycle/concurrent/ModelBuildSingleFlightTest.java	com.foggyframework.dataset.db.model.lifecycle.concurrent.ModelBuildSingleFlightTest	com.foggyframework.dataset.db.model.lifecycle.concurrent.ModelBuildSingleFlightTest	17	0	junit-jupiter	93b0d6db0b25c74266e3610fd3d4ee602198130ed9bf10d64c34c8578eed975d	0fe04b0aa637110c8ece261af7d071a6730dbb7ad4eaaae7e61fecb70ff7a8ef	4e9c6dceec3397a3620e41a4522542f1a05126973090f5c0c1c375c2eff64a65
foggy-dataset-model	v934-src|128:foggy-dataset-model/src/test/java/com/foggyframework/dataset/db/model/lifecycle/concurrent/QueryModelLoaderSingleFlightTest.java	com.foggyframework.dataset.db.model.lifecycle.concurrent.QueryModelLoaderSingleFlightTest	com.foggyframework.dataset.db.model.lifecycle.concurrent.QueryModelLoaderSingleFlightTest	3	0	junit-jupiter	e225f52eea50518d8cf40d9f76ec0ab405bf2584d96db6443b805bb72481d1e4	0fe04b0aa637110c8ece261af7d071a6730dbb7ad4eaaae7e61fecb70ff7a8ef	4e9c6dceec3397a3620e41a4522542f1a05126973090f5c0c1c375c2eff64a65
foggy-dataset-model	v934-src|128:foggy-dataset-model/src/test/java/com/foggyframework/dataset/db/model/lifecycle/concurrent/TableModelLoaderSingleFlightTest.java	com.foggyframework.dataset.db.model.lifecycle.concurrent.TableModelLoaderSingleFlightTest	com.foggyframework.dataset.db.model.lifecycle.concurrent.TableModelLoaderSingleFlightTest	4	0	junit-jupiter	cd158efd58ef934a9cf6e93921e20fccfed36c8e69c9d4612b4ea785cd013cc9	0fe04b0aa637110c8ece261af7d071a6730dbb7ad4eaaae7e61fecb70ff7a8ef	4e9c6dceec3397a3620e41a4522542f1a05126973090f5c0c1c375c2eff64a65
foggy-dataset-model	v934-src|128:foggy-dataset-model/src/test/java/com/foggyframework/dataset/db/model/lifecycle/gate/DeterministicConcurrencyHarnessProbeIT.java	com.foggyframework.dataset.db.model.lifecycle.gate.DeterministicConcurrencyHarnessProbeIT	com.foggyframework.dataset.db.model.lifecycle.gate.DeterministicConcurrencyHarnessProbeIT	1	0	junit-jupiter	24d0a81f0f5b4a3f2287b449a382d18e19eda451c72f9abcc62da424472181c0	0fe04b0aa637110c8ece261af7d071a6730dbb7ad4eaaae7e61fecb70ff7a8ef	4e9c6dceec3397a3620e41a4522542f1a05126973090f5c0c1c375c2eff64a65
foggy-dataset-model	v934-src|130:foggy-dataset-model/src/test/java/com/foggyframework/dataset/db/model/lifecycle/gate/DeterministicConcurrencyHarnessProbeTest.java	com.foggyframework.dataset.db.model.lifecycle.gate.DeterministicConcurrencyHarnessProbeTest	com.foggyframework.dataset.db.model.lifecycle.gate.DeterministicConcurrencyHarnessProbeTest	1	0	junit-jupiter	cb02d5905846d07db56cfeb6e0d0c960000cc4ccf246d26b30acda867b7d4bc6	0fe04b0aa637110c8ece261af7d071a6730dbb7ad4eaaae7e61fecb70ff7a8ef	4e9c6dceec3397a3620e41a4522542f1a05126973090f5c0c1c375c2eff64a65
foggy-dataset-model	v934-src|117:foggy-dataset-model/src/test/java/com/foggyframework/dataset/db/model/lifecycle/gate/RequiredDatabasePreflightIT.java	com.foggyframework.dataset.db.model.lifecycle.gate.RequiredDatabasePreflightIT	com.foggyframework.dataset.db.model.lifecycle.gate.RequiredDatabasePreflightIT	1	0	junit-jupiter	ebec028c0074f16b9444abf6be79af348ad9b46490c01246c51251d0071f2d20	0fe04b0aa637110c8ece261af7d071a6730dbb7ad4eaaae7e61fecb70ff7a8ef	4e9c6dceec3397a3620e41a4522542f1a05126973090f5c0c1c375c2eff64a65
foggy-dataset-model	v934-src|134:foggy-dataset-model/src/test/java/com/foggyframework/dataset/db/model/lifecycle/namespace/NamespaceProductionEntryRestorationTest.java	com.foggyframework.dataset.db.model.lifecycle.namespace.NamespaceProductionEntryRestorationTest	com.foggyframework.dataset.db.model.lifecycle.namespace.NamespaceProductionEntryRestorationTest	11	0	junit-jupiter	fc1776fe7edc087402a4736e862a579a787aacb5a78fcdb2aa1175b10449016c	0fe04b0aa637110c8ece261af7d071a6730dbb7ad4eaaae7e61fecb70ff7a8ef	4e9c6dceec3397a3620e41a4522542f1a05126973090f5c0c1c375c2eff64a65
foggy-dataset-model	v934-src|113:foggy-dataset-model/src/test/java/com/foggyframework/dataset/db/model/lifecycle/namespace/NamespaceScopeTest.java	com.foggyframework.dataset.db.model.lifecycle.namespace.NamespaceScopeTest	com.foggyframework.dataset.db.model.lifecycle.namespace.NamespaceScopeTest	9	0	junit-jupiter	168c5d215c00eb4a23e86cb1e2f5c9ae0451d431e28cfaf4dabc5f6356e9d127	0fe04b0aa637110c8ece261af7d071a6730dbb7ad4eaaae7e61fecb70ff7a8ef	4e9c6dceec3397a3620e41a4522542f1a05126973090f5c0c1c375c2eff64a65
foggy-dataset-model	v934-src|129:foggy-dataset-model/src/test/java/com/foggyframework/dataset/db/model/lifecycle/namespace/QueryModelLoaderNamespaceScopeTest.java	com.foggyframework.dataset.db.model.lifecycle.namespace.QueryModelLoaderNamespaceScopeTest	com.foggyframework.dataset.db.model.lifecycle.namespace.QueryModelLoaderNamespaceScopeTest	3	0	junit-jupiter	ad0062778c43d338b646cda41c5322a6ef408c313049f1180ce011252c9dde96	0fe04b0aa637110c8ece261af7d071a6730dbb7ad4eaaae7e61fecb70ff7a8ef	4e9c6dceec3397a3620e41a4522542f1a05126973090f5c0c1c375c2eff64a65
foggy-dataset-model	v934-src|128:foggy-dataset-model/src/test/java/com/foggyframework/dataset/db/model/lifecycle/namespace/SemanticServiceNamespaceScopeTest.java	com.foggyframework.dataset.db.model.lifecycle.namespace.SemanticServiceNamespaceScopeTest	com.foggyframework.dataset.db.model.lifecycle.namespace.SemanticServiceNamespaceScopeTest	2	0	junit-jupiter	357fb03e67195f188c185a043a57361e45d369b4ea9c069cdcc4d94fe0f84bc5	0fe04b0aa637110c8ece261af7d071a6730dbb7ad4eaaae7e61fecb70ff7a8ef	4e9c6dceec3397a3620e41a4522542f1a05126973090f5c0c1c375c2eff64a65
foggy-dataset-model	v934-src|130:foggy-dataset-model/src/test/java/com/foggyframework/dataset/db/model/lifecycle/port/DatasourceBindingResolverCurrentnessTest.java	com.foggyframework.dataset.db.model.lifecycle.port.DatasourceBindingResolverCurrentnessTest	com.foggyframework.dataset.db.model.lifecycle.port.DatasourceBindingResolverCurrentnessTest	2	0	junit-jupiter	18ef72128e07c71ad7db5d50090863edb26480d8b56ef39057dff0a1e07e1444	0fe04b0aa637110c8ece261af7d071a6730dbb7ad4eaaae7e61fecb70ff7a8ef	4e9c6dceec3397a3620e41a4522542f1a05126973090f5c0c1c375c2eff64a65
foggy-dataset-model	v934-src|120:foggy-dataset-model/src/test/java/com/foggyframework/dataset/db/model/lifecycle/realquery/ModelLifecycleRealQueryIT.java	com.foggyframework.dataset.db.model.lifecycle.realquery.ModelLifecycleRealQueryIT	com.foggyframework.dataset.db.model.lifecycle.realquery.ModelLifecycleRealQueryIT	4	0	junit-jupiter	a2fe25012fb3314dd8a8d639ed59474adf63f842113eb216465ae6808bb8a14f	0fe04b0aa637110c8ece261af7d071a6730dbb7ad4eaaae7e61fecb70ff7a8ef	4e9c6dceec3397a3620e41a4522542f1a05126973090f5c0c1c375c2eff64a65
foggy-dataset-model	v934-src|130:foggy-dataset-model/src/test/java/com/foggyframework/dataset/db/model/lifecycle/realquery/RequiredDatabaseQueryFacadeParityIT.java	com.foggyframework.dataset.db.model.lifecycle.realquery.RequiredDatabaseQueryFacadeParityIT	com.foggyframework.dataset.db.model.lifecycle.realquery.RequiredDatabaseQueryFacadeParityIT	1	0	junit-jupiter	2c7fef0b80ec8316b8c0fe1089b41bd0bc7ef4602ae5e35434cd9ce5ec22f590	0fe04b0aa637110c8ece261af7d071a6730dbb7ad4eaaae7e61fecb70ff7a8ef	4e9c6dceec3397a3620e41a4522542f1a05126973090f5c0c1c375c2eff64a65
foggy-dataset-model	v934-src|119:foggy-dataset-model/src/test/java/com/foggyframework/dataset/db/model/lifecycle/refresh/BundleLifecycleRefreshTest.java	com.foggyframework.dataset.db.model.lifecycle.refresh.BundleLifecycleRefreshTest	com.foggyframework.dataset.db.model.lifecycle.refresh.BundleLifecycleRefreshTest	3	0	junit-jupiter	bc359468280e6eb50f119b06ee7f79a5c7ee583bc6f6340f142d5659172b31f1	0fe04b0aa637110c8ece261af7d071a6730dbb7ad4eaaae7e61fecb70ff7a8ef	4e9c6dceec3397a3620e41a4522542f1a05126973090f5c0c1c375c2eff64a65
foggy-dataset-model	v934-src|121:foggy-dataset-model/src/test/java/com/foggyframework/dataset/db/model/lifecycle/refresh/CatalogAdmissionContractTest.java	com.foggyframework.dataset.db.model.lifecycle.refresh.CatalogAdmissionContractTest	com.foggyframework.dataset.db.model.lifecycle.refresh.CatalogAdmissionContractTest	4	0	junit-jupiter	f1aa1b8ee161876bc4f1d8c96efc497d250796047f5438d30054eef167a6b78a	0fe04b0aa637110c8ece261af7d071a6730dbb7ad4eaaae7e61fecb70ff7a8ef	4e9c6dceec3397a3620e41a4522542f1a05126973090f5c0c1c375c2eff64a65
foggy-dataset-model	v934-src|128:foggy-dataset-model/src/test/java/com/foggyframework/dataset/db/model/lifecycle/refresh/CatalogRefreshCandidateContractTest.java	com.foggyframework.dataset.db.model.lifecycle.refresh.CatalogRefreshCandidateContractTest	com.foggyframework.dataset.db.model.lifecycle.refresh.CatalogRefreshCandidateContractTest	4	0	junit-jupiter	098dd49b50382efed38bd70d4b73cc4cea92481b1f080387fd3d74a3dd8d567d	0fe04b0aa637110c8ece261af7d071a6730dbb7ad4eaaae7e61fecb70ff7a8ef	4e9c6dceec3397a3620e41a4522542f1a05126973090f5c0c1c375c2eff64a65
foggy-dataset-model	v934-src|130:foggy-dataset-model/src/test/java/com/foggyframework/dataset/db/model/lifecycle/refresh/CatalogRefreshCoordinatorBehaviorTest.java	com.foggyframework.dataset.db.model.lifecycle.refresh.CatalogRefreshCoordinatorBehaviorTest	com.foggyframework.dataset.db.model.lifecycle.refresh.CatalogRefreshCoordinatorBehaviorTest	13	0	junit-jupiter	77d38337b492669931447e57c77b0dcf879f65c38782ba2de2b8b89febbdf1cc	0fe04b0aa637110c8ece261af7d071a6730dbb7ad4eaaae7e61fecb70ff7a8ef	4e9c6dceec3397a3620e41a4522542f1a05126973090f5c0c1c375c2eff64a65
foggy-dataset-model	v934-src|130:foggy-dataset-model/src/test/java/com/foggyframework/dataset/db/model/lifecycle/refresh/CatalogRefreshCoordinatorContractTest.java	com.foggyframework.dataset.db.model.lifecycle.refresh.CatalogRefreshCoordinatorContractTest	com.foggyframework.dataset.db.model.lifecycle.refresh.CatalogRefreshCoordinatorContractTest	4	0	junit-jupiter	b124b68042e48a6514374d3e0e3aacf69e2596fc1cd6c6d1f53f8f96db1d4053	0fe04b0aa637110c8ece261af7d071a6730dbb7ad4eaaae7e61fecb70ff7a8ef	4e9c6dceec3397a3620e41a4522542f1a05126973090f5c0c1c375c2eff64a65
foggy-dataset-model	v934-src|114:foggy-dataset-model/src/test/java/com/foggyframework/dataset/db/model/lifecycle/refresh/CatalogRefreshQueryIT.java	com.foggyframework.dataset.db.model.lifecycle.refresh.CatalogRefreshQueryIT	com.foggyframework.dataset.db.model.lifecycle.refresh.CatalogRefreshQueryIT	2	0	junit-jupiter	651b8816dbdb51316f2917980aff55e0cc62f02bb3556c1218d41d8f1875f48d	0fe04b0aa637110c8ece261af7d071a6730dbb7ad4eaaae7e61fecb70ff7a8ef	4e9c6dceec3397a3620e41a4522542f1a05126973090f5c0c1c375c2eff64a65
foggy-dataset-model	v934-src|119:foggy-dataset-model/src/test/java/com/foggyframework/dataset/db/model/lifecycle/refresh/FileChangeRefreshScopeTest.java	com.foggyframework.dataset.db.model.lifecycle.refresh.FileChangeRefreshScopeTest	com.foggyframework.dataset.db.model.lifecycle.refresh.FileChangeRefreshScopeTest	4	0	junit-jupiter	4b04608fa61889aa51f567c42932ff2bc9d9049ee6ba1321c348a57e2478df1a	0fe04b0aa637110c8ece261af7d071a6730dbb7ad4eaaae7e61fecb70ff7a8ef	4e9c6dceec3397a3620e41a4522542f1a05126973090f5c0c1c375c2eff64a65
foggy-dataset-model	v934-src|105:foggy-dataset-model/src/test/java/com/foggyframework/dataset/db/model/multidb/MultiDatabaseQueryTest.java	com.foggyframework.dataset.db.model.multidb.MultiDatabaseQueryTest	com.foggyframework.dataset.db.model.multidb.MultiDatabaseQueryTest	18	0	junit-jupiter	e1ada7728494f8faa3841e18c1f9de3a33237e7aab12294c4a92851b7cf0b0ec	0fe04b0aa637110c8ece261af7d071a6730dbb7ad4eaaae7e61fecb70ff7a8ef	4e9c6dceec3397a3620e41a4522542f1a05126973090f5c0c1c375c2eff64a65
foggy-dataset-model	v934-src|105:foggy-dataset-model/src/test/java/com/foggyframework/dataset/db/model/namespace/NamespaceContextTest.java	com.foggyframework.dataset.db.model.namespace.NamespaceContextTest	com.foggyframework.dataset.db.model.namespace.NamespaceContextTest	7	0	junit-jupiter	009d05ba8e80fb6a445b7978f8d8617eeabea9ed90a102b7ffa91f6d1d49197b	0fe04b0aa637110c8ece261af7d071a6730dbb7ad4eaaae7e61fecb70ff7a8ef	4e9c6dceec3397a3620e41a4522542f1a05126973090f5c0c1c375c2eff64a65
foggy-dataset-model	v934-src|106:foggy-dataset-model/src/test/java/com/foggyframework/dataset/db/model/odoo/ClosureOperatorOrSliceTest.java	com.foggyframework.dataset.db.model.odoo.ClosureOperatorOrSliceTest	com.foggyframework.dataset.db.model.odoo.ClosureOperatorOrSliceTest	10	0	junit-jupiter	db77e9d0c39862e09750a6f26fbeec4380d3079f85ee57448eeaba0ba96dd439	0fe04b0aa637110c8ece261af7d071a6730dbb7ad4eaaae7e61fecb70ff7a8ef	4e9c6dceec3397a3620e41a4522542f1a05126973090f5c0c1c375c2eff64a65
foggy-dataset-model	v934-src|102:foggy-dataset-model/src/test/java/com/foggyframework/dataset/db/model/odoo/OdooHierarchyQueryTest.java	com.foggyframework.dataset.db.model.odoo.OdooHierarchyQueryTest	com.foggyframework.dataset.db.model.odoo.OdooHierarchyQueryTest	9	0	junit-jupiter	a2cef9947ad75cea60a9481478d8422d78a003fbd7c6f9128e98e70cbf672007	0fe04b0aa637110c8ece261af7d071a6730dbb7ad4eaaae7e61fecb70ff7a8ef	4e9c6dceec3397a3620e41a4522542f1a05126973090f5c0c1c375c2eff64a65
foggy-dataset-model	v934-src|108:foggy-dataset-model/src/test/java/com/foggyframework/dataset/db/model/odoo/OdooInvalidFieldRecoveryTest.java	com.foggyframework.dataset.db.model.odoo.OdooInvalidFieldRecoveryTest	com.foggyframework.dataset.db.model.odoo.OdooInvalidFieldRecoveryTest	14	0	junit-jupiter	468771cc49a6fe92019653e120a155eb18f92202cdb50635e97920442714684f	0fe04b0aa637110c8ece261af7d071a6730dbb7ad4eaaae7e61fecb70ff7a8ef	4e9c6dceec3397a3620e41a4522542f1a05126973090f5c0c1c375c2eff64a65
foggy-dataset-model	v934-src|100:foggy-dataset-model/src/test/java/com/foggyframework/dataset/db/model/odoo/OdooModelLoadingTest.java	com.foggyframework.dataset.db.model.odoo.OdooModelLoadingTest	com.foggyframework.dataset.db.model.odoo.OdooModelLoadingTest	38	0	junit-jupiter	d4403ca62bcd1b435303c11ff4f503c296de12cab4eb3ad8dbfbb4b4c805abed	0fe04b0aa637110c8ece261af7d071a6730dbb7ad4eaaae7e61fecb70ff7a8ef	4e9c6dceec3397a3620e41a4522542f1a05126973090f5c0c1c375c2eff64a65
foggy-dataset-model	v934-src|99:foggy-dataset-model/src/test/java/com/foggyframework/dataset/db/model/odoo/PermissionSliceTest.java	com.foggyframework.dataset.db.model.odoo.PermissionSliceTest	com.foggyframework.dataset.db.model.odoo.PermissionSliceTest	6	0	junit-jupiter	4cee29ebe581f891c7dc680f7311eeacd98e0bf123f3e5856d6addd5f664ccc2	0fe04b0aa637110c8ece261af7d071a6730dbb7ad4eaaae7e61fecb70ff7a8ef	4e9c6dceec3397a3620e41a4522542f1a05126973090f5c0c1c375c2eff64a65
foggy-dataset-model	v934-src|112:foggy-dataset-model/src/test/java/com/foggyframework/dataset/db/model/odoo/QueryErrorPhysicalColumnLeakTest.java	com.foggyframework.dataset.db.model.odoo.QueryErrorPhysicalColumnLeakTest	com.foggyframework.dataset.db.model.odoo.QueryErrorPhysicalColumnLeakTest	0	0	junit-jupiter	331e5ff70dce169d2790a0f7e48e1e7b198a3182529cbb9db9ed2c86ae481de7	0fe04b0aa637110c8ece261af7d071a6730dbb7ad4eaaae7e61fecb70ff7a8ef	4e9c6dceec3397a3620e41a4522542f1a05126973090f5c0c1c375c2eff64a65
foggy-dataset-model	v934-src|112:foggy-dataset-model/src/test/java/com/foggyframework/dataset/db/model/odoo/QueryErrorPhysicalColumnLeakTest.java	com.foggyframework.dataset.db.model.odoo.QueryErrorPhysicalColumnLeakTest	com.foggyframework.dataset.db.model.odoo.QueryErrorPhysicalColumnLeakTest$SanitizerContract	7	0	junit-jupiter	331e5ff70dce169d2790a0f7e48e1e7b198a3182529cbb9db9ed2c86ae481de7	0fe04b0aa637110c8ece261af7d071a6730dbb7ad4eaaae7e61fecb70ff7a8ef	4e9c6dceec3397a3620e41a4522542f1a05126973090f5c0c1c375c2eff64a65
foggy-dataset-model	v934-src|112:foggy-dataset-model/src/test/java/com/foggyframework/dataset/db/model/odoo/QueryErrorPhysicalColumnLeakTest.java	com.foggyframework.dataset.db.model.odoo.QueryErrorPhysicalColumnLeakTest	com.foggyframework.dataset.db.model.odoo.QueryErrorPhysicalColumnLeakTest$SchemaAwareFieldValidationRecovery	1	0	junit-jupiter	331e5ff70dce169d2790a0f7e48e1e7b198a3182529cbb9db9ed2c86ae481de7	0fe04b0aa637110c8ece261af7d071a6730dbb7ad4eaaae7e61fecb70ff7a8ef	4e9c6dceec3397a3620e41a4522542f1a05126973090f5c0c1c375c2eff64a65
foggy-dataset-model	v934-src|113:foggy-dataset-model/src/test/java/com/foggyframework/dataset/db/model/odoo/SelfReferencingDimensionAliasTest.java	com.foggyframework.dataset.db.model.odoo.SelfReferencingDimensionAliasTest	com.foggyframework.dataset.db.model.odoo.SelfReferencingDimensionAliasTest	5	0	junit-jupiter	dd776cae323c7db5a120aa43653c408af1ec1cff2deb1744a39d5e6b73e74cbf	0fe04b0aa637110c8ece261af7d071a6730dbb7ad4eaaae7e61fecb70ff7a8ef	4e9c6dceec3397a3620e41a4522542f1a05126973090f5c0c1c375c2eff64a65
foggy-dataset-model	v934-src|107:foggy-dataset-model/src/test/java/com/foggyframework/dataset/db/model/parity/FormulaParitySnapshotTest.java	com.foggyframework.dataset.db.model.parity.FormulaParitySnapshotTest	com.foggyframework.dataset.db.model.parity.FormulaParitySnapshotTest	5	0	junit-jupiter	82587317f72e6710d82deaea44ba81efc8a7dddc0a01fb945215d77de1572d22	0fe04b0aa637110c8ece261af7d071a6730dbb7ad4eaaae7e61fecb70ff7a8ef	4e9c6dceec3397a3620e41a4522542f1a05126973090f5c0c1c375c2eff64a65
foggy-dataset-model	v934-src|121:foggy-dataset-model/src/test/java/com/foggyframework/dataset/db/model/parity/JavaQueryModelAggregateJoinSnapshotTest.java	com.foggyframework.dataset.db.model.parity.JavaQueryModelAggregateJoinSnapshotTest	com.foggyframework.dataset.db.model.parity.JavaQueryModelAggregateJoinSnapshotTest	1	0	junit-jupiter	fe832f31ffe331b74851ea40dfd52b5061b341db8ec759b596e167dc22e507ce	0fe04b0aa637110c8ece261af7d071a6730dbb7ad4eaaae7e61fecb70ff7a8ef	4e9c6dceec3397a3620e41a4522542f1a05126973090f5c0c1c375c2eff64a65
foggy-dataset-model	v934-src|111:foggy-dataset-model/src/test/java/com/foggyframework/dataset/db/model/parity/JavaSemanticScaleSnapshotTest.java	com.foggyframework.dataset.db.model.parity.JavaSemanticScaleSnapshotTest	com.foggyframework.dataset.db.model.parity.JavaSemanticScaleSnapshotTest	1	0	junit-jupiter	8449e2be936349e419a15fa21260254fe94fc7a8705309c8dbebce87f2977d24	0fe04b0aa637110c8ece261af7d071a6730dbb7ad4eaaae7e61fecb70ff7a8ef	4e9c6dceec3397a3620e41a4522542f1a05126973090f5c0c1c375c2eff64a65
foggy-dataset-model	v934-src|122:foggy-dataset-model/src/test/java/com/foggyframework/dataset/db/model/parity/StableRelationOuterAggregateSnapshotTest.java	com.foggyframework.dataset.db.model.parity.StableRelationOuterAggregateSnapshotTest	com.foggyframework.dataset.db.model.parity.StableRelationOuterAggregateSnapshotTest	1	0	junit-jupiter	a6f3070ae6f1d0424ae699dccf007f25e821691cb5e075257d312670e4a31453	0fe04b0aa637110c8ece261af7d071a6730dbb7ad4eaaae7e61fecb70ff7a8ef	4e9c6dceec3397a3620e41a4522542f1a05126973090f5c0c1c375c2eff64a65
foggy-dataset-model	v934-src|119:foggy-dataset-model/src/test/java/com/foggyframework/dataset/db/model/parity/StableRelationOuterWindowSnapshotTest.java	com.foggyframework.dataset.db.model.parity.StableRelationOuterWindowSnapshotTest	com.foggyframework.dataset.db.model.parity.StableRelationOuterWindowSnapshotTest	1	0	junit-jupiter	b68b503f563066d3f58edcdf2a76217f0859df4b37dfcb8782176bc807f99b13	0fe04b0aa637110c8ece261af7d071a6730dbb7ad4eaaae7e61fecb70ff7a8ef	4e9c6dceec3397a3620e41a4522542f1a05126973090f5c0c1c375c2eff64a65
foggy-dataset-model	v934-src|108:foggy-dataset-model/src/test/java/com/foggyframework/dataset/db/model/parity/StableRelationSnapshotTest.java	com.foggyframework.dataset.db.model.parity.StableRelationSnapshotTest	com.foggyframework.dataset.db.model.parity.StableRelationSnapshotTest	2	0	junit-jupiter	014a5d21e6e285a8b1be178b5bd14c0e3ebe829b7de3d0de9bce90173338ea02	0fe04b0aa637110c8ece261af7d071a6730dbb7ad4eaaae7e61fecb70ff7a8ef	4e9c6dceec3397a3620e41a4522542f1a05126973090f5c0c1c375c2eff64a65
foggy-dataset-model	v934-src|110:foggy-dataset-model/src/test/java/com/foggyframework/dataset/db/model/parity/TimeWindowParitySnapshotTest.java	com.foggyframework.dataset.db.model.parity.TimeWindowParitySnapshotTest	com.foggyframework.dataset.db.model.parity.TimeWindowParitySnapshotTest	1	0	junit-jupiter	fb9b098ea0e3093e6ceb2294159219816c4e6d09f5d6589a80acf40c4212134d	0fe04b0aa637110c8ece261af7d071a6730dbb7ad4eaaae7e61fecb70ff7a8ef	4e9c6dceec3397a3620e41a4522542f1a05126973090f5c0c1c375c2eff64a65
foggy-dataset-model	v934-src|109:foggy-dataset-model/src/test/java/com/foggyframework/dataset/db/model/plugins/AutoGroupByIntegrationTest.java	com.foggyframework.dataset.db.model.plugins.AutoGroupByIntegrationTest	com.foggyframework.dataset.db.model.plugins.AutoGroupByIntegrationTest	18	0	junit-jupiter	1cbe239cce4da41e4fc011d7c88d25ef99e062311b785379d2a8d353227d8015	0fe04b0aa637110c8ece261af7d071a6730dbb7ad4eaaae7e61fecb70ff7a8ef	4e9c6dceec3397a3620e41a4522542f1a05126973090f5c0c1c375c2eff64a65
foggy-dataset-model	v934-src|102:foggy-dataset-model/src/test/java/com/foggyframework/dataset/db/model/plugins/AutoGroupByStepTest.java	com.foggyframework.dataset.db.model.plugins.AutoGroupByStepTest	com.foggyframework.dataset.db.model.plugins.AutoGroupByStepTest	11	0	junit-jupiter	ebb4f78ae028fb91ae2f0388938d3661ef4b0aac95b96a98f0b688db2eefd704	0fe04b0aa637110c8ece261af7d071a6730dbb7ad4eaaae7e61fecb70ff7a8ef	4e9c6dceec3397a3620e41a4522542f1a05126973090f5c0c1c375c2eff64a65
foggy-dataset-model	v934-src|110:foggy-dataset-model/src/test/java/com/foggyframework/dataset/db/model/plugins/HavingClauseIntegrationTest.java	com.foggyframework.dataset.db.model.plugins.HavingClauseIntegrationTest	com.foggyframework.dataset.db.model.plugins.HavingClauseIntegrationTest	10	0	junit-jupiter	c402657abed125b937ad5384092f432db5b65fc3eeb9b6bc499aeb5d895aeb30	0fe04b0aa637110c8ece261af7d071a6730dbb7ad4eaaae7e61fecb70ff7a8ef	4e9c6dceec3397a3620e41a4522542f1a05126973090f5c0c1c375c2eff64a65
foggy-dataset-model	v934-src|104:foggy-dataset-model/src/test/java/com/foggyframework/dataset/db/model/plugins/InlineParserDebugTest.java	com.foggyframework.dataset.db.model.plugins.InlineParserDebugTest	com.foggyframework.dataset.db.model.plugins.InlineParserDebugTest	1	0	junit-jupiter	addc31d5f7b5ae1c65eab5559b608b2e0b22a03c83f16071dbc624356726dadc	0fe04b0aa637110c8ece261af7d071a6730dbb7ad4eaaae7e61fecb70ff7a8ef	4e9c6dceec3397a3620e41a4522542f1a05126973090f5c0c1c375c2eff64a65
foggy-dataset-model	v934-src|113:foggy-dataset-model/src/test/java/com/foggyframework/dataset/db/model/plugins/QueryRequestValidationStepTest.java	com.foggyframework.dataset.db.model.plugins.QueryRequestValidationStepTest	com.foggyframework.dataset.db.model.plugins.QueryRequestValidationStepTest	29	0	junit-jupiter	f933b3fd6e04eacf4f40c71b9c077f943ac33f2631ba25f9849199a05c6479cf	0fe04b0aa637110c8ece261af7d071a6730dbb7ad4eaaae7e61fecb70ff7a8ef	4e9c6dceec3397a3620e41a4522542f1a05126973090f5c0c1c375c2eff64a65
foggy-dataset-model	v934-src|137:foggy-dataset-model/src/test/java/com/foggyframework/dataset/db/model/plugins/query_execution/QueryExecutionStepExecutorLoopHookTest.java	com.foggyframework.dataset.db.model.plugins.query_execution.QueryExecutionStepExecutorLoopHookTest	com.foggyframework.dataset.db.model.plugins.query_execution.QueryExecutionStepExecutorLoopHookTest	8	0	junit-jupiter	9fa3d2c5707ecd0b4bd4a11f48a088dc116c4845dd486b3ef38bb576d42bddcf	0fe04b0aa637110c8ece261af7d071a6730dbb7ad4eaaae7e61fecb70ff7a8ef	4e9c6dceec3397a3620e41a4522542f1a05126973090f5c0c1c375c2eff64a65
foggy-dataset-model	v934-src|134:foggy-dataset-model/src/test/java/com/foggyframework/dataset/db/model/plugins/query_execution/QueryExecutionStepExecutorPhaseTest.java	com.foggyframework.dataset.db.model.plugins.query_execution.QueryExecutionStepExecutorPhaseTest	com.foggyframework.dataset.db.model.plugins.query_execution.QueryExecutionStepExecutorPhaseTest	1	0	junit-jupiter	8e12b72f7af43223a966f69c86247476c08f4c551e2749c58e3e734eefc8c61c	0fe04b0aa637110c8ece261af7d071a6730dbb7ad4eaaae7e61fecb70ff7a8ef	4e9c6dceec3397a3620e41a4522542f1a05126973090f5c0c1c375c2eff64a65
foggy-dataset-model	v934-src|129:foggy-dataset-model/src/test/java/com/foggyframework/dataset/db/model/plugins/query_execution/QueryExecutionStepOrderingTest.java	com.foggyframework.dataset.db.model.plugins.query_execution.QueryExecutionStepOrderingTest	com.foggyframework.dataset.db.model.plugins.query_execution.QueryExecutionStepOrderingTest	6	0	junit-jupiter	af3294bed2251847e750b804166702c9bcaf055b35b735f26055d170eebad32f	0fe04b0aa637110c8ece261af7d071a6730dbb7ad4eaaae7e61fecb70ff7a8ef	4e9c6dceec3397a3620e41a4522542f1a05126973090f5c0c1c375c2eff64a65
foggy-dataset-model	v934-src|138:foggy-dataset-model/src/test/java/com/foggyframework/dataset/db/model/plugins/result_set_filter/DataSetResultStepExecutorOrderingTest.java	com.foggyframework.dataset.db.model.plugins.result_set_filter.DataSetResultStepExecutorOrderingTest	com.foggyframework.dataset.db.model.plugins.result_set_filter.DataSetResultStepExecutorOrderingTest	7	0	junit-jupiter	e1d9e1f5461851684e132ea5d43e40ab51965587713ddcdfef2fd8318634855d	0fe04b0aa637110c8ece261af7d071a6730dbb7ad4eaaae7e61fecb70ff7a8ef	4e9c6dceec3397a3620e41a4522542f1a05126973090f5c0c1c375c2eff64a65
foggy-dataset-model	v934-src|130:foggy-dataset-model/src/test/java/com/foggyframework/dataset/db/model/plugins/result_set_filter/FieldAccessPermissionStepTest.java	com.foggyframework.dataset.db.model.plugins.result_set_filter.FieldAccessPermissionStepTest	com.foggyframework.dataset.db.model.plugins.result_set_filter.FieldAccessPermissionStepTest	30	0	junit-jupiter	4ba455b09ddd9e92a8bccbee30245702de1d3c578cc05a616d2903c35e42da13	0fe04b0aa637110c8ece261af7d071a6730dbb7ad4eaaae7e61fecb70ff7a8ef	4e9c6dceec3397a3620e41a4522542f1a05126973090f5c0c1c375c2eff64a65
foggy-dataset-model	v934-src|135:foggy-dataset-model/src/test/java/com/foggyframework/dataset/db/model/plugins/result_set_filter/InlineExpressionPreprocessStepTest.java	com.foggyframework.dataset.db.model.plugins.result_set_filter.InlineExpressionPreprocessStepTest	com.foggyframework.dataset.db.model.plugins.result_set_filter.InlineExpressionPreprocessStepTest	5	0	junit-jupiter	5d3943643fc575eada47f1957ec2cc07513b21c6937c41ebb3ffaff56e0d00db	0fe04b0aa637110c8ece261af7d071a6730dbb7ad4eaaae7e61fecb70ff7a8ef	4e9c6dceec3397a3620e41a4522542f1a05126973090f5c0c1c375c2eff64a65
foggy-dataset-model	v934-src|130:foggy-dataset-model/src/test/java/com/foggyframework/dataset/db/model/plugins/result_set_filter/SchemaAwareCalcFieldAliasTest.java	com.foggyframework.dataset.db.model.plugins.result_set_filter.SchemaAwareCalcFieldAliasTest	com.foggyframework.dataset.db.model.plugins.result_set_filter.SchemaAwareCalcFieldAliasTest	0	0	junit-jupiter	d8fc8f2ac742f134ad7824b5f81f3c4a6b26e2052510eb82c539520ee1fd4d85	0fe04b0aa637110c8ece261af7d071a6730dbb7ad4eaaae7e61fecb70ff7a8ef	4e9c6dceec3397a3620e41a4522542f1a05126973090f5c0c1c375c2eff64a65
foggy-dataset-model	v934-src|130:foggy-dataset-model/src/test/java/com/foggyframework/dataset/db/model/plugins/result_set_filter/SchemaAwareCalcFieldAliasTest.java	com.foggyframework.dataset.db.model.plugins.result_set_filter.SchemaAwareCalcFieldAliasTest	com.foggyframework.dataset.db.model.plugins.result_set_filter.SchemaAwareCalcFieldAliasTest$NonTimeWindowCalcAlias	2	0	junit-jupiter	d8fc8f2ac742f134ad7824b5f81f3c4a6b26e2052510eb82c539520ee1fd4d85	0fe04b0aa637110c8ece261af7d071a6730dbb7ad4eaaae7e61fecb70ff7a8ef	4e9c6dceec3397a3620e41a4522542f1a05126973090f5c0c1c375c2eff64a65
foggy-dataset-model	v934-src|130:foggy-dataset-model/src/test/java/com/foggyframework/dataset/db/model/plugins/result_set_filter/SchemaAwareCalcFieldAliasTest.java	com.foggyframework.dataset.db.model.plugins.result_set_filter.SchemaAwareCalcFieldAliasTest	com.foggyframework.dataset.db.model.plugins.result_set_filter.SchemaAwareCalcFieldAliasTest$StillRejected	2	0	junit-jupiter	d8fc8f2ac742f134ad7824b5f81f3c4a6b26e2052510eb82c539520ee1fd4d85	0fe04b0aa637110c8ece261af7d071a6730dbb7ad4eaaae7e61fecb70ff7a8ef	4e9c6dceec3397a3620e41a4522542f1a05126973090f5c0c1c375c2eff64a65
foggy-dataset-model	v934-src|130:foggy-dataset-model/src/test/java/com/foggyframework/dataset/db/model/plugins/result_set_filter/SchemaAwareCalcFieldAliasTest.java	com.foggyframework.dataset.db.model.plugins.result_set_filter.SchemaAwareCalcFieldAliasTest	com.foggyframework.dataset.db.model.plugins.result_set_filter.SchemaAwareCalcFieldAliasTest$TimeWindowCalcAlias	3	0	junit-jupiter	d8fc8f2ac742f134ad7824b5f81f3c4a6b26e2052510eb82c539520ee1fd4d85	0fe04b0aa637110c8ece261af7d071a6730dbb7ad4eaaae7e61fecb70ff7a8ef	4e9c6dceec3397a3620e41a4522542f1a05126973090f5c0c1c375c2eff64a65
foggy-dataset-model	v934-src|114:foggy-dataset-model/src/test/java/com/foggyframework/dataset/db/model/preagg/PreAggregationDataValidationTest.java	com.foggyframework.dataset.db.model.preagg.PreAggregationDataValidationTest	com.foggyframework.dataset.db.model.preagg.PreAggregationDataValidationTest	9	0	junit-jupiter	097b2f66f143559f51ea064cddcb39b1be609b817d03d65953bf2237e419897e	0fe04b0aa637110c8ece261af7d071a6730dbb7ad4eaaae7e61fecb70ff7a8ef	4e9c6dceec3397a3620e41a4522542f1a05126973090f5c0c1c375c2eff64a65
foggy-dataset-model	v934-src|108:foggy-dataset-model/src/test/java/com/foggyframework/dataset/db/model/preagg/PreAggregationEdgeCaseTest.java	com.foggyframework.dataset.db.model.preagg.PreAggregationEdgeCaseTest	com.foggyframework.dataset.db.model.preagg.PreAggregationEdgeCaseTest	17	0	junit-jupiter	b2d262cb4567778224f3ef77f71dceb612306180be5b85a946831c463c620e73	0fe04b0aa637110c8ece261af7d071a6730dbb7ad4eaaae7e61fecb70ff7a8ef	4e9c6dceec3397a3620e41a4522542f1a05126973090f5c0c1c375c2eff64a65
foggy-dataset-model	v934-src|111:foggy-dataset-model/src/test/java/com/foggyframework/dataset/db/model/preagg/PreAggregationIntegrationTest.java	com.foggyframework.dataset.db.model.preagg.PreAggregationIntegrationTest	com.foggyframework.dataset.db.model.preagg.PreAggregationIntegrationTest	24	0	junit-jupiter	6ffd5393d464c093907d66063f0c6a9f668f5947950341a100cdb8caf249d899	0fe04b0aa637110c8ece261af7d071a6730dbb7ad4eaaae7e61fecb70ff7a8ef	4e9c6dceec3397a3620e41a4522542f1a05126973090f5c0c1c375c2eff64a65
foggy-dataset-model	v934-src|118:foggy-dataset-model/src/test/java/com/foggyframework/dataset/db/model/preagg/PreAggregationL2CacheIntegrationTest.java	com.foggyframework.dataset.db.model.preagg.PreAggregationL2CacheIntegrationTest	com.foggyframework.dataset.db.model.preagg.PreAggregationL2CacheIntegrationTest	1	0	junit-jupiter	1702c7bb8767efcbe307e7aa204b376a3c4d5e6ab7e61c5322ac80826c99ff56	0fe04b0aa637110c8ece261af7d071a6730dbb7ad4eaaae7e61fecb70ff7a8ef	4e9c6dceec3397a3620e41a4522542f1a05126973090f5c0c1c375c2eff64a65
foggy-dataset-model	v934-src|99:foggy-dataset-model/src/test/java/com/foggyframework/dataset/db/model/proxy/DimensionProxyTest.java	com.foggyframework.dataset.db.model.proxy.DimensionProxyTest	com.foggyframework.dataset.db.model.proxy.DimensionProxyTest	10	0	junit-jupiter	bb29725f108e87311ea898f76351adc24f5b5e4c8e5ee5d8476cfd2076260cdd	0fe04b0aa637110c8ece261af7d071a6730dbb7ad4eaaae7e61fecb70ff7a8ef	4e9c6dceec3397a3620e41a4522542f1a05126973090f5c0c1c375c2eff64a65
foggy-dataset-model	v934-src|100:foggy-dataset-model/src/test/java/com/foggyframework/dataset/db/model/proxy/TableModelProxyTest.java	com.foggyframework.dataset.db.model.proxy.TableModelProxyTest	com.foggyframework.dataset.db.model.proxy.TableModelProxyTest	24	0	junit-jupiter	4bbebc76df0bf5bfc7705b535db28cccf8793e22b92149f4f120e76f523c26e4	0fe04b0aa637110c8ece261af7d071a6730dbb7ad4eaaae7e61fecb70ff7a8ef	4e9c6dceec3397a3620e41a4522542f1a05126973090f5c0c1c375c2eff64a65
foggy-dataset-model	v934-src|103:foggy-dataset-model/src/test/java/com/foggyframework/dataset/db/model/security/FormulaSecurityTest.java	com.foggyframework.dataset.db.model.security.FormulaSecurityTest	com.foggyframework.dataset.db.model.security.FormulaSecurityTest	14	0	junit-jupiter	fef4dffb62edcbba5983350aa5e7bac591caccb5271e0d996001536a74286daa	0fe04b0aa637110c8ece261af7d071a6730dbb7ad4eaaae7e61fecb70ff7a8ef	4e9c6dceec3397a3620e41a4522542f1a05126973090f5c0c1c375c2eff64a65
foggy-dataset-model	v934-src|119:foggy-dataset-model/src/test/java/com/foggyframework/dataset/db/model/semantic/ComparativeExecutionIntegrationTest.java	com.foggyframework.dataset.db.model.semantic.ComparativeExecutionIntegrationTest	com.foggyframework.dataset.db.model.semantic.ComparativeExecutionIntegrationTest	2	0	junit-jupiter	eb8660ebca323fb459f3e40c4907d4002215fbe99352967d27098f740ef91b27	0fe04b0aa637110c8ece261af7d071a6730dbb7ad4eaaae7e61fecb70ff7a8ef	4e9c6dceec3397a3620e41a4522542f1a05126973090f5c0c1c375c2eff64a65
foggy-dataset-model	v934-src|122:foggy-dataset-model/src/test/java/com/foggyframework/dataset/db/model/semantic/DictionaryDiscoveryMetadataFailureTest.java	com.foggyframework.dataset.db.model.semantic.DictionaryDiscoveryMetadataFailureTest	com.foggyframework.dataset.db.model.semantic.DictionaryDiscoveryMetadataFailureTest	1	0	junit-jupiter	b1e858d3d163303b96941f21e72f59cc50a02a3d9f84d66c83714b69fd9494bb	0fe04b0aa637110c8ece261af7d071a6730dbb7ad4eaaae7e61fecb70ff7a8ef	4e9c6dceec3397a3620e41a4522542f1a05126973090f5c0c1c375c2eff64a65
foggy-dataset-model	v934-src|115:foggy-dataset-model/src/test/java/com/foggyframework/dataset/db/model/semantic/DictionaryDiscoveryMetadataTest.java	com.foggyframework.dataset.db.model.semantic.DictionaryDiscoveryMetadataTest	com.foggyframework.dataset.db.model.semantic.DictionaryDiscoveryMetadataTest	3	0	junit-jupiter	33ce54c7023972478847de1bed97a8286a0eeb954a9f169c46e85c091267d6f0	0fe04b0aa637110c8ece261af7d071a6730dbb7ad4eaaae7e61fecb70ff7a8ef	4e9c6dceec3397a3620e41a4522542f1a05126973090f5c0c1c375c2eff64a65
foggy-dataset-model	v934-src|110:foggy-dataset-model/src/test/java/com/foggyframework/dataset/db/model/semantic/DslCteAcceptanceSampleTest.java	com.foggyframework.dataset.db.model.semantic.DslCteAcceptanceSampleTest	com.foggyframework.dataset.db.model.semantic.DslCteAcceptanceSampleTest	185	0	junit-jupiter	55ad556a1721af730371cb2a4809167585e1a6fc72de29aca6b2a53df716fab0	0fe04b0aa637110c8ece261af7d071a6730dbb7ad4eaaae7e61fecb70ff7a8ef	4e9c6dceec3397a3620e41a4522542f1a05126973090f5c0c1c375c2eff64a65
foggy-dataset-model	v934-src|121:foggy-dataset-model/src/test/java/com/foggyframework/dataset/db/model/semantic/DslCteCrmFunnelFixtureIntegrationTest.java	com.foggyframework.dataset.db.model.semantic.DslCteCrmFunnelFixtureIntegrationTest	com.foggyframework.dataset.db.model.semantic.DslCteCrmFunnelFixtureIntegrationTest	14	0	junit-jupiter	90aa0b57c835f3cf3cecb1e1dade89b363cfce0c3c90e12de8fea74a24bb95e3	0fe04b0aa637110c8ece261af7d071a6730dbb7ad4eaaae7e61fecb70ff7a8ef	4e9c6dceec3397a3620e41a4522542f1a05126973090f5c0c1c375c2eff64a65
foggy-dataset-model	v934-src|126:foggy-dataset-model/src/test/java/com/foggyframework/dataset/db/model/semantic/DslCteRelationMetricFixtureIntegrationTest.java	com.foggyframework.dataset.db.model.semantic.DslCteRelationMetricFixtureIntegrationTest	com.foggyframework.dataset.db.model.semantic.DslCteRelationMetricFixtureIntegrationTest	9	0	junit-jupiter	ab3855aadb4541e48cc0b0a6a9d1d9c1384c2000535da42a87d10985e7a54c35	0fe04b0aa637110c8ece261af7d071a6730dbb7ad4eaaae7e61fecb70ff7a8ef	4e9c6dceec3397a3620e41a4522542f1a05126973090f5c0c1c375c2eff64a65
foggy-dataset-model	v934-src|122:foggy-dataset-model/src/test/java/com/foggyframework/dataset/db/model/semantic/DslCteResultStageWindowIntegrationTest.java	com.foggyframework.dataset.db.model.semantic.DslCteResultStageWindowIntegrationTest	com.foggyframework.dataset.db.model.semantic.DslCteResultStageWindowIntegrationTest	1	0	junit-jupiter	cd3cb58998ca395e4f6bd4abb6e50d7e7866a52209acfb5470ac658987bae5d5	0fe04b0aa637110c8ece261af7d071a6730dbb7ad4eaaae7e61fecb70ff7a8ef	4e9c6dceec3397a3620e41a4522542f1a05126973090f5c0c1c375c2eff64a65
foggy-dataset-model	v934-src|115:foggy-dataset-model/src/test/java/com/foggyframework/dataset/db/model/semantic/DslCteSlaFixtureIntegrationTest.java	com.foggyframework.dataset.db.model.semantic.DslCteSlaFixtureIntegrationTest	com.foggyframework.dataset.db.model.semantic.DslCteSlaFixtureIntegrationTest	14	0	junit-jupiter	211c9c6eee0e87c29cdc363d8893e9f7f6b52d36e0c8c20716aa47ca0a861ceb	0fe04b0aa637110c8ece261af7d071a6730dbb7ad4eaaae7e61fecb70ff7a8ef	4e9c6dceec3397a3620e41a4522542f1a05126973090f5c0c1c375c2eff64a65
foggy-dataset-model	v934-src|102:foggy-dataset-model/src/test/java/com/foggyframework/dataset/db/model/semantic/ExportMarkdownTest.java	com.foggyframework.dataset.db.model.semantic.ExportMarkdownTest	com.foggyframework.dataset.db.model.semantic.ExportMarkdownTest	1	0	junit-jupiter	658ca7f3a9aad867077495a4e4ca378a1bf91edaea1127c81303e9b6f7db885e	0fe04b0aa637110c8ece261af7d071a6730dbb7ad4eaaae7e61fecb70ff7a8ef	4e9c6dceec3397a3620e41a4522542f1a05126973090f5c0c1c375c2eff64a65
foggy-dataset-model	v934-src|112:foggy-dataset-model/src/test/java/com/foggyframework/dataset/db/model/semantic/GridSqlContractValidatorTest.java	com.foggyframework.dataset.db.model.semantic.GridSqlContractValidatorTest	com.foggyframework.dataset.db.model.semantic.GridSqlContractValidatorTest	7	0	junit-jupiter	ccdfd1ffd39ae778f6aa0a8872157c013625dfc01f1ab8e8cc9d3f5b648c9d75	0fe04b0aa637110c8ece261af7d071a6730dbb7ad4eaaae7e61fecb70ff7a8ef	4e9c6dceec3397a3620e41a4522542f1a05126973090f5c0c1c375c2eff64a65
foggy-dataset-model	v934-src|117:foggy-dataset-model/src/test/java/com/foggyframework/dataset/db/model/semantic/MemoryGridEngineSpiFailClosedTest.java	com.foggyframework.dataset.db.model.semantic.MemoryGridEngineSpiFailClosedTest	com.foggyframework.dataset.db.model.semantic.MemoryGridEngineSpiFailClosedTest	7	0	junit-jupiter	f5f3e5798d0d2eeb25a0d6f82ccf4712b3ce48f7039eea8235b1960642bcd25d	0fe04b0aa637110c8ece261af7d071a6730dbb7ad4eaaae7e61fecb70ff7a8ef	4e9c6dceec3397a3620e41a4522542f1a05126973090f5c0c1c375c2eff64a65
foggy-dataset-model	v934-src|124:foggy-dataset-model/src/test/java/com/foggyframework/dataset/db/model/semantic/RealModelDictionaryDiscoveryMetadataTest.java	com.foggyframework.dataset.db.model.semantic.RealModelDictionaryDiscoveryMetadataTest	com.foggyframework.dataset.db.model.semantic.RealModelDictionaryDiscoveryMetadataTest	3	0	junit-jupiter	75743a25b86bf0f8dd16fd6958c70a5a3eadd686db0b50607795567791f5314e	0fe04b0aa637110c8ece261af7d071a6730dbb7ad4eaaae7e61fecb70ff7a8ef	4e9c6dceec3397a3620e41a4522542f1a05126973090f5c0c1c375c2eff64a65
foggy-dataset-model	v934-src|126:foggy-dataset-model/src/test/java/com/foggyframework/dataset/db/model/semantic/SemanticQueryServiceV3ValidatePipelineTest.java	com.foggyframework.dataset.db.model.semantic.SemanticQueryServiceV3ValidatePipelineTest	com.foggyframework.dataset.db.model.semantic.SemanticQueryServiceV3ValidatePipelineTest	4	0	junit-jupiter	e5ad45612314beebef91ee3688c0cb562fbe27e7ba2f08c989700da857b91d14	0fe04b0aa637110c8ece261af7d071a6730dbb7ad4eaaae7e61fecb70ff7a8ef	4e9c6dceec3397a3620e41a4522542f1a05126973090f5c0c1c375c2eff64a65
foggy-dataset-model	v934-src|111:foggy-dataset-model/src/test/java/com/foggyframework/dataset/db/model/semantic/SemanticQueryValidationTest.java	com.foggyframework.dataset.db.model.semantic.SemanticQueryValidationTest	com.foggyframework.dataset.db.model.semantic.SemanticQueryValidationTest	15	0	junit-jupiter	cf7ce875a39c7d629057de8a9e1864770ea3583374f3301fd9a04d3263994b24	0fe04b0aa637110c8ece261af7d071a6730dbb7ad4eaaae7e61fecb70ff7a8ef	4e9c6dceec3397a3620e41a4522542f1a05126973090f5c0c1c375c2eff64a65
foggy-dataset-model	v934-src|122:foggy-dataset-model/src/test/java/com/foggyframework/dataset/db/model/semantic/SemanticServiceV3MetadataLoadIssueTest.java	com.foggyframework.dataset.db.model.semantic.SemanticServiceV3MetadataLoadIssueTest	com.foggyframework.dataset.db.model.semantic.SemanticServiceV3MetadataLoadIssueTest	5	0	junit-jupiter	92e96d2d05bc4b648db526601ecb1f69382f6de6c83b10ed72c231a7ab4c5245	0fe04b0aa637110c8ece261af7d071a6730dbb7ad4eaaae7e61fecb70ff7a8ef	4e9c6dceec3397a3620e41a4522542f1a05126973090f5c0c1c375c2eff64a65
foggy-dataset-model	v934-src|125:foggy-dataset-model/src/test/java/com/foggyframework/dataset/db/model/semantic/SemanticServiceV3MultiModelGovernanceTest.java	com.foggyframework.dataset.db.model.semantic.SemanticServiceV3MultiModelGovernanceTest	com.foggyframework.dataset.db.model.semantic.SemanticServiceV3MultiModelGovernanceTest	7	0	junit-jupiter	be3914675b5e5099ea72fac51cc4647bcae35375a0fdf335eedebe4c052b9f83	0fe04b0aa637110c8ece261af7d071a6730dbb7ad4eaaae7e61fecb70ff7a8ef	4e9c6dceec3397a3620e41a4522542f1a05126973090f5c0c1c375c2eff64a65
foggy-dataset-model	v934-src|105:foggy-dataset-model/src/test/java/com/foggyframework/dataset/db/model/semantic/SemanticServiceV3Test.java	com.foggyframework.dataset.db.model.semantic.SemanticServiceV3Test	com.foggyframework.dataset.db.model.semantic.SemanticServiceV3Test	14	0	junit-jupiter	4c6d898c8a41a8d5329e4cb3011acf641d031b165e9c91388bdfa6a16427e807	0fe04b0aa637110c8ece261af7d071a6730dbb7ad4eaaae7e61fecb70ff7a8ef	4e9c6dceec3397a3620e41a4522542f1a05126973090f5c0c1c375c2eff64a65
foggy-dataset-model	v934-src|105:foggy-dataset-model/src/test/java/com/foggyframework/dataset/db/model/semantic/SemanticServiceV3Test.java	com.foggyframework.dataset.db.model.semantic.SemanticServiceV3Test	com.foggyframework.dataset.db.model.semantic.SemanticServiceV3Test$MetadataFieldAccessTests	5	0	junit-jupiter	4c6d898c8a41a8d5329e4cb3011acf641d031b165e9c91388bdfa6a16427e807	0fe04b0aa637110c8ece261af7d071a6730dbb7ad4eaaae7e61fecb70ff7a8ef	4e9c6dceec3397a3620e41a4522542f1a05126973090f5c0c1c375c2eff64a65
foggy-dataset-model	v934-src|105:foggy-dataset-model/src/test/java/com/foggyframework/dataset/db/model/semantic/SemanticServiceV3Test.java	com.foggyframework.dataset.db.model.semantic.SemanticServiceV3Test	com.foggyframework.dataset.db.model.semantic.SemanticServiceV3Test$MetadataPhysicalTablesTests	4	0	junit-jupiter	4c6d898c8a41a8d5329e4cb3011acf641d031b165e9c91388bdfa6a16427e807	0fe04b0aa637110c8ece261af7d071a6730dbb7ad4eaaae7e61fecb70ff7a8ef	4e9c6dceec3397a3620e41a4522542f1a05126973090f5c0c1c375c2eff64a65
foggy-dataset-model	v934-src|115:foggy-dataset-model/src/test/java/com/foggyframework/dataset/db/model/semantic/SemanticSqlAcceptanceSampleTest.java	com.foggyframework.dataset.db.model.semantic.SemanticSqlAcceptanceSampleTest	com.foggyframework.dataset.db.model.semantic.SemanticSqlAcceptanceSampleTest	1	0	junit-jupiter	2acbc29f010ccdd5d2419f1b53812479e66894afa3d1902eaee9cd5521a1f3af	0fe04b0aa637110c8ece261af7d071a6730dbb7ad4eaaae7e61fecb70ff7a8ef	4e9c6dceec3397a3620e41a4522542f1a05126973090f5c0c1c375c2eff64a65
foggy-dataset-model	v934-src|110:foggy-dataset-model/src/test/java/com/foggyframework/dataset/db/model/semantic/SemanticSqlToDslMapperTest.java	com.foggyframework.dataset.db.model.semantic.SemanticSqlToDslMapperTest	com.foggyframework.dataset.db.model.semantic.SemanticSqlToDslMapperTest	6	0	junit-jupiter	6dfcef310a9dab8c4ed82988c4b86a9cd39cf6f2d025bec90d0c3f4e389b731e	0fe04b0aa637110c8ece261af7d071a6730dbb7ad4eaaae7e61fecb70ff7a8ef	4e9c6dceec3397a3620e41a4522542f1a05126973090f5c0c1c375c2eff64a65
foggy-dataset-model	v934-src|117:foggy-dataset-model/src/test/java/com/foggyframework/dataset/db/model/semantic/SemanticSqlWhitelistValidatorTest.java	com.foggyframework.dataset.db.model.semantic.SemanticSqlWhitelistValidatorTest	com.foggyframework.dataset.db.model.semantic.SemanticSqlWhitelistValidatorTest	13	0	junit-jupiter	d7da39f2a122fad0826f49d365485daec01d5f0f49200cf1369d8f81506cca81	0fe04b0aa637110c8ece261af7d071a6730dbb7ad4eaaae7e61fecb70ff7a8ef	4e9c6dceec3397a3620e41a4522542f1a05126973090f5c0c1c375c2eff64a65
foggy-dataset-model	v934-src|120:foggy-dataset-model/src/test/java/com/foggyframework/dataset/db/model/semantic/SemanticTerminalAcceptanceSampleTest.java	com.foggyframework.dataset.db.model.semantic.SemanticTerminalAcceptanceSampleTest	com.foggyframework.dataset.db.model.semantic.SemanticTerminalAcceptanceSampleTest	2	0	junit-jupiter	928d6359632e57a0c8f6356e941071fa66b8ecc0f408283a86188dd37bbac0af	0fe04b0aa637110c8ece261af7d071a6730dbb7ad4eaaae7e61fecb70ff7a8ef	4e9c6dceec3397a3620e41a4522542f1a05126973090f5c0c1c375c2eff64a65
foggy-dataset-model	v934-src|108:foggy-dataset-model/src/test/java/com/foggyframework/dataset/db/model/semantic/SemanticTerminalPlanTest.java	com.foggyframework.dataset.db.model.semantic.SemanticTerminalPlanTest	com.foggyframework.dataset.db.model.semantic.SemanticTerminalPlanTest	3	0	junit-jupiter	6b896eb64b65b8a69123ea12bffae33287226369192812c9c07e3de0b1859c65	0fe04b0aa637110c8ece261af7d071a6730dbb7ad4eaaae7e61fecb70ff7a8ef	4e9c6dceec3397a3620e41a4522542f1a05126973090f5c0c1c375c2eff64a65
foggy-dataset-model	v934-src|116:foggy-dataset-model/src/test/java/com/foggyframework/dataset/db/model/semantic/StrictBareDimensionRejectionTest.java	com.foggyframework.dataset.db.model.semantic.StrictBareDimensionRejectionTest	com.foggyframework.dataset.db.model.semantic.StrictBareDimensionRejectionTest	5	0	junit-jupiter	cfa2c7ba4134a9716225fae451d880f3d44c55b9f4a521f1e98027f2c99b8926	0fe04b0aa637110c8ece261af7d071a6730dbb7ad4eaaae7e61fecb70ff7a8ef	4e9c6dceec3397a3620e41a4522542f1a05126973090f5c0c1c375c2eff64a65
foggy-dataset-model	v934-src|118:foggy-dataset-model/src/test/java/com/foggyframework/dataset/db/model/semantic/TimeWindowExecutionIntegrationTest.java	com.foggyframework.dataset.db.model.semantic.TimeWindowExecutionIntegrationTest	com.foggyframework.dataset.db.model.semantic.TimeWindowExecutionIntegrationTest	9	0	junit-jupiter	44e06616407057523af3c4c60d3745d3ff1b74c51c92d3357020798f7b74321f	0fe04b0aa637110c8ece261af7d071a6730dbb7ad4eaaae7e61fecb70ff7a8ef	4e9c6dceec3397a3620e41a4522542f1a05126973090f5c0c1c375c2eff64a65
foggy-dataset-model	v934-src|122:foggy-dataset-model/src/test/java/com/foggyframework/dataset/db/model/semantic/controller/NativeDatasetControllerTest.java	com.foggyframework.dataset.db.model.semantic.controller.NativeDatasetControllerTest	com.foggyframework.dataset.db.model.semantic.controller.NativeDatasetControllerTest	8	0	junit-jupiter	2a49eed818944419374a697bb32fc6324360e22cfbbfbe05bd9548621b7511b5	0fe04b0aa637110c8ece261af7d071a6730dbb7ad4eaaae7e61fecb70ff7a8ef	4e9c6dceec3397a3620e41a4522542f1a05126973090f5c0c1c375c2eff64a65
foggy-dataset-model	v934-src|129:foggy-dataset-model/src/test/java/com/foggyframework/dataset/db/model/semantic/controller/PivotOuterCacheAdminControllerTest.java	com.foggyframework.dataset.db.model.semantic.controller.PivotOuterCacheAdminControllerTest	com.foggyframework.dataset.db.model.semantic.controller.PivotOuterCacheAdminControllerTest	3	0	junit-jupiter	c2ce242b75eb865356cbd3be98614327ccd052b61d17ed05be4f15cf606daf41	0fe04b0aa637110c8ece261af7d071a6730dbb7ad4eaaae7e61fecb70ff7a8ef	4e9c6dceec3397a3620e41a4522542f1a05126973090f5c0c1c375c2eff64a65
foggy-dataset-model	v934-src|139:foggy-dataset-model/src/test/java/com/foggyframework/dataset/db/model/semantic/controller/SemanticServiceV3TestControllerIsolationTest.java	com.foggyframework.dataset.db.model.semantic.controller.SemanticServiceV3TestControllerIsolationTest	com.foggyframework.dataset.db.model.semantic.controller.SemanticServiceV3TestControllerIsolationTest	2	0	junit-jupiter	9474d42f6bf07e8fa6d9e5a3e1743fe7ba3083264cdb677e386d2fbfa616013d	0fe04b0aa637110c8ece261af7d071a6730dbb7ad4eaaae7e61fecb70ff7a8ef	4e9c6dceec3397a3620e41a4522542f1a05126973090f5c0c1c375c2eff64a65
foggy-dataset-model	v934-src|119:foggy-dataset-model/src/test/java/com/foggyframework/dataset/db/model/semantic/domain/SemanticOrderByShorthandTest.java	com.foggyframework.dataset.db.model.semantic.domain.SemanticOrderByShorthandTest	com.foggyframework.dataset.db.model.semantic.domain.SemanticOrderByShorthandTest	8	0	junit-jupiter	b954ab09b0d12e040deef460f01d23f39e5f49f82b87ce4cad62d27341f4f086	0fe04b0aa637110c8ece261af7d071a6730dbb7ad4eaaae7e61fecb70ff7a8ef	4e9c6dceec3397a3620e41a4522542f1a05126973090f5c0c1c375c2eff64a65
foggy-dataset-model	v934-src|117:foggy-dataset-model/src/test/java/com/foggyframework/dataset/db/model/semantic/domain/SemanticRequestContextTest.java	com.foggyframework.dataset.db.model.semantic.domain.SemanticRequestContextTest	com.foggyframework.dataset.db.model.semantic.domain.SemanticRequestContextTest	20	0	junit-jupiter	f5414614bc41536f190e3c35ba210d42e07ab87b59b9c961bbdd0b54263a6a30	0fe04b0aa637110c8ece261af7d071a6730dbb7ad4eaaae7e61fecb70ff7a8ef	4e9c6dceec3397a3620e41a4522542f1a05126973090f5c0c1c375c2eff64a65
foggy-dataset-model	v934-src|116:foggy-dataset-model/src/test/java/com/foggyframework/dataset/db/model/semantic/domain/pivot/PivotMetricItemTest.java	com.foggyframework.dataset.db.model.semantic.domain.pivot.PivotMetricItemTest	com.foggyframework.dataset.db.model.semantic.domain.pivot.PivotMetricItemTest	6	0	junit-jupiter	4f04401c9e066ad50cba98bb132d0e3394a6474f8fd82cd3901f3269d51c242c	0fe04b0aa637110c8ece261af7d071a6730dbb7ad4eaaae7e61fecb70ff7a8ef	4e9c6dceec3397a3620e41a4522542f1a05126973090f5c0c1c375c2eff64a65
foggy-dataset-model	v934-src|116:foggy-dataset-model/src/test/java/com/foggyframework/dataset/db/model/semantic/domain/pivot/PivotMetricItemTest.java	com.foggyframework.dataset.db.model.semantic.domain.pivot.PivotMetricItemTest	com.foggyframework.dataset.db.model.semantic.domain.pivot.PivotMetricItemTest$DeserializationTests	4	0	junit-jupiter	4f04401c9e066ad50cba98bb132d0e3394a6474f8fd82cd3901f3269d51c242c	0fe04b0aa637110c8ece261af7d071a6730dbb7ad4eaaae7e61fecb70ff7a8ef	4e9c6dceec3397a3620e41a4522542f1a05126973090f5c0c1c375c2eff64a65
foggy-dataset-model	v934-src|116:foggy-dataset-model/src/test/java/com/foggyframework/dataset/db/model/semantic/domain/pivot/PivotMetricItemTest.java	com.foggyframework.dataset.db.model.semantic.domain.pivot.PivotMetricItemTest	com.foggyframework.dataset.db.model.semantic.domain.pivot.PivotMetricItemTest$ValidationTests	17	0	junit-jupiter	4f04401c9e066ad50cba98bb132d0e3394a6474f8fd82cd3901f3269d51c242c	0fe04b0aa637110c8ece261af7d071a6730dbb7ad4eaaae7e61fecb70ff7a8ef	4e9c6dceec3397a3620e41a4522542f1a05126973090f5c0c1c375c2eff64a65
foggy-dataset-model	v934-src|129:foggy-dataset-model/src/test/java/com/foggyframework/dataset/db/model/semantic/member/SyntheticMemberQueryModelLifecycleTest.java	com.foggyframework.dataset.db.model.semantic.member.SyntheticMemberQueryModelLifecycleTest	com.foggyframework.dataset.db.model.semantic.member.SyntheticMemberQueryModelLifecycleTest	4	0	junit-jupiter	4e15529cb6986314994c5afcb0b42ea0a768945f2fb8edd46c12498a2fc8c1e3	0fe04b0aa637110c8ece261af7d071a6730dbb7ad4eaaae7e61fecb70ff7a8ef	4e9c6dceec3397a3620e41a4522542f1a05126973090f5c0c1c375c2eff64a65
foggy-dataset-model	v934-src|128:foggy-dataset-model/src/test/java/com/foggyframework/dataset/db/model/semantic/member/SyntheticMemberQueryModelResolverTest.java	com.foggyframework.dataset.db.model.semantic.member.SyntheticMemberQueryModelResolverTest	com.foggyframework.dataset.db.model.semantic.member.SyntheticMemberQueryModelResolverTest	5	0	junit-jupiter	6a31fefda8a5bc0571d772be236ac5b2ecbcb671420d5e717f05cd855a9def08	0fe04b0aa637110c8ece261af7d071a6730dbb7ad4eaaae7e61fecb70ff7a8ef	4e9c6dceec3397a3620e41a4522542f1a05126973090f5c0c1c375c2eff64a65
foggy-dataset-model	v934-src|127:foggy-dataset-model/src/test/java/com/foggyframework/dataset/db/model/semantic/member/SyntheticMemberQueryModelRuntimeTest.java	com.foggyframework.dataset.db.model.semantic.member.SyntheticMemberQueryModelRuntimeTest	com.foggyframework.dataset.db.model.semantic.member.SyntheticMemberQueryModelRuntimeTest	16	0	junit-jupiter	4badd8f3e08aeb18530fd039ea8e4295e4e83c8a67a9cd8195aa1d6b058deee1	0fe04b0aa637110c8ece261af7d071a6730dbb7ad4eaaae7e61fecb70ff7a8ef	4e9c6dceec3397a3620e41a4522542f1a05126973090f5c0c1c375c2eff64a65
foggy-dataset-model	v934-src|138:foggy-dataset-model/src/test/java/com/foggyframework/dataset/db/model/semantic/member/permission/SyntheticMemberInternalPatchStepTest.java	com.foggyframework.dataset.db.model.semantic.member.permission.SyntheticMemberInternalPatchStepTest	com.foggyframework.dataset.db.model.semantic.member.permission.SyntheticMemberInternalPatchStepTest	16	0	junit-jupiter	809b6661e3e3a15ce696ee215f7ce7fd4df064bb7a7dc7e740714119dfcbb115	0fe04b0aa637110c8ece261af7d071a6730dbb7ad4eaaae7e61fecb70ff7a8ef	4e9c6dceec3397a3620e41a4522542f1a05126973090f5c0c1c375c2eff64a65
foggy-dataset-model	v934-src|142:foggy-dataset-model/src/test/java/com/foggyframework/dataset/db/model/semantic/member/permission/SyntheticMemberPermissionIntegrationTest.java	com.foggyframework.dataset.db.model.semantic.member.permission.SyntheticMemberPermissionIntegrationTest	com.foggyframework.dataset.db.model.semantic.member.permission.SyntheticMemberPermissionIntegrationTest	0	0	junit-jupiter	3a079a35b1dd8acc23f50980fef505adcdd9ec433e4ef5a67d3190e65cf3c287	0fe04b0aa637110c8ece261af7d071a6730dbb7ad4eaaae7e61fecb70ff7a8ef	4e9c6dceec3397a3620e41a4522542f1a05126973090f5c0c1c375c2eff64a65
foggy-dataset-model	v934-src|142:foggy-dataset-model/src/test/java/com/foggyframework/dataset/db/model/semantic/member/permission/SyntheticMemberPermissionIntegrationTest.java	com.foggyframework.dataset.db.model.semantic.member.permission.SyntheticMemberPermissionIntegrationTest	com.foggyframework.dataset.db.model.semantic.member.permission.SyntheticMemberPermissionIntegrationTest$LoaderTests	3	0	junit-jupiter	3a079a35b1dd8acc23f50980fef505adcdd9ec433e4ef5a67d3190e65cf3c287	0fe04b0aa637110c8ece261af7d071a6730dbb7ad4eaaae7e61fecb70ff7a8ef	4e9c6dceec3397a3620e41a4522542f1a05126973090f5c0c1c375c2eff64a65
foggy-dataset-model	v934-src|142:foggy-dataset-model/src/test/java/com/foggyframework/dataset/db/model/semantic/member/permission/SyntheticMemberPermissionIntegrationTest.java	com.foggyframework.dataset.db.model.semantic.member.permission.SyntheticMemberPermissionIntegrationTest	com.foggyframework.dataset.db.model.semantic.member.permission.SyntheticMemberPermissionIntegrationTest$MergeRuleE2ETests	2	0	junit-jupiter	3a079a35b1dd8acc23f50980fef505adcdd9ec433e4ef5a67d3190e65cf3c287	0fe04b0aa637110c8ece261af7d071a6730dbb7ad4eaaae7e61fecb70ff7a8ef	4e9c6dceec3397a3620e41a4522542f1a05126973090f5c0c1c375c2eff64a65
foggy-dataset-model	v934-src|142:foggy-dataset-model/src/test/java/com/foggyframework/dataset/db/model/semantic/member/permission/SyntheticMemberPermissionIntegrationTest.java	com.foggyframework.dataset.db.model.semantic.member.permission.SyntheticMemberPermissionIntegrationTest	com.foggyframework.dataset.db.model.semantic.member.permission.SyntheticMemberPermissionIntegrationTest$QueryFacadeTests	5	0	junit-jupiter	3a079a35b1dd8acc23f50980fef505adcdd9ec433e4ef5a67d3190e65cf3c287	0fe04b0aa637110c8ece261af7d071a6730dbb7ad4eaaae7e61fecb70ff7a8ef	4e9c6dceec3397a3620e41a4522542f1a05126973090f5c0c1c375c2eff64a65
foggy-dataset-model	v934-src|142:foggy-dataset-model/src/test/java/com/foggyframework/dataset/db/model/semantic/member/permission/SyntheticMemberPermissionIntegrationTest.java	com.foggyframework.dataset.db.model.semantic.member.permission.SyntheticMemberPermissionIntegrationTest	com.foggyframework.dataset.db.model.semantic.member.permission.SyntheticMemberPermissionIntegrationTest$RealDataTests	4	0	junit-jupiter	3a079a35b1dd8acc23f50980fef505adcdd9ec433e4ef5a67d3190e65cf3c287	0fe04b0aa637110c8ece261af7d071a6730dbb7ad4eaaae7e61fecb70ff7a8ef	4e9c6dceec3397a3620e41a4522542f1a05126973090f5c0c1c375c2eff64a65
foggy-dataset-model	v934-src|139:foggy-dataset-model/src/test/java/com/foggyframework/dataset/db/model/semantic/member/permission/SyntheticMemberPermissionResolverTest.java	com.foggyframework.dataset.db.model.semantic.member.permission.SyntheticMemberPermissionResolverTest	com.foggyframework.dataset.db.model.semantic.member.permission.SyntheticMemberPermissionResolverTest	22	0	junit-jupiter	5f96a81787d7f134dd641d74a73f9f4e9cda4797d4d19c31fd95143e7973af07	0fe04b0aa637110c8ece261af7d071a6730dbb7ad4eaaae7e61fecb70ff7a8ef	4e9c6dceec3397a3620e41a4522542f1a05126973090f5c0c1c375c2eff64a65
foggy-dataset-model	v934-src|122:foggy-dataset-model/src/test/java/com/foggyframework/dataset/db/model/semantic/permission/FieldPermissionResolverTest.java	com.foggyframework.dataset.db.model.semantic.permission.FieldPermissionResolverTest	com.foggyframework.dataset.db.model.semantic.permission.FieldPermissionResolverTest	12	0	junit-jupiter	7fade601868de9d100f9a1de1a8eff548c22c9c0891a99a188dbd2f661f0eb99	0fe04b0aa637110c8ece261af7d071a6730dbb7ad4eaaae7e61fecb70ff7a8ef	4e9c6dceec3397a3620e41a4522542f1a05126973090f5c0c1c375c2eff64a65
foggy-dataset-model	v934-src|123:foggy-dataset-model/src/test/java/com/foggyframework/dataset/db/model/semantic/service/SemanticModelCatalogServiceTest.java	com.foggyframework.dataset.db.model.semantic.service.SemanticModelCatalogServiceTest	com.foggyframework.dataset.db.model.semantic.service.SemanticModelCatalogServiceTest	11	0	junit-jupiter	22b8f4a16ae7ae5e3af09a75d5a434b7380b447b2391720df8696f6a593af732	0fe04b0aa637110c8ece261af7d071a6730dbb7ad4eaaae7e61fecb70ff7a8ef	4e9c6dceec3397a3620e41a4522542f1a05126973090f5c0c1c375c2eff64a65
foggy-dataset-model	v934-src|131:foggy-dataset-model/src/test/java/com/foggyframework/dataset/db/model/semantic/service/impl/DictionaryDiscoveryServiceImplTest.java	com.foggyframework.dataset.db.model.semantic.service.impl.DictionaryDiscoveryServiceImplTest	com.foggyframework.dataset.db.model.semantic.service.impl.DictionaryDiscoveryServiceImplTest	4	0	junit-jupiter	3a946e470936ea4d14a1fa5a7155c6951a35df4213fbf0b469cd48c4c3636514	0fe04b0aa637110c8ece261af7d071a6730dbb7ad4eaaae7e61fecb70ff7a8ef	4e9c6dceec3397a3620e41a4522542f1a05126973090f5c0c1c375c2eff64a65
foggy-dataset-model	v934-src|140:foggy-dataset-model/src/test/java/com/foggyframework/dataset/db/model/semantic/service/impl/SemanticQueryServiceV3ImplRawSqlRoutingTest.java	com.foggyframework.dataset.db.model.semantic.service.impl.SemanticQueryServiceV3ImplRawSqlRoutingTest	com.foggyframework.dataset.db.model.semantic.service.impl.SemanticQueryServiceV3ImplRawSqlRoutingTest	1	0	junit-jupiter	032d39855a3133848d16be7495bc8ee86076ce12e0baa17b46ee622b7f2b85d0	0fe04b0aa637110c8ece261af7d071a6730dbb7ad4eaaae7e61fecb70ff7a8ef	4e9c6dceec3397a3620e41a4522542f1a05126973090f5c0c1c375c2eff64a65
foggy-dataset-model	v934-src|117:foggy-dataset-model/src/test/java/com/foggyframework/dataset/db/model/semantic/support/DslCteAssemblySupportTest.java	com.foggyframework.dataset.db.model.semantic.support.DslCteAssemblySupportTest	com.foggyframework.dataset.db.model.semantic.support.DslCteAssemblySupportTest	2	0	junit-jupiter	d0f6424e6a76fa62a6d7bf572aaa878600be30e5c7392aa7f498a6a6296f2ea5	0fe04b0aa637110c8ece261af7d071a6730dbb7ad4eaaae7e61fecb70ff7a8ef	4e9c6dceec3397a3620e41a4522542f1a05126973090f5c0c1c375c2eff64a65
foggy-dataset-model	v934-src|124:foggy-dataset-model/src/test/java/com/foggyframework/dataset/db/model/semantic/support/DslCtePlannerContractAdapterTest.java	com.foggyframework.dataset.db.model.semantic.support.DslCtePlannerContractAdapterTest	com.foggyframework.dataset.db.model.semantic.support.DslCtePlannerContractAdapterTest	9	0	junit-jupiter	4afd2ff4e3c6b33daaa814cb23a519154ff6196871219de0defb727ccf5a549b	0fe04b0aa637110c8ece261af7d071a6730dbb7ad4eaaae7e61fecb70ff7a8ef	4e9c6dceec3397a3620e41a4522542f1a05126973090f5c0c1c375c2eff64a65
foggy-dataset-model	v934-src|117:foggy-dataset-model/src/test/java/com/foggyframework/dataset/db/model/semantic/support/DslCtePlanningServiceTest.java	com.foggyframework.dataset.db.model.semantic.support.DslCtePlanningServiceTest	com.foggyframework.dataset.db.model.semantic.support.DslCtePlanningServiceTest	4	0	junit-jupiter	a829ea03af21d9fbba73acccda51b207b4d7ef81da6df53ea307782cc7f57f0b	0fe04b0aa637110c8ece261af7d071a6730dbb7ad4eaaae7e61fecb70ff7a8ef	4e9c6dceec3397a3620e41a4522542f1a05126973090f5c0c1c375c2eff64a65
foggy-dataset-model	v934-src|128:foggy-dataset-model/src/test/java/com/foggyframework/dataset/db/model/semantic/support/RelationResultExpressionCompilerTest.java	com.foggyframework.dataset.db.model.semantic.support.RelationResultExpressionCompilerTest	com.foggyframework.dataset.db.model.semantic.support.RelationResultExpressionCompilerTest	11	0	junit-jupiter	a902af3e4fe1931910932979fa52989692eef63c3b3a9b9e6afd24866e4445ed	0fe04b0aa637110c8ece261af7d071a6730dbb7ad4eaaae7e61fecb70ff7a8ef	4e9c6dceec3397a3620e41a4522542f1a05126973090f5c0c1c375c2eff64a65
foggy-dataset-model	v934-src|122:foggy-dataset-model/src/test/java/com/foggyframework/dataset/db/model/semantic/support/SemanticQueryPayloadMapperTest.java	com.foggyframework.dataset.db.model.semantic.support.SemanticQueryPayloadMapperTest	com.foggyframework.dataset.db.model.semantic.support.SemanticQueryPayloadMapperTest	5	0	junit-jupiter	e042ef227d7e71c5f6ac96da0f1f4dc74d13a8b693e29b8c5f9d24fe802253b2	0fe04b0aa637110c8ece261af7d071a6730dbb7ad4eaaae7e61fecb70ff7a8ef	4e9c6dceec3397a3620e41a4522542f1a05126973090f5c0c1c375c2eff64a65
foggy-dataset-model	v934-src|121:foggy-dataset-model/src/test/java/com/foggyframework/dataset/db/model/semantic/support/SemanticRequestNormalizerTest.java	com.foggyframework.dataset.db.model.semantic.support.SemanticRequestNormalizerTest	com.foggyframework.dataset.db.model.semantic.support.SemanticRequestNormalizerTest	2	0	junit-jupiter	653ef2fd131b85a5344ff622366abd5c0bdecaba7f99ad464e1338f4df370e41	0fe04b0aa637110c8ece261af7d071a6730dbb7ad4eaaae7e61fecb70ff7a8ef	4e9c6dceec3397a3620e41a4522542f1a05126973090f5c0c1c375c2eff64a65
foggy-dataset-model	v934-src|121:foggy-dataset-model/src/test/java/com/foggyframework/dataset/db/model/semantic/util/CaseInsensitiveFieldResolverTest.java	com.foggyframework.dataset.db.model.semantic.util.CaseInsensitiveFieldResolverTest	com.foggyframework.dataset.db.model.semantic.util.CaseInsensitiveFieldResolverTest	9	0	junit-jupiter	44023c7af454a648af30ea6cd4e37cb1eb92ba9e07782c2eda622236f25a2de7	0fe04b0aa637110c8ece261af7d071a6730dbb7ad4eaaae7e61fecb70ff7a8ef	4e9c6dceec3397a3620e41a4522542f1a05126973090f5c0c1c375c2eff64a65
foggy-dataset-model	v934-src|102:foggy-dataset-model/src/test/java/com/foggyframework/dataset/db/model/service/QueryFacadeImplTest.java	com.foggyframework.dataset.db.model.service.QueryFacadeImplTest	com.foggyframework.dataset.db.model.service.QueryFacadeImplTest	5	0	junit-jupiter	77c9a70703b3ea6e26438d3434c7e5ced8a7c62ae7ed0c80db00fbe21abf5598	0fe04b0aa637110c8ece261af7d071a6730dbb7ad4eaaae7e61fecb70ff7a8ef	4e9c6dceec3397a3620e41a4522542f1a05126973090f5c0c1c375c2eff64a65
foggy-dataset-model	v934-src|101:foggy-dataset-model/src/test/java/com/foggyframework/dataset/db/model/spi/QueryCacheProviderTest.java	com.foggyframework.dataset.db.model.spi.QueryCacheProviderTest	com.foggyframework.dataset.db.model.spi.QueryCacheProviderTest	19	0	junit-jupiter	5687dd214983fe36187ffdb184b16e1a25bc3e53d3d8847a401f57183749a51f	0fe04b0aa637110c8ece261af7d071a6730dbb7ad4eaaae7e61fecb70ff7a8ef	4e9c6dceec3397a3620e41a4522542f1a05126973090f5c0c1c375c2eff64a65
foggy-dataset	v934-src|97:foggy-dataset/src/test/java/com/foggyframework/dataset/db/data/dll/OnDuplicateKeyBuilderTest.java	com.foggyframework.dataset.db.data.dll.OnDuplicateKeyBuilderTest	com.foggyframework.dataset.db.data.dll.OnDuplicateKeyBuilderTest	1	0	junit-jupiter	8c3c0cb81b22ea10a4f7e178551f8f66c54dc2c2dcb6ee1adeeef85101c1b45a	fb7bc08343863078d9372e82942249354a9a1e463ee0105ec69e2261f7c4fcbe	f7fba3267d5b45b04c8c59d0ad062d58bcdfd24a85df1671013b0ce49d877a16
foggy-dataset	v934-src|93:foggy-dataset/src/test/java/com/foggyframework/dataset/db/data/dll/SqlTableRowEditorTest.java	com.foggyframework.dataset.db.data.dll.SqlTableRowEditorTest	com.foggyframework.dataset.db.data.dll.SqlTableRowEditorTest	1	0	junit-jupiter	23ada4917a68386c28ec7fc9631546a4fd7df0788655c673213f69e40c98d93c	fb7bc08343863078d9372e82942249354a9a1e463ee0105ec69e2261f7c4fcbe	f7fba3267d5b45b04c8c59d0ad062d58bcdfd24a85df1671013b0ce49d877a16
foggy-dataset	v934-src|87:foggy-dataset/src/test/java/com/foggyframework/dataset/db/dialect/DateTruncateTest.java	com.foggyframework.dataset.db.dialect.DateTruncateTest	com.foggyframework.dataset.db.dialect.DateTruncateTest	0	0	junit-jupiter	28a7ee54266cb817407f141f781c79f1729fdfdac6c2767b3a698b8e99243cb7	fb7bc08343863078d9372e82942249354a9a1e463ee0105ec69e2261f7c4fcbe	f7fba3267d5b45b04c8c59d0ad062d58bcdfd24a85df1671013b0ce49d877a16
foggy-dataset	v934-src|87:foggy-dataset/src/test/java/com/foggyframework/dataset/db/dialect/DateTruncateTest.java	com.foggyframework.dataset.db.dialect.DateTruncateTest	com.foggyframework.dataset.db.dialect.DateTruncateTest$CrossDialectTests	4	0	junit-jupiter	28a7ee54266cb817407f141f781c79f1729fdfdac6c2767b3a698b8e99243cb7	fb7bc08343863078d9372e82942249354a9a1e463ee0105ec69e2261f7c4fcbe	f7fba3267d5b45b04c8c59d0ad062d58bcdfd24a85df1671013b0ce49d877a16
foggy-dataset	v934-src|87:foggy-dataset/src/test/java/com/foggyframework/dataset/db/dialect/DateTruncateTest.java	com.foggyframework.dataset.db.dialect.DateTruncateTest	com.foggyframework.dataset.db.dialect.DateTruncateTest$MysqlTests	10	0	junit-jupiter	28a7ee54266cb817407f141f781c79f1729fdfdac6c2767b3a698b8e99243cb7	fb7bc08343863078d9372e82942249354a9a1e463ee0105ec69e2261f7c4fcbe	f7fba3267d5b45b04c8c59d0ad062d58bcdfd24a85df1671013b0ce49d877a16
foggy-dataset	v934-src|87:foggy-dataset/src/test/java/com/foggyframework/dataset/db/dialect/DateTruncateTest.java	com.foggyframework.dataset.db.dialect.DateTruncateTest	com.foggyframework.dataset.db.dialect.DateTruncateTest$PostgresTests	3	1	junit-jupiter	28a7ee54266cb817407f141f781c79f1729fdfdac6c2767b3a698b8e99243cb7	fb7bc08343863078d9372e82942249354a9a1e463ee0105ec69e2261f7c4fcbe	f7fba3267d5b45b04c8c59d0ad062d58bcdfd24a85df1671013b0ce49d877a16
foggy-dataset	v934-src|87:foggy-dataset/src/test/java/com/foggyframework/dataset/db/dialect/DateTruncateTest.java	com.foggyframework.dataset.db.dialect.DateTruncateTest	com.foggyframework.dataset.db.dialect.DateTruncateTest$SqlServerTests	9	0	junit-jupiter	28a7ee54266cb817407f141f781c79f1729fdfdac6c2767b3a698b8e99243cb7	fb7bc08343863078d9372e82942249354a9a1e463ee0105ec69e2261f7c4fcbe	f7fba3267d5b45b04c8c59d0ad062d58bcdfd24a85df1671013b0ce49d877a16
foggy-dataset	v934-src|87:foggy-dataset/src/test/java/com/foggyframework/dataset/db/dialect/DateTruncateTest.java	com.foggyframework.dataset.db.dialect.DateTruncateTest	com.foggyframework.dataset.db.dialect.DateTruncateTest$SqliteTests	9	0	junit-jupiter	28a7ee54266cb817407f141f781c79f1729fdfdac6c2767b3a698b8e99243cb7	fb7bc08343863078d9372e82942249354a9a1e463ee0105ec69e2261f7c4fcbe	f7fba3267d5b45b04c8c59d0ad062d58bcdfd24a85df1671013b0ce49d877a16
foggy-dataset	v934-src|83:foggy-dataset/src/test/java/com/foggyframework/dataset/db/dialect/FDialectTest.java	com.foggyframework.dataset.db.dialect.FDialectTest	com.foggyframework.dataset.db.dialect.FDialectTest	2	0	junit-jupiter	92de87645bd6545c34d5d914593dc543ec7cc351daae670edb20047b2a3210a4	fb7bc08343863078d9372e82942249354a9a1e463ee0105ec69e2261f7c4fcbe	f7fba3267d5b45b04c8c59d0ad062d58bcdfd24a85df1671013b0ce49d877a16
foggy-dataset	v934-src|88:foggy-dataset/src/test/java/com/foggyframework/dataset/db/fsscript/SyncSqlTableTest.java	com.foggyframework.dataset.db.fsscript.SyncSqlTableTest	com.foggyframework.dataset.db.fsscript.SyncSqlTableTest	1	0	junit-jupiter	8394072e1c8bf9db80a8fa8735109d670282a9b0d4a87f93fec20b193cdee916	fb7bc08343863078d9372e82942249354a9a1e463ee0105ec69e2261f7c4fcbe	f7fba3267d5b45b04c8c59d0ad062d58bcdfd24a85df1671013b0ce49d877a16
foggy-dataset	v934-src|88:foggy-dataset/src/test/java/com/foggyframework/dataset/db/table/dll/JdbcUpdaterTest.java	com.foggyframework.dataset.db.table.dll.JdbcUpdaterTest	com.foggyframework.dataset.db.table.dll.JdbcUpdaterTest	2	0	junit-jupiter	ca828f56c1dcbb7404f2c696c4743a37d5d7e2c13a1634948ac9e489f4aa0328	fb7bc08343863078d9372e82942249354a9a1e463ee0105ec69e2261f7c4fcbe	f7fba3267d5b45b04c8c59d0ad062d58bcdfd24a85df1671013b0ce49d877a16
foggy-dataset	v934-src|91:foggy-dataset/src/test/java/com/foggyframework/dataset/db/table/dll/TableGeneratorTest.java	com.foggyframework.dataset.db.table.dll.TableGeneratorTest	com.foggyframework.dataset.db.table.dll.TableGeneratorTest	2	0	junit-jupiter	2cdd24e49cb775896a797f9f8ef5dbe3f861e1aa0d698dc9ba9f18d7d604bcbb	fb7bc08343863078d9372e82942249354a9a1e463ee0105ec69e2261f7c4fcbe	f7fba3267d5b45b04c8c59d0ad062d58bcdfd24a85df1671013b0ce49d877a16
foggy-dataset	v934-src|87:foggy-dataset/src/test/java/com/foggyframework/dataset/db/utils/JdbcTableUtilsTest.java	com.foggyframework.dataset.db.utils.JdbcTableUtilsTest	com.foggyframework.dataset.db.utils.JdbcTableUtilsTest	4	0	junit-jupiter	38bd6b717018f4756abe9a1aaa0a2b0125cbd433722e91f0d3d825b3c64e49e5	fb7bc08343863078d9372e82942249354a9a1e463ee0105ec69e2261f7c4fcbe	f7fba3267d5b45b04c8c59d0ad062d58bcdfd24a85df1671013b0ce49d877a16
foggy-dataset	v934-src|84:foggy-dataset/src/test/java/com/foggyframework/dataset/fun/DatasetJdbcUtilsTest.java	com.foggyframework.dataset.fun.DatasetJdbcUtilsTest	com.foggyframework.dataset.fun.DatasetJdbcUtilsTest	1	0	junit-jupiter	71114f756b4660de8540bfb7828d20dfc56f8a3b6fed231a99f5cc1becbae927	fb7bc08343863078d9372e82942249354a9a1e463ee0105ec69e2261f7c4fcbe	f7fba3267d5b45b04c8c59d0ad062d58bcdfd24a85df1671013b0ce49d877a16
foggy-dataset	v934-src|96:foggy-dataset/src/test/java/com/foggyframework/dataset/model/support/JdbcResultSetModelTest.java	com.foggyframework.dataset.model.support.JdbcResultSetModelTest	com.foggyframework.dataset.model.support.JdbcResultSetModelTest	2	0	junit-jupiter	833722921b07e2a7b7a3c11cb37c51639271b65133d0a3b055a142022c9a94ed	fb7bc08343863078d9372e82942249354a9a1e463ee0105ec69e2261f7c4fcbe	f7fba3267d5b45b04c8c59d0ad062d58bcdfd24a85df1671013b0ce49d877a16
foggy-dataset	v934-src|90:foggy-dataset/src/test/java/com/foggyframework/dataset/resultset/query/SqlLikeExpTest.java	com.foggyframework.dataset.resultset.query.SqlLikeExpTest	com.foggyframework.dataset.resultset.query.SqlLikeExpTest	43	0	junit-jupiter	f4e71042b6464d96e32cd09f37939af2ff9c3304a8d2990b7c5927dea45b301b	fb7bc08343863078d9372e82942249354a9a1e463ee0105ec69e2261f7c4fcbe	f7fba3267d5b45b04c8c59d0ad062d58bcdfd24a85df1671013b0ce49d877a16
foggy-dataset	v934-src|112:foggy-dataset/src/test/java/com/foggyframework/dataset/resultset/spring/BaseModelListResultSetExtractorTest.java	com.foggyframework.dataset.resultset.spring.BaseModelListResultSetExtractorTest	com.foggyframework.dataset.resultset.spring.BaseModelListResultSetExtractorTest	1	0	junit-jupiter	bb8561b85e62f75e21a19632ae5f397f0e0d9342b14e3679e9d8cd582359829e	fb7bc08343863078d9372e82942249354a9a1e463ee0105ec69e2261f7c4fcbe	f7fba3267d5b45b04c8c59d0ad062d58bcdfd24a85df1671013b0ce49d877a16
foggy-dataset	v934-src|107:foggy-dataset/src/test/java/com/foggyframework/dataset/resultset/spring/JavaColumnNameFixRowMapperTest.java	com.foggyframework.dataset.resultset.spring.JavaColumnNameFixRowMapperTest	com.foggyframework.dataset.resultset.spring.JavaColumnNameFixRowMapperTest	1	0	junit-jupiter	fa0f97c56d4be5cb1e9d7c356542077a212c2e5c9734a753d9df330818efba87	fb7bc08343863078d9372e82942249354a9a1e463ee0105ec69e2261f7c4fcbe	f7fba3267d5b45b04c8c59d0ad062d58bcdfd24a85df1671013b0ce49d877a16
foggy-dataset	v934-src|96:foggy-dataset/src/test/java/com/foggyframework/dataset/table/curd/BugFixInsertUpdateMapTest.java	com.foggyframework.dataset.table.curd.BugFixInsertUpdateMapTest	com.foggyframework.dataset.table.curd.BugFixInsertUpdateMapTest	1	0	junit-jupiter	daff19ba7eed58154a09cfe2e4c8e3ac033e04e1da327ec36eb2ec16fb15c123	fb7bc08343863078d9372e82942249354a9a1e463ee0105ec69e2261f7c4fcbe	f7fba3267d5b45b04c8c59d0ad062d58bcdfd24a85df1671013b0ce49d877a16
foggy-dataset	v934-src|80:foggy-dataset/src/test/java/com/foggyframework/dataset/utils/SqlInUtilsTest.java	com.foggyframework.dataset.utils.SqlInUtilsTest	com.foggyframework.dataset.utils.SqlInUtilsTest	1	0	junit-jupiter	3f6d6baf94f4865895119b9278989e0fca44198ba76cef6f16dffb1b4eac0477	fb7bc08343863078d9372e82942249354a9a1e463ee0105ec69e2261f7c4fcbe	f7fba3267d5b45b04c8c59d0ad062d58bcdfd24a85df1671013b0ce49d877a16
foggy-fsscript	v934-src|81:foggy-fsscript/src/test/java/com/foggyframework/bundle/BundleLoadFailureTest.java	com.foggyframework.bundle.BundleLoadFailureTest	com.foggyframework.bundle.BundleLoadFailureTest	4	0	junit-jupiter	db1a3fa3306a4661c5f35b690f53448b6d2038451cd47bd459dea145af23c958	a8cdf432e1aea7e84f5feec74d4553e75f22bc110636f38a25f7d943fade9403	1a85c63e8adb489eb10701abacfc88587f2f51fe44e902b56899f16d362f6361
foggy-fsscript	v934-src|112:foggy-fsscript/src/test/java/com/foggyframework/bundle/controller/BundleManagementControllerConditionalTest.java	com.foggyframework.bundle.controller.BundleManagementControllerConditionalTest	com.foggyframework.bundle.controller.BundleManagementControllerConditionalTest	2	0	junit-jupiter	e72efc6557bd2a639b562f66a48a4314214dca8cea6edc9c136448414635b680	a8cdf432e1aea7e84f5feec74d4553e75f22bc110636f38a25f7d943fade9403	1a85c63e8adb489eb10701abacfc88587f2f51fe44e902b56899f16d362f6361
foggy-fsscript	v934-src|101:foggy-fsscript/src/test/java/com/foggyframework/bundle/controller/BundleManagementControllerTest.java	com.foggyframework.bundle.controller.BundleManagementControllerTest	com.foggyframework.bundle.controller.BundleManagementControllerTest	12	0	junit-jupiter	98b26b60f06ed3e7f884c175dfa03a0c7c3f369c2d1fedad673f5b925f08c919	a8cdf432e1aea7e84f5feec74d4553e75f22bc110636f38a25f7d943fade9403	1a85c63e8adb489eb10701abacfc88587f2f51fe44e902b56899f16d362f6361
foggy-fsscript	v934-src|94:foggy-fsscript/src/test/java/com/foggyframework/bundle/dynamic/DynamicBundleLifecycleTest.java	com.foggyframework.bundle.dynamic.DynamicBundleLifecycleTest	com.foggyframework.bundle.dynamic.DynamicBundleLifecycleTest	5	0	junit-jupiter	3df548cecb0d85136a07cea20b544f0bb30157d63e86e76798884ea1b81d9a1e	a8cdf432e1aea7e84f5feec74d4553e75f22bc110636f38a25f7d943fade9403	1a85c63e8adb489eb10701abacfc88587f2f51fe44e902b56899f16d362f6361
foggy-fsscript	v934-src|95:foggy-fsscript/src/test/java/com/foggyframework/bundle/dynamic/DynamicBundleManagementTest.java	com.foggyframework.bundle.dynamic.DynamicBundleManagementTest	com.foggyframework.bundle.dynamic.DynamicBundleManagementTest	16	0	junit-jupiter	52f9c5ff4f8b5c49cad01c1bf72f2f44967640a13364a351fadddf885f90e5e4	a8cdf432e1aea7e84f5feec74d4553e75f22bc110636f38a25f7d943fade9403	1a85c63e8adb489eb10701abacfc88587f2f51fe44e902b56899f16d362f6361
foggy-fsscript	v934-src|97:foggy-fsscript/src/test/java/com/foggyframework/bundle/external/ExternalBundleDefinitionTest.java	com.foggyframework.bundle.external.ExternalBundleDefinitionTest	com.foggyframework.bundle.external.ExternalBundleDefinitionTest	5	0	junit-jupiter	72790bf70e7364eac149a9e9d8e11712380a61b9299648d531f754b3ed6c1d46	a8cdf432e1aea7e84f5feec74d4553e75f22bc110636f38a25f7d943fade9403	1a85c63e8adb489eb10701abacfc88587f2f51fe44e902b56899f16d362f6361
foggy-fsscript	v934-src|93:foggy-fsscript/src/test/java/com/foggyframework/bundle/external/ExternalBundleLoaderTest.java	com.foggyframework.bundle.external.ExternalBundleLoaderTest	com.foggyframework.bundle.external.ExternalBundleLoaderTest	11	0	junit-jupiter	ce3443e499200e25006c7aded67ba84f6cdbc5f1b819ed569e2d3a31b749e6ea	a8cdf432e1aea7e84f5feec74d4553e75f22bc110636f38a25f7d943fade9403	1a85c63e8adb489eb10701abacfc88587f2f51fe44e902b56899f16d362f6361
foggy-fsscript	v934-src|97:foggy-fsscript/src/test/java/com/foggyframework/bundle/external/ExternalBundlePropertiesTest.java	com.foggyframework.bundle.external.ExternalBundlePropertiesTest	com.foggyframework.bundle.external.ExternalBundlePropertiesTest	5	0	junit-jupiter	f4e9e2a86d85e086697e0a43cb2cce72768d099dc31f772f75e435fc296541f1	a8cdf432e1aea7e84f5feec74d4553e75f22bc110636f38a25f7d943fade9403	1a85c63e8adb489eb10701abacfc88587f2f51fe44e902b56899f16d362f6361
foggy-fsscript	v934-src|99:foggy-fsscript/src/test/java/com/foggyframework/bundle/external/ExternalFileBundleResourceTest.java	com.foggyframework.bundle.external.ExternalFileBundleResourceTest	com.foggyframework.bundle.external.ExternalFileBundleResourceTest	1	0	junit-jupiter	4ac624d230584cfb9aae8121eaf2895124ff7c7482505113c777f03304bb9d37	a8cdf432e1aea7e84f5feec74d4553e75f22bc110636f38a25f7d943fade9403	1a85c63e8adb489eb10701abacfc88587f2f51fe44e902b56899f16d362f6361
foggy-fsscript	v934-src|91:foggy-fsscript/src/test/java/com/foggyframework/bundle/external/ExternalFileBundleTest.java	com.foggyframework.bundle.external.ExternalFileBundleTest	com.foggyframework.bundle.external.ExternalFileBundleTest	16	0	junit-jupiter	54538a59b4356c87c9fafaabea18a87869ab2a9b687c2f97b129e2b5fed819b2	a8cdf432e1aea7e84f5feec74d4553e75f22bc110636f38a25f7d943fade9403	1a85c63e8adb489eb10701abacfc88587f2f51fe44e902b56899f16d362f6361
foggy-fsscript	v934-src|100:foggy-fsscript/src/test/java/com/foggyframework/bundle/lifecycle/BundleSourceCommitOrderingTest.java	com.foggyframework.bundle.lifecycle.BundleSourceCommitOrderingTest	com.foggyframework.bundle.lifecycle.BundleSourceCommitOrderingTest	3	0	junit-jupiter	ab6810baf41bc1437f7af7945da6c1711f3df1e62f6aa27b962825af8210cfd7	a8cdf432e1aea7e84f5feec74d4553e75f22bc110636f38a25f7d943fade9403	1a85c63e8adb489eb10701abacfc88587f2f51fe44e902b56899f16d362f6361
foggy-fsscript	v934-src|89:foggy-fsscript/src/test/java/com/foggyframework/bundle/namespace/NamespaceBundleTest.java	com.foggyframework.bundle.namespace.NamespaceBundleTest	com.foggyframework.bundle.namespace.NamespaceBundleTest	6	0	junit-jupiter	9abbd1c70fc1826d78c9e536bce538579c1de341d5174ae87075582d2fd60518	a8cdf432e1aea7e84f5feec74d4553e75f22bc110636f38a25f7d943fade9403	1a85c63e8adb489eb10701abacfc88587f2f51fe44e902b56899f16d362f6361
foggy-fsscript	v934-src|73:foggy-fsscript/src/test/java/com/foggyframework/fsscript/BugFix1Test.java	com.foggyframework.fsscript.BugFix1Test	com.foggyframework.fsscript.BugFix1Test	6	0	junit-jupiter	c6b955ccde7497c8ec1fdb4f9f23fa69576778ae1812e2998db890fdbaf85746	a8cdf432e1aea7e84f5feec74d4553e75f22bc110636f38a25f7d943fade9403	1a85c63e8adb489eb10701abacfc88587f2f51fe44e902b56899f16d362f6361
foggy-fsscript	v934-src|85:foggy-fsscript/src/test/java/com/foggyframework/fsscript/DefaultExpEvaluatorTest.java	com.foggyframework.fsscript.DefaultExpEvaluatorTest	com.foggyframework.fsscript.DefaultExpEvaluatorTest	3	0	junit-jupiter	467c391d87107f6350663ea90e5f8d1dd62178d10e01948af5fe41443f3aab43	a8cdf432e1aea7e84f5feec74d4553e75f22bc110636f38a25f7d943fade9403	1a85c63e8adb489eb10701abacfc88587f2f51fe44e902b56899f16d362f6361
foggy-fsscript	v934-src|88:foggy-fsscript/src/test/java/com/foggyframework/fsscript/bugfix/FromBatchBugFixTest.java	com.foggyframework.fsscript.bugfix.FromBatchBugFixTest	com.foggyframework.fsscript.bugfix.FromBatchBugFixTest	1	0	junit-jupiter	9677304666c124059949c7a36ec0f0c3b69dd058231253cf0d283846f8826926	a8cdf432e1aea7e84f5feec74d4553e75f22bc110636f38a25f7d943fade9403	1a85c63e8adb489eb10701abacfc88587f2f51fe44e902b56899f16d362f6361
foggy-fsscript	v934-src|86:foggy-fsscript/src/test/java/com/foggyframework/fsscript/bugfix/TestBugFixService.java	com.foggyframework.fsscript.bugfix.TestBugFixService	none	0	0	none	8b25d76fbcdedf57ae1164856498edd5bf0c8296f507d6bdb560913cec775cd7	a8cdf432e1aea7e84f5feec74d4553e75f22bc110636f38a25f7d943fade9403	1a85c63e8adb489eb10701abacfc88587f2f51fe44e902b56899f16d362f6361
foggy-fsscript	v934-src|84:foggy-fsscript/src/test/java/com/foggyframework/fsscript/builtin/JsonGlobalTest.java	com.foggyframework.fsscript.builtin.JsonGlobalTest	com.foggyframework.fsscript.builtin.JsonGlobalTest	3	0	junit-jupiter	0b91512e82833f8d36e3e167be161e107b39053b974c786873971abe368ee03f	a8cdf432e1aea7e84f5feec74d4553e75f22bc110636f38a25f7d943fade9403	1a85c63e8adb489eb10701abacfc88587f2f51fe44e902b56899f16d362f6361
foggy-fsscript	v934-src|101:foggy-fsscript/src/test/java/com/foggyframework/fsscript/closure/MethodFilterFsscriptClosureTest.java	com.foggyframework.fsscript.closure.MethodFilterFsscriptClosureTest	com.foggyframework.fsscript.closure.MethodFilterFsscriptClosureTest	1	0	junit-jupiter	e19adf960bc16387cb54f7982d518e3d55b96add8ecb45ed1586424965da0dfe	a8cdf432e1aea7e84f5feec74d4553e75f22bc110636f38a25f7d943fade9403	1a85c63e8adb489eb10701abacfc88587f2f51fe44e902b56899f16d362f6361
foggy-fsscript	v934-src|101:foggy-fsscript/src/test/java/com/foggyframework/fsscript/closure/file/FsscriptImportBoundaryTest.java	com.foggyframework.fsscript.closure.file.FsscriptImportBoundaryTest	com.foggyframework.fsscript.closure.file.FsscriptImportBoundaryTest	2	0	junit-jupiter	43bdd23e3b20d63fb1a8d1649b0177b28e29d6639b0015b66dee56fc28cbb9d4	a8cdf432e1aea7e84f5feec74d4553e75f22bc110636f38a25f7d943fade9403	1a85c63e8adb489eb10701abacfc88587f2f51fe44e902b56899f16d362f6361
foggy-fsscript	v934-src|117:foggy-fsscript/src/test/java/com/foggyframework/fsscript/closure/file/ResourceFsscriptClosureDefinitionSpaceTest.java	com.foggyframework.fsscript.closure.file.ResourceFsscriptClosureDefinitionSpaceTest	com.foggyframework.fsscript.closure.file.ResourceFsscriptClosureDefinitionSpaceTest	2	0	junit-jupiter	945bfeea0184424b9bf94a604cb1b11f147885271bab182662c1f91f618084f5	a8cdf432e1aea7e84f5feec74d4553e75f22bc110636f38a25f7d943fade9403	1a85c63e8adb489eb10701abacfc88587f2f51fe44e902b56899f16d362f6361
foggy-fsscript	v934-src|73:foggy-fsscript/src/test/java/com/foggyframework/fsscript/exp/ASITest.java	com.foggyframework.fsscript.exp.ASITest	com.foggyframework.fsscript.exp.ASITest	1	0	junit-jupiter	91ae29b46d824fce191282bf40563d14bfa7ec26d47db5b811cee4fa1b7623dd	a8cdf432e1aea7e84f5feec74d4553e75f22bc110636f38a25f7d943fade9403	1a85c63e8adb489eb10701abacfc88587f2f51fe44e902b56899f16d362f6361
foggy-fsscript	v934-src|88:foggy-fsscript/src/test/java/com/foggyframework/fsscript/exp/ArithmeticOperatorTest.java	com.foggyframework.fsscript.exp.ArithmeticOperatorTest	com.foggyframework.fsscript.exp.ArithmeticOperatorTest	14	0	junit-jupiter	8d11bd990824b72909ac62cbb64e44514e590628e0d9f79fa62edfd697a81e35	a8cdf432e1aea7e84f5feec74d4553e75f22bc110636f38a25f7d943fade9403	1a85c63e8adb489eb10701abacfc88587f2f51fe44e902b56899f16d362f6361
foggy-fsscript	v934-src|78:foggy-fsscript/src/test/java/com/foggyframework/fsscript/exp/ArrayExpTest.java	com.foggyframework.fsscript.exp.ArrayExpTest	com.foggyframework.fsscript.exp.ArrayExpTest	12	0	junit-jupiter	3943ffee62d805c88051e4bafca4db513242de108fe3d5618e39369cd6949d3d	a8cdf432e1aea7e84f5feec74d4553e75f22bc110636f38a25f7d943fade9403	1a85c63e8adb489eb10701abacfc88587f2f51fe44e902b56899f16d362f6361
foggy-fsscript	v934-src|83:foggy-fsscript/src/test/java/com/foggyframework/fsscript/exp/AutoNcountExpTest.java	com.foggyframework.fsscript.exp.AutoNcountExpTest	com.foggyframework.fsscript.exp.AutoNcountExpTest	1	0	junit-jupiter	3948b5e5d28eb2fba2073d4f1c5ca6e88f98b94e3d98b880adcdc823b32d0dbd	a8cdf432e1aea7e84f5feec74d4553e75f22bc110636f38a25f7d943fade9403	1a85c63e8adb489eb10701abacfc88587f2f51fe44e902b56899f16d362f6361
foggy-fsscript	v934-src|86:foggy-fsscript/src/test/java/com/foggyframework/fsscript/exp/CommonDimsDirectTest.java	com.foggyframework.fsscript.exp.CommonDimsDirectTest	none	0	0	none	ffc9f9e51f4e8517099fbf60d68c06b31d9cc121068cf501f2a416a8a598f292	a8cdf432e1aea7e84f5feec74d4553e75f22bc110636f38a25f7d943fade9403	1a85c63e8adb489eb10701abacfc88587f2f51fe44e902b56899f16d362f6361
foggy-fsscript	v934-src|90:foggy-fsscript/src/test/java/com/foggyframework/fsscript/exp/CommonDimsParseDebugTest.java	com.foggyframework.fsscript.exp.CommonDimsParseDebugTest	none	0	0	none	fc401e375a424cc74c8af8cd2ff4a9863e8a650bc4512f56e043ecff44cfad5c	a8cdf432e1aea7e84f5feec74d4553e75f22bc110636f38a25f7d943fade9403	1a85c63e8adb489eb10701abacfc88587f2f51fe44e902b56899f16d362f6361
foggy-fsscript	v934-src|85:foggy-fsscript/src/test/java/com/foggyframework/fsscript/exp/CommonDimsParseTest.java	com.foggyframework.fsscript.exp.CommonDimsParseTest	com.foggyframework.fsscript.exp.CommonDimsParseTest	9	0	junit-jupiter	c05e22f4fc36f958e380065d6c4ef515e197fe6907dc1e8c777cbcfa3bd630eb	a8cdf432e1aea7e84f5feec74d4553e75f22bc110636f38a25f7d943fade9403	1a85c63e8adb489eb10701abacfc88587f2f51fe44e902b56899f16d362f6361
foggy-fsscript	v934-src|88:foggy-fsscript/src/test/java/com/foggyframework/fsscript/exp/ComparisonOperatorTest.java	com.foggyframework.fsscript.exp.ComparisonOperatorTest	com.foggyframework.fsscript.exp.ComparisonOperatorTest	4	0	junit-jupiter	460918b2450c46058c54210accd27f89d030e74705b8001773b64418eb76b704	a8cdf432e1aea7e84f5feec74d4553e75f22bc110636f38a25f7d943fade9403	1a85c63e8adb489eb10701abacfc88587f2f51fe44e902b56899f16d362f6361
foggy-fsscript	v934-src|88:foggy-fsscript/src/test/java/com/foggyframework/fsscript/exp/DestructuringDebugTest.java	com.foggyframework.fsscript.exp.DestructuringDebugTest	none	0	0	none	11355fc24fe1dd58266a680f7c98e205e3bfd346db5cebdd50227b0cdc8f9901	a8cdf432e1aea7e84f5feec74d4553e75f22bc110636f38a25f7d943fade9403	1a85c63e8adb489eb10701abacfc88587f2f51fe44e902b56899f16d362f6361
foggy-fsscript	v934-src|83:foggy-fsscript/src/test/java/com/foggyframework/fsscript/exp/DestructuringTest.java	com.foggyframework.fsscript.exp.DestructuringTest	none	0	0	none	813f60091bada6b5d00605035055495f48105866c9a5885e1f58963ff215e5d8	a8cdf432e1aea7e84f5feec74d4553e75f22bc110636f38a25f7d943fade9403	1a85c63e8adb489eb10701abacfc88587f2f51fe44e902b56899f16d362f6361
foggy-fsscript	v934-src|76:foggy-fsscript/src/test/java/com/foggyframework/fsscript/exp/DotExpTest.java	com.foggyframework.fsscript.exp.DotExpTest	com.foggyframework.fsscript.exp.DotExpTest	1	0	junit-jupiter	877fd8083dfe2d4247fe396fb722b612be3ab3698362064fe19ef62b36c773b7	a8cdf432e1aea7e84f5feec74d4553e75f22bc110636f38a25f7d943fade9403	1a85c63e8adb489eb10701abacfc88587f2f51fe44e902b56899f16d362f6361
foggy-fsscript	v934-src|79:foggy-fsscript/src/test/java/com/foggyframework/fsscript/exp/ExpStringTest.java	com.foggyframework.fsscript.exp.ExpStringTest	com.foggyframework.fsscript.exp.ExpStringTest	5	0	junit-jupiter	ce6c12b8e221f0d411ec6c6de578dffb329e56ad04cc2c1b7e869b1e4f08a390	a8cdf432e1aea7e84f5feec74d4553e75f22bc110636f38a25f7d943fade9403	1a85c63e8adb489eb10701abacfc88587f2f51fe44e902b56899f16d362f6361
foggy-fsscript	v934-src|79:foggy-fsscript/src/test/java/com/foggyframework/fsscript/exp/ExportExpTest.java	com.foggyframework.fsscript.exp.ExportExpTest	com.foggyframework.fsscript.exp.ExportExpTest	3	0	junit-jupiter	3e19bbcb450a4777b434b1c4b76e99ed661449dd11dccbd22690402a61d671ea	a8cdf432e1aea7e84f5feec74d4553e75f22bc110636f38a25f7d943fade9403	1a85c63e8adb489eb10701abacfc88587f2f51fe44e902b56899f16d362f6361
foggy-fsscript	v934-src|76:foggy-fsscript/src/test/java/com/foggyframework/fsscript/exp/ForExpTest.java	com.foggyframework.fsscript.exp.ForExpTest	com.foggyframework.fsscript.exp.ForExpTest	11	0	junit-jupiter	606fdb89ab94630f25b322f0a4624013dee3cc5417c356db416b82f619b73580	a8cdf432e1aea7e84f5feec74d4553e75f22bc110636f38a25f7d943fade9403	1a85c63e8adb489eb10701abacfc88587f2f51fe44e902b56899f16d362f6361
foggy-fsscript	v934-src|83:foggy-fsscript/src/test/java/com/foggyframework/fsscript/exp/ForLetClosureTest.java	com.foggyframework.fsscript.exp.ForLetClosureTest	com.foggyframework.fsscript.exp.ForLetClosureTest	2	0	junit-jupiter	d4e5e487639d9884b64261573ce4ce58ff894651029c0a760cd60e55d8c6cb2b	a8cdf432e1aea7e84f5feec74d4553e75f22bc110636f38a25f7d943fade9403	1a85c63e8adb489eb10701abacfc88587f2f51fe44e902b56899f16d362f6361
foggy-fsscript	v934-src|91:foggy-fsscript/src/test/java/com/foggyframework/fsscript/exp/FunctionDefClosureBugTest.java	com.foggyframework.fsscript.exp.FunctionDefClosureBugTest	com.foggyframework.fsscript.exp.FunctionDefClosureBugTest	18	0	junit-jupiter	970f3ac124d992ed062a537487cea2b49c072590d9bcc2cc2d129ae6570bcb88	a8cdf432e1aea7e84f5feec74d4553e75f22bc110636f38a25f7d943fade9403	1a85c63e8adb489eb10701abacfc88587f2f51fe44e902b56899f16d362f6361
foggy-fsscript	v934-src|81:foggy-fsscript/src/test/java/com/foggyframework/fsscript/exp/FunctionExpTest.java	com.foggyframework.fsscript.exp.FunctionExpTest	com.foggyframework.fsscript.exp.FunctionExpTest	8	0	junit-jupiter	d395383a0b7a43ce6c920cbbc628c43248e45482684ba630390eadea308a030c	a8cdf432e1aea7e84f5feec74d4553e75f22bc110636f38a25f7d943fade9403	1a85c63e8adb489eb10701abacfc88587f2f51fe44e902b56899f16d362f6361
foggy-fsscript	v934-src|75:foggy-fsscript/src/test/java/com/foggyframework/fsscript/exp/IfExpTest.java	com.foggyframework.fsscript.exp.IfExpTest	com.foggyframework.fsscript.exp.IfExpTest	2	0	junit-jupiter	50a1f8872a69d8396762b90ac7674f250315b0df6763cc10560e84122a0f4625	a8cdf432e1aea7e84f5feec74d4553e75f22bc110636f38a25f7d943fade9403	1a85c63e8adb489eb10701abacfc88587f2f51fe44e902b56899f16d362f6361
foggy-fsscript	v934-src|90:foggy-fsscript/src/test/java/com/foggyframework/fsscript/exp/ImportBeanExpFailureTest.java	com.foggyframework.fsscript.exp.ImportBeanExpFailureTest	com.foggyframework.fsscript.exp.ImportBeanExpFailureTest	1	0	junit-jupiter	fdff07c7b0ecb9f76dec881604f27236e63ffdd35ddc13b107f7d4e88d26d0be	a8cdf432e1aea7e84f5feec74d4553e75f22bc110636f38a25f7d943fade9403	1a85c63e8adb489eb10701abacfc88587f2f51fe44e902b56899f16d362f6361
foggy-fsscript	v934-src|83:foggy-fsscript/src/test/java/com/foggyframework/fsscript/exp/ImportBeanExpTest.java	com.foggyframework.fsscript.exp.ImportBeanExpTest	com.foggyframework.fsscript.exp.ImportBeanExpTest	3	0	junit-jupiter	74df106084743f48a8ccd66789289e381883e9adccce0803745f52baf864122b	a8cdf432e1aea7e84f5feec74d4553e75f22bc110636f38a25f7d943fade9403	1a85c63e8adb489eb10701abacfc88587f2f51fe44e902b56899f16d362f6361
foggy-fsscript	v934-src|79:foggy-fsscript/src/test/java/com/foggyframework/fsscript/exp/ImportExpTest.java	com.foggyframework.fsscript.exp.ImportExpTest	com.foggyframework.fsscript.exp.ImportExpTest	2	0	junit-jupiter	bf7225220e64a8cfa40eb506158d24ffaed1de91e9a7b36bbb7edb6b158fb16e	a8cdf432e1aea7e84f5feec74d4553e75f22bc110636f38a25f7d943fade9403	1a85c63e8adb489eb10701abacfc88587f2f51fe44e902b56899f16d362f6361
foggy-fsscript	v934-src|85:foggy-fsscript/src/test/java/com/foggyframework/fsscript/exp/ImportStaticExpTest.java	com.foggyframework.fsscript.exp.ImportStaticExpTest	com.foggyframework.fsscript.exp.ImportStaticExpTest	1	0	junit-jupiter	677a59cf41232e7c4a994634b003e4062dde248aac53499f4601161b4a5eead9	a8cdf432e1aea7e84f5feec74d4553e75f22bc110636f38a25f7d943fade9403	1a85c63e8adb489eb10701abacfc88587f2f51fe44e902b56899f16d362f6361
foggy-fsscript	v934-src|80:foggy-fsscript/src/test/java/com/foggyframework/fsscript/exp/InNotInExpTest.java	com.foggyframework.fsscript.exp.InNotInExpTest	com.foggyframework.fsscript.exp.InNotInExpTest	35	0	junit-jupiter	69474b135e0bf4e9a2c84dab29a58551c6f3ee67905419c0b038604a1b4ef89f	a8cdf432e1aea7e84f5feec74d4553e75f22bc110636f38a25f7d943fade9403	1a85c63e8adb489eb10701abacfc88587f2f51fe44e902b56899f16d362f6361
foggy-fsscript	v934-src|83:foggy-fsscript/src/test/java/com/foggyframework/fsscript/exp/InstanceofExpTest.java	com.foggyframework.fsscript.exp.InstanceofExpTest	com.foggyframework.fsscript.exp.InstanceofExpTest	1	0	junit-jupiter	042a45f6c528604a1343c91caf944dacdb73da9f26ac292c74129243e6665435	a8cdf432e1aea7e84f5feec74d4553e75f22bc110636f38a25f7d943fade9403	1a85c63e8adb489eb10701abacfc88587f2f51fe44e902b56899f16d362f6361
foggy-fsscript	v934-src|76:foggy-fsscript/src/test/java/com/foggyframework/fsscript/exp/MapExpTest.java	com.foggyframework.fsscript.exp.MapExpTest	com.foggyframework.fsscript.exp.MapExpTest	1	0	junit-jupiter	7e80134b742aca1085a20cc9c12f40153dc00df05740126486eaf80b6c616568	a8cdf432e1aea7e84f5feec74d4553e75f22bc110636f38a25f7d943fade9403	1a85c63e8adb489eb10701abacfc88587f2f51fe44e902b56899f16d362f6361
foggy-fsscript	v934-src|82:foggy-fsscript/src/test/java/com/foggyframework/fsscript/exp/MethodFinderTest.java	com.foggyframework.fsscript.exp.MethodFinderTest	com.foggyframework.fsscript.exp.MethodFinderTest	5	0	junit-jupiter	e932cb51b72b5fc9174f56548b0469fffeeb6b3b30f581d0e53777810f9e844d	a8cdf432e1aea7e84f5feec74d4553e75f22bc110636f38a25f7d943fade9403	1a85c63e8adb489eb10701abacfc88587f2f51fe44e902b56899f16d362f6361
foggy-fsscript	v934-src|83:foggy-fsscript/src/test/java/com/foggyframework/fsscript/exp/NfFunctionExpTest.java	com.foggyframework.fsscript.exp.NfFunctionExpTest	com.foggyframework.fsscript.exp.NfFunctionExpTest	12	0	junit-jupiter	8d19ac3b07bd8ad0a5f33c0a23546f0e77181e6ac71cfaa4218e990145b1403f	a8cdf432e1aea7e84f5feec74d4553e75f22bc110636f38a25f7d943fade9403	1a85c63e8adb489eb10701abacfc88587f2f51fe44e902b56899f16d362f6361
foggy-fsscript	v934-src|76:foggy-fsscript/src/test/java/com/foggyframework/fsscript/exp/SwitchTest.java	com.foggyframework.fsscript.exp.SwitchTest	com.foggyframework.fsscript.exp.SwitchTest	2	0	junit-jupiter	e46e233dd29d78c1fa0a75ca194a5a36b8f8e721841c58a61132c71eb2fcf6f9	a8cdf432e1aea7e84f5feec74d4553e75f22bc110636f38a25f7d943fade9403	1a85c63e8adb489eb10701abacfc88587f2f51fe44e902b56899f16d362f6361
foggy-fsscript	v934-src|88:foggy-fsscript/src/test/java/com/foggyframework/fsscript/exp/fun/CheckDaysRangeTest.java	com.foggyframework.fsscript.exp.fun.CheckDaysRangeTest	com.foggyframework.fsscript.exp.fun.CheckDaysRangeTest	2	0	junit-jupiter	78df32c378d6ece6b68783a6ccdaba0d05c479479bb641e85c499bc861388913	a8cdf432e1aea7e84f5feec74d4553e75f22bc110636f38a25f7d943fade9403	1a85c63e8adb489eb10701abacfc88587f2f51fe44e902b56899f16d362f6361
foggy-fsscript	v934-src|93:foggy-fsscript/src/test/java/com/foggyframework/fsscript/jsr223/FsscriptScriptEngineTest.java	com.foggyframework.fsscript.jsr223.FsscriptScriptEngineTest	com.foggyframework.fsscript.jsr223.FsscriptScriptEngineTest	30	0	junit-jupiter	009aaec0e4f68f5b495ad6d21630742cc56209f81e2a407e68e72688c6bfecb5	a8cdf432e1aea7e84f5feec74d4553e75f22bc110636f38a25f7d943fade9403	1a85c63e8adb489eb10701abacfc88587f2f51fe44e902b56899f16d362f6361
foggy-fsscript	v934-src|107:foggy-fsscript/src/test/java/com/foggyframework/fsscript/lifecycle/CommittedSourceRevisionRegistryTest.java	com.foggyframework.fsscript.lifecycle.CommittedSourceRevisionRegistryTest	com.foggyframework.fsscript.lifecycle.CommittedSourceRevisionRegistryTest	4	0	junit-jupiter	278f2d05bc4d50b0739ad4afc1776dac869371615993cedd042c664bf042d704	a8cdf432e1aea7e84f5feec74d4553e75f22bc110636f38a25f7d943fade9403	1a85c63e8adb489eb10701abacfc88587f2f51fe44e902b56899f16d362f6361
foggy-fsscript	v934-src|92:foggy-fsscript/src/test/java/com/foggyframework/fsscript/loadder/FileFsscriptLoaderTest.java	com.foggyframework.fsscript.loadder.FileFsscriptLoaderTest	com.foggyframework.fsscript.loadder.FileFsscriptLoaderTest	1	0	junit-jupiter	35ff5af419987ebaf739014cdf43a569e1a32525dc5b3117b84b9ffef1910064	a8cdf432e1aea7e84f5feec74d4553e75f22bc110636f38a25f7d943fade9403	1a85c63e8adb489eb10701abacfc88587f2f51fe44e902b56899f16d362f6361
foggy-fsscript	v934-src|95:foggy-fsscript/src/test/java/com/foggyframework/fsscript/loadder/FileTxtFsscriptLoaderTest.java	com.foggyframework.fsscript.loadder.FileTxtFsscriptLoaderTest	com.foggyframework.fsscript.loadder.FileTxtFsscriptLoaderTest	2	0	junit-jupiter	38bf5c9893f36a2e1a497fbb9085b6591e2ebaf5288a862516a05363a65527e2	a8cdf432e1aea7e84f5feec74d4553e75f22bc110636f38a25f7d943fade9403	1a85c63e8adb489eb10701abacfc88587f2f51fe44e902b56899f16d362f6361
foggy-fsscript	v934-src|108:foggy-fsscript/src/test/java/com/foggyframework/fsscript/loadder/FsscriptFileChangeHandlerAuthorityTest.java	com.foggyframework.fsscript.loadder.FsscriptFileChangeHandlerAuthorityTest	com.foggyframework.fsscript.loadder.FsscriptFileChangeHandlerAuthorityTest	4	0	junit-jupiter	547402364a39737910c37ffe865321b730e73716322546314eda725388b87a3d	a8cdf432e1aea7e84f5feec74d4553e75f22bc110636f38a25f7d943fade9403	1a85c63e8adb489eb10701abacfc88587f2f51fe44e902b56899f16d362f6361
foggy-fsscript	v934-src|99:foggy-fsscript/src/test/java/com/foggyframework/fsscript/loadder/FsscriptFileChangeHandlerTest.java	com.foggyframework.fsscript.loadder.FsscriptFileChangeHandlerTest	com.foggyframework.fsscript.loadder.FsscriptFileChangeHandlerTest	1	0	junit-jupiter	cac7164bdd7999df26109ff6b76093bd0e966942710d6e1ee6345fc262a1357f	a8cdf432e1aea7e84f5feec74d4553e75f22bc110636f38a25f7d943fade9403	1a85c63e8adb489eb10701abacfc88587f2f51fe44e902b56899f16d362f6361
foggy-fsscript	v934-src|92:foggy-fsscript/src/test/java/com/foggyframework/fsscript/loadder/RootFsscriptLoaderTest.java	com.foggyframework.fsscript.loadder.RootFsscriptLoaderTest	com.foggyframework.fsscript.loadder.RootFsscriptLoaderTest	1	0	junit-jupiter	d6807131ce9cf73a69f551dead8bfd7404d236cbfac5590fe834a05eac998652	a8cdf432e1aea7e84f5feec74d4553e75f22bc110636f38a25f7d943fade9403	1a85c63e8adb489eb10701abacfc88587f2f51fe44e902b56899f16d362f6361
foggy-fsscript	v934-src|92:foggy-fsscript/src/test/java/com/foggyframework/fsscript/parser/ComposeQueryDialectTest.java	com.foggyframework.fsscript.parser.ComposeQueryDialectTest	com.foggyframework.fsscript.parser.ComposeQueryDialectTest	8	0	junit-jupiter	6d7631657acb8241c07017a504410e611edf61fd62f04220fc3d8bcbfe0c83ea	a8cdf432e1aea7e84f5feec74d4553e75f22bc110636f38a25f7d943fade9403	1a85c63e8adb489eb10701abacfc88587f2f51fe44e902b56899f16d362f6361
foggy-fsscript	v934-src|89:foggy-fsscript/src/test/java/com/foggyframework/fsscript/parser/ExpParserDialectTest.java	com.foggyframework.fsscript.parser.ExpParserDialectTest	com.foggyframework.fsscript.parser.ExpParserDialectTest	10	0	junit-jupiter	9d6929f0c3804b38eacff7af5b9d51203faf117c6e0c2b2bb8b3a60bb4034a15	a8cdf432e1aea7e84f5feec74d4553e75f22bc110636f38a25f7d943fade9403	1a85c63e8adb489eb10701abacfc88587f2f51fe44e902b56899f16d362f6361
foggy-fsscript	v934-src|82:foggy-fsscript/src/test/java/com/foggyframework/fsscript/parser/ExpParserTest.java	com.foggyframework.fsscript.parser.ExpParserTest	com.foggyframework.fsscript.parser.ExpParserTest	46	0	junit-jupiter	7011d8d06efd301da1417d60608b78241aa819b868afd369b8a56ecf55082ae0	a8cdf432e1aea7e84f5feec74d4553e75f22bc110636f38a25f7d943fade9403	1a85c63e8adb489eb10701abacfc88587f2f51fe44e902b56899f16d362f6361
foggy-fsscript	v934-src|88:foggy-fsscript/src/test/java/com/foggyframework/fsscript/parser/FsscriptDialectTest.java	com.foggyframework.fsscript.parser.FsscriptDialectTest	com.foggyframework.fsscript.parser.FsscriptDialectTest	7	0	junit-jupiter	3bda6d7332803ebbe4f8f6a713cb1c5b23a1835c7fa007c4bfce57b9018cb1cd	a8cdf432e1aea7e84f5feec74d4553e75f22bc110636f38a25f7d943fade9403	1a85c63e8adb489eb10701abacfc88587f2f51fe44e902b56899f16d362f6361
foggy-fsscript	v934-src|91:foggy-fsscript/src/test/java/com/foggyframework/fsscript/parser/OperatorPrecedenceTest.java	com.foggyframework.fsscript.parser.OperatorPrecedenceTest	com.foggyframework.fsscript.parser.OperatorPrecedenceTest	13	0	junit-jupiter	12df4fd7179043615ecd6f8297f7a73efe83813e31d8c0f6eedfc2625c2343b8	a8cdf432e1aea7e84f5feec74d4553e75f22bc110636f38a25f7d943fade9403	1a85c63e8adb489eb10701abacfc88587f2f51fe44e902b56899f16d362f6361
foggy-fsscript	v934-src|93:foggy-fsscript/src/test/java/com/foggyframework/fsscript/parser/SqlExpressionDialectTest.java	com.foggyframework.fsscript.parser.SqlExpressionDialectTest	com.foggyframework.fsscript.parser.SqlExpressionDialectTest	10	0	junit-jupiter	0fcf6ada4e5f92d531cb7724e314c3ba6933d817f3dd6220e3b986e32d030797	a8cdf432e1aea7e84f5feec74d4553e75f22bc110636f38a25f7d943fade9403	1a85c63e8adb489eb10701abacfc88587f2f51fe44e902b56899f16d362f6361
foggy-fsscript	v934-src|86:foggy-fsscript/src/test/java/com/foggyframework/fsscript/support/FsscriptImplTest.java	com.foggyframework.fsscript.support.FsscriptImplTest	com.foggyframework.fsscript.support.FsscriptImplTest	2	0	junit-jupiter	390bd4d3d64b9f166684676f2fa67b8420397019de5237d70c11874a53644ca7	a8cdf432e1aea7e84f5feec74d4553e75f22bc110636f38a25f7d943fade9403	1a85c63e8adb489eb10701abacfc88587f2f51fe44e902b56899f16d362f6361
foggy-fsscript	v934-src|96:foggy-fsscript/src/test/java/com/foggyframework/fsscript/support/FsscriptRuntimeFailureTest.java	com.foggyframework.fsscript.support.FsscriptRuntimeFailureTest	com.foggyframework.fsscript.support.FsscriptRuntimeFailureTest	1	0	junit-jupiter	1226fe853540eba9d3d20966aacbd13dcc4b4ed4c0e187f8340ca0bf8737dd7f	a8cdf432e1aea7e84f5feec74d4553e75f22bc110636f38a25f7d943fade9403	1a85c63e8adb489eb10701abacfc88587f2f51fe44e902b56899f16d362f6361
foggy-fsscript	v934-src|91:foggy-fsscript/src/test/java/com/foggyframework/fsscript/support/ImportStaticClassTest.java	com.foggyframework.fsscript.support.ImportStaticClassTest	none	0	0	none	c96e2e43f7a2debcbfe6e62085f2cfe00257c6467f7887c833575424cf705ef0	a8cdf432e1aea7e84f5feec74d4553e75f22bc110636f38a25f7d943fade9403	1a85c63e8adb489eb10701abacfc88587f2f51fe44e902b56899f16d362f6361
foggy-fsscript	v934-src|74:foggy-fsscript/src/test/java/com/foggyframework/fsscript/support/Test.java	com.foggyframework.fsscript.support.MyTest	com.foggyframework.fsscript.support.MyTest	1	0	junit-jupiter	1bffa37ffcf1e5fcd4632aaf852f84aed84236c3ca6f285bdec7e02e13eeda5a	a8cdf432e1aea7e84f5feec74d4553e75f22bc110636f38a25f7d943fade9403	1a85c63e8adb489eb10701abacfc88587f2f51fe44e902b56899f16d362f6361
foggy-mcp-launcher	v934-src|92:foggy-mcp-launcher/src/test/java/com/foggyframework/mcp/launcher/DataViewerApiSmokeTest.java	com.foggyframework.mcp.launcher.DataViewerApiSmokeTest	com.foggyframework.mcp.launcher.DataViewerApiSmokeTest	6	0	junit-jupiter	7cbecb5127558329c4a3e2ef7a8f06cc0dd9b3d715423e98d4e7da3c45323a3f	646c021c518a9c9c1b84cb6ccc05c512d07d85b5488c50cf3212585c678aa21d	53c7f93d45e9e10630514a60ba4a932f66025ec1f304fbb5a836fe6f19458492
foggy-mcp-launcher	v934-src|109:foggy-mcp-launcher/src/test/java/com/foggyframework/mcp/launcher/McpLauncherLiteProfileConfigurationTest.java	com.foggyframework.mcp.launcher.McpLauncherLiteProfileConfigurationTest	com.foggyframework.mcp.launcher.McpLauncherLiteProfileConfigurationTest	5	0	junit-jupiter	544356918981addbd7a0c273b3c3a65da4cc2b9facb8c35496697fc372ab7049	646c021c518a9c9c1b84cb6ccc05c512d07d85b5488c50cf3212585c678aa21d	53c7f93d45e9e10630514a60ba4a932f66025ec1f304fbb5a836fe6f19458492
foggy-mcp-launcher	v934-src|102:foggy-mcp-launcher/src/test/java/io/foggytest/autoconfigure/AutoConfigurationBoundaryContractTest.java	io.foggytest.autoconfigure.AutoConfigurationBoundaryContractTest	io.foggytest.autoconfigure.AutoConfigurationBoundaryContractTest	3	0	junit-jupiter	e5e26e9d37300d0ed8114c0ac08e6227e2c0cfd49491a94e458352ce02ceebd6	646c021c518a9c9c1b84cb6ccc05c512d07d85b5488c50cf3212585c678aa21d	53c7f93d45e9e10630514a60ba4a932f66025ec1f304fbb5a836fe6f19458492
foggy-mcp-launcher	v934-src|108:foggy-mcp-launcher/src/test/java/io/foggytest/autoconfigure/AutoConfigurationRegistrationUniquenessTest.java	io.foggytest.autoconfigure.AutoConfigurationRegistrationUniquenessTest	io.foggytest.autoconfigure.AutoConfigurationRegistrationUniquenessTest	2	0	junit-jupiter	6363e313b3ffccebc045f3bd83a6180c5f054cfd00474652b5ed2f2ce24848a6	646c021c518a9c9c1b84cb6ccc05c512d07d85b5488c50cf3212585c678aa21d	53c7f93d45e9e10630514a60ba4a932f66025ec1f304fbb5a836fe6f19458492
foggy-mcp-launcher	v934-src|103:foggy-mcp-launcher/src/test/java/io/foggytest/autoconfigure/FullAddonAutoConfigurationAssemblyTest.java	io.foggytest.autoconfigure.FullAddonAutoConfigurationAssemblyTest	io.foggytest.autoconfigure.FullAddonAutoConfigurationAssemblyTest	1	0	junit-jupiter	936ad94b5afded915ae775662d15f7d6f29f5fe14994690546c94ef9137b59a1	646c021c518a9c9c1b84cb6ccc05c512d07d85b5488c50cf3212585c678aa21d	53c7f93d45e9e10630514a60ba4a932f66025ec1f304fbb5a836fe6f19458492
foggy-mcp-launcher	v934-src|109:foggy-mcp-launcher/src/test/java/io/foggytest/autoconfigure/OutsidePackageCoreAutoConfigurationSmokeTest.java	io.foggytest.autoconfigure.OutsidePackageCoreAutoConfigurationSmokeTest	io.foggytest.autoconfigure.OutsidePackageCoreAutoConfigurationSmokeTest	1	0	junit-jupiter	7e3245f4171b13c3dcb694d972c899526bf0d0771e6192962cb051a39e21b2c4	646c021c518a9c9c1b84cb6ccc05c512d07d85b5488c50cf3212585c678aa21d	53c7f93d45e9e10630514a60ba4a932f66025ec1f304fbb5a836fe6f19458492
foggy-mcp-launcher	v934-src|98:foggy-mcp-launcher/src/test/java/io/foggytest/launcher/LauncherDefaultRouteIsolationSmokeTest.java	io.foggytest.launcher.LauncherDefaultRouteIsolationSmokeTest	io.foggytest.launcher.LauncherDefaultRouteIsolationSmokeTest	1	0	junit-jupiter	d1c2e934b468580ec9bdccfb978263fda510218be06b735f68602d15e99772e9	646c021c518a9c9c1b84cb6ccc05c512d07d85b5488c50cf3212585c678aa21d	53c7f93d45e9e10630514a60ba4a932f66025ec1f304fbb5a836fe6f19458492
foggy-mcp-launcher	v934-src|95:foggy-mcp-launcher/src/test/java/io/foggytest/launcher/LauncherExplicitTestRoutesSmokeTest.java	io.foggytest.launcher.LauncherExplicitTestRoutesSmokeTest	io.foggytest.launcher.LauncherExplicitTestRoutesSmokeTest	1	0	junit-jupiter	cb01ac427c866e4493ec549ff564a5e4f9eb9643d07b3725244c1961400eeb37	646c021c518a9c9c1b84cb6ccc05c512d07d85b5488c50cf3212585c678aa21d	53c7f93d45e9e10630514a60ba4a932f66025ec1f304fbb5a836fe6f19458492
foggy-runtime-api	v934-src|94:foggy-runtime-api/src/test/java/com/foggyframework/runtime/api/RuntimeApiAuthCodeGateTest.java	com.foggyframework.runtime.api.RuntimeApiAuthCodeGateTest	com.foggyframework.runtime.api.RuntimeApiAuthCodeGateTest	9	0	junit-jupiter	715b304378422ad0bf68aa17e4e5cc0000687a904f5624ad0e46f0a86c79be3d	847b4de68e04abc0005cb06ecb6c8846a678d1af76003c5975c342cb17e62ecd	cb24134a843396f52a3000c0df27fa1af338dbcdf8eb31b322b70be2ce6cef96
foggy-runtime-api	v934-src|109:foggy-runtime-api/src/test/java/com/foggyframework/runtime/api/RuntimeCapabilitiesControllerDisabledTest.java	com.foggyframework.runtime.api.RuntimeCapabilitiesControllerDisabledTest	com.foggyframework.runtime.api.RuntimeCapabilitiesControllerDisabledTest	1	0	junit-jupiter	3c477fbd67a73935d08e8cd29b29ede4ca115658be0ce47d2ef57d3341bacd7b	847b4de68e04abc0005cb06ecb6c8846a678d1af76003c5975c342cb17e62ecd	cb24134a843396f52a3000c0df27fa1af338dbcdf8eb31b322b70be2ce6cef96
foggy-runtime-api	v934-src|108:foggy-runtime-api/src/test/java/com/foggyframework/runtime/api/RuntimeCapabilitiesControllerEnabledTest.java	com.foggyframework.runtime.api.RuntimeCapabilitiesControllerEnabledTest	com.foggyframework.runtime.api.RuntimeCapabilitiesControllerEnabledTest	48	0	junit-jupiter	421b32157593b5f7f3cbeb1c3f5542e7a497ae6795ba5b102d038b14f49881b8	847b4de68e04abc0005cb06ecb6c8846a678d1af76003c5975c342cb17e62ecd	cb24134a843396f52a3000c0df27fa1af338dbcdf8eb31b322b70be2ce6cef96
foggy-runtime-api	v934-src|119:foggy-runtime-api/src/test/java/com/foggyframework/runtime/api/controller/RuntimeModelsControllerCompatibilityTest.java	com.foggyframework.runtime.api.controller.RuntimeModelsControllerCompatibilityTest	com.foggyframework.runtime.api.controller.RuntimeModelsControllerCompatibilityTest	2	0	junit-jupiter	dda3e4b7580935f61198f80ff493b2c9270bc4c1c5e773cbb7584a0f49eda077	847b4de68e04abc0005cb06ecb6c8846a678d1af76003c5975c342cb17e62ecd	cb24134a843396f52a3000c0df27fa1af338dbcdf8eb31b322b70be2ce6cef96
foggy-runtime-api	v934-src|103:foggy-runtime-api/src/test/java/com/foggyframework/runtime/api/dto/RuntimeLifecycleDtoContractTest.java	com.foggyframework.runtime.api.dto.RuntimeLifecycleDtoContractTest	com.foggyframework.runtime.api.dto.RuntimeLifecycleDtoContractTest	2	0	junit-jupiter	8ddd4594c04b1fb54ba898f60ef38bd3bc13075e151a23b9312948fd7dfe410a	847b4de68e04abc0005cb06ecb6c8846a678d1af76003c5975c342cb17e62ecd	cb24134a843396f52a3000c0df27fa1af338dbcdf8eb31b322b70be2ce6cef96
foggy-runtime-api	v934-src|106:foggy-runtime-api/src/test/java/com/foggyframework/runtime/api/dto/RuntimeLifecycleSafetyContractTest.java	com.foggyframework.runtime.api.dto.RuntimeLifecycleSafetyContractTest	com.foggyframework.runtime.api.dto.RuntimeLifecycleSafetyContractTest	3	0	junit-jupiter	7026689f98f52cba2119a159d08d830cb946d1ba64abba6f3c8381bc4e864531	847b4de68e04abc0005cb06ecb6c8846a678d1af76003c5975c342cb17e62ecd	cb24134a843396f52a3000c0df27fa1af338dbcdf8eb31b322b70be2ce6cef96
foggy-runtime-api	v934-src|101:foggy-runtime-api/src/test/java/com/foggyframework/runtime/api/dto/RuntimeLifecycleSanitizerTest.java	com.foggyframework.runtime.api.dto.RuntimeLifecycleSanitizerTest	com.foggyframework.runtime.api.dto.RuntimeLifecycleSanitizerTest	4	0	junit-jupiter	d0e37e3eb9d7a20eb55bb479678bb277400b509802d8cf9e864e6c768dd86c69	847b4de68e04abc0005cb06ecb6c8846a678d1af76003c5975c342cb17e62ecd	cb24134a843396f52a3000c0df27fa1af338dbcdf8eb31b322b70be2ce6cef96
foggy-runtime-api	v934-src|108:foggy-runtime-api/src/test/java/com/foggyframework/runtime/api/service/ManagedDataSourcePoolManagerTest.java	com.foggyframework.runtime.api.service.ManagedDataSourcePoolManagerTest	com.foggyframework.runtime.api.service.ManagedDataSourcePoolManagerTest	12	0	junit-jupiter	aeeb61af57ad8c651e1d03fe17ac42867cbaac78b983a42218c152ab2c148508	847b4de68e04abc0005cb06ecb6c8846a678d1af76003c5975c342cb17e62ecd	cb24134a843396f52a3000c0df27fa1af338dbcdf8eb31b322b70be2ce6cef96
foggy-runtime-api	v934-src|104:foggy-runtime-api/src/test/java/com/foggyframework/runtime/api/service/RuntimeComposeInvocationTest.java	com.foggyframework.runtime.api.service.RuntimeComposeInvocationTest	com.foggyframework.runtime.api.service.RuntimeComposeInvocationTest	4	0	junit-jupiter	f46f59bc84b651c60d59e3b8edcc2aa1293747168c077cf9bf3e17b70d38e29d	847b4de68e04abc0005cb06ecb6c8846a678d1af76003c5975c342cb17e62ecd	cb24134a843396f52a3000c0df27fa1af338dbcdf8eb31b322b70be2ce6cef96
foggy-runtime-api	v934-src|100:foggy-runtime-api/src/test/java/com/foggyframework/runtime/api/service/RuntimeComposeRunnerTest.java	com.foggyframework.runtime.api.service.RuntimeComposeRunnerTest	com.foggyframework.runtime.api.service.RuntimeComposeRunnerTest	3	0	junit-jupiter	80bf3388d3880deccd7b7724c6c748b217356c417a49c13440129a86540f7178	847b4de68e04abc0005cb06ecb6c8846a678d1af76003c5975c342cb17e62ecd	cb24134a843396f52a3000c0df27fa1af338dbcdf8eb31b322b70be2ce6cef96
foggy-runtime-api	v934-src|113:foggy-runtime-api/src/test/java/com/foggyframework/runtime/api/service/RuntimeDatasourceBindingLifecycleTest.java	com.foggyframework.runtime.api.service.RuntimeDatasourceBindingLifecycleTest	com.foggyframework.runtime.api.service.RuntimeDatasourceBindingLifecycleTest	11	0	junit-jupiter	c92b0916d7c926dbe8acc7fd3c1201f7d2c7b7fdfe6aa2cf26b61674dd5d0742	847b4de68e04abc0005cb06ecb6c8846a678d1af76003c5975c342cb17e62ecd	cb24134a843396f52a3000c0df27fa1af338dbcdf8eb31b322b70be2ce6cef96
foggy-runtime-api	v934-src|115:foggy-runtime-api/src/test/java/com/foggyframework/runtime/api/service/RuntimeDatasourceCatalogConvergenceTest.java	com.foggyframework.runtime.api.service.RuntimeDatasourceCatalogConvergenceTest	com.foggyframework.runtime.api.service.RuntimeDatasourceCatalogConvergenceTest	8	0	junit-jupiter	6916b9b600beb27aa8b96ae3dacfe570937ce0b21e07bcaf4443885da30c787c	847b4de68e04abc0005cb06ecb6c8846a678d1af76003c5975c342cb17e62ecd	cb24134a843396f52a3000c0df27fa1af338dbcdf8eb31b322b70be2ce6cef96
foggy-runtime-api	v934-src|115:foggy-runtime-api/src/test/java/com/foggyframework/runtime/api/service/RuntimeDatasourceRegistryGenerationTest.java	com.foggyframework.runtime.api.service.RuntimeDatasourceRegistryGenerationTest	com.foggyframework.runtime.api.service.RuntimeDatasourceRegistryGenerationTest	7	0	junit-jupiter	ea4817f3151b1bb68dbe7dd2a2919371605d4e5dd7c099081071500300937917	847b4de68e04abc0005cb06ecb6c8846a678d1af76003c5975c342cb17e62ecd	cb24134a843396f52a3000c0df27fa1af338dbcdf8eb31b322b70be2ce6cef96
foggy-runtime-api	v934-src|108:foggy-runtime-api/src/test/java/com/foggyframework/runtime/api/service/RuntimeLifecycleErrorMappingTest.java	com.foggyframework.runtime.api.service.RuntimeLifecycleErrorMappingTest	com.foggyframework.runtime.api.service.RuntimeLifecycleErrorMappingTest	3	0	junit-jupiter	759ab2bc4c63871f286abe9d78249d05e7ed14757a10a402a2e62e979b229fa4	847b4de68e04abc0005cb06ecb6c8846a678d1af76003c5975c342cb17e62ecd	cb24134a843396f52a3000c0df27fa1af338dbcdf8eb31b322b70be2ce6cef96
foggy-runtime-api	v934-src|108:foggy-runtime-api/src/test/java/com/foggyframework/runtime/api/service/RuntimeModelRefreshLifecycleTest.java	com.foggyframework.runtime.api.service.RuntimeModelRefreshLifecycleTest	com.foggyframework.runtime.api.service.RuntimeModelRefreshLifecycleTest	4	0	junit-jupiter	2c197e7384f7a5f40160e9a34d4f5beee65cd91e38e8e77f5aee9d5be7988511	847b4de68e04abc0005cb06ecb6c8846a678d1af76003c5975c342cb17e62ecd	cb24134a843396f52a3000c0df27fa1af338dbcdf8eb31b322b70be2ce6cef96
foggy-runtime-api	v934-src|111:foggy-runtime-api/src/test/java/com/foggyframework/runtime/api/service/RuntimeModelValidationIsolationTest.java	com.foggyframework.runtime.api.service.RuntimeModelValidationIsolationTest	com.foggyframework.runtime.api.service.RuntimeModelValidationIsolationTest	2	0	junit-jupiter	60889335f43e3b8863e25c85e5041c5621363ad184b87e495d11c216f4edc7a1	847b4de68e04abc0005cb06ecb6c8846a678d1af76003c5975c342cb17e62ecd	cb24134a843396f52a3000c0df27fa1af338dbcdf8eb31b322b70be2ce6cef96
foggy-runtime-api	v934-src|117:foggy-runtime-api/src/test/java/com/foggyframework/runtime/api/service/RuntimeNamedDataSourceResolverBindingTest.java	com.foggyframework.runtime.api.service.RuntimeNamedDataSourceResolverBindingTest	com.foggyframework.runtime.api.service.RuntimeNamedDataSourceResolverBindingTest	5	0	junit-jupiter	52a5a86b21480254b6bbaad78ae7c8e731ea63f1ffd54bfd0878712687f5d959	847b4de68e04abc0005cb06ecb6c8846a678d1af76003c5975c342cb17e62ecd	cb24134a843396f52a3000c0df27fa1af338dbcdf8eb31b322b70be2ce6cef96
