execution_key	source_id	report_fqcn	runner	lane	variant_key	db_kind	infra_kind	execution_step	required	owner	optional_reason	review_at
v934|8:surefire|4:unit|4:unit|78:com.foggyframework.dataset.mcp.storage.cloud.CloudStorageAutoConfigurationTest	v934-src|130:addons/foggy-chart-storage-cloud/src/test/java/com/foggyframework/dataset/mcp/storage/cloud/CloudStorageAutoConfigurationTest.java	com.foggyframework.dataset.mcp.storage.cloud.CloudStorageAutoConfigurationTest	surefire	unit	unit	none	hermetic	2	true	addons/foggy-chart-storage-cloud	none	none
v934|8:surefire|4:unit|4:unit|75:com.foggyframework.dataviewer.config.DataViewerAutoConfigurationContextTest	v934-src|119:addons/foggy-data-viewer/src/test/java/com/foggyframework/dataviewer/config/DataViewerAutoConfigurationContextTest.java	com.foggyframework.dataviewer.config.DataViewerAutoConfigurationContextTest	surefire	unit	unit	none	hermetic	2	true	addons/foggy-data-viewer	none	none
v934|8:surefire|4:unit|4:unit|68:com.foggyframework.dataviewer.config.DataViewerAutoConfigurationTest	v934-src|112:addons/foggy-data-viewer/src/test/java/com/foggyframework/dataviewer/config/DataViewerAutoConfigurationTest.java	com.foggyframework.dataviewer.config.DataViewerAutoConfigurationTest	surefire	unit	unit	none	hermetic	2	true	addons/foggy-data-viewer	none	none
v934|8:surefire|4:unit|4:unit|65:com.foggyframework.dataviewer.controller.ListPresetControllerTest	v934-src|109:addons/foggy-data-viewer/src/test/java/com/foggyframework/dataviewer/controller/ListPresetControllerTest.java	com.foggyframework.dataviewer.controller.ListPresetControllerTest	surefire	unit	unit	none	hermetic	2	true	addons/foggy-data-viewer	none	none
v934|8:surefire|4:unit|4:unit|78:com.foggyframework.dataviewer.controller.TableDefaultQueryConfigControllerTest	v934-src|122:addons/foggy-data-viewer/src/test/java/com/foggyframework/dataviewer/controller/TableDefaultQueryConfigControllerTest.java	com.foggyframework.dataviewer.controller.TableDefaultQueryConfigControllerTest	surefire	unit	unit	none	hermetic	2	true	addons/foggy-data-viewer	none	none
v934|8:surefire|4:unit|4:unit|64:com.foggyframework.dataviewer.controller.ViewerApiControllerTest	v934-src|108:addons/foggy-data-viewer/src/test/java/com/foggyframework/dataviewer/controller/ViewerApiControllerTest.java	com.foggyframework.dataviewer.controller.ViewerApiControllerTest	surefire	unit	unit	none	hermetic	2	true	addons/foggy-data-viewer	none	none
v934|8:surefire|4:unit|4:unit|82:com.foggyframework.dataviewer.controller.ViewerApiControllerTest$GetQueryMetaTests	v934-src|108:addons/foggy-data-viewer/src/test/java/com/foggyframework/dataviewer/controller/ViewerApiControllerTest.java	com.foggyframework.dataviewer.controller.ViewerApiControllerTest$GetQueryMetaTests	surefire	unit	unit	none	hermetic	2	true	addons/foggy-data-viewer	none	none
v934|8:surefire|4:unit|4:unit|79:com.foggyframework.dataviewer.controller.ViewerApiControllerTest$QueryDataTests	v934-src|108:addons/foggy-data-viewer/src/test/java/com/foggyframework/dataviewer/controller/ViewerApiControllerTest.java	com.foggyframework.dataviewer.controller.ViewerApiControllerTest$QueryDataTests	surefire	unit	unit	none	hermetic	2	true	addons/foggy-data-viewer	none	none
v934|8:surefire|4:unit|4:unit|81:com.foggyframework.dataviewer.controller.ViewerApiControllerTest$QueryDirectTests	v934-src|108:addons/foggy-data-viewer/src/test/java/com/foggyframework/dataviewer/controller/ViewerApiControllerTest.java	com.foggyframework.dataviewer.controller.ViewerApiControllerTest$QueryDirectTests	surefire	unit	unit	none	hermetic	2	true	addons/foggy-data-viewer	none	none
v934|8:surefire|4:unit|4:unit|82:com.foggyframework.dataviewer.controller.ViewerApiControllerTest$QueryMembersTests	v934-src|108:addons/foggy-data-viewer/src/test/java/com/foggyframework/dataviewer/controller/ViewerApiControllerTest.java	com.foggyframework.dataviewer.controller.ViewerApiControllerTest$QueryMembersTests	surefire	unit	unit	none	hermetic	2	true	addons/foggy-data-viewer	none	none
v934|8:surefire|4:unit|4:unit|54:com.foggyframework.dataviewer.mcp.OpenInViewerToolTest	v934-src|98:addons/foggy-data-viewer/src/test/java/com/foggyframework/dataviewer/mcp/OpenInViewerToolTest.java	com.foggyframework.dataviewer.mcp.OpenInViewerToolTest	surefire	unit	unit	none	hermetic	2	true	addons/foggy-data-viewer	none	none
v934|8:surefire|4:unit|4:unit|69:com.foggyframework.dataviewer.mcp.OpenInViewerToolTest$ExecutionTests	v934-src|98:addons/foggy-data-viewer/src/test/java/com/foggyframework/dataviewer/mcp/OpenInViewerToolTest.java	com.foggyframework.dataviewer.mcp.OpenInViewerToolTest$ExecutionTests	surefire	unit	unit	none	hermetic	2	true	addons/foggy-data-viewer	none	none
v934|8:surefire|4:unit|4:unit|68:com.foggyframework.dataviewer.mcp.OpenInViewerToolTest$MetadataTests	v934-src|98:addons/foggy-data-viewer/src/test/java/com/foggyframework/dataviewer/mcp/OpenInViewerToolTest.java	com.foggyframework.dataviewer.mcp.OpenInViewerToolTest$MetadataTests	surefire	unit	unit	none	hermetic	2	true	addons/foggy-data-viewer	none	none
v934|8:surefire|4:unit|4:unit|76:com.foggyframework.dataviewer.mcp.OpenInViewerToolTest$StreamingSupportTests	v934-src|98:addons/foggy-data-viewer/src/test/java/com/foggyframework/dataviewer/mcp/OpenInViewerToolTest.java	com.foggyframework.dataviewer.mcp.OpenInViewerToolTest$StreamingSupportTests	surefire	unit	unit	none	hermetic	2	true	addons/foggy-data-viewer	none	none
v934|8:surefire|4:unit|4:unit|67:com.foggyframework.dataviewer.plugins.LargeResultTruncationStepTest	v934-src|111:addons/foggy-data-viewer/src/test/java/com/foggyframework/dataviewer/plugins/LargeResultTruncationStepTest.java	com.foggyframework.dataviewer.plugins.LargeResultTruncationStepTest	surefire	unit	unit	none	hermetic	2	true	addons/foggy-data-viewer	none	none
v934|8:surefire|4:unit|4:unit|87:com.foggyframework.dataviewer.plugins.LargeResultTruncationStepTest$AboveThresholdTests	v934-src|111:addons/foggy-data-viewer/src/test/java/com/foggyframework/dataviewer/plugins/LargeResultTruncationStepTest.java	com.foggyframework.dataviewer.plugins.LargeResultTruncationStepTest$AboveThresholdTests	surefire	unit	unit	none	hermetic	2	true	addons/foggy-data-viewer	none	none
v934|8:surefire|4:unit|4:unit|87:com.foggyframework.dataviewer.plugins.LargeResultTruncationStepTest$BelowThresholdTests	v934-src|111:addons/foggy-data-viewer/src/test/java/com/foggyframework/dataviewer/plugins/LargeResultTruncationStepTest.java	com.foggyframework.dataviewer.plugins.LargeResultTruncationStepTest$BelowThresholdTests	surefire	unit	unit	none	hermetic	2	true	addons/foggy-data-viewer	none	none
v934|8:surefire|4:unit|4:unit|81:com.foggyframework.dataviewer.plugins.LargeResultTruncationStepTest$EdgeCaseTests	v934-src|111:addons/foggy-data-viewer/src/test/java/com/foggyframework/dataviewer/plugins/LargeResultTruncationStepTest.java	com.foggyframework.dataviewer.plugins.LargeResultTruncationStepTest$EdgeCaseTests	surefire	unit	unit	none	hermetic	2	true	addons/foggy-data-viewer	none	none
v934|8:surefire|4:unit|4:unit|84:com.foggyframework.dataviewer.plugins.LargeResultTruncationStepTest$NonMcpQueryTests	v934-src|111:addons/foggy-data-viewer/src/test/java/com/foggyframework/dataviewer/plugins/LargeResultTruncationStepTest.java	com.foggyframework.dataviewer.plugins.LargeResultTruncationStepTest$NonMcpQueryTests	surefire	unit	unit	none	hermetic	2	true	addons/foggy-data-viewer	none	none
v934|8:surefire|4:unit|4:unit|59:com.foggyframework.dataviewer.service.ListPresetServiceTest	v934-src|103:addons/foggy-data-viewer/src/test/java/com/foggyframework/dataviewer/service/ListPresetServiceTest.java	com.foggyframework.dataviewer.service.ListPresetServiceTest	surefire	unit	unit	none	hermetic	2	true	addons/foggy-data-viewer	none	none
v934|8:surefire|4:unit|4:unit|74:com.foggyframework.dataviewer.service.ListPresetServiceTest$FileStoreTests	v934-src|103:addons/foggy-data-viewer/src/test/java/com/foggyframework/dataviewer/service/ListPresetServiceTest.java	com.foggyframework.dataviewer.service.ListPresetServiceTest$FileStoreTests	surefire	unit	unit	none	hermetic	2	true	addons/foggy-data-viewer	none	none
v934|8:surefire|4:unit|4:unit|60:com.foggyframework.dataviewer.service.MemberQueryServiceTest	v934-src|104:addons/foggy-data-viewer/src/test/java/com/foggyframework/dataviewer/service/MemberQueryServiceTest.java	com.foggyframework.dataviewer.service.MemberQueryServiceTest	surefire	unit	unit	none	hermetic	2	true	addons/foggy-data-viewer	none	none
v934|8:surefire|4:unit|4:unit|59:com.foggyframework.dataviewer.service.QueryCacheServiceTest	v934-src|103:addons/foggy-data-viewer/src/test/java/com/foggyframework/dataviewer/service/QueryCacheServiceTest.java	com.foggyframework.dataviewer.service.QueryCacheServiceTest	surefire	unit	unit	none	hermetic	2	true	addons/foggy-data-viewer	none	none
v934|8:surefire|4:unit|4:unit|75:com.foggyframework.dataviewer.service.QueryCacheServiceTest$CacheQueryTests	v934-src|103:addons/foggy-data-viewer/src/test/java/com/foggyframework/dataviewer/service/QueryCacheServiceTest.java	com.foggyframework.dataviewer.service.QueryCacheServiceTest$CacheQueryTests	surefire	unit	unit	none	hermetic	2	true	addons/foggy-data-viewer	none	none
v934|8:surefire|4:unit|4:unit|73:com.foggyframework.dataviewer.service.QueryCacheServiceTest$GetQueryTests	v934-src|103:addons/foggy-data-viewer/src/test/java/com/foggyframework/dataviewer/service/QueryCacheServiceTest.java	com.foggyframework.dataviewer.service.QueryCacheServiceTest$GetQueryTests	surefire	unit	unit	none	hermetic	2	true	addons/foggy-data-viewer	none	none
v934|8:surefire|4:unit|4:unit|82:com.foggyframework.dataviewer.service.QueryCacheServiceTest$QueryIdGenerationTests	v934-src|103:addons/foggy-data-viewer/src/test/java/com/foggyframework/dataviewer/service/QueryCacheServiceTest.java	com.foggyframework.dataviewer.service.QueryCacheServiceTest$QueryIdGenerationTests	surefire	unit	unit	none	hermetic	2	true	addons/foggy-data-viewer	none	none
v934|8:surefire|4:unit|4:unit|86:com.foggyframework.dataviewer.service.QueryCacheServiceTest$TableConfigGenerationTests	v934-src|103:addons/foggy-data-viewer/src/test/java/com/foggyframework/dataviewer/service/QueryCacheServiceTest.java	com.foggyframework.dataviewer.service.QueryCacheServiceTest$TableConfigGenerationTests	surefire	unit	unit	none	hermetic	2	true	addons/foggy-data-viewer	none	none
v934|8:surefire|4:unit|4:unit|88:com.foggyframework.dataviewer.service.QueryCacheServiceTest$UpdateEstimatedRowCountTests	v934-src|103:addons/foggy-data-viewer/src/test/java/com/foggyframework/dataviewer/service/QueryCacheServiceTest.java	com.foggyframework.dataviewer.service.QueryCacheServiceTest$UpdateEstimatedRowCountTests	surefire	unit	unit	none	hermetic	2	true	addons/foggy-data-viewer	none	none
v934|8:surefire|4:unit|4:unit|69:com.foggyframework.dataviewer.service.QueryScopeConstraintServiceTest	v934-src|113:addons/foggy-data-viewer/src/test/java/com/foggyframework/dataviewer/service/QueryScopeConstraintServiceTest.java	com.foggyframework.dataviewer.service.QueryScopeConstraintServiceTest	surefire	unit	unit	none	hermetic	2	true	addons/foggy-data-viewer	none	none
v934|8:surefire|4:unit|4:unit|94:com.foggyframework.dataviewer.service.QueryScopeConstraintServiceTest$DateRangeConstraintTests	v934-src|113:addons/foggy-data-viewer/src/test/java/com/foggyframework/dataviewer/service/QueryScopeConstraintServiceTest.java	com.foggyframework.dataviewer.service.QueryScopeConstraintServiceTest$DateRangeConstraintTests	surefire	unit	unit	none	hermetic	2	true	addons/foggy-data-viewer	none	none
v934|8:surefire|4:unit|4:unit|90:com.foggyframework.dataviewer.service.QueryScopeConstraintServiceTest$EnabledDisabledTests	v934-src|113:addons/foggy-data-viewer/src/test/java/com/foggyframework/dataviewer/service/QueryScopeConstraintServiceTest.java	com.foggyframework.dataviewer.service.QueryScopeConstraintServiceTest$EnabledDisabledTests	surefire	unit	unit	none	hermetic	2	true	addons/foggy-data-viewer	none	none
v934|8:surefire|4:unit|4:unit|94:com.foggyframework.dataviewer.service.QueryScopeConstraintServiceTest$ModelSpecificConfigTests	v934-src|113:addons/foggy-data-viewer/src/test/java/com/foggyframework/dataviewer/service/QueryScopeConstraintServiceTest.java	com.foggyframework.dataviewer.service.QueryScopeConstraintServiceTest$ModelSpecificConfigTests	surefire	unit	unit	none	hermetic	2	true	addons/foggy-data-viewer	none	none
v934|8:surefire|4:unit|4:unit|90:com.foggyframework.dataviewer.service.QueryScopeConstraintServiceTest$SliceValidationTests	v934-src|113:addons/foggy-data-viewer/src/test/java/com/foggyframework/dataviewer/service/QueryScopeConstraintServiceTest.java	com.foggyframework.dataviewer.service.QueryScopeConstraintServiceTest$SliceValidationTests	surefire	unit	unit	none	hermetic	2	true	addons/foggy-data-viewer	none	none
v934|8:surefire|4:unit|4:unit|72:com.foggyframework.dataviewer.service.TableDefaultQueryConfigServiceTest	v934-src|116:addons/foggy-data-viewer/src/test/java/com/foggyframework/dataviewer/service/TableDefaultQueryConfigServiceTest.java	com.foggyframework.dataviewer.service.TableDefaultQueryConfigServiceTest	surefire	unit	unit	none	hermetic	2	true	addons/foggy-data-viewer	none	none
v934|8:failsafe|14:external-mongo|6:mongo6|84:com.foggyframework.dataviewer.service.listpreset.MongoListPresetStoreIntegrationTest	v934-src|128:addons/foggy-data-viewer/src/test/java/com/foggyframework/dataviewer/service/listpreset/MongoListPresetStoreIntegrationTest.java	com.foggyframework.dataviewer.service.listpreset.MongoListPresetStoreIntegrationTest	failsafe	external-mongo	mongo6	none	mongodb	3	true	addons/foggy-data-viewer	none	none
v934|8:surefire|4:unit|4:unit|96:com.foggyframework.dataviewer.service.tabledefault.PropertiesTableDefaultQueryConfigProviderTest	v934-src|140:addons/foggy-data-viewer/src/test/java/com/foggyframework/dataviewer/service/tabledefault/PropertiesTableDefaultQueryConfigProviderTest.java	com.foggyframework.dataviewer.service.tabledefault.PropertiesTableDefaultQueryConfigProviderTest	surefire	unit	unit	none	hermetic	2	true	addons/foggy-data-viewer	none	none
v934|8:surefire|4:unit|4:unit|61:com.foggyframework.dataset.client.test.support.AnnotationTest	v934-src|108:addons/foggy-dataset-client/src/test/java/com/foggyframework/dataset/client/test/support/AnnotationTest.java	com.foggyframework.dataset.client.test.support.AnnotationTest	surefire	unit	unit	none	hermetic	2	true	addons/foggy-dataset-client	none	none
v934|8:surefire|4:unit|4:unit|67:com.foggyframework.dataset.client.test.support.BeanPropertyListTest	v934-src|114:addons/foggy-dataset-client/src/test/java/com/foggyframework/dataset/client/test/support/BeanPropertyListTest.java	com.foggyframework.dataset.client.test.support.BeanPropertyListTest	surefire	unit	unit	none	hermetic	2	true	addons/foggy-dataset-client	none	none
v934|8:surefire|4:unit|4:unit|69:com.foggyframework.dataset.client.test.support.DatasetClientProxyTest	v934-src|116:addons/foggy-dataset-client/src/test/java/com/foggyframework/dataset/client/test/support/DatasetClientProxyTest.java	com.foggyframework.dataset.client.test.support.DatasetClientProxyTest	surefire	unit	unit	none	hermetic	2	true	addons/foggy-dataset-client	none	none
v934|8:surefire|4:unit|4:unit|64:com.foggyframework.dataset.client.test.support.ListConverterTest	v934-src|111:addons/foggy-dataset-client/src/test/java/com/foggyframework/dataset/client/test/support/ListConverterTest.java	com.foggyframework.dataset.client.test.support.ListConverterTest	surefire	unit	unit	none	hermetic	2	true	addons/foggy-dataset-client	none	none
v934|8:surefire|4:unit|4:unit|73:com.foggyframework.dataset.client.test.support.ReturnConverterManagerTest	v934-src|120:addons/foggy-dataset-client/src/test/java/com/foggyframework/dataset/client/test/support/ReturnConverterManagerTest.java	com.foggyframework.dataset.client.test.support.ReturnConverterManagerTest	surefire	unit	unit	none	hermetic	2	true	addons/foggy-dataset-client	none	none
v934|8:surefire|4:unit|4:unit|68:com.foggyframework.dataset.graphql.GraphqlAddonAutoConfigurationTest	v934-src|116:addons/foggy-dataset-graphql/src/test/java/com/foggyframework/dataset/graphql/GraphqlAddonAutoConfigurationTest.java	com.foggyframework.dataset.graphql.GraphqlAddonAutoConfigurationTest	surefire	unit	unit	none	hermetic	2	true	addons/foggy-dataset-graphql	none	none
v934|8:surefire|4:unit|4:unit|70:com.foggyframework.dataset.graphql.converter.GraphqlToDslConverterTest	v934-src|118:addons/foggy-dataset-graphql/src/test/java/com/foggyframework/dataset/graphql/converter/GraphqlToDslConverterTest.java	com.foggyframework.dataset.graphql.converter.GraphqlToDslConverterTest	surefire	unit	unit	none	hermetic	2	true	addons/foggy-dataset-graphql	none	none
v934|8:surefire|4:unit|4:unit|81:com.foggyframework.dataset.db.model.cache.fingerprint.QueryFingerprintBuilderTest	v934-src|133:addons/foggy-dataset-model-cache/src/test/java/com/foggyframework/dataset/db/model/cache/fingerprint/QueryFingerprintBuilderTest.java	com.foggyframework.dataset.db.model.cache.fingerprint.QueryFingerprintBuilderTest	surefire	unit	unit	none	hermetic	2	true	addons/foggy-dataset-model-cache	none	none
v934|8:surefire|4:unit|4:unit|74:com.foggyframework.dataset.db.model.cache.fingerprint.QueryFingerprintTest	v934-src|126:addons/foggy-dataset-model-cache/src/test/java/com/foggyframework/dataset/db/model/cache/fingerprint/QueryFingerprintTest.java	com.foggyframework.dataset.db.model.cache.fingerprint.QueryFingerprintTest	surefire	unit	unit	none	hermetic	2	true	addons/foggy-dataset-model-cache	none	none
v934|8:surefire|4:unit|4:unit|80:com.foggyframework.dataset.db.model.cache.fingerprint.StableCanonicalEncoderTest	v934-src|132:addons/foggy-dataset-model-cache/src/test/java/com/foggyframework/dataset/db/model/cache/fingerprint/StableCanonicalEncoderTest.java	com.foggyframework.dataset.db.model.cache.fingerprint.StableCanonicalEncoderTest	surefire	unit	unit	none	hermetic	2	true	addons/foggy-dataset-model-cache	none	none
v934|8:failsafe|24:sqlite-broad-integration|15:caffeine-sqlite|92:com.foggyframework.dataset.db.model.cache.lifecycle.realquery.QueryCacheLifecycleRealQueryIT	v934-src|144:addons/foggy-dataset-model-cache/src/test/java/com/foggyframework/dataset/db/model/cache/lifecycle/realquery/QueryCacheLifecycleRealQueryIT.java	com.foggyframework.dataset.db.model.cache.lifecycle.realquery.QueryCacheLifecycleRealQueryIT	failsafe	sqlite-broad-integration	caffeine-sqlite	sqlite	sqlite	2	true	addons/foggy-dataset-model-cache	none	none
v934|8:failsafe|14:external-redis|13:redis7-sqlite|92:com.foggyframework.dataset.db.model.cache.lifecycle.realquery.QueryCacheLifecycleRealQueryIT	v934-src|144:addons/foggy-dataset-model-cache/src/test/java/com/foggyframework/dataset/db/model/cache/lifecycle/realquery/QueryCacheLifecycleRealQueryIT.java	com.foggyframework.dataset.db.model.cache.lifecycle.realquery.QueryCacheLifecycleRealQueryIT	failsafe	external-redis	redis7-sqlite	sqlite	redis	3	true	addons/foggy-dataset-model-cache	none	none
v934|8:failsafe|24:sqlite-broad-integration|12:sqlite-broad|111:com.foggyframework.dataset.db.model.cache.provider.CaffeineQueryCacheProviderDataSourceIsolationIntegrationTest	v934-src|163:addons/foggy-dataset-model-cache/src/test/java/com/foggyframework/dataset/db/model/cache/provider/CaffeineQueryCacheProviderDataSourceIsolationIntegrationTest.java	com.foggyframework.dataset.db.model.cache.provider.CaffeineQueryCacheProviderDataSourceIsolationIntegrationTest	failsafe	sqlite-broad-integration	sqlite-broad	sqlite	sqlite	2	true	addons/foggy-dataset-model-cache	none	none
v934|8:surefire|4:unit|4:unit|81:com.foggyframework.dataset.db.model.cache.provider.CaffeineQueryCacheProviderTest	v934-src|133:addons/foggy-dataset-model-cache/src/test/java/com/foggyframework/dataset/db/model/cache/provider/CaffeineQueryCacheProviderTest.java	com.foggyframework.dataset.db.model.cache.provider.CaffeineQueryCacheProviderTest	surefire	unit	unit	none	hermetic	2	true	addons/foggy-dataset-model-cache	none	none
v934|8:surefire|4:unit|4:unit|89:com.foggyframework.dataset.db.model.cache.provider.QueryCacheKeyBuilderStrongIdentityTest	v934-src|141:addons/foggy-dataset-model-cache/src/test/java/com/foggyframework/dataset/db/model/cache/provider/QueryCacheKeyBuilderStrongIdentityTest.java	com.foggyframework.dataset.db.model.cache.provider.QueryCacheKeyBuilderStrongIdentityTest	surefire	unit	unit	none	hermetic	2	true	addons/foggy-dataset-model-cache	none	none
v934|8:surefire|4:unit|4:unit|91:com.foggyframework.dataset.db.model.cache.provider.QueryCacheKeyCrossApplicationContextTest	v934-src|143:addons/foggy-dataset-model-cache/src/test/java/com/foggyframework/dataset/db/model/cache/provider/QueryCacheKeyCrossApplicationContextTest.java	com.foggyframework.dataset.db.model.cache.provider.QueryCacheKeyCrossApplicationContextTest	surefire	unit	unit	none	hermetic	2	true	addons/foggy-dataset-model-cache	none	none
v934|8:failsafe|14:external-redis|6:redis7|71:com.foggyframework.dataset.db.model.cache.provider.RedisCrossJvmCacheIT	v934-src|123:addons/foggy-dataset-model-cache/src/test/java/com/foggyframework/dataset/db/model/cache/provider/RedisCrossJvmCacheIT.java	com.foggyframework.dataset.db.model.cache.provider.RedisCrossJvmCacheIT	failsafe	external-redis	redis7	none	redis	3	true	addons/foggy-dataset-model-cache	none	none
v934|8:surefire|4:unit|4:unit|78:com.foggyframework.dataset.db.model.cache.provider.RedisQueryCacheProviderTest	v934-src|130:addons/foggy-dataset-model-cache/src/test/java/com/foggyframework/dataset/db/model/cache/provider/RedisQueryCacheProviderTest.java	com.foggyframework.dataset.db.model.cache.provider.RedisQueryCacheProviderTest	surefire	unit	unit	none	hermetic	2	true	addons/foggy-dataset-model-cache	none	none
v934|8:surefire|4:unit|4:unit|71:io.foggytest.autoconfigure.cache.QueryCacheAutoConfigurationContextTest	v934-src|123:addons/foggy-dataset-model-cache/src/test/java/io/foggytest/autoconfigure/cache/QueryCacheAutoConfigurationContextTest.java	io.foggytest.autoconfigure.cache.QueryCacheAutoConfigurationContextTest	surefire	unit	unit	none	hermetic	2	true	addons/foggy-dataset-model-cache	none	none
v934|8:surefire|4:unit|4:unit|62:com.foggyframework.dataset.db.model.mongo.McpAuditLogMongoTest	v934-src|114:addons/foggy-dataset-model-mongo/src/test/java/com/foggyframework/dataset/db/model/mongo/McpAuditLogMongoTest.java	com.foggyframework.dataset.db.model.mongo.McpAuditLogMongoTest	surefire	unit	unit	none	hermetic	2	true	addons/foggy-dataset-model-mongo	none	none
v934|8:surefire|4:unit|4:unit|69:com.foggyframework.dataset.db.model.mongo.MongoArrayElementAccessTest	v934-src|121:addons/foggy-dataset-model-mongo/src/test/java/com/foggyframework/dataset/db/model/mongo/MongoArrayElementAccessTest.java	com.foggyframework.dataset.db.model.mongo.MongoArrayElementAccessTest	surefire	unit	unit	none	hermetic	2	true	addons/foggy-dataset-model-mongo	none	none
v934|8:failsafe|14:external-mongo|6:mongo6|77:com.foggyframework.dataset.db.model.mongo.MongoCalculatedFieldIntegrationTest	v934-src|129:addons/foggy-dataset-model-mongo/src/test/java/com/foggyframework/dataset/db/model/mongo/MongoCalculatedFieldIntegrationTest.java	com.foggyframework.dataset.db.model.mongo.MongoCalculatedFieldIntegrationTest	failsafe	external-mongo	mongo6	none	mongodb	3	true	addons/foggy-dataset-model-mongo	none	none
v934|8:surefire|4:unit|4:unit|78:com.foggyframework.dataset.db.model.mongo.expression.MongoAllowedFunctionsTest	v934-src|130:addons/foggy-dataset-model-mongo/src/test/java/com/foggyframework/dataset/db/model/mongo/expression/MongoAllowedFunctionsTest.java	com.foggyframework.dataset.db.model.mongo.expression.MongoAllowedFunctionsTest	surefire	unit	unit	none	hermetic	2	true	addons/foggy-dataset-model-mongo	none	none
v934|8:surefire|4:unit|4:unit|70:com.foggyframework.dataset.db.model.mongo.expression.MongoFragmentTest	v934-src|122:addons/foggy-dataset-model-mongo/src/test/java/com/foggyframework/dataset/db/model/mongo/expression/MongoFragmentTest.java	com.foggyframework.dataset.db.model.mongo.expression.MongoFragmentTest	surefire	unit	unit	none	hermetic	2	true	addons/foggy-dataset-model-mongo	none	none
v934|8:surefire|4:unit|4:unit|77:io.foggytest.autoconfigure.modelmongo.MongoModelAutoConfigurationContractTest	v934-src|129:addons/foggy-dataset-model-mongo/src/test/java/io/foggytest/autoconfigure/modelmongo/MongoModelAutoConfigurationContractTest.java	io.foggytest.autoconfigure.modelmongo.MongoModelAutoConfigurationContractTest	surefire	unit	unit	none	hermetic	2	true	addons/foggy-dataset-model-mongo	none	none
v934|8:surefire|4:unit|4:unit|67:com.foggyframework.dataset.db.model.preagg.ddl.PreAggSqlBuilderTest	v934-src|120:addons/foggy-dataset-model-preagg/src/test/java/com/foggyframework/dataset/db/model/preagg/ddl/PreAggSqlBuilderTest.java	com.foggyframework.dataset.db.model.preagg.ddl.PreAggSqlBuilderTest	surefire	unit	unit	none	hermetic	2	true	addons/foggy-dataset-model-preagg	none	none
v934|8:surefire|4:unit|4:unit|74:com.foggyframework.dataset.db.model.preagg.refresh.FullRefreshStrategyTest	v934-src|127:addons/foggy-dataset-model-preagg/src/test/java/com/foggyframework/dataset/db/model/preagg/refresh/FullRefreshStrategyTest.java	com.foggyframework.dataset.db.model.preagg.refresh.FullRefreshStrategyTest	surefire	unit	unit	none	hermetic	2	true	addons/foggy-dataset-model-preagg	none	none
v934|8:surefire|4:unit|4:unit|81:com.foggyframework.dataset.db.model.preagg.refresh.IncrementalRefreshStrategyTest	v934-src|134:addons/foggy-dataset-model-preagg/src/test/java/com/foggyframework/dataset/db/model/preagg/refresh/IncrementalRefreshStrategyTest.java	com.foggyframework.dataset.db.model.preagg.refresh.IncrementalRefreshStrategyTest	surefire	unit	unit	none	hermetic	2	true	addons/foggy-dataset-model-preagg	none	none
v934|8:surefire|4:unit|4:unit|63:com.foggyframework.dataset.db.model.vector.EmbeddingServiceTest	v934-src|116:addons/foggy-dataset-model-vector/src/test/java/com/foggyframework/dataset/db/model/vector/EmbeddingServiceTest.java	com.foggyframework.dataset.db.model.vector.EmbeddingServiceTest	surefire	unit	unit	none	hermetic	2	true	addons/foggy-dataset-model-vector	none	none
v934|8:surefire|4:unit|4:unit|62:com.foggyframework.dataset.db.model.vector.FilterConditionTest	v934-src|115:addons/foggy-dataset-model-vector/src/test/java/com/foggyframework/dataset/db/model/vector/FilterConditionTest.java	com.foggyframework.dataset.db.model.vector.FilterConditionTest	surefire	unit	unit	none	hermetic	2	true	addons/foggy-dataset-model-vector	none	none
v934|8:surefire|4:unit|4:unit|61:com.foggyframework.dataset.db.model.vector.VectorDbConfigTest	v934-src|114:addons/foggy-dataset-model-vector/src/test/java/com/foggyframework/dataset/db/model/vector/VectorDbConfigTest.java	com.foggyframework.dataset.db.model.vector.VectorDbConfigTest	surefire	unit	unit	none	hermetic	2	true	addons/foggy-dataset-model-vector	none	none
v934|8:failsafe|15:external-vector|18:milvus24-embedding|64:com.foggyframework.dataset.db.model.vector.VectorIntegrationTest	v934-src|117:addons/foggy-dataset-model-vector/src/test/java/com/foggyframework/dataset/db/model/vector/VectorIntegrationTest.java	com.foggyframework.dataset.db.model.vector.VectorIntegrationTest	failsafe	external-vector	milvus24-embedding	none	vector	3	true	addons/foggy-dataset-model-vector	none	none
v934|8:surefire|4:unit|4:unit|69:com.foggyframework.dataset.db.model.vector.VectorModelQueryEngineTest	v934-src|122:addons/foggy-dataset-model-vector/src/test/java/com/foggyframework/dataset/db/model/vector/VectorModelQueryEngineTest.java	com.foggyframework.dataset.db.model.vector.VectorModelQueryEngineTest	surefire	unit	unit	none	hermetic	2	true	addons/foggy-dataset-model-vector	none	none
v934|8:surefire|4:unit|4:unit|65:com.foggyframework.dataset.db.model.vector.VectorSearchParamsTest	v934-src|118:addons/foggy-dataset-model-vector/src/test/java/com/foggyframework/dataset/db/model/vector/VectorSearchParamsTest.java	com.foggyframework.dataset.db.model.vector.VectorSearchParamsTest	surefire	unit	unit	none	hermetic	2	true	addons/foggy-dataset-model-vector	none	none
v934|8:surefire|4:unit|4:unit|67:com.foggyframework.dataset.db.model.vector.VectorTableModelImplTest	v934-src|120:addons/foggy-dataset-model-vector/src/test/java/com/foggyframework/dataset/db/model/vector/VectorTableModelImplTest.java	com.foggyframework.dataset.db.model.vector.VectorTableModelImplTest	surefire	unit	unit	none	hermetic	2	true	addons/foggy-dataset-model-vector	none	none
v934|8:surefire|4:unit|4:unit|79:io.foggytest.autoconfigure.modelvector.VectorModelAutoConfigurationContractTest	v934-src|132:addons/foggy-dataset-model-vector/src/test/java/io/foggytest/autoconfigure/modelvector/VectorModelAutoConfigurationContractTest.java	io.foggytest.autoconfigure.modelvector.VectorModelAutoConfigurationContractTest	surefire	unit	unit	none	hermetic	2	true	addons/foggy-dataset-model-vector	none	none
v934|8:surefire|4:unit|4:unit|73:io.foggytest.autoconfigure.mongo.DataSetMongoAutoConfigurationContextTest	v934-src|119:addons/foggy-dataset-mongo/src/test/java/io/foggytest/autoconfigure/mongo/DataSetMongoAutoConfigurationContextTest.java	io.foggytest.autoconfigure.mongo.DataSetMongoAutoConfigurationContextTest	surefire	unit	unit	none	hermetic	2	true	addons/foggy-dataset-mongo	none	none
v934|8:surefire|4:unit|4:unit|47:com.foggyframework.dataset.vector.VectorKeyTest	v934-src|94:addons/foggy-dataset-vector/src/test/java/com/foggyframework/dataset/vector/VectorKeyTest.java	com.foggyframework.dataset.vector.VectorKeyTest	surefire	unit	unit	none	hermetic	2	true	addons/foggy-dataset-vector	none	none
v934|8:surefire|4:unit|4:unit|54:com.foggyframework.dataset.vector.VectorStoreQueryTest	v934-src|101:addons/foggy-dataset-vector/src/test/java/com/foggyframework/dataset/vector/VectorStoreQueryTest.java	com.foggyframework.dataset.vector.VectorStoreQueryTest	surefire	unit	unit	none	hermetic	2	true	addons/foggy-dataset-vector	none	none
v934|8:failsafe|15:external-vector|18:milvus24-embedding|72:com.foggyframework.dataset.vector.integration.VectorStoreIntegrationTest	v934-src|119:addons/foggy-dataset-vector/src/test/java/com/foggyframework/dataset/vector/integration/VectorStoreIntegrationTest.java	com.foggyframework.dataset.vector.integration.VectorStoreIntegrationTest	failsafe	external-vector	milvus24-embedding	none	vector	3	true	addons/foggy-dataset-vector	none	none
v934|8:surefire|4:unit|4:unit|71:com.foggyframework.dataset.vector.support.VectorFscriptDataSetModelTest	v934-src|118:addons/foggy-dataset-vector/src/test/java/com/foggyframework/dataset/vector/support/VectorFscriptDataSetModelTest.java	com.foggyframework.dataset.vector.support.VectorFscriptDataSetModelTest	surefire	unit	unit	none	hermetic	2	true	addons/foggy-dataset-vector	none	none
v934|8:surefire|4:unit|4:unit|75:io.foggytest.autoconfigure.vector.DataSetVectorAutoConfigurationContextTest	v934-src|122:addons/foggy-dataset-vector/src/test/java/io/foggytest/autoconfigure/vector/DataSetVectorAutoConfigurationContextTest.java	io.foggytest.autoconfigure.vector.DataSetVectorAutoConfigurationContextTest	surefire	unit	unit	none	hermetic	2	true	addons/foggy-dataset-vector	none	none
v934|8:surefire|4:unit|4:unit|71:com.foggyframework.fsscript.client.test.support.FsscriptClientProxyTest	v934-src|119:addons/foggy-fsscript-client/src/test/java/com/foggyframework/fsscript/client/test/support/FsscriptClientProxyTest.java	com.foggyframework.fsscript.client.test.support.FsscriptClientProxyTest	surefire	unit	unit	none	hermetic	2	true	addons/foggy-fsscript-client	none	none
v934|8:surefire|4:unit|4:unit|52:com.foggyframework.bean.copy.utils.Bean2MapUtilsTest	v934-src|87:foggy-bean-copy/src/test/java/com/foggyframework/bean/copy/utils/Bean2MapUtilsTest.java	com.foggyframework.bean.copy.utils.Bean2MapUtilsTest	surefire	unit	unit	none	hermetic	2	true	foggy-bean-copy	none	none
v934|8:surefire|4:unit|4:unit|52:com.foggyframework.bean.copy.utils.Map2BeanUtilsTest	v934-src|87:foggy-bean-copy/src/test/java/com/foggyframework/bean/copy/utils/Map2BeanUtilsTest.java	com.foggyframework.bean.copy.utils.Map2BeanUtilsTest	surefire	unit	unit	none	hermetic	2	true	foggy-bean-copy	none	none
v934|8:surefire|4:unit|4:unit|45:com.foggyframework.core.common.MapBuilderTest	v934-src|75:foggy-core/src/test/java/com/foggyframework/core/common/MapBuilderTest.java	com.foggyframework.core.common.MapBuilderTest	surefire	unit	unit	none	hermetic	2	true	foggy-core	none	none
v934|8:surefire|4:unit|4:unit|62:com.foggyframework.core.spring.bean.FoggyBeanPostProcessorTest	v934-src|92:foggy-core/src/test/java/com/foggyframework/core/spring/bean/FoggyBeanPostProcessorTest.java	com.foggyframework.core.spring.bean.FoggyBeanPostProcessorTest	surefire	unit	unit	none	hermetic	2	true	foggy-core	none	none
v934|8:surefire|4:unit|4:unit|61:com.foggyframework.core.trans.ObjectTransFormatterBooleanTest	v934-src|91:foggy-core/src/test/java/com/foggyframework/core/trans/ObjectTransFormatterBooleanTest.java	com.foggyframework.core.trans.ObjectTransFormatterBooleanTest	surefire	unit	unit	none	hermetic	2	true	foggy-core	none	none
v934|8:surefire|4:unit|4:unit|77:com.foggyframework.core.trans.ObjectTransFormatterBooleanTest$BigDecimalTests	v934-src|91:foggy-core/src/test/java/com/foggyframework/core/trans/ObjectTransFormatterBooleanTest.java	com.foggyframework.core.trans.ObjectTransFormatterBooleanTest$BigDecimalTests	surefire	unit	unit	none	hermetic	2	true	foggy-core	none	none
v934|8:surefire|4:unit|4:unit|77:com.foggyframework.core.trans.ObjectTransFormatterBooleanTest$BigIntegerTests	v934-src|91:foggy-core/src/test/java/com/foggyframework/core/trans/ObjectTransFormatterBooleanTest.java	com.foggyframework.core.trans.ObjectTransFormatterBooleanTest$BigIntegerTests	surefire	unit	unit	none	hermetic	2	true	foggy-core	none	none
v934|8:surefire|4:unit|4:unit|74:com.foggyframework.core.trans.ObjectTransFormatterBooleanTest$BooleanTests	v934-src|91:foggy-core/src/test/java/com/foggyframework/core/trans/ObjectTransFormatterBooleanTest.java	com.foggyframework.core.trans.ObjectTransFormatterBooleanTest$BooleanTests	surefire	unit	unit	none	hermetic	2	true	foggy-core	none	none
v934|8:surefire|4:unit|4:unit|71:com.foggyframework.core.trans.ObjectTransFormatterBooleanTest$ByteTests	v934-src|91:foggy-core/src/test/java/com/foggyframework/core/trans/ObjectTransFormatterBooleanTest.java	com.foggyframework.core.trans.ObjectTransFormatterBooleanTest$ByteTests	surefire	unit	unit	none	hermetic	2	true	foggy-core	none	none
v934|8:surefire|4:unit|4:unit|73:com.foggyframework.core.trans.ObjectTransFormatterBooleanTest$DoubleTests	v934-src|91:foggy-core/src/test/java/com/foggyframework/core/trans/ObjectTransFormatterBooleanTest.java	com.foggyframework.core.trans.ObjectTransFormatterBooleanTest$DoubleTests	surefire	unit	unit	none	hermetic	2	true	foggy-core	none	none
v934|8:surefire|4:unit|4:unit|72:com.foggyframework.core.trans.ObjectTransFormatterBooleanTest$FloatTests	v934-src|91:foggy-core/src/test/java/com/foggyframework/core/trans/ObjectTransFormatterBooleanTest.java	com.foggyframework.core.trans.ObjectTransFormatterBooleanTest$FloatTests	surefire	unit	unit	none	hermetic	2	true	foggy-core	none	none
v934|8:surefire|4:unit|4:unit|74:com.foggyframework.core.trans.ObjectTransFormatterBooleanTest$IntegerTests	v934-src|91:foggy-core/src/test/java/com/foggyframework/core/trans/ObjectTransFormatterBooleanTest.java	com.foggyframework.core.trans.ObjectTransFormatterBooleanTest$IntegerTests	surefire	unit	unit	none	hermetic	2	true	foggy-core	none	none
v934|8:surefire|4:unit|4:unit|71:com.foggyframework.core.trans.ObjectTransFormatterBooleanTest$LongTests	v934-src|91:foggy-core/src/test/java/com/foggyframework/core/trans/ObjectTransFormatterBooleanTest.java	com.foggyframework.core.trans.ObjectTransFormatterBooleanTest$LongTests	surefire	unit	unit	none	hermetic	2	true	foggy-core	none	none
v934|8:surefire|4:unit|4:unit|72:com.foggyframework.core.trans.ObjectTransFormatterBooleanTest$ShortTests	v934-src|91:foggy-core/src/test/java/com/foggyframework/core/trans/ObjectTransFormatterBooleanTest.java	com.foggyframework.core.trans.ObjectTransFormatterBooleanTest$ShortTests	surefire	unit	unit	none	hermetic	2	true	foggy-core	none	none
v934|8:surefire|4:unit|4:unit|73:com.foggyframework.core.trans.ObjectTransFormatterBooleanTest$StringTests	v934-src|91:foggy-core/src/test/java/com/foggyframework/core/trans/ObjectTransFormatterBooleanTest.java	com.foggyframework.core.trans.ObjectTransFormatterBooleanTest$StringTests	surefire	unit	unit	none	hermetic	2	true	foggy-core	none	none
v934|8:surefire|4:unit|4:unit|44:com.foggyframework.core.utils.ClazzUtilsTest	v934-src|74:foggy-core/src/test/java/com/foggyframework/core/utils/ClazzUtilsTest.java	com.foggyframework.core.utils.ClazzUtilsTest	surefire	unit	unit	none	hermetic	2	true	foggy-core	none	none
v934|8:surefire|4:unit|4:unit|43:com.foggyframework.core.utils.DateUtilsTest	v934-src|73:foggy-core/src/test/java/com/foggyframework/core/utils/DateUtilsTest.java	com.foggyframework.core.utils.DateUtilsTest	surefire	unit	unit	none	hermetic	2	true	foggy-core	none	none
v934|8:surefire|4:unit|4:unit|43:com.foggyframework.core.utils.FileUtilsTest	v934-src|73:foggy-core/src/test/java/com/foggyframework/core/utils/FileUtilsTest.java	com.foggyframework.core.utils.FileUtilsTest	surefire	unit	unit	none	hermetic	2	true	foggy-core	none	none
v934|8:surefire|4:unit|4:unit|48:com.foggyframework.core.utils.FoggyBeanUtilsTest	v934-src|78:foggy-core/src/test/java/com/foggyframework/core/utils/FoggyBeanUtilsTest.java	com.foggyframework.core.utils.FoggyBeanUtilsTest	surefire	unit	unit	none	hermetic	2	true	foggy-core	none	none
v934|8:surefire|4:unit|4:unit|43:com.foggyframework.core.utils.JsonUtilsTest	v934-src|73:foggy-core/src/test/java/com/foggyframework/core/utils/JsonUtilsTest.java	com.foggyframework.core.utils.JsonUtilsTest	surefire	unit	unit	none	hermetic	2	true	foggy-core	none	none
v934|8:surefire|4:unit|4:unit|45:com.foggyframework.core.utils.NumberUtilsTest	v934-src|75:foggy-core/src/test/java/com/foggyframework/core/utils/NumberUtilsTest.java	com.foggyframework.core.utils.NumberUtilsTest	surefire	unit	unit	none	hermetic	2	true	foggy-core	none	none
v934|8:surefire|4:unit|4:unit|45:com.foggyframework.core.utils.StringUtilsTest	v934-src|75:foggy-core/src/test/java/com/foggyframework/core/utils/StringUtilsTest.java	com.foggyframework.core.utils.StringUtilsTest	surefire	unit	unit	none	hermetic	2	true	foggy-core	none	none
v934|8:surefire|4:unit|4:unit|59:com.foggyframework.core.utils.beanhelper.BeanInfoHelperTest	v934-src|89:foggy-core/src/test/java/com/foggyframework/core/utils/beanhelper/BeanInfoHelperTest.java	com.foggyframework.core.utils.beanhelper.BeanInfoHelperTest	surefire	unit	unit	none	hermetic	2	true	foggy-core	none	none
v934|8:surefire|4:unit|4:unit|61:com.foggyframework.core.utils.file.WatchServiceFileTracerTest	v934-src|91:foggy-core/src/test/java/com/foggyframework/core/utils/file/WatchServiceFileTracerTest.java	com.foggyframework.core.utils.file.WatchServiceFileTracerTest	surefire	unit	unit	none	hermetic	2	true	foggy-core	none	none
v934|8:surefire|4:unit|4:unit|64:com.foggyframework.core.utils.resource.DefaultResourceFinderTest	v934-src|94:foggy-core/src/test/java/com/foggyframework/core/utils/resource/DefaultResourceFinderTest.java	com.foggyframework.core.utils.resource.DefaultResourceFinderTest	surefire	unit	unit	none	hermetic	2	true	foggy-core	none	none
v934|8:surefire|4:unit|4:unit|57:com.foggyframework.dataset.mcp.ai.AiTestReportSummaryTest	v934-src|94:foggy-dataset-mcp/src/test/java/com/foggyframework/dataset/mcp/ai/AiTestReportSummaryTest.java	com.foggyframework.dataset.mcp.ai.AiTestReportSummaryTest	surefire	unit	unit	none	hermetic	2	true	foggy-dataset-mcp	none	none
v934|8:failsafe|14:external-mysql|14:mysql57-direct|56:com.foggyframework.dataset.mcp.ai.AiToolsIntegrationTest	v934-src|93:foggy-dataset-mcp/src/test/java/com/foggyframework/dataset/mcp/ai/AiToolsIntegrationTest.java	com.foggyframework.dataset.mcp.ai.AiToolsIntegrationTest	failsafe	external-mysql	mysql57-direct	mysql57	database	3	true	foggy-dataset-mcp	none	none
v934|8:failsafe|12:external-llm|11:mysql57-llm|72:com.foggyframework.dataset.mcp.ai.AiToolsIntegrationTest$AiModelCallTest	v934-src|93:foggy-dataset-mcp/src/test/java/com/foggyframework/dataset/mcp/ai/AiToolsIntegrationTest.java	com.foggyframework.dataset.mcp.ai.AiToolsIntegrationTest$AiModelCallTest	failsafe	external-llm	mysql57-llm	mysql57	llm	3	false	foggy-dataset-mcp	third-party model quality is non-deterministic and not the required direct-tool correctness contract	2026-08-31
v934|8:failsafe|14:external-mysql|14:mysql57-direct|75:com.foggyframework.dataset.mcp.ai.AiToolsIntegrationTest$DirectToolCallTest	v934-src|93:foggy-dataset-mcp/src/test/java/com/foggyframework/dataset/mcp/ai/AiToolsIntegrationTest.java	com.foggyframework.dataset.mcp.ai.AiToolsIntegrationTest$DirectToolCallTest	failsafe	external-mysql	mysql57-direct	mysql57	database	3	true	foggy-dataset-mcp	none	none
v934|8:surefire|4:unit|4:unit|53:com.foggyframework.dataset.mcp.ai.ResultValidatorTest	v934-src|90:foggy-dataset-mcp/src/test/java/com/foggyframework/dataset/mcp/ai/ResultValidatorTest.java	com.foggyframework.dataset.mcp.ai.ResultValidatorTest	surefire	unit	unit	none	hermetic	2	true	foggy-dataset-mcp	none	none
v934|8:surefire|4:unit|4:unit|58:com.foggyframework.dataset.mcp.ai.SpringAiTestExecutorTest	v934-src|95:foggy-dataset-mcp/src/test/java/com/foggyframework/dataset/mcp/ai/SpringAiTestExecutorTest.java	com.foggyframework.dataset.mcp.ai.SpringAiTestExecutorTest	surefire	unit	unit	none	hermetic	2	true	foggy-dataset-mcp	none	none
v934|8:surefire|4:unit|4:unit|62:com.foggyframework.dataset.mcp.config.McpPropertiesBindingTest	v934-src|99:foggy-dataset-mcp/src/test/java/com/foggyframework/dataset/mcp/config/McpPropertiesBindingTest.java	com.foggyframework.dataset.mcp.config.McpPropertiesBindingTest	surefire	unit	unit	none	hermetic	2	true	foggy-dataset-mcp	none	none
v934|8:surefire|4:unit|4:unit|64:com.foggyframework.dataset.mcp.controller.AdminMcpControllerTest	v934-src|101:foggy-dataset-mcp/src/test/java/com/foggyframework/dataset/mcp/controller/AdminMcpControllerTest.java	com.foggyframework.dataset.mcp.controller.AdminMcpControllerTest	surefire	unit	unit	none	hermetic	2	true	foggy-dataset-mcp	none	none
v934|8:surefire|4:unit|4:unit|83:com.foggyframework.dataset.mcp.controller.AdminMcpControllerTest$DirectToolCallTest	v934-src|101:foggy-dataset-mcp/src/test/java/com/foggyframework/dataset/mcp/controller/AdminMcpControllerTest.java	com.foggyframework.dataset.mcp.controller.AdminMcpControllerTest$DirectToolCallTest	surefire	unit	unit	none	hermetic	2	true	foggy-dataset-mcp	none	none
v934|8:surefire|4:unit|4:unit|86:com.foggyframework.dataset.mcp.controller.AdminMcpControllerTest$ExceptionHandlingTest	v934-src|101:foggy-dataset-mcp/src/test/java/com/foggyframework/dataset/mcp/controller/AdminMcpControllerTest.java	com.foggyframework.dataset.mcp.controller.AdminMcpControllerTest$ExceptionHandlingTest	surefire	unit	unit	none	hermetic	2	true	foggy-dataset-mcp	none	none
v934|8:surefire|4:unit|4:unit|79:com.foggyframework.dataset.mcp.controller.AdminMcpControllerTest$InitializeTest	v934-src|101:foggy-dataset-mcp/src/test/java/com/foggyframework/dataset/mcp/controller/AdminMcpControllerTest.java	com.foggyframework.dataset.mcp.controller.AdminMcpControllerTest$InitializeTest	surefire	unit	unit	none	hermetic	2	true	foggy-dataset-mcp	none	none
v934|8:surefire|4:unit|4:unit|82:com.foggyframework.dataset.mcp.controller.AdminMcpControllerTest$InvalidMethodTest	v934-src|101:foggy-dataset-mcp/src/test/java/com/foggyframework/dataset/mcp/controller/AdminMcpControllerTest.java	com.foggyframework.dataset.mcp.controller.AdminMcpControllerTest$InvalidMethodTest	surefire	unit	unit	none	hermetic	2	true	foggy-dataset-mcp	none	none
v934|8:surefire|4:unit|4:unit|73:com.foggyframework.dataset.mcp.controller.AdminMcpControllerTest$PingTest	v934-src|101:foggy-dataset-mcp/src/test/java/com/foggyframework/dataset/mcp/controller/AdminMcpControllerTest.java	com.foggyframework.dataset.mcp.controller.AdminMcpControllerTest$PingTest	surefire	unit	unit	none	hermetic	2	true	foggy-dataset-mcp	none	none
v934|8:surefire|4:unit|4:unit|82:com.foggyframework.dataset.mcp.controller.AdminMcpControllerTest$RequestHeaderTest	v934-src|101:foggy-dataset-mcp/src/test/java/com/foggyframework/dataset/mcp/controller/AdminMcpControllerTest.java	com.foggyframework.dataset.mcp.controller.AdminMcpControllerTest$RequestHeaderTest	surefire	unit	unit	none	hermetic	2	true	foggy-dataset-mcp	none	none
v934|8:surefire|4:unit|4:unit|78:com.foggyframework.dataset.mcp.controller.AdminMcpControllerTest$ToolsCallTest	v934-src|101:foggy-dataset-mcp/src/test/java/com/foggyframework/dataset/mcp/controller/AdminMcpControllerTest.java	com.foggyframework.dataset.mcp.controller.AdminMcpControllerTest$ToolsCallTest	surefire	unit	unit	none	hermetic	2	true	foggy-dataset-mcp	none	none
v934|8:surefire|4:unit|4:unit|78:com.foggyframework.dataset.mcp.controller.AdminMcpControllerTest$ToolsListTest	v934-src|101:foggy-dataset-mcp/src/test/java/com/foggyframework/dataset/mcp/controller/AdminMcpControllerTest.java	com.foggyframework.dataset.mcp.controller.AdminMcpControllerTest$ToolsListTest	surefire	unit	unit	none	hermetic	2	true	foggy-dataset-mcp	none	none
v934|8:surefire|4:unit|4:unit|66:com.foggyframework.dataset.mcp.controller.AnalystMcpControllerTest	v934-src|103:foggy-dataset-mcp/src/test/java/com/foggyframework/dataset/mcp/controller/AnalystMcpControllerTest.java	com.foggyframework.dataset.mcp.controller.AnalystMcpControllerTest	surefire	unit	unit	none	hermetic	2	true	foggy-dataset-mcp	none	none
v934|8:surefire|4:unit|4:unit|81:com.foggyframework.dataset.mcp.controller.AnalystMcpControllerTest$ExportToolTest	v934-src|103:foggy-dataset-mcp/src/test/java/com/foggyframework/dataset/mcp/controller/AnalystMcpControllerTest.java	com.foggyframework.dataset.mcp.controller.AnalystMcpControllerTest$ExportToolTest	surefire	unit	unit	none	hermetic	2	true	foggy-dataset-mcp	none	none
v934|8:surefire|4:unit|4:unit|81:com.foggyframework.dataset.mcp.controller.AnalystMcpControllerTest$InitializeTest	v934-src|103:foggy-dataset-mcp/src/test/java/com/foggyframework/dataset/mcp/controller/AnalystMcpControllerTest.java	com.foggyframework.dataset.mcp.controller.AnalystMcpControllerTest$InitializeTest	surefire	unit	unit	none	hermetic	2	true	foggy-dataset-mcp	none	none
v934|8:surefire|4:unit|4:unit|80:com.foggyframework.dataset.mcp.controller.AnalystMcpControllerTest$ToolsCallTest	v934-src|103:foggy-dataset-mcp/src/test/java/com/foggyframework/dataset/mcp/controller/AnalystMcpControllerTest.java	com.foggyframework.dataset.mcp.controller.AnalystMcpControllerTest$ToolsCallTest	surefire	unit	unit	none	hermetic	2	true	foggy-dataset-mcp	none	none
v934|8:surefire|4:unit|4:unit|80:com.foggyframework.dataset.mcp.controller.AnalystMcpControllerTest$ToolsListTest	v934-src|103:foggy-dataset-mcp/src/test/java/com/foggyframework/dataset/mcp/controller/AnalystMcpControllerTest.java	com.foggyframework.dataset.mcp.controller.AnalystMcpControllerTest$ToolsListTest	surefire	unit	unit	none	hermetic	2	true	foggy-dataset-mcp	none	none
v934|8:surefire|4:unit|4:unit|67:com.foggyframework.dataset.mcp.controller.BusinessMcpControllerTest	v934-src|104:foggy-dataset-mcp/src/test/java/com/foggyframework/dataset/mcp/controller/BusinessMcpControllerTest.java	com.foggyframework.dataset.mcp.controller.BusinessMcpControllerTest	surefire	unit	unit	none	hermetic	2	true	foggy-dataset-mcp	none	none
v934|8:surefire|4:unit|4:unit|82:com.foggyframework.dataset.mcp.controller.BusinessMcpControllerTest$InitializeTest	v934-src|104:foggy-dataset-mcp/src/test/java/com/foggyframework/dataset/mcp/controller/BusinessMcpControllerTest.java	com.foggyframework.dataset.mcp.controller.BusinessMcpControllerTest$InitializeTest	surefire	unit	unit	none	hermetic	2	true	foggy-dataset-mcp	none	none
v934|8:surefire|4:unit|4:unit|81:com.foggyframework.dataset.mcp.controller.BusinessMcpControllerTest$ToolsCallTest	v934-src|104:foggy-dataset-mcp/src/test/java/com/foggyframework/dataset/mcp/controller/BusinessMcpControllerTest.java	com.foggyframework.dataset.mcp.controller.BusinessMcpControllerTest$ToolsCallTest	surefire	unit	unit	none	hermetic	2	true	foggy-dataset-mcp	none	none
v934|8:surefire|4:unit|4:unit|81:com.foggyframework.dataset.mcp.controller.BusinessMcpControllerTest$ToolsListTest	v934-src|104:foggy-dataset-mcp/src/test/java/com/foggyframework/dataset/mcp/controller/BusinessMcpControllerTest.java	com.foggyframework.dataset.mcp.controller.BusinessMcpControllerTest$ToolsListTest	surefire	unit	unit	none	hermetic	2	true	foggy-dataset-mcp	none	none
v934|8:surefire|4:unit|4:unit|73:com.foggyframework.dataset.mcp.controller.DevToolsControllerIsolationTest	v934-src|110:foggy-dataset-mcp/src/test/java/com/foggyframework/dataset/mcp/controller/DevToolsControllerIsolationTest.java	com.foggyframework.dataset.mcp.controller.DevToolsControllerIsolationTest	surefire	unit	unit	none	hermetic	2	true	foggy-dataset-mcp	none	none
v934|8:surefire|4:unit|4:unit|73:com.foggyframework.dataset.mcp.controller.ListModelsCatalogControllerTest	v934-src|110:foggy-dataset-mcp/src/test/java/com/foggyframework/dataset/mcp/controller/ListModelsCatalogControllerTest.java	com.foggyframework.dataset.mcp.controller.ListModelsCatalogControllerTest	surefire	unit	unit	none	hermetic	2	true	foggy-dataset-mcp	none	none
v934|8:surefire|4:unit|4:unit|79:com.foggyframework.dataset.mcp.datasource.DataSourceManagerBindingLifecycleTest	v934-src|116:foggy-dataset-mcp/src/test/java/com/foggyframework/dataset/mcp/datasource/DataSourceManagerBindingLifecycleTest.java	com.foggyframework.dataset.mcp.datasource.DataSourceManagerBindingLifecycleTest	surefire	unit	unit	none	hermetic	2	true	foggy-dataset-mcp	none	none
v934|8:surefire|4:unit|4:unit|81:com.foggyframework.dataset.mcp.datasource.DataSourceManagerCatalogConvergenceTest	v934-src|118:foggy-dataset-mcp/src/test/java/com/foggyframework/dataset/mcp/datasource/DataSourceManagerCatalogConvergenceTest.java	com.foggyframework.dataset.mcp.datasource.DataSourceManagerCatalogConvergenceTest	surefire	unit	unit	none	hermetic	2	true	foggy-dataset-mcp	none	none
v934|8:surefire|4:unit|4:unit|92:com.foggyframework.dataset.mcp.experience.ExperienceRecipeArtifactSignatureConfigurationTest	v934-src|129:foggy-dataset-mcp/src/test/java/com/foggyframework/dataset/mcp/experience/ExperienceRecipeArtifactSignatureConfigurationTest.java	com.foggyframework.dataset.mcp.experience.ExperienceRecipeArtifactSignatureConfigurationTest	surefire	unit	unit	none	hermetic	2	true	foggy-dataset-mcp	none	none
v934|8:surefire|4:unit|4:unit|79:com.foggyframework.dataset.mcp.experience.ExperienceRecipeArtifactUriPolicyTest	v934-src|116:foggy-dataset-mcp/src/test/java/com/foggyframework/dataset/mcp/experience/ExperienceRecipeArtifactUriPolicyTest.java	com.foggyframework.dataset.mcp.experience.ExperienceRecipeArtifactUriPolicyTest	surefire	unit	unit	none	hermetic	2	true	foggy-dataset-mcp	none	none
v934|8:surefire|4:unit|4:unit|77:com.foggyframework.dataset.mcp.experience.ExperienceRecipeRegistryServiceTest	v934-src|114:foggy-dataset-mcp/src/test/java/com/foggyframework/dataset/mcp/experience/ExperienceRecipeRegistryServiceTest.java	com.foggyframework.dataset.mcp.experience.ExperienceRecipeRegistryServiceTest	surefire	unit	unit	none	hermetic	2	true	foggy-dataset-mcp	none	none
v934|8:surefire|4:unit|4:unit|78:com.foggyframework.dataset.mcp.experience.ExperienceRecipeSearchToolWiringTest	v934-src|115:foggy-dataset-mcp/src/test/java/com/foggyframework/dataset/mcp/experience/ExperienceRecipeSearchToolWiringTest.java	com.foggyframework.dataset.mcp.experience.ExperienceRecipeSearchToolWiringTest	surefire	unit	unit	none	hermetic	2	true	foggy-dataset-mcp	none	none
v934|8:surefire|4:unit|4:unit|88:com.foggyframework.dataset.mcp.experience.RemoteHttpExperienceRecipeArtifactResolverTest	v934-src|125:foggy-dataset-mcp/src/test/java/com/foggyframework/dataset/mcp/experience/RemoteHttpExperienceRecipeArtifactResolverTest.java	com.foggyframework.dataset.mcp.experience.RemoteHttpExperienceRecipeArtifactResolverTest	surefire	unit	unit	none	hermetic	2	true	foggy-dataset-mcp	none	none
v934|8:failsafe|14:external-mysql|15:mysql57-compose|75:com.foggyframework.dataset.mcp.integration.ComposeScriptToolIntegrationTest	v934-src|112:foggy-dataset-mcp/src/test/java/com/foggyframework/dataset/mcp/integration/ComposeScriptToolIntegrationTest.java	com.foggyframework.dataset.mcp.integration.ComposeScriptToolIntegrationTest	failsafe	external-mysql	mysql57-compose	mysql57	database	3	true	foggy-dataset-mcp	none	none
v934|8:failsafe|14:external-mysql|11:mysql57-mcp|66:com.foggyframework.dataset.mcp.integration.McpToolsIntegrationTest	v934-src|103:foggy-dataset-mcp/src/test/java/com/foggyframework/dataset/mcp/integration/McpToolsIntegrationTest.java	com.foggyframework.dataset.mcp.integration.McpToolsIntegrationTest	failsafe	external-mysql	mysql57-mcp	mysql57	database	3	true	foggy-dataset-mcp	none	none
v934|8:failsafe|14:external-mysql|11:mysql57-mcp|102:com.foggyframework.dataset.mcp.integration.McpToolsIntegrationTest$DescriptionModelToolIntegrationTest	v934-src|103:foggy-dataset-mcp/src/test/java/com/foggyframework/dataset/mcp/integration/McpToolsIntegrationTest.java	com.foggyframework.dataset.mcp.integration.McpToolsIntegrationTest$DescriptionModelToolIntegrationTest	failsafe	external-mysql	mysql57-mcp	mysql57	database	3	true	foggy-dataset-mcp	none	none
v934|8:failsafe|14:external-mysql|11:mysql57-mcp|87:com.foggyframework.dataset.mcp.integration.McpToolsIntegrationTest$EndToEndScenarioTest	v934-src|103:foggy-dataset-mcp/src/test/java/com/foggyframework/dataset/mcp/integration/McpToolsIntegrationTest.java	com.foggyframework.dataset.mcp.integration.McpToolsIntegrationTest$EndToEndScenarioTest	failsafe	external-mysql	mysql57-mcp	mysql57	database	3	true	foggy-dataset-mcp	none	none
v934|8:failsafe|14:external-mysql|11:mysql57-mcp|94:com.foggyframework.dataset.mcp.integration.McpToolsIntegrationTest$MetadataToolIntegrationTest	v934-src|103:foggy-dataset-mcp/src/test/java/com/foggyframework/dataset/mcp/integration/McpToolsIntegrationTest.java	com.foggyframework.dataset.mcp.integration.McpToolsIntegrationTest$MetadataToolIntegrationTest	failsafe	external-mysql	mysql57-mcp	mysql57	database	3	true	foggy-dataset-mcp	none	none
v934|8:failsafe|14:external-mysql|11:mysql57-mcp|96:com.foggyframework.dataset.mcp.integration.McpToolsIntegrationTest$QueryModelToolIntegrationTest	v934-src|103:foggy-dataset-mcp/src/test/java/com/foggyframework/dataset/mcp/integration/McpToolsIntegrationTest.java	com.foggyframework.dataset.mcp.integration.McpToolsIntegrationTest$QueryModelToolIntegrationTest	failsafe	external-mysql	mysql57-mcp	mysql57	database	3	true	foggy-dataset-mcp	none	none
v934|8:surefire|4:unit|4:unit|58:com.foggyframework.dataset.mcp.schema.McpJsonRpcIdTypeTest	v934-src|95:foggy-dataset-mcp/src/test/java/com/foggyframework/dataset/mcp/schema/McpJsonRpcIdTypeTest.java	com.foggyframework.dataset.mcp.schema.McpJsonRpcIdTypeTest	surefire	unit	unit	none	hermetic	2	true	foggy-dataset-mcp	none	none
v934|8:surefire|4:unit|4:unit|63:com.foggyframework.dataset.mcp.schema.PivotSchemaValidationTest	v934-src|100:foggy-dataset-mcp/src/test/java/com/foggyframework/dataset/mcp/schema/PivotSchemaValidationTest.java	com.foggyframework.dataset.mcp.schema.PivotSchemaValidationTest	surefire	unit	unit	none	hermetic	2	true	foggy-dataset-mcp	none	none
v934|8:surefire|4:unit|4:unit|74:com.foggyframework.dataset.mcp.schema.QueryModelDescriptionConsistencyTest	v934-src|111:foggy-dataset-mcp/src/test/java/com/foggyframework/dataset/mcp/schema/QueryModelDescriptionConsistencyTest.java	com.foggyframework.dataset.mcp.schema.QueryModelDescriptionConsistencyTest	surefire	unit	unit	none	hermetic	2	true	foggy-dataset-mcp	none	none
v934|8:surefire|4:unit|4:unit|75:com.foggyframework.dataset.mcp.service.ClarifyQuestionTemplatesResourceTest	v934-src|112:foggy-dataset-mcp/src/test/java/com/foggyframework/dataset/mcp/service/ClarifyQuestionTemplatesResourceTest.java	com.foggyframework.dataset.mcp.service.ClarifyQuestionTemplatesResourceTest	surefire	unit	unit	none	hermetic	2	true	foggy-dataset-mcp	none	none
v934|8:surefire|4:unit|4:unit|64:com.foggyframework.dataset.mcp.service.ClarifyRoutingFixtureTest	v934-src|101:foggy-dataset-mcp/src/test/java/com/foggyframework/dataset/mcp/service/ClarifyRoutingFixtureTest.java	com.foggyframework.dataset.mcp.service.ClarifyRoutingFixtureTest	surefire	unit	unit	none	hermetic	2	true	foggy-dataset-mcp	none	none
v934|8:surefire|4:unit|4:unit|53:com.foggyframework.dataset.mcp.service.McpServiceTest	v934-src|90:foggy-dataset-mcp/src/test/java/com/foggyframework/dataset/mcp/service/McpServiceTest.java	com.foggyframework.dataset.mcp.service.McpServiceTest	surefire	unit	unit	none	hermetic	2	true	foggy-dataset-mcp	none	none
v934|8:surefire|4:unit|4:unit|78:com.foggyframework.dataset.mcp.service.McpServiceTest$HandleDirectToolCallTest	v934-src|90:foggy-dataset-mcp/src/test/java/com/foggyframework/dataset/mcp/service/McpServiceTest.java	com.foggyframework.dataset.mcp.service.McpServiceTest$HandleDirectToolCallTest	surefire	unit	unit	none	hermetic	2	true	foggy-dataset-mcp	none	none
v934|8:surefire|4:unit|4:unit|74:com.foggyframework.dataset.mcp.service.McpServiceTest$HandleInitializeTest	v934-src|90:foggy-dataset-mcp/src/test/java/com/foggyframework/dataset/mcp/service/McpServiceTest.java	com.foggyframework.dataset.mcp.service.McpServiceTest$HandleInitializeTest	surefire	unit	unit	none	hermetic	2	true	foggy-dataset-mcp	none	none
v934|8:surefire|4:unit|4:unit|68:com.foggyframework.dataset.mcp.service.McpServiceTest$HandlePingTest	v934-src|90:foggy-dataset-mcp/src/test/java/com/foggyframework/dataset/mcp/service/McpServiceTest.java	com.foggyframework.dataset.mcp.service.McpServiceTest$HandlePingTest	surefire	unit	unit	none	hermetic	2	true	foggy-dataset-mcp	none	none
v934|8:surefire|4:unit|4:unit|73:com.foggyframework.dataset.mcp.service.McpServiceTest$HandleToolsCallTest	v934-src|90:foggy-dataset-mcp/src/test/java/com/foggyframework/dataset/mcp/service/McpServiceTest.java	com.foggyframework.dataset.mcp.service.McpServiceTest$HandleToolsCallTest	surefire	unit	unit	none	hermetic	2	true	foggy-dataset-mcp	none	none
v934|8:surefire|4:unit|4:unit|73:com.foggyframework.dataset.mcp.service.McpServiceTest$HandleToolsListTest	v934-src|90:foggy-dataset-mcp/src/test/java/com/foggyframework/dataset/mcp/service/McpServiceTest.java	com.foggyframework.dataset.mcp.service.McpServiceTest$HandleToolsListTest	surefire	unit	unit	none	hermetic	2	true	foggy-dataset-mcp	none	none
v934|8:surefire|4:unit|4:unit|65:com.foggyframework.dataset.mcp.service.McpToolCallbackFactoryTest	v934-src|102:foggy-dataset-mcp/src/test/java/com/foggyframework/dataset/mcp/service/McpToolCallbackFactoryTest.java	com.foggyframework.dataset.mcp.service.McpToolCallbackFactoryTest	surefire	unit	unit	none	hermetic	2	true	foggy-dataset-mcp	none	none
v934|8:surefire|4:unit|4:unit|60:com.foggyframework.dataset.mcp.service.McpToolDispatcherTest	v934-src|97:foggy-dataset-mcp/src/test/java/com/foggyframework/dataset/mcp/service/McpToolDispatcherTest.java	com.foggyframework.dataset.mcp.service.McpToolDispatcherTest	surefire	unit	unit	none	hermetic	2	true	foggy-dataset-mcp	none	none
v934|8:surefire|4:unit|4:unit|76:com.foggyframework.dataset.mcp.service.McpToolDispatcherTest$ExecuteToolTest	v934-src|97:foggy-dataset-mcp/src/test/java/com/foggyframework/dataset/mcp/service/McpToolDispatcherTest.java	com.foggyframework.dataset.mcp.service.McpToolDispatcherTest$ExecuteToolTest	surefire	unit	unit	none	hermetic	2	true	foggy-dataset-mcp	none	none
v934|8:surefire|4:unit|4:unit|84:com.foggyframework.dataset.mcp.service.McpToolDispatcherTest$ExecuteWithProgressTest	v934-src|97:foggy-dataset-mcp/src/test/java/com/foggyframework/dataset/mcp/service/McpToolDispatcherTest.java	com.foggyframework.dataset.mcp.service.McpToolDispatcherTest$ExecuteWithProgressTest	surefire	unit	unit	none	hermetic	2	true	foggy-dataset-mcp	none	none
v934|8:surefire|4:unit|4:unit|76:com.foggyframework.dataset.mcp.service.McpToolDispatcherTest$GetAllToolsTest	v934-src|97:foggy-dataset-mcp/src/test/java/com/foggyframework/dataset/mcp/service/McpToolDispatcherTest.java	com.foggyframework.dataset.mcp.service.McpToolDispatcherTest$GetAllToolsTest	surefire	unit	unit	none	hermetic	2	true	foggy-dataset-mcp	none	none
v934|8:surefire|4:unit|4:unit|83:com.foggyframework.dataset.mcp.service.McpToolDispatcherTest$GetToolDefinitionsTest	v934-src|97:foggy-dataset-mcp/src/test/java/com/foggyframework/dataset/mcp/service/McpToolDispatcherTest.java	com.foggyframework.dataset.mcp.service.McpToolDispatcherTest$GetToolDefinitionsTest	surefire	unit	unit	none	hermetic	2	true	foggy-dataset-mcp	none	none
v934|8:surefire|4:unit|4:unit|72:com.foggyframework.dataset.mcp.service.McpToolDispatcherTest$GetToolTest	v934-src|97:foggy-dataset-mcp/src/test/java/com/foggyframework/dataset/mcp/service/McpToolDispatcherTest.java	com.foggyframework.dataset.mcp.service.McpToolDispatcherTest$GetToolTest	surefire	unit	unit	none	hermetic	2	true	foggy-dataset-mcp	none	none
v934|8:surefire|4:unit|4:unit|69:com.foggyframework.dataset.mcp.service.McpToolDispatcherTest$InitTest	v934-src|97:foggy-dataset-mcp/src/test/java/com/foggyframework/dataset/mcp/service/McpToolDispatcherTest.java	com.foggyframework.dataset.mcp.service.McpToolDispatcherTest$InitTest	surefire	unit	unit	none	hermetic	2	true	foggy-dataset-mcp	none	none
v934|8:surefire|4:unit|4:unit|79:com.foggyframework.dataset.mcp.service.QueryExpertServiceRoutingCalibrationTest	v934-src|116:foggy-dataset-mcp/src/test/java/com/foggyframework/dataset/mcp/service/QueryExpertServiceRoutingCalibrationTest.java	com.foggyframework.dataset.mcp.service.QueryExpertServiceRoutingCalibrationTest	surefire	unit	unit	none	hermetic	2	true	foggy-dataset-mcp	none	none
v934|8:surefire|4:unit|4:unit|59:com.foggyframework.dataset.mcp.service.ToolConfigLoaderTest	v934-src|96:foggy-dataset-mcp/src/test/java/com/foggyframework/dataset/mcp/service/ToolConfigLoaderTest.java	com.foggyframework.dataset.mcp.service.ToolConfigLoaderTest	surefire	unit	unit	none	hermetic	2	true	foggy-dataset-mcp	none	none
v934|8:surefire|4:unit|4:unit|60:com.foggyframework.dataset.mcp.service.ToolFilterServiceTest	v934-src|97:foggy-dataset-mcp/src/test/java/com/foggyframework/dataset/mcp/service/ToolFilterServiceTest.java	com.foggyframework.dataset.mcp.service.ToolFilterServiceTest	surefire	unit	unit	none	hermetic	2	true	foggy-dataset-mcp	none	none
v934|8:surefire|4:unit|4:unit|78:com.foggyframework.dataset.mcp.service.ToolFilterServiceTest$CanAccessToolTest	v934-src|97:foggy-dataset-mcp/src/test/java/com/foggyframework/dataset/mcp/service/ToolFilterServiceTest.java	com.foggyframework.dataset.mcp.service.ToolFilterServiceTest$CanAccessToolTest	surefire	unit	unit	none	hermetic	2	true	foggy-dataset-mcp	none	none
v934|8:surefire|4:unit|4:unit|73:com.foggyframework.dataset.mcp.service.ToolFilterServiceTest$EdgeCaseTest	v934-src|97:foggy-dataset-mcp/src/test/java/com/foggyframework/dataset/mcp/service/ToolFilterServiceTest.java	com.foggyframework.dataset.mcp.service.ToolFilterServiceTest$EdgeCaseTest	surefire	unit	unit	none	hermetic	2	true	foggy-dataset-mcp	none	none
v934|8:surefire|4:unit|4:unit|92:com.foggyframework.dataset.mcp.service.ToolFilterServiceTest$FilterToolDefinitionsByRoleTest	v934-src|97:foggy-dataset-mcp/src/test/java/com/foggyframework/dataset/mcp/service/ToolFilterServiceTest.java	com.foggyframework.dataset.mcp.service.ToolFilterServiceTest$FilterToolDefinitionsByRoleTest	surefire	unit	unit	none	hermetic	2	true	foggy-dataset-mcp	none	none
v934|8:surefire|4:unit|4:unit|82:com.foggyframework.dataset.mcp.service.ToolFilterServiceTest$FilterToolsByRoleTest	v934-src|97:foggy-dataset-mcp/src/test/java/com/foggyframework/dataset/mcp/service/ToolFilterServiceTest.java	com.foggyframework.dataset.mcp.service.ToolFilterServiceTest$FilterToolsByRoleTest	surefire	unit	unit	none	hermetic	2	true	foggy-dataset-mcp	none	none
v934|8:surefire|4:unit|4:unit|85:com.foggyframework.dataset.mcp.service.ToolFilterServiceTest$GetAllowedCategoriesTest	v934-src|97:foggy-dataset-mcp/src/test/java/com/foggyframework/dataset/mcp/service/ToolFilterServiceTest.java	com.foggyframework.dataset.mcp.service.ToolFilterServiceTest$GetAllowedCategoriesTest	surefire	unit	unit	none	hermetic	2	true	foggy-dataset-mcp	none	none
v934|8:surefire|4:unit|4:unit|73:com.foggyframework.dataset.mcp.service.routing.ClarifyTemplateCatalogTest	v934-src|110:foggy-dataset-mcp/src/test/java/com/foggyframework/dataset/mcp/service/routing/ClarifyTemplateCatalogTest.java	com.foggyframework.dataset.mcp.service.routing.ClarifyTemplateCatalogTest	surefire	unit	unit	none	hermetic	2	true	foggy-dataset-mcp	none	none
v934|8:surefire|4:unit|4:unit|83:com.foggyframework.dataset.mcp.service.routing.RoutingCalibrationActionResolverTest	v934-src|120:foggy-dataset-mcp/src/test/java/com/foggyframework/dataset/mcp/service/routing/RoutingCalibrationActionResolverTest.java	com.foggyframework.dataset.mcp.service.routing.RoutingCalibrationActionResolverTest	surefire	unit	unit	none	hermetic	2	true	foggy-dataset-mcp	none	none
v934|8:surefire|4:unit|4:unit|72:com.foggyframework.dataset.mcp.spi.impl.CatalogAuthoritySpringWiringTest	v934-src|109:foggy-dataset-mcp/src/test/java/com/foggyframework/dataset/mcp/spi/impl/CatalogAuthoritySpringWiringTest.java	com.foggyframework.dataset.mcp.spi.impl.CatalogAuthoritySpringWiringTest	surefire	unit	unit	none	hermetic	2	true	foggy-dataset-mcp	none	none
v934|8:surefire|4:unit|4:unit|69:com.foggyframework.dataset.mcp.spi.impl.CatalogNamespaceAuthorityTest	v934-src|106:foggy-dataset-mcp/src/test/java/com/foggyframework/dataset/mcp/spi/impl/CatalogNamespaceAuthorityTest.java	com.foggyframework.dataset.mcp.spi.impl.CatalogNamespaceAuthorityTest	surefire	unit	unit	none	hermetic	2	true	foggy-dataset-mcp	none	none
v934|8:surefire|4:unit|4:unit|74:com.foggyframework.dataset.mcp.spi.impl.LocalDatasetAccessorGovernanceTest	v934-src|111:foggy-dataset-mcp/src/test/java/com/foggyframework/dataset/mcp/spi/impl/LocalDatasetAccessorGovernanceTest.java	com.foggyframework.dataset.mcp.spi.impl.LocalDatasetAccessorGovernanceTest	surefire	unit	unit	none	hermetic	2	true	foggy-dataset-mcp	none	none
v934|8:surefire|4:unit|4:unit|71:com.foggyframework.dataset.mcp.spi.impl.SemanticServiceResolverImplTest	v934-src|108:foggy-dataset-mcp/src/test/java/com/foggyframework/dataset/mcp/spi/impl/SemanticServiceResolverImplTest.java	com.foggyframework.dataset.mcp.spi.impl.SemanticServiceResolverImplTest	surefire	unit	unit	none	hermetic	2	true	foggy-dataset-mcp	none	none
v934|8:surefire|4:unit|4:unit|50:com.foggyframework.dataset.mcp.tools.ChartToolTest	v934-src|87:foggy-dataset-mcp/src/test/java/com/foggyframework/dataset/mcp/tools/ChartToolTest.java	com.foggyframework.dataset.mcp.tools.ChartToolTest	surefire	unit	unit	none	hermetic	2	true	foggy-dataset-mcp	none	none
v934|8:surefire|4:unit|4:unit|70:com.foggyframework.dataset.mcp.tools.ChartToolTest$BasicPropertiesTest	v934-src|87:foggy-dataset-mcp/src/test/java/com/foggyframework/dataset/mcp/tools/ChartToolTest.java	com.foggyframework.dataset.mcp.tools.ChartToolTest$BasicPropertiesTest	surefire	unit	unit	none	hermetic	2	true	foggy-dataset-mcp	none	none
v934|8:surefire|4:unit|4:unit|67:com.foggyframework.dataset.mcp.tools.ChartToolTest$ExecuteErrorTest	v934-src|87:foggy-dataset-mcp/src/test/java/com/foggyframework/dataset/mcp/tools/ChartToolTest.java	com.foggyframework.dataset.mcp.tools.ChartToolTest$ExecuteErrorTest	surefire	unit	unit	none	hermetic	2	true	foggy-dataset-mcp	none	none
v934|8:surefire|4:unit|4:unit|69:com.foggyframework.dataset.mcp.tools.ChartToolTest$ExecuteSuccessTest	v934-src|87:foggy-dataset-mcp/src/test/java/com/foggyframework/dataset/mcp/tools/ChartToolTest.java	com.foggyframework.dataset.mcp.tools.ChartToolTest$ExecuteSuccessTest	surefire	unit	unit	none	hermetic	2	true	foggy-dataset-mcp	none	none
v934|8:surefire|4:unit|4:unit|74:com.foggyframework.dataset.mcp.tools.ChartToolTest$ExecuteWithProgressTest	v934-src|87:foggy-dataset-mcp/src/test/java/com/foggyframework/dataset/mcp/tools/ChartToolTest.java	com.foggyframework.dataset.mcp.tools.ChartToolTest$ExecuteWithProgressTest	surefire	unit	unit	none	hermetic	2	true	foggy-dataset-mcp	none	none
v934|8:surefire|4:unit|4:unit|74:com.foggyframework.dataset.mcp.tools.ChartToolTest$ParameterValidationTest	v934-src|87:foggy-dataset-mcp/src/test/java/com/foggyframework/dataset/mcp/tools/ChartToolTest.java	com.foggyframework.dataset.mcp.tools.ChartToolTest$ParameterValidationTest	surefire	unit	unit	none	hermetic	2	true	foggy-dataset-mcp	none	none
v934|8:surefire|4:unit|4:unit|65:com.foggyframework.dataset.mcp.tools.ComposeScriptToolBindingTest	v934-src|102:foggy-dataset-mcp/src/test/java/com/foggyframework/dataset/mcp/tools/ComposeScriptToolBindingTest.java	com.foggyframework.dataset.mcp.tools.ComposeScriptToolBindingTest	surefire	unit	unit	none	hermetic	2	true	foggy-dataset-mcp	none	none
v934|8:surefire|4:unit|4:unit|58:com.foggyframework.dataset.mcp.tools.ComposeScriptToolTest	v934-src|95:foggy-dataset-mcp/src/test/java/com/foggyframework/dataset/mcp/tools/ComposeScriptToolTest.java	com.foggyframework.dataset.mcp.tools.ComposeScriptToolTest	surefire	unit	unit	none	hermetic	2	true	foggy-dataset-mcp	none	none
v934|8:surefire|4:unit|4:unit|78:com.foggyframework.dataset.mcp.tools.ComposeScriptToolTest$BasicPropertiesTest	v934-src|95:foggy-dataset-mcp/src/test/java/com/foggyframework/dataset/mcp/tools/ComposeScriptToolTest.java	com.foggyframework.dataset.mcp.tools.ComposeScriptToolTest$BasicPropertiesTest	surefire	unit	unit	none	hermetic	2	true	foggy-dataset-mcp	none	none
v934|8:surefire|4:unit|4:unit|80:com.foggyframework.dataset.mcp.tools.ComposeScriptToolTest$ErrorPhaseMappingTest	v934-src|95:foggy-dataset-mcp/src/test/java/com/foggyframework/dataset/mcp/tools/ComposeScriptToolTest.java	com.foggyframework.dataset.mcp.tools.ComposeScriptToolTest$ErrorPhaseMappingTest	surefire	unit	unit	none	hermetic	2	true	foggy-dataset-mcp	none	none
v934|8:surefire|4:unit|4:unit|78:com.foggyframework.dataset.mcp.tools.ComposeScriptToolTest$InputValidationTest	v934-src|95:foggy-dataset-mcp/src/test/java/com/foggyframework/dataset/mcp/tools/ComposeScriptToolTest.java	com.foggyframework.dataset.mcp.tools.ComposeScriptToolTest$InputValidationTest	surefire	unit	unit	none	hermetic	2	true	foggy-dataset-mcp	none	none
v934|8:surefire|4:unit|4:unit|78:com.foggyframework.dataset.mcp.tools.ComposeScriptToolTest$ResolverFactoryTest	v934-src|95:foggy-dataset-mcp/src/test/java/com/foggyframework/dataset/mcp/tools/ComposeScriptToolTest.java	com.foggyframework.dataset.mcp.tools.ComposeScriptToolTest$ResolverFactoryTest	surefire	unit	unit	none	hermetic	2	true	foggy-dataset-mcp	none	none
v934|8:surefire|4:unit|4:unit|61:com.foggyframework.dataset.mcp.tools.DescriptionModelToolTest	v934-src|98:foggy-dataset-mcp/src/test/java/com/foggyframework/dataset/mcp/tools/DescriptionModelToolTest.java	com.foggyframework.dataset.mcp.tools.DescriptionModelToolTest	surefire	unit	unit	none	hermetic	2	true	foggy-dataset-mcp	none	none
v934|8:surefire|4:unit|4:unit|60:com.foggyframework.dataset.mcp.tools.ExportWithChartToolTest	v934-src|97:foggy-dataset-mcp/src/test/java/com/foggyframework/dataset/mcp/tools/ExportWithChartToolTest.java	com.foggyframework.dataset.mcp.tools.ExportWithChartToolTest	surefire	unit	unit	none	hermetic	2	true	foggy-dataset-mcp	none	none
v934|8:surefire|4:unit|4:unit|80:com.foggyframework.dataset.mcp.tools.ExportWithChartToolTest$BasicPropertiesTest	v934-src|97:foggy-dataset-mcp/src/test/java/com/foggyframework/dataset/mcp/tools/ExportWithChartToolTest.java	com.foggyframework.dataset.mcp.tools.ExportWithChartToolTest$BasicPropertiesTest	surefire	unit	unit	none	hermetic	2	true	foggy-dataset-mcp	none	none
v934|8:surefire|4:unit|4:unit|79:com.foggyframework.dataset.mcp.tools.ExportWithChartToolTest$DataExtractionTest	v934-src|97:foggy-dataset-mcp/src/test/java/com/foggyframework/dataset/mcp/tools/ExportWithChartToolTest.java	com.foggyframework.dataset.mcp.tools.ExportWithChartToolTest$DataExtractionTest	surefire	unit	unit	none	hermetic	2	true	foggy-dataset-mcp	none	none
v934|8:surefire|4:unit|4:unit|77:com.foggyframework.dataset.mcp.tools.ExportWithChartToolTest$ExecuteErrorTest	v934-src|97:foggy-dataset-mcp/src/test/java/com/foggyframework/dataset/mcp/tools/ExportWithChartToolTest.java	com.foggyframework.dataset.mcp.tools.ExportWithChartToolTest$ExecuteErrorTest	surefire	unit	unit	none	hermetic	2	true	foggy-dataset-mcp	none	none
v934|8:surefire|4:unit|4:unit|79:com.foggyframework.dataset.mcp.tools.ExportWithChartToolTest$ExecuteSuccessTest	v934-src|97:foggy-dataset-mcp/src/test/java/com/foggyframework/dataset/mcp/tools/ExportWithChartToolTest.java	com.foggyframework.dataset.mcp.tools.ExportWithChartToolTest$ExecuteSuccessTest	surefire	unit	unit	none	hermetic	2	true	foggy-dataset-mcp	none	none
v934|8:surefire|4:unit|4:unit|84:com.foggyframework.dataset.mcp.tools.ExportWithChartToolTest$ExecuteWithProgressTest	v934-src|97:foggy-dataset-mcp/src/test/java/com/foggyframework/dataset/mcp/tools/ExportWithChartToolTest.java	com.foggyframework.dataset.mcp.tools.ExportWithChartToolTest$ExecuteWithProgressTest	surefire	unit	unit	none	hermetic	2	true	foggy-dataset-mcp	none	none
v934|8:surefire|4:unit|4:unit|75:com.foggyframework.dataset.mcp.tools.JavaComposeScriptToolErrorSnapshotTest	v934-src|112:foggy-dataset-mcp/src/test/java/com/foggyframework/dataset/mcp/tools/JavaComposeScriptToolErrorSnapshotTest.java	com.foggyframework.dataset.mcp.tools.JavaComposeScriptToolErrorSnapshotTest	surefire	unit	unit	none	hermetic	2	true	foggy-dataset-mcp	none	none
v934|8:surefire|4:unit|4:unit|80:com.foggyframework.dataset.mcp.tools.JavaDomainQuestionNeutralRunnerSnapshotTest	v934-src|117:foggy-dataset-mcp/src/test/java/com/foggyframework/dataset/mcp/tools/JavaDomainQuestionNeutralRunnerSnapshotTest.java	com.foggyframework.dataset.mcp.tools.JavaDomainQuestionNeutralRunnerSnapshotTest	surefire	unit	unit	none	hermetic	2	true	foggy-dataset-mcp	none	none
v934|8:surefire|4:unit|4:unit|55:com.foggyframework.dataset.mcp.tools.ListModelsToolTest	v934-src|92:foggy-dataset-mcp/src/test/java/com/foggyframework/dataset/mcp/tools/ListModelsToolTest.java	com.foggyframework.dataset.mcp.tools.ListModelsToolTest	surefire	unit	unit	none	hermetic	2	true	foggy-dataset-mcp	none	none
v934|8:surefire|4:unit|4:unit|75:com.foggyframework.dataset.mcp.tools.ListModelsToolTest$BasicPropertiesTest	v934-src|92:foggy-dataset-mcp/src/test/java/com/foggyframework/dataset/mcp/tools/ListModelsToolTest.java	com.foggyframework.dataset.mcp.tools.ListModelsToolTest$BasicPropertiesTest	surefire	unit	unit	none	hermetic	2	true	foggy-dataset-mcp	none	none
v934|8:surefire|4:unit|4:unit|74:com.foggyframework.dataset.mcp.tools.ListModelsToolTest$ExecuteSuccessTest	v934-src|92:foggy-dataset-mcp/src/test/java/com/foggyframework/dataset/mcp/tools/ListModelsToolTest.java	com.foggyframework.dataset.mcp.tools.ListModelsToolTest$ExecuteSuccessTest	surefire	unit	unit	none	hermetic	2	true	foggy-dataset-mcp	none	none
v934|8:surefire|4:unit|4:unit|53:com.foggyframework.dataset.mcp.tools.MetadataToolTest	v934-src|90:foggy-dataset-mcp/src/test/java/com/foggyframework/dataset/mcp/tools/MetadataToolTest.java	com.foggyframework.dataset.mcp.tools.MetadataToolTest	surefire	unit	unit	none	hermetic	2	true	foggy-dataset-mcp	none	none
v934|8:surefire|4:unit|4:unit|68:com.foggyframework.dataset.mcp.tools.MetadataToolTest$AccessModeTest	v934-src|90:foggy-dataset-mcp/src/test/java/com/foggyframework/dataset/mcp/tools/MetadataToolTest.java	com.foggyframework.dataset.mcp.tools.MetadataToolTest$AccessModeTest	surefire	unit	unit	none	hermetic	2	true	foggy-dataset-mcp	none	none
v934|8:surefire|4:unit|4:unit|73:com.foggyframework.dataset.mcp.tools.MetadataToolTest$BasicPropertiesTest	v934-src|90:foggy-dataset-mcp/src/test/java/com/foggyframework/dataset/mcp/tools/MetadataToolTest.java	com.foggyframework.dataset.mcp.tools.MetadataToolTest$BasicPropertiesTest	surefire	unit	unit	none	hermetic	2	true	foggy-dataset-mcp	none	none
v934|8:surefire|4:unit|4:unit|70:com.foggyframework.dataset.mcp.tools.MetadataToolTest$ExecuteErrorTest	v934-src|90:foggy-dataset-mcp/src/test/java/com/foggyframework/dataset/mcp/tools/MetadataToolTest.java	com.foggyframework.dataset.mcp.tools.MetadataToolTest$ExecuteErrorTest	surefire	unit	unit	none	hermetic	2	true	foggy-dataset-mcp	none	none
v934|8:surefire|4:unit|4:unit|72:com.foggyframework.dataset.mcp.tools.MetadataToolTest$ExecuteSuccessTest	v934-src|90:foggy-dataset-mcp/src/test/java/com/foggyframework/dataset/mcp/tools/MetadataToolTest.java	com.foggyframework.dataset.mcp.tools.MetadataToolTest$ExecuteSuccessTest	surefire	unit	unit	none	hermetic	2	true	foggy-dataset-mcp	none	none
v934|8:surefire|4:unit|4:unit|67:com.foggyframework.dataset.mcp.tools.MetadataToolTest$NamespaceTest	v934-src|90:foggy-dataset-mcp/src/test/java/com/foggyframework/dataset/mcp/tools/MetadataToolTest.java	com.foggyframework.dataset.mcp.tools.MetadataToolTest$NamespaceTest	surefire	unit	unit	none	hermetic	2	true	foggy-dataset-mcp	none	none
v934|8:surefire|4:unit|4:unit|72:com.foggyframework.dataset.mcp.tools.MetadataToolTest$ResponseFormatTest	v934-src|90:foggy-dataset-mcp/src/test/java/com/foggyframework/dataset/mcp/tools/MetadataToolTest.java	com.foggyframework.dataset.mcp.tools.MetadataToolTest$ResponseFormatTest	surefire	unit	unit	none	hermetic	2	true	foggy-dataset-mcp	none	none
v934|8:surefire|4:unit|4:unit|65:com.foggyframework.dataset.mcp.tools.NaturalLanguageQueryToolTest	v934-src|102:foggy-dataset-mcp/src/test/java/com/foggyframework/dataset/mcp/tools/NaturalLanguageQueryToolTest.java	com.foggyframework.dataset.mcp.tools.NaturalLanguageQueryToolTest	surefire	unit	unit	none	hermetic	2	true	foggy-dataset-mcp	none	none
v934|8:surefire|4:unit|4:unit|85:com.foggyframework.dataset.mcp.tools.NaturalLanguageQueryToolTest$BasicPropertiesTest	v934-src|102:foggy-dataset-mcp/src/test/java/com/foggyframework/dataset/mcp/tools/NaturalLanguageQueryToolTest.java	com.foggyframework.dataset.mcp.tools.NaturalLanguageQueryToolTest$BasicPropertiesTest	surefire	unit	unit	none	hermetic	2	true	foggy-dataset-mcp	none	none
v934|8:surefire|4:unit|4:unit|82:com.foggyframework.dataset.mcp.tools.NaturalLanguageQueryToolTest$ExecuteErrorTest	v934-src|102:foggy-dataset-mcp/src/test/java/com/foggyframework/dataset/mcp/tools/NaturalLanguageQueryToolTest.java	com.foggyframework.dataset.mcp.tools.NaturalLanguageQueryToolTest$ExecuteErrorTest	surefire	unit	unit	none	hermetic	2	true	foggy-dataset-mcp	none	none
v934|8:surefire|4:unit|4:unit|84:com.foggyframework.dataset.mcp.tools.NaturalLanguageQueryToolTest$ExecuteSuccessTest	v934-src|102:foggy-dataset-mcp/src/test/java/com/foggyframework/dataset/mcp/tools/NaturalLanguageQueryToolTest.java	com.foggyframework.dataset.mcp.tools.NaturalLanguageQueryToolTest$ExecuteSuccessTest	surefire	unit	unit	none	hermetic	2	true	foggy-dataset-mcp	none	none
v934|8:surefire|4:unit|4:unit|89:com.foggyframework.dataset.mcp.tools.NaturalLanguageQueryToolTest$ExecuteWithProgressTest	v934-src|102:foggy-dataset-mcp/src/test/java/com/foggyframework/dataset/mcp/tools/NaturalLanguageQueryToolTest.java	com.foggyframework.dataset.mcp.tools.NaturalLanguageQueryToolTest$ExecuteWithProgressTest	surefire	unit	unit	none	hermetic	2	true	foggy-dataset-mcp	none	none
v934|8:surefire|4:unit|4:unit|85:com.foggyframework.dataset.mcp.tools.NaturalLanguageQueryToolTest$RequestBuildingTest	v934-src|102:foggy-dataset-mcp/src/test/java/com/foggyframework/dataset/mcp/tools/NaturalLanguageQueryToolTest.java	com.foggyframework.dataset.mcp.tools.NaturalLanguageQueryToolTest$RequestBuildingTest	surefire	unit	unit	none	hermetic	2	true	foggy-dataset-mcp	none	none
v934|8:surefire|4:unit|4:unit|55:com.foggyframework.dataset.mcp.tools.QueryModelToolTest	v934-src|92:foggy-dataset-mcp/src/test/java/com/foggyframework/dataset/mcp/tools/QueryModelToolTest.java	com.foggyframework.dataset.mcp.tools.QueryModelToolTest	surefire	unit	unit	none	hermetic	2	true	foggy-dataset-mcp	none	none
v934|8:surefire|4:unit|4:unit|75:com.foggyframework.dataset.mcp.tools.QueryModelToolTest$BasicPropertiesTest	v934-src|92:foggy-dataset-mcp/src/test/java/com/foggyframework/dataset/mcp/tools/QueryModelToolTest.java	com.foggyframework.dataset.mcp.tools.QueryModelToolTest$BasicPropertiesTest	surefire	unit	unit	none	hermetic	2	true	foggy-dataset-mcp	none	none
v934|8:surefire|4:unit|4:unit|72:com.foggyframework.dataset.mcp.tools.QueryModelToolTest$ExecuteErrorTest	v934-src|92:foggy-dataset-mcp/src/test/java/com/foggyframework/dataset/mcp/tools/QueryModelToolTest.java	com.foggyframework.dataset.mcp.tools.QueryModelToolTest$ExecuteErrorTest	surefire	unit	unit	none	hermetic	2	true	foggy-dataset-mcp	none	none
v934|8:surefire|4:unit|4:unit|74:com.foggyframework.dataset.mcp.tools.QueryModelToolTest$ExecuteSuccessTest	v934-src|92:foggy-dataset-mcp/src/test/java/com/foggyframework/dataset/mcp/tools/QueryModelToolTest.java	com.foggyframework.dataset.mcp.tools.QueryModelToolTest$ExecuteSuccessTest	surefire	unit	unit	none	hermetic	2	true	foggy-dataset-mcp	none	none
v934|8:surefire|4:unit|4:unit|69:com.foggyframework.dataset.mcp.tools.QueryModelToolTest$NamespaceTest	v934-src|92:foggy-dataset-mcp/src/test/java/com/foggyframework/dataset/mcp/tools/QueryModelToolTest.java	com.foggyframework.dataset.mcp.tools.QueryModelToolTest$NamespaceTest	surefire	unit	unit	none	hermetic	2	true	foggy-dataset-mcp	none	none
v934|8:surefire|4:unit|4:unit|79:com.foggyframework.dataset.mcp.tools.QueryModelToolTest$ParameterValidationTest	v934-src|92:foggy-dataset-mcp/src/test/java/com/foggyframework/dataset/mcp/tools/QueryModelToolTest.java	com.foggyframework.dataset.mcp.tools.QueryModelToolTest$ParameterValidationTest	surefire	unit	unit	none	hermetic	2	true	foggy-dataset-mcp	none	none
v934|8:surefire|4:unit|4:unit|76:com.foggyframework.dataset.mcp.validation.SemanticLayerValidationServiceTest	v934-src|113:foggy-dataset-mcp/src/test/java/com/foggyframework/dataset/mcp/validation/SemanticLayerValidationServiceTest.java	com.foggyframework.dataset.mcp.validation.SemanticLayerValidationServiceTest	surefire	unit	unit	none	hermetic	2	true	foggy-dataset-mcp	none	none
v934|8:surefire|4:unit|4:unit|75:com.foggyframework.dataset.db.model.semantic.MemoryGridAcceptanceSampleTest	v934-src|127:foggy-dataset-memory-grid-bridge/src/test/java/com/foggyframework/dataset/db/model/semantic/MemoryGridAcceptanceSampleTest.java	com.foggyframework.dataset.db.model.semantic.MemoryGridAcceptanceSampleTest	surefire	unit	unit	none	hermetic	2	true	foggy-dataset-memory-grid-bridge	none	none
v934|8:surefire|4:unit|4:unit|77:com.foggyframework.dataset.db.model.semantic.MemoryGridGuardrailValidatorTest	v934-src|129:foggy-dataset-memory-grid-bridge/src/test/java/com/foggyframework/dataset/db/model/semantic/MemoryGridGuardrailValidatorTest.java	com.foggyframework.dataset.db.model.semantic.MemoryGridGuardrailValidatorTest	surefire	unit	unit	none	hermetic	2	true	foggy-dataset-memory-grid-bridge	none	none
v934|8:surefire|4:unit|4:unit|74:com.foggyframework.dataset.db.model.semantic.MemoryGridHandleLifecycleTest	v934-src|126:foggy-dataset-memory-grid-bridge/src/test/java/com/foggyframework/dataset/db/model/semantic/MemoryGridHandleLifecycleTest.java	com.foggyframework.dataset.db.model.semantic.MemoryGridHandleLifecycleTest	surefire	unit	unit	none	hermetic	2	true	foggy-dataset-memory-grid-bridge	none	none
v934|8:surefire|4:unit|4:unit|80:com.foggyframework.dataset.db.model.memorygrid.duckdb.DuckDbMemoryGridEngineTest	v934-src|132:foggy-dataset-memory-grid-duckdb/src/test/java/com/foggyframework/dataset/db/model/memorygrid/duckdb/DuckDbMemoryGridEngineTest.java	com.foggyframework.dataset.db.model.memorygrid.duckdb.DuckDbMemoryGridEngineTest	surefire	unit	unit	none	hermetic	2	true	foggy-dataset-memory-grid-duckdb	none	none
v934|8:surefire|4:unit|4:unit|71:com.foggyframework.dataset.db.model.authorization.AuthorizationStepTest	v934-src|110:foggy-dataset-model/src/test/java/com/foggyframework/dataset/db/model/authorization/AuthorizationStepTest.java	com.foggyframework.dataset.db.model.authorization.AuthorizationStepTest	surefire	unit	unit	none	hermetic	2	true	foggy-dataset-model	none	none
v934|8:surefire|4:unit|4:unit|59:com.foggyframework.dataset.db.model.compose.CteComposerTest	v934-src|98:foggy-dataset-model/src/test/java/com/foggyframework/dataset/db/model/compose/CteComposerTest.java	com.foggyframework.dataset.db.model.compose.CteComposerTest	surefire	unit	unit	none	hermetic	2	true	foggy-dataset-model	none	none
v934|8:surefire|4:unit|4:unit|61:com.foggyframework.dataset.db.model.compose.DataSetResultTest	v934-src|100:foggy-dataset-model/src/test/java/com/foggyframework/dataset/db/model/compose/DataSetResultTest.java	com.foggyframework.dataset.db.model.compose.DataSetResultTest	surefire	unit	unit	none	hermetic	2	true	foggy-dataset-model	none	none
v934|8:surefire|4:unit|4:unit|78:com.foggyframework.dataset.db.model.config.DatasetRequestNamespaceResolverTest	v934-src|117:foggy-dataset-model/src/test/java/com/foggyframework/dataset/db/model/config/DatasetRequestNamespaceResolverTest.java	com.foggyframework.dataset.db.model.config.DatasetRequestNamespaceResolverTest	surefire	unit	unit	none	hermetic	2	true	foggy-dataset-model	none	none
v934|8:surefire|4:unit|4:unit|71:com.foggyframework.dataset.db.model.config.DbModelAutoConfigurationTest	v934-src|110:foggy-dataset-model/src/test/java/com/foggyframework/dataset/db/model/config/DbModelAutoConfigurationTest.java	com.foggyframework.dataset.db.model.config.DbModelAutoConfigurationTest	surefire	unit	unit	none	hermetic	2	true	foggy-dataset-model	none	none
v934|8:surefire|4:unit|4:unit|84:com.foggyframework.dataset.db.model.config.GlobalNamespaceFallbackRiskDiagnosticTest	v934-src|123:foggy-dataset-model/src/test/java/com/foggyframework/dataset/db/model/config/GlobalNamespaceFallbackRiskDiagnosticTest.java	com.foggyframework.dataset.db.model.config.GlobalNamespaceFallbackRiskDiagnosticTest	surefire	unit	unit	none	hermetic	2	true	foggy-dataset-model	none	none
v934|8:surefire|4:unit|4:unit|79:com.foggyframework.dataset.db.model.controller.FoggyDatasetExceptionHandlerTest	v934-src|118:foggy-dataset-model/src/test/java/com/foggyframework/dataset/db/model/controller/FoggyDatasetExceptionHandlerTest.java	com.foggyframework.dataset.db.model.controller.FoggyDatasetExceptionHandlerTest	surefire	unit	unit	none	hermetic	2	true	foggy-dataset-model	none	none
v934|8:surefire|4:unit|4:unit|73:com.foggyframework.dataset.db.model.def.dict.DbDictionaryDiscoveryDefTest	v934-src|112:foggy-dataset-model/src/test/java/com/foggyframework/dataset/db/model/def/dict/DbDictionaryDiscoveryDefTest.java	com.foggyframework.dataset.db.model.def.dict.DbDictionaryDiscoveryDefTest	surefire	unit	unit	none	hermetic	2	true	foggy-dataset-model	none	none
v934|8:surefire|4:unit|4:unit|92:com.foggyframework.dataset.db.model.def.query.request.deserializer.ShorthandDeserializerTest	v934-src|131:foggy-dataset-model/src/test/java/com/foggyframework/dataset/db/model/def/query/request/deserializer/ShorthandDeserializerTest.java	com.foggyframework.dataset.db.model.def.query.request.deserializer.ShorthandDeserializerTest	surefire	unit	unit	none	hermetic	2	true	foggy-dataset-model	none	none
v934|8:surefire|4:unit|4:unit|113:com.foggyframework.dataset.db.model.def.query.request.deserializer.ShorthandDeserializerTest$GroupByShorthandTest	v934-src|131:foggy-dataset-model/src/test/java/com/foggyframework/dataset/db/model/def/query/request/deserializer/ShorthandDeserializerTest.java	com.foggyframework.dataset.db.model.def.query.request.deserializer.ShorthandDeserializerTest$GroupByShorthandTest	surefire	unit	unit	none	hermetic	2	true	foggy-dataset-model	none	none
v934|8:surefire|4:unit|4:unit|113:com.foggyframework.dataset.db.model.def.query.request.deserializer.ShorthandDeserializerTest$OrderByShorthandTest	v934-src|131:foggy-dataset-model/src/test/java/com/foggyframework/dataset/db/model/def/query/request/deserializer/ShorthandDeserializerTest.java	com.foggyframework.dataset.db.model.def.query.request.deserializer.ShorthandDeserializerTest$OrderByShorthandTest	surefire	unit	unit	none	hermetic	2	true	foggy-dataset-model	none	none
v934|8:surefire|4:unit|4:unit|111:com.foggyframework.dataset.db.model.def.query.request.deserializer.ShorthandDeserializerTest$SliceShorthandTest	v934-src|131:foggy-dataset-model/src/test/java/com/foggyframework/dataset/db/model/def/query/request/deserializer/ShorthandDeserializerTest.java	com.foggyframework.dataset.db.model.def.query.request.deserializer.ShorthandDeserializerTest$SliceShorthandTest	surefire	unit	unit	none	hermetic	2	true	foggy-dataset-model	none	none
v934|8:surefire|4:unit|4:unit|72:com.foggyframework.dataset.db.model.demo.FactOrderDemoAuthQueryModelTest	v934-src|111:foggy-dataset-model/src/test/java/com/foggyframework/dataset/db/model/demo/FactOrderDemoAuthQueryModelTest.java	com.foggyframework.dataset.db.model.demo.FactOrderDemoAuthQueryModelTest	surefire	unit	unit	none	hermetic	2	true	foggy-dataset-model	none	none
v934|8:surefire|4:unit|4:unit|72:com.foggyframework.dataset.db.model.demo.FactSalesDemoAuthQueryModelTest	v934-src|111:foggy-dataset-model/src/test/java/com/foggyframework/dataset/db/model/demo/FactSalesDemoAuthQueryModelTest.java	com.foggyframework.dataset.db.model.demo.FactSalesDemoAuthQueryModelTest	surefire	unit	unit	none	hermetic	2	true	foggy-dataset-model	none	none
v934|8:surefire|4:unit|4:unit|72:com.foggyframework.dataset.db.model.dialect.DialectBuildFunctionCallTest	v934-src|111:foggy-dataset-model/src/test/java/com/foggyframework/dataset/db/model/dialect/DialectBuildFunctionCallTest.java	com.foggyframework.dataset.db.model.dialect.DialectBuildFunctionCallTest	surefire	unit	unit	none	hermetic	2	true	foggy-dataset-model	none	none
v934|8:surefire|4:unit|4:unit|85:com.foggyframework.dataset.db.model.dialect.DialectBuildFunctionCallTest$EdgeCaseTest	v934-src|111:foggy-dataset-model/src/test/java/com/foggyframework/dataset/db/model/dialect/DialectBuildFunctionCallTest.java	com.foggyframework.dataset.db.model.dialect.DialectBuildFunctionCallTest$EdgeCaseTest	surefire	unit	unit	none	hermetic	2	true	foggy-dataset-model	none	none
v934|8:surefire|4:unit|4:unit|82:com.foggyframework.dataset.db.model.dialect.DialectBuildFunctionCallTest$MysqlTest	v934-src|111:foggy-dataset-model/src/test/java/com/foggyframework/dataset/db/model/dialect/DialectBuildFunctionCallTest.java	com.foggyframework.dataset.db.model.dialect.DialectBuildFunctionCallTest$MysqlTest	surefire	unit	unit	none	hermetic	2	true	foggy-dataset-model	none	none
v934|8:surefire|4:unit|4:unit|85:com.foggyframework.dataset.db.model.dialect.DialectBuildFunctionCallTest$PostgresTest	v934-src|111:foggy-dataset-model/src/test/java/com/foggyframework/dataset/db/model/dialect/DialectBuildFunctionCallTest.java	com.foggyframework.dataset.db.model.dialect.DialectBuildFunctionCallTest$PostgresTest	surefire	unit	unit	none	hermetic	2	true	foggy-dataset-model	none	none
v934|8:surefire|4:unit|4:unit|86:com.foggyframework.dataset.db.model.dialect.DialectBuildFunctionCallTest$SqlServerTest	v934-src|111:foggy-dataset-model/src/test/java/com/foggyframework/dataset/db/model/dialect/DialectBuildFunctionCallTest.java	com.foggyframework.dataset.db.model.dialect.DialectBuildFunctionCallTest$SqlServerTest	surefire	unit	unit	none	hermetic	2	true	foggy-dataset-model	none	none
v934|8:surefire|4:unit|4:unit|83:com.foggyframework.dataset.db.model.dialect.DialectBuildFunctionCallTest$SqliteTest	v934-src|111:foggy-dataset-model/src/test/java/com/foggyframework/dataset/db/model/dialect/DialectBuildFunctionCallTest.java	com.foggyframework.dataset.db.model.dialect.DialectBuildFunctionCallTest$SqliteTest	surefire	unit	unit	none	hermetic	2	true	foggy-dataset-model	none	none
v934|8:surefire|4:unit|4:unit|74:com.foggyframework.dataset.db.model.dialect.DialectFunctionTranslationTest	v934-src|113:foggy-dataset-model/src/test/java/com/foggyframework/dataset/db/model/dialect/DialectFunctionTranslationTest.java	com.foggyframework.dataset.db.model.dialect.DialectFunctionTranslationTest	surefire	unit	unit	none	hermetic	2	true	foggy-dataset-model	none	none
v934|8:surefire|4:unit|4:unit|93:com.foggyframework.dataset.db.model.dialect.DialectFunctionTranslationTest$CommonEdgeCaseTest	v934-src|113:foggy-dataset-model/src/test/java/com/foggyframework/dataset/db/model/dialect/DialectFunctionTranslationTest.java	com.foggyframework.dataset.db.model.dialect.DialectFunctionTranslationTest$CommonEdgeCaseTest	surefire	unit	unit	none	hermetic	2	true	foggy-dataset-model	none	none
v934|8:surefire|4:unit|4:unit|92:com.foggyframework.dataset.db.model.dialect.DialectFunctionTranslationTest$MysqlFunctionTest	v934-src|113:foggy-dataset-model/src/test/java/com/foggyframework/dataset/db/model/dialect/DialectFunctionTranslationTest.java	com.foggyframework.dataset.db.model.dialect.DialectFunctionTranslationTest$MysqlFunctionTest	surefire	unit	unit	none	hermetic	2	true	foggy-dataset-model	none	none
v934|8:surefire|4:unit|4:unit|95:com.foggyframework.dataset.db.model.dialect.DialectFunctionTranslationTest$PostgresFunctionTest	v934-src|113:foggy-dataset-model/src/test/java/com/foggyframework/dataset/db/model/dialect/DialectFunctionTranslationTest.java	com.foggyframework.dataset.db.model.dialect.DialectFunctionTranslationTest$PostgresFunctionTest	surefire	unit	unit	none	hermetic	2	true	foggy-dataset-model	none	none
v934|8:surefire|4:unit|4:unit|96:com.foggyframework.dataset.db.model.dialect.DialectFunctionTranslationTest$SqlServerFunctionTest	v934-src|113:foggy-dataset-model/src/test/java/com/foggyframework/dataset/db/model/dialect/DialectFunctionTranslationTest.java	com.foggyframework.dataset.db.model.dialect.DialectFunctionTranslationTest$SqlServerFunctionTest	surefire	unit	unit	none	hermetic	2	true	foggy-dataset-model	none	none
v934|8:surefire|4:unit|4:unit|93:com.foggyframework.dataset.db.model.dialect.DialectFunctionTranslationTest$SqliteFunctionTest	v934-src|113:foggy-dataset-model/src/test/java/com/foggyframework/dataset/db/model/dialect/DialectFunctionTranslationTest.java	com.foggyframework.dataset.db.model.dialect.DialectFunctionTranslationTest$SqliteFunctionTest	surefire	unit	unit	none	hermetic	2	true	foggy-dataset-model	none	none
v934|8:surefire|4:unit|4:unit|55:com.foggyframework.dataset.db.model.dialect.DialectTest	v934-src|94:foggy-dataset-model/src/test/java/com/foggyframework/dataset/db/model/dialect/DialectTest.java	com.foggyframework.dataset.db.model.dialect.DialectTest	surefire	unit	unit	none	hermetic	2	true	foggy-dataset-model	none	none
v934|8:surefire|4:unit|4:unit|73:com.foggyframework.dataset.db.model.dialect.DialectTest$CommonDialectTest	v934-src|94:foggy-dataset-model/src/test/java/com/foggyframework/dataset/db/model/dialect/DialectTest.java	com.foggyframework.dataset.db.model.dialect.DialectTest$CommonDialectTest	surefire	unit	unit	none	hermetic	2	true	foggy-dataset-model	none	none
v934|8:surefire|4:unit|4:unit|72:com.foggyframework.dataset.db.model.dialect.DialectTest$MysqlDialectTest	v934-src|94:foggy-dataset-model/src/test/java/com/foggyframework/dataset/db/model/dialect/DialectTest.java	com.foggyframework.dataset.db.model.dialect.DialectTest$MysqlDialectTest	surefire	unit	unit	none	hermetic	2	true	foggy-dataset-model	none	none
v934|8:surefire|4:unit|4:unit|75:com.foggyframework.dataset.db.model.dialect.DialectTest$PostgresDialectTest	v934-src|94:foggy-dataset-model/src/test/java/com/foggyframework/dataset/db/model/dialect/DialectTest.java	com.foggyframework.dataset.db.model.dialect.DialectTest$PostgresDialectTest	surefire	unit	unit	none	hermetic	2	true	foggy-dataset-model	none	none
v934|8:surefire|4:unit|4:unit|76:com.foggyframework.dataset.db.model.dialect.DialectTest$SqlServerDialectTest	v934-src|94:foggy-dataset-model/src/test/java/com/foggyframework/dataset/db/model/dialect/DialectTest.java	com.foggyframework.dataset.db.model.dialect.DialectTest$SqlServerDialectTest	surefire	unit	unit	none	hermetic	2	true	foggy-dataset-model	none	none
v934|8:surefire|4:unit|4:unit|73:com.foggyframework.dataset.db.model.dialect.DialectTest$SqliteDialectTest	v934-src|94:foggy-dataset-model/src/test/java/com/foggyframework/dataset/db/model/dialect/DialectTest.java	com.foggyframework.dataset.db.model.dialect.DialectTest$SqliteDialectTest	surefire	unit	unit	none	hermetic	2	true	foggy-dataset-model	none	none
v934|8:surefire|4:unit|4:unit|63:com.foggyframework.dataset.db.model.ecommerce.AccessControlTest	v934-src|102:foggy-dataset-model/src/test/java/com/foggyframework/dataset/db/model/ecommerce/AccessControlTest.java	com.foggyframework.dataset.db.model.ecommerce.AccessControlTest	surefire	unit	unit	none	hermetic	2	true	foggy-dataset-model	none	none
v934|8:surefire|4:unit|4:unit|67:com.foggyframework.dataset.db.model.ecommerce.AdvancedAnalyticsTest	v934-src|106:foggy-dataset-model/src/test/java/com/foggyframework/dataset/db/model/ecommerce/AdvancedAnalyticsTest.java	com.foggyframework.dataset.db.model.ecommerce.AdvancedAnalyticsTest	surefire	unit	unit	none	hermetic	2	true	foggy-dataset-model	none	none
v934|8:surefire|4:unit|4:unit|73:com.foggyframework.dataset.db.model.ecommerce.AggregateJoinQueryModelTest	v934-src|112:foggy-dataset-model/src/test/java/com/foggyframework/dataset/db/model/ecommerce/AggregateJoinQueryModelTest.java	com.foggyframework.dataset.db.model.ecommerce.AggregateJoinQueryModelTest	surefire	unit	unit	none	hermetic	2	true	foggy-dataset-model	none	none
v934|8:surefire|4:unit|4:unit|66:com.foggyframework.dataset.db.model.ecommerce.AggregationQueryTest	v934-src|105:foggy-dataset-model/src/test/java/com/foggyframework/dataset/db/model/ecommerce/AggregationQueryTest.java	com.foggyframework.dataset.db.model.ecommerce.AggregationQueryTest	surefire	unit	unit	none	hermetic	2	true	foggy-dataset-model	none	none
v934|8:surefire|4:unit|4:unit|60:com.foggyframework.dataset.db.model.ecommerce.BasicQueryTest	v934-src|99:foggy-dataset-model/src/test/java/com/foggyframework/dataset/db/model/ecommerce/BasicQueryTest.java	com.foggyframework.dataset.db.model.ecommerce.BasicQueryTest	surefire	unit	unit	none	hermetic	2	true	foggy-dataset-model	none	none
v934|8:failsafe|24:sqlite-broad-integration|12:sqlite-broad|73:com.foggyframework.dataset.db.model.ecommerce.CalculateMvpIntegrationTest	v934-src|112:foggy-dataset-model/src/test/java/com/foggyframework/dataset/db/model/ecommerce/CalculateMvpIntegrationTest.java	com.foggyframework.dataset.db.model.ecommerce.CalculateMvpIntegrationTest	failsafe	sqlite-broad-integration	sqlite-broad	sqlite	sqlite	2	true	foggy-dataset-model	none	none
v934|8:surefire|4:unit|4:unit|79:com.foggyframework.dataset.db.model.ecommerce.CalculatedFieldAggregationBugTest	v934-src|118:foggy-dataset-model/src/test/java/com/foggyframework/dataset/db/model/ecommerce/CalculatedFieldAggregationBugTest.java	com.foggyframework.dataset.db.model.ecommerce.CalculatedFieldAggregationBugTest	surefire	unit	unit	none	hermetic	2	true	foggy-dataset-model	none	none
v934|8:surefire|4:unit|4:unit|65:com.foggyframework.dataset.db.model.ecommerce.CalculatedFieldTest	v934-src|104:foggy-dataset-model/src/test/java/com/foggyframework/dataset/db/model/ecommerce/CalculatedFieldTest.java	com.foggyframework.dataset.db.model.ecommerce.CalculatedFieldTest	surefire	unit	unit	none	hermetic	2	true	foggy-dataset-model	none	none
v934|8:surefire|4:unit|4:unit|60:com.foggyframework.dataset.db.model.ecommerce.CaptionDefTest	v934-src|99:foggy-dataset-model/src/test/java/com/foggyframework/dataset/db/model/ecommerce/CaptionDefTest.java	com.foggyframework.dataset.db.model.ecommerce.CaptionDefTest	surefire	unit	unit	none	hermetic	2	true	foggy-dataset-model	none	none
v934|8:surefire|4:unit|4:unit|64:com.foggyframework.dataset.db.model.ecommerce.DataComparisonTest	v934-src|103:foggy-dataset-model/src/test/java/com/foggyframework/dataset/db/model/ecommerce/DataComparisonTest.java	com.foggyframework.dataset.db.model.ecommerce.DataComparisonTest	surefire	unit	unit	none	hermetic	2	true	foggy-dataset-model	none	none
v934|8:surefire|4:unit|4:unit|65:com.foggyframework.dataset.db.model.ecommerce.DataEnvironmentTest	v934-src|104:foggy-dataset-model/src/test/java/com/foggyframework/dataset/db/model/ecommerce/DataEnvironmentTest.java	com.foggyframework.dataset.db.model.ecommerce.DataEnvironmentTest	surefire	unit	unit	none	hermetic	2	true	foggy-dataset-model	none	none
v934|8:surefire|4:unit|4:unit|69:com.foggyframework.dataset.db.model.ecommerce.DimensionAutoExpandTest	v934-src|108:foggy-dataset-model/src/test/java/com/foggyframework/dataset/db/model/ecommerce/DimensionAutoExpandTest.java	com.foggyframework.dataset.db.model.ecommerce.DimensionAutoExpandTest	surefire	unit	unit	none	hermetic	2	true	foggy-dataset-model	none	none
v934|8:surefire|4:unit|4:unit|65:com.foggyframework.dataset.db.model.ecommerce.ErrorCollectionTest	v934-src|104:foggy-dataset-model/src/test/java/com/foggyframework/dataset/db/model/ecommerce/ErrorCollectionTest.java	com.foggyframework.dataset.db.model.ecommerce.ErrorCollectionTest	surefire	unit	unit	none	hermetic	2	true	foggy-dataset-model	none	none
v934|8:failsafe|24:sqlite-broad-integration|12:sqlite-broad|82:com.foggyframework.dataset.db.model.ecommerce.FieldAccessPermissionIntegrationTest	v934-src|121:foggy-dataset-model/src/test/java/com/foggyframework/dataset/db/model/ecommerce/FieldAccessPermissionIntegrationTest.java	com.foggyframework.dataset.db.model.ecommerce.FieldAccessPermissionIntegrationTest	failsafe	sqlite-broad-integration	sqlite-broad	sqlite	sqlite	2	true	foggy-dataset-model	none	none
v934|8:failsafe|24:sqlite-broad-integration|12:sqlite-broad|100:com.foggyframework.dataset.db.model.ecommerce.FieldAccessPermissionIntegrationTest$AllowedFieldTests	v934-src|121:foggy-dataset-model/src/test/java/com/foggyframework/dataset/db/model/ecommerce/FieldAccessPermissionIntegrationTest.java	com.foggyframework.dataset.db.model.ecommerce.FieldAccessPermissionIntegrationTest$AllowedFieldTests	failsafe	sqlite-broad-integration	sqlite-broad	sqlite	sqlite	2	true	foggy-dataset-model	none	none
v934|8:failsafe|24:sqlite-broad-integration|12:sqlite-broad|106:com.foggyframework.dataset.db.model.ecommerce.FieldAccessPermissionIntegrationTest$BackwardCompatibleTests	v934-src|121:foggy-dataset-model/src/test/java/com/foggyframework/dataset/db/model/ecommerce/FieldAccessPermissionIntegrationTest.java	com.foggyframework.dataset.db.model.ecommerce.FieldAccessPermissionIntegrationTest$BackwardCompatibleTests	failsafe	sqlite-broad-integration	sqlite-broad	sqlite	sqlite	2	true	foggy-dataset-model	none	none
v934|8:failsafe|24:sqlite-broad-integration|12:sqlite-broad|103:com.foggyframework.dataset.db.model.ecommerce.FieldAccessPermissionIntegrationTest$CalculatedFieldTests	v934-src|121:foggy-dataset-model/src/test/java/com/foggyframework/dataset/db/model/ecommerce/FieldAccessPermissionIntegrationTest.java	com.foggyframework.dataset.db.model.ecommerce.FieldAccessPermissionIntegrationTest$CalculatedFieldTests	failsafe	sqlite-broad-integration	sqlite-broad	sqlite	sqlite	2	true	foggy-dataset-model	none	none
v934|8:failsafe|24:sqlite-broad-integration|12:sqlite-broad|99:com.foggyframework.dataset.db.model.ecommerce.FieldAccessPermissionIntegrationTest$DeniedFieldTests	v934-src|121:foggy-dataset-model/src/test/java/com/foggyframework/dataset/db/model/ecommerce/FieldAccessPermissionIntegrationTest.java	com.foggyframework.dataset.db.model.ecommerce.FieldAccessPermissionIntegrationTest$DeniedFieldTests	failsafe	sqlite-broad-integration	sqlite-broad	sqlite	sqlite	2	true	foggy-dataset-model	none	none
v934|8:failsafe|24:sqlite-broad-integration|12:sqlite-broad|96:com.foggyframework.dataset.db.model.ecommerce.FieldAccessPermissionIntegrationTest$EdgeCaseTests	v934-src|121:foggy-dataset-model/src/test/java/com/foggyframework/dataset/db/model/ecommerce/FieldAccessPermissionIntegrationTest.java	com.foggyframework.dataset.db.model.ecommerce.FieldAccessPermissionIntegrationTest$EdgeCaseTests	failsafe	sqlite-broad-integration	sqlite-broad	sqlite	sqlite	2	true	foggy-dataset-model	none	none
v934|8:failsafe|24:sqlite-broad-integration|12:sqlite-broad|119:com.foggyframework.dataset.db.model.ecommerce.FieldAccessPermissionIntegrationTest$ModelPermissionAndDeniedColumnsTests	v934-src|121:foggy-dataset-model/src/test/java/com/foggyframework/dataset/db/model/ecommerce/FieldAccessPermissionIntegrationTest.java	com.foggyframework.dataset.db.model.ecommerce.FieldAccessPermissionIntegrationTest$ModelPermissionAndDeniedColumnsTests	failsafe	sqlite-broad-integration	sqlite-broad	sqlite	sqlite	2	true	foggy-dataset-model	none	none
v934|8:surefire|4:unit|4:unit|65:com.foggyframework.dataset.db.model.ecommerce.FieldComparisonTest	v934-src|104:foggy-dataset-model/src/test/java/com/foggyframework/dataset/db/model/ecommerce/FieldComparisonTest.java	com.foggyframework.dataset.db.model.ecommerce.FieldComparisonTest	surefire	unit	unit	none	hermetic	2	true	foggy-dataset-model	none	none
v934|8:failsafe|24:sqlite-broad-integration|12:sqlite-broad|80:com.foggyframework.dataset.db.model.ecommerce.InOperatorCalcFieldIntegrationTest	v934-src|119:foggy-dataset-model/src/test/java/com/foggyframework/dataset/db/model/ecommerce/InOperatorCalcFieldIntegrationTest.java	com.foggyframework.dataset.db.model.ecommerce.InOperatorCalcFieldIntegrationTest	failsafe	sqlite-broad-integration	sqlite-broad	sqlite	sqlite	2	true	foggy-dataset-model	none	none
v934|8:surefire|4:unit|4:unit|77:com.foggyframework.dataset.db.model.ecommerce.JdbcModelQueryEngineCteWrapTest	v934-src|116:foggy-dataset-model/src/test/java/com/foggyframework/dataset/db/model/ecommerce/JdbcModelQueryEngineCteWrapTest.java	com.foggyframework.dataset.db.model.ecommerce.JdbcModelQueryEngineCteWrapTest	surefire	unit	unit	none	hermetic	2	true	foggy-dataset-model	none	none
v934|8:surefire|4:unit|4:unit|62:com.foggyframework.dataset.db.model.ecommerce.ModelLoadingTest	v934-src|101:foggy-dataset-model/src/test/java/com/foggyframework/dataset/db/model/ecommerce/ModelLoadingTest.java	com.foggyframework.dataset.db.model.ecommerce.ModelLoadingTest	surefire	unit	unit	none	hermetic	2	true	foggy-dataset-model	none	none
v934|8:surefire|4:unit|4:unit|68:com.foggyframework.dataset.db.model.ecommerce.MultiFactTableJoinTest	v934-src|107:foggy-dataset-model/src/test/java/com/foggyframework/dataset/db/model/ecommerce/MultiFactTableJoinTest.java	com.foggyframework.dataset.db.model.ecommerce.MultiFactTableJoinTest	surefire	unit	unit	none	hermetic	2	true	foggy-dataset-model	none	none
v934|8:surefire|4:unit|4:unit|65:com.foggyframework.dataset.db.model.ecommerce.NestedDimensionTest	v934-src|104:foggy-dataset-model/src/test/java/com/foggyframework/dataset/db/model/ecommerce/NestedDimensionTest.java	com.foggyframework.dataset.db.model.ecommerce.NestedDimensionTest	surefire	unit	unit	none	hermetic	2	true	foggy-dataset-model	none	none
v934|8:surefire|4:unit|4:unit|70:com.foggyframework.dataset.db.model.ecommerce.ParentChildDimensionTest	v934-src|109:foggy-dataset-model/src/test/java/com/foggyframework/dataset/db/model/ecommerce/ParentChildDimensionTest.java	com.foggyframework.dataset.db.model.ecommerce.ParentChildDimensionTest	surefire	unit	unit	none	hermetic	2	true	foggy-dataset-model	none	none
v934|8:failsafe|24:sqlite-broad-integration|12:sqlite-broad|82:com.foggyframework.dataset.db.model.ecommerce.PhysicalColumnMappingIntegrationTest	v934-src|121:foggy-dataset-model/src/test/java/com/foggyframework/dataset/db/model/ecommerce/PhysicalColumnMappingIntegrationTest.java	com.foggyframework.dataset.db.model.ecommerce.PhysicalColumnMappingIntegrationTest	failsafe	sqlite-broad-integration	sqlite-broad	sqlite	sqlite	2	true	foggy-dataset-model	none	none
v934|8:failsafe|24:sqlite-broad-integration|12:sqlite-broad|97:com.foggyframework.dataset.db.model.ecommerce.PhysicalColumnMappingIntegrationTest$BasicStructure	v934-src|121:foggy-dataset-model/src/test/java/com/foggyframework/dataset/db/model/ecommerce/PhysicalColumnMappingIntegrationTest.java	com.foggyframework.dataset.db.model.ecommerce.PhysicalColumnMappingIntegrationTest$BasicStructure	failsafe	sqlite-broad-integration	sqlite-broad	sqlite	sqlite	2	true	foggy-dataset-model	none	none
v934|8:failsafe|24:sqlite-broad-integration|12:sqlite-broad|99:com.foggyframework.dataset.db.model.ecommerce.PhysicalColumnMappingIntegrationTest$DeniedConversion	v934-src|121:foggy-dataset-model/src/test/java/com/foggyframework/dataset/db/model/ecommerce/PhysicalColumnMappingIntegrationTest.java	com.foggyframework.dataset.db.model.ecommerce.PhysicalColumnMappingIntegrationTest$DeniedConversion	failsafe	sqlite-broad-integration	sqlite-broad	sqlite	sqlite	2	true	foggy-dataset-model	none	none
v934|8:failsafe|24:sqlite-broad-integration|12:sqlite-broad|99:com.foggyframework.dataset.db.model.ecommerce.PhysicalColumnMappingIntegrationTest$DimensionMapping	v934-src|121:foggy-dataset-model/src/test/java/com/foggyframework/dataset/db/model/ecommerce/PhysicalColumnMappingIntegrationTest.java	com.foggyframework.dataset.db.model.ecommerce.PhysicalColumnMappingIntegrationTest$DimensionMapping	failsafe	sqlite-broad-integration	sqlite-broad	sqlite	sqlite	2	true	foggy-dataset-model	none	none
v934|8:failsafe|24:sqlite-broad-integration|12:sqlite-broad|107:com.foggyframework.dataset.db.model.ecommerce.PhysicalColumnMappingIntegrationTest$DimensionPropertyMapping	v934-src|121:foggy-dataset-model/src/test/java/com/foggyframework/dataset/db/model/ecommerce/PhysicalColumnMappingIntegrationTest.java	com.foggyframework.dataset.db.model.ecommerce.PhysicalColumnMappingIntegrationTest$DimensionPropertyMapping	failsafe	sqlite-broad-integration	sqlite-broad	sqlite	sqlite	2	true	foggy-dataset-model	none	none
v934|8:failsafe|24:sqlite-broad-integration|12:sqlite-broad|97:com.foggyframework.dataset.db.model.ecommerce.PhysicalColumnMappingIntegrationTest$MeasureMapping	v934-src|121:foggy-dataset-model/src/test/java/com/foggyframework/dataset/db/model/ecommerce/PhysicalColumnMappingIntegrationTest.java	com.foggyframework.dataset.db.model.ecommerce.PhysicalColumnMappingIntegrationTest$MeasureMapping	failsafe	sqlite-broad-integration	sqlite-broad	sqlite	sqlite	2	true	foggy-dataset-model	none	none
v934|8:failsafe|24:sqlite-broad-integration|12:sqlite-broad|105:com.foggyframework.dataset.db.model.ecommerce.PhysicalColumnMappingIntegrationTest$NestedDimensionMapping	v934-src|121:foggy-dataset-model/src/test/java/com/foggyframework/dataset/db/model/ecommerce/PhysicalColumnMappingIntegrationTest.java	com.foggyframework.dataset.db.model.ecommerce.PhysicalColumnMappingIntegrationTest$NestedDimensionMapping	failsafe	sqlite-broad-integration	sqlite-broad	sqlite	sqlite	2	true	foggy-dataset-model	none	none
v934|8:failsafe|24:sqlite-broad-integration|12:sqlite-broad|110:com.foggyframework.dataset.db.model.ecommerce.PhysicalColumnMappingIntegrationTest$ParentChildDimensionMapping	v934-src|121:foggy-dataset-model/src/test/java/com/foggyframework/dataset/db/model/ecommerce/PhysicalColumnMappingIntegrationTest.java	com.foggyframework.dataset.db.model.ecommerce.PhysicalColumnMappingIntegrationTest$ParentChildDimensionMapping	failsafe	sqlite-broad-integration	sqlite-broad	sqlite	sqlite	2	true	foggy-dataset-model	none	none
v934|8:failsafe|24:sqlite-broad-integration|12:sqlite-broad|85:com.foggyframework.dataset.db.model.ecommerce.PhysicalColumnPermissionIntegrationTest	v934-src|124:foggy-dataset-model/src/test/java/com/foggyframework/dataset/db/model/ecommerce/PhysicalColumnPermissionIntegrationTest.java	com.foggyframework.dataset.db.model.ecommerce.PhysicalColumnPermissionIntegrationTest	failsafe	sqlite-broad-integration	sqlite-broad	sqlite	sqlite	2	true	foggy-dataset-model	none	none
v934|8:failsafe|24:sqlite-broad-integration|12:sqlite-broad|114:com.foggyframework.dataset.db.model.ecommerce.PhysicalColumnPermissionIntegrationTest$DeniedColumnBlocksQueryTests	v934-src|124:foggy-dataset-model/src/test/java/com/foggyframework/dataset/db/model/ecommerce/PhysicalColumnPermissionIntegrationTest.java	com.foggyframework.dataset.db.model.ecommerce.PhysicalColumnPermissionIntegrationTest$DeniedColumnBlocksQueryTests	failsafe	sqlite-broad-integration	sqlite-broad	sqlite	sqlite	2	true	foggy-dataset-model	none	none
v934|8:failsafe|24:sqlite-broad-integration|12:sqlite-broad|113:com.foggyframework.dataset.db.model.ecommerce.PhysicalColumnPermissionIntegrationTest$DeniedColumnNotInQueryTests	v934-src|124:foggy-dataset-model/src/test/java/com/foggyframework/dataset/db/model/ecommerce/PhysicalColumnPermissionIntegrationTest.java	com.foggyframework.dataset.db.model.ecommerce.PhysicalColumnPermissionIntegrationTest$DeniedColumnNotInQueryTests	failsafe	sqlite-broad-integration	sqlite-broad	sqlite	sqlite	2	true	foggy-dataset-model	none	none
v934|8:failsafe|24:sqlite-broad-integration|12:sqlite-broad|109:com.foggyframework.dataset.db.model.ecommerce.PhysicalColumnPermissionIntegrationTest$InvalidDeniedEntryTests	v934-src|124:foggy-dataset-model/src/test/java/com/foggyframework/dataset/db/model/ecommerce/PhysicalColumnPermissionIntegrationTest.java	com.foggyframework.dataset.db.model.ecommerce.PhysicalColumnPermissionIntegrationTest$InvalidDeniedEntryTests	failsafe	sqlite-broad-integration	sqlite-broad	sqlite	sqlite	2	true	foggy-dataset-model	none	none
v934|8:failsafe|24:sqlite-broad-integration|12:sqlite-broad|112:com.foggyframework.dataset.db.model.ecommerce.PhysicalColumnPermissionIntegrationTest$MultipleDeniedColumnsTests	v934-src|124:foggy-dataset-model/src/test/java/com/foggyframework/dataset/db/model/ecommerce/PhysicalColumnPermissionIntegrationTest.java	com.foggyframework.dataset.db.model.ecommerce.PhysicalColumnPermissionIntegrationTest$MultipleDeniedColumnsTests	failsafe	sqlite-broad-integration	sqlite-broad	sqlite	sqlite	2	true	foggy-dataset-model	none	none
v934|8:failsafe|24:sqlite-broad-integration|12:sqlite-broad|104:com.foggyframework.dataset.db.model.ecommerce.PhysicalColumnPermissionIntegrationTest$NoRestrictionTests	v934-src|124:foggy-dataset-model/src/test/java/com/foggyframework/dataset/db/model/ecommerce/PhysicalColumnPermissionIntegrationTest.java	com.foggyframework.dataset.db.model.ecommerce.PhysicalColumnPermissionIntegrationTest$NoRestrictionTests	failsafe	sqlite-broad-integration	sqlite-broad	sqlite	sqlite	2	true	foggy-dataset-model	none	none
v934|8:failsafe|24:sqlite-broad-integration|12:sqlite-broad|105:com.foggyframework.dataset.db.model.ecommerce.PhysicalColumnPermissionIntegrationTest$SchemaMatchingTests	v934-src|124:foggy-dataset-model/src/test/java/com/foggyframework/dataset/db/model/ecommerce/PhysicalColumnPermissionIntegrationTest.java	com.foggyframework.dataset.db.model.ecommerce.PhysicalColumnPermissionIntegrationTest$SchemaMatchingTests	failsafe	sqlite-broad-integration	sqlite-broad	sqlite	sqlite	2	true	foggy-dataset-model	none	none
v934|8:failsafe|24:sqlite-broad-integration|12:sqlite-broad|80:com.foggyframework.dataset.db.model.ecommerce.SemanticScaleFactorIntegrationTest	v934-src|119:foggy-dataset-model/src/test/java/com/foggyframework/dataset/db/model/ecommerce/SemanticScaleFactorIntegrationTest.java	com.foggyframework.dataset.db.model.ecommerce.SemanticScaleFactorIntegrationTest	failsafe	sqlite-broad-integration	sqlite-broad	sqlite	sqlite	2	true	foggy-dataset-model	none	none
v934|8:failsafe|24:sqlite-broad-integration|12:sqlite-broad|68:com.foggyframework.dataset.db.model.ecommerce.ServiceIntegrationTest	v934-src|107:foggy-dataset-model/src/test/java/com/foggyframework/dataset/db/model/ecommerce/ServiceIntegrationTest.java	com.foggyframework.dataset.db.model.ecommerce.ServiceIntegrationTest	failsafe	sqlite-broad-integration	sqlite-broad	sqlite	sqlite	2	true	foggy-dataset-model	none	none
v934|8:surefire|4:unit|4:unit|62:com.foggyframework.dataset.db.model.engine.AggSqlOptimizerTest	v934-src|101:foggy-dataset-model/src/test/java/com/foggyframework/dataset/db/model/engine/AggSqlOptimizerTest.java	com.foggyframework.dataset.db.model.engine.AggSqlOptimizerTest	surefire	unit	unit	none	hermetic	2	true	foggy-dataset-model	none	none
v934|8:failsafe|24:sqlite-broad-integration|12:sqlite-broad|87:com.foggyframework.dataset.db.model.engine.compose.ComposedDataSetResultIntegrationTest	v934-src|126:foggy-dataset-model/src/test/java/com/foggyframework/dataset/db/model/engine/compose/ComposedDataSetResultIntegrationTest.java	com.foggyframework.dataset.db.model.engine.compose.ComposedDataSetResultIntegrationTest	failsafe	sqlite-broad-integration	sqlite-broad	sqlite	sqlite	2	true	foggy-dataset-model	none	none
v934|8:failsafe|24:sqlite-broad-integration|12:sqlite-broad|80:com.foggyframework.dataset.db.model.engine.compose.F4ColumnObjectIntegrationTest	v934-src|119:foggy-dataset-model/src/test/java/com/foggyframework/dataset/db/model/engine/compose/F4ColumnObjectIntegrationTest.java	com.foggyframework.dataset.db.model.engine.compose.F4ColumnObjectIntegrationTest	failsafe	sqlite-broad-integration	sqlite-broad	sqlite	sqlite	2	true	foggy-dataset-model	none	none
v934|8:failsafe|24:sqlite-broad-integration|12:sqlite-broad|80:com.foggyframework.dataset.db.model.engine.compose.F5ColumnObjectIntegrationTest	v934-src|119:foggy-dataset-model/src/test/java/com/foggyframework/dataset/db/model/engine/compose/F5ColumnObjectIntegrationTest.java	com.foggyframework.dataset.db.model.engine.compose.F5ColumnObjectIntegrationTest	failsafe	sqlite-broad-integration	sqlite-broad	sqlite	sqlite	2	true	foggy-dataset-model	none	none
v934|8:surefire|4:unit|4:unit|89:com.foggyframework.dataset.db.model.engine.compose.authority.AuthorityBindingResolverTest	v934-src|128:foggy-dataset-model/src/test/java/com/foggyframework/dataset/db/model/engine/compose/authority/AuthorityBindingResolverTest.java	com.foggyframework.dataset.db.model.engine.compose.authority.AuthorityBindingResolverTest	surefire	unit	unit	none	hermetic	2	true	foggy-dataset-model	none	none
v934|8:surefire|4:unit|4:unit|92:com.foggyframework.dataset.db.model.engine.compose.authority.AuthorityResolutionPipelineTest	v934-src|131:foggy-dataset-model/src/test/java/com/foggyframework/dataset/db/model/engine/compose/authority/AuthorityResolutionPipelineTest.java	com.foggyframework.dataset.db.model.engine.compose.authority.AuthorityResolutionPipelineTest	surefire	unit	unit	none	hermetic	2	true	foggy-dataset-model	none	none
v934|8:surefire|4:unit|4:unit|106:com.foggyframework.dataset.db.model.engine.compose.authority.AuthorityResolutionPipelineTest$ErrorPhaseTag	v934-src|131:foggy-dataset-model/src/test/java/com/foggyframework/dataset/db/model/engine/compose/authority/AuthorityResolutionPipelineTest.java	com.foggyframework.dataset.db.model.engine.compose.authority.AuthorityResolutionPipelineTest$ErrorPhaseTag	surefire	unit	unit	none	hermetic	2	true	foggy-dataset-model	none	none
v934|8:surefire|4:unit|4:unit|113:com.foggyframework.dataset.db.model.engine.compose.authority.AuthorityResolutionPipelineTest$FailClosedNoResolver	v934-src|131:foggy-dataset-model/src/test/java/com/foggyframework/dataset/db/model/engine/compose/authority/AuthorityResolutionPipelineTest.java	com.foggyframework.dataset.db.model.engine.compose.authority.AuthorityResolutionPipelineTest$FailClosedNoResolver	surefire	unit	unit	none	hermetic	2	true	foggy-dataset-model	none	none
v934|8:surefire|4:unit|4:unit|117:com.foggyframework.dataset.db.model.engine.compose.authority.AuthorityResolutionPipelineTest$FailClosedResolverRaises	v934-src|131:foggy-dataset-model/src/test/java/com/foggyframework/dataset/db/model/engine/compose/authority/AuthorityResolutionPipelineTest.java	com.foggyframework.dataset.db.model.engine.compose.authority.AuthorityResolutionPipelineTest$FailClosedResolverRaises	surefire	unit	unit	none	hermetic	2	true	foggy-dataset-model	none	none
v934|8:surefire|4:unit|4:unit|116:com.foggyframework.dataset.db.model.engine.compose.authority.AuthorityResolutionPipelineTest$FailClosedResponseShape	v934-src|131:foggy-dataset-model/src/test/java/com/foggyframework/dataset/db/model/engine/compose/authority/AuthorityResolutionPipelineTest.java	com.foggyframework.dataset.db.model.engine.compose.authority.AuthorityResolutionPipelineTest$FailClosedResponseShape	surefire	unit	unit	none	hermetic	2	true	foggy-dataset-model	none	none
v934|8:surefire|4:unit|4:unit|121:com.foggyframework.dataset.db.model.engine.compose.authority.AuthorityResolutionPipelineTest$ModelInfoProviderIntegration	v934-src|131:foggy-dataset-model/src/test/java/com/foggyframework/dataset/db/model/engine/compose/authority/AuthorityResolutionPipelineTest.java	com.foggyframework.dataset.db.model.engine.compose.authority.AuthorityResolutionPipelineTest$ModelInfoProviderIntegration	surefire	unit	unit	none	hermetic	2	true	foggy-dataset-model	none	none
v934|8:surefire|4:unit|4:unit|103:com.foggyframework.dataset.db.model.engine.compose.authority.AuthorityResolutionPipelineTest$MultiModel	v934-src|131:foggy-dataset-model/src/test/java/com/foggyframework/dataset/db/model/engine/compose/authority/AuthorityResolutionPipelineTest.java	com.foggyframework.dataset.db.model.engine.compose.authority.AuthorityResolutionPipelineTest$MultiModel	surefire	unit	unit	none	hermetic	2	true	foggy-dataset-model	none	none
v934|8:surefire|4:unit|4:unit|104:com.foggyframework.dataset.db.model.engine.compose.authority.AuthorityResolutionPipelineTest$ReturnShape	v934-src|131:foggy-dataset-model/src/test/java/com/foggyframework/dataset/db/model/engine/compose/authority/AuthorityResolutionPipelineTest.java	com.foggyframework.dataset.db.model.engine.compose.authority.AuthorityResolutionPipelineTest$ReturnShape	surefire	unit	unit	none	hermetic	2	true	foggy-dataset-model	none	none
v934|8:surefire|4:unit|4:unit|104:com.foggyframework.dataset.db.model.engine.compose.authority.AuthorityResolutionPipelineTest$SingleModel	v934-src|131:foggy-dataset-model/src/test/java/com/foggyframework/dataset/db/model/engine/compose/authority/AuthorityResolutionPipelineTest.java	com.foggyframework.dataset.db.model.engine.compose.authority.AuthorityResolutionPipelineTest$SingleModel	surefire	unit	unit	none	hermetic	2	true	foggy-dataset-model	none	none
v934|8:surefire|4:unit|4:unit|104:com.foggyframework.dataset.db.model.engine.compose.authority.AuthorityResolutionPipelineTest$StaticShape	v934-src|131:foggy-dataset-model/src/test/java/com/foggyframework/dataset/db/model/engine/compose/authority/AuthorityResolutionPipelineTest.java	com.foggyframework.dataset.db.model.engine.compose.authority.AuthorityResolutionPipelineTest$StaticShape	surefire	unit	unit	none	hermetic	2	true	foggy-dataset-model	none	none
v934|8:surefire|4:unit|4:unit|87:com.foggyframework.dataset.db.model.engine.compose.authority.BaseModelPlanCollectorTest	v934-src|126:foggy-dataset-model/src/test/java/com/foggyframework/dataset/db/model/engine/compose/authority/BaseModelPlanCollectorTest.java	com.foggyframework.dataset.db.model.engine.compose.authority.BaseModelPlanCollectorTest	surefire	unit	unit	none	hermetic	2	true	foggy-dataset-model	none	none
v934|8:surefire|4:unit|4:unit|112:com.foggyframework.dataset.db.model.engine.compose.authority.BaseModelPlanCollectorTest$CollectFromBaseOrDerived	v934-src|126:foggy-dataset-model/src/test/java/com/foggyframework/dataset/db/model/engine/compose/authority/BaseModelPlanCollectorTest.java	com.foggyframework.dataset.db.model.engine.compose.authority.BaseModelPlanCollectorTest$CollectFromBaseOrDerived	surefire	unit	unit	none	hermetic	2	true	foggy-dataset-model	none	none
v934|8:surefire|4:unit|4:unit|107:com.foggyframework.dataset.db.model.engine.compose.authority.BaseModelPlanCollectorTest$CollectFromDeepTree	v934-src|126:foggy-dataset-model/src/test/java/com/foggyframework/dataset/db/model/engine/compose/authority/BaseModelPlanCollectorTest.java	com.foggyframework.dataset.db.model.engine.compose.authority.BaseModelPlanCollectorTest$CollectFromDeepTree	surefire	unit	unit	none	hermetic	2	true	foggy-dataset-model	none	none
v934|8:surefire|4:unit|4:unit|103:com.foggyframework.dataset.db.model.engine.compose.authority.BaseModelPlanCollectorTest$CollectFromJoin	v934-src|126:foggy-dataset-model/src/test/java/com/foggyframework/dataset/db/model/engine/compose/authority/BaseModelPlanCollectorTest.java	com.foggyframework.dataset.db.model.engine.compose.authority.BaseModelPlanCollectorTest$CollectFromJoin	surefire	unit	unit	none	hermetic	2	true	foggy-dataset-model	none	none
v934|8:surefire|4:unit|4:unit|104:com.foggyframework.dataset.db.model.engine.compose.authority.BaseModelPlanCollectorTest$CollectFromUnion	v934-src|126:foggy-dataset-model/src/test/java/com/foggyframework/dataset/db/model/engine/compose/authority/BaseModelPlanCollectorTest.java	com.foggyframework.dataset.db.model.engine.compose.authority.BaseModelPlanCollectorTest$CollectFromUnion	surefire	unit	unit	none	hermetic	2	true	foggy-dataset-model	none	none
v934|8:surefire|4:unit|4:unit|98:com.foggyframework.dataset.db.model.engine.compose.authority.BaseModelPlanCollectorTest$FailClosed	v934-src|126:foggy-dataset-model/src/test/java/com/foggyframework/dataset/db/model/engine/compose/authority/BaseModelPlanCollectorTest.java	com.foggyframework.dataset.db.model.engine.compose.authority.BaseModelPlanCollectorTest$FailClosed	surefire	unit	unit	none	hermetic	2	true	foggy-dataset-model	none	none
v934|8:surefire|4:unit|4:unit|99:com.foggyframework.dataset.db.model.engine.compose.authority.BaseModelPlanCollectorTest$ReturnShape	v934-src|126:foggy-dataset-model/src/test/java/com/foggyframework/dataset/db/model/engine/compose/authority/BaseModelPlanCollectorTest.java	com.foggyframework.dataset.db.model.engine.compose.authority.BaseModelPlanCollectorTest$ReturnShape	surefire	unit	unit	none	hermetic	2	true	foggy-dataset-model	none	none
v934|8:surefire|4:unit|4:unit|83:com.foggyframework.dataset.db.model.engine.compose.authority.FieldAccessApplierTest	v934-src|122:foggy-dataset-model/src/test/java/com/foggyframework/dataset/db/model/engine/compose/authority/FieldAccessApplierTest.java	com.foggyframework.dataset.db.model.engine.compose.authority.FieldAccessApplierTest	surefire	unit	unit	none	hermetic	2	true	foggy-dataset-model	none	none
v934|8:surefire|4:unit|4:unit|93:com.foggyframework.dataset.db.model.engine.compose.authority.FieldAccessApplierTest$BadInputs	v934-src|122:foggy-dataset-model/src/test/java/com/foggyframework/dataset/db/model/engine/compose/authority/FieldAccessApplierTest.java	com.foggyframework.dataset.db.model.engine.compose.authority.FieldAccessApplierTest$BadInputs	surefire	unit	unit	none	hermetic	2	true	foggy-dataset-model	none	none
v934|8:surefire|4:unit|4:unit|100:com.foggyframework.dataset.db.model.engine.compose.authority.FieldAccessApplierTest$EmptyInputSchema	v934-src|122:foggy-dataset-model/src/test/java/com/foggyframework/dataset/db/model/engine/compose/authority/FieldAccessApplierTest.java	com.foggyframework.dataset.db.model.engine.compose.authority.FieldAccessApplierTest$EmptyInputSchema	surefire	unit	unit	none	hermetic	2	true	foggy-dataset-model	none	none
v934|8:surefire|4:unit|4:unit|100:com.foggyframework.dataset.db.model.engine.compose.authority.FieldAccessApplierTest$FieldAccessEmpty	v934-src|122:foggy-dataset-model/src/test/java/com/foggyframework/dataset/db/model/engine/compose/authority/FieldAccessApplierTest.java	com.foggyframework.dataset.db.model.engine.compose.authority.FieldAccessApplierTest$FieldAccessEmpty	surefire	unit	unit	none	hermetic	2	true	foggy-dataset-model	none	none
v934|8:surefire|4:unit|4:unit|99:com.foggyframework.dataset.db.model.engine.compose.authority.FieldAccessApplierTest$FieldAccessNull	v934-src|122:foggy-dataset-model/src/test/java/com/foggyframework/dataset/db/model/engine/compose/authority/FieldAccessApplierTest.java	com.foggyframework.dataset.db.model.engine.compose.authority.FieldAccessApplierTest$FieldAccessNull	surefire	unit	unit	none	hermetic	2	true	foggy-dataset-model	none	none
v934|8:surefire|4:unit|4:unit|115:com.foggyframework.dataset.db.model.engine.compose.authority.FieldAccessApplierTest$IndependentOfOtherBindingFields	v934-src|122:foggy-dataset-model/src/test/java/com/foggyframework/dataset/db/model/engine/compose/authority/FieldAccessApplierTest.java	com.foggyframework.dataset.db.model.engine.compose.authority.FieldAccessApplierTest$IndependentOfOtherBindingFields	surefire	unit	unit	none	hermetic	2	true	foggy-dataset-model	none	none
v934|8:surefire|4:unit|4:unit|93:com.foggyframework.dataset.db.model.engine.compose.authority.FieldAccessApplierTest$Whitelist	v934-src|122:foggy-dataset-model/src/test/java/com/foggyframework/dataset/db/model/engine/compose/authority/FieldAccessApplierTest.java	com.foggyframework.dataset.db.model.engine.compose.authority.FieldAccessApplierTest$Whitelist	surefire	unit	unit	none	hermetic	2	true	foggy-dataset-model	none	none
v934|8:surefire|4:unit|4:unit|87:com.foggyframework.dataset.db.model.engine.compose.authority.ModelInfoProviderSmokeTest	v934-src|126:foggy-dataset-model/src/test/java/com/foggyframework/dataset/db/model/engine/compose/authority/ModelInfoProviderSmokeTest.java	com.foggyframework.dataset.db.model.engine.compose.authority.ModelInfoProviderSmokeTest	surefire	unit	unit	none	hermetic	2	true	foggy-dataset-model	none	none
v934|8:surefire|4:unit|4:unit|82:com.foggyframework.dataset.db.model.engine.compose.capability.CapabilityPolicyTest	v934-src|121:foggy-dataset-model/src/test/java/com/foggyframework/dataset/db/model/engine/compose/capability/CapabilityPolicyTest.java	com.foggyframework.dataset.db.model.engine.compose.capability.CapabilityPolicyTest	surefire	unit	unit	none	hermetic	2	true	foggy-dataset-model	none	none
v934|8:surefire|4:unit|4:unit|84:com.foggyframework.dataset.db.model.engine.compose.capability.CapabilityRegistryTest	v934-src|123:foggy-dataset-model/src/test/java/com/foggyframework/dataset/db/model/engine/compose/capability/CapabilityRegistryTest.java	com.foggyframework.dataset.db.model.engine.compose.capability.CapabilityRegistryTest	surefire	unit	unit	none	hermetic	2	true	foggy-dataset-model	none	none
v934|8:surefire|4:unit|4:unit|84:com.foggyframework.dataset.db.model.engine.compose.capability.FunctionDescriptorTest	v934-src|123:foggy-dataset-model/src/test/java/com/foggyframework/dataset/db/model/engine/compose/capability/FunctionDescriptorTest.java	com.foggyframework.dataset.db.model.engine.compose.capability.FunctionDescriptorTest	surefire	unit	unit	none	hermetic	2	true	foggy-dataset-model	none	none
v934|8:failsafe|20:hermetic-integration|8:hermetic|94:com.foggyframework.dataset.db.model.engine.compose.capability.ObjectFacadePauseIntegrationTest	v934-src|133:foggy-dataset-model/src/test/java/com/foggyframework/dataset/db/model/engine/compose/capability/ObjectFacadePauseIntegrationTest.java	com.foggyframework.dataset.db.model.engine.compose.capability.ObjectFacadePauseIntegrationTest	failsafe	hermetic-integration	hermetic	none	hermetic	2	true	foggy-dataset-model	none	none
v934|8:surefire|4:unit|4:unit|83:com.foggyframework.dataset.db.model.engine.compose.capability.ObjectFacadeProxyTest	v934-src|122:foggy-dataset-model/src/test/java/com/foggyframework/dataset/db/model/engine/compose/capability/ObjectFacadeProxyTest.java	com.foggyframework.dataset.db.model.engine.compose.capability.ObjectFacadeProxyTest	surefire	unit	unit	none	hermetic	2	true	foggy-dataset-model	none	none
v934|8:surefire|4:unit|4:unit|89:com.foggyframework.dataset.db.model.engine.compose.capability.SqlExpFactoryCapabilityTest	v934-src|128:foggy-dataset-model/src/test/java/com/foggyframework/dataset/db/model/engine/compose/capability/SqlExpFactoryCapabilityTest.java	com.foggyframework.dataset.db.model.engine.compose.capability.SqlExpFactoryCapabilityTest	surefire	unit	unit	none	hermetic	2	true	foggy-dataset-model	none	none
v934|8:surefire|4:unit|4:unit|87:com.foggyframework.dataset.db.model.engine.compose.compilation.BaseSubqueryLoweringTest	v934-src|126:foggy-dataset-model/src/test/java/com/foggyframework/dataset/db/model/engine/compose/compilation/BaseSubqueryLoweringTest.java	com.foggyframework.dataset.db.model.engine.compose.compilation.BaseSubqueryLoweringTest	surefire	unit	unit	none	hermetic	2	true	foggy-dataset-model	none	none
v934|8:surefire|4:unit|4:unit|91:com.foggyframework.dataset.db.model.engine.compose.compilation.ComposeCompileErrorCodesTest	v934-src|130:foggy-dataset-model/src/test/java/com/foggyframework/dataset/db/model/engine/compose/compilation/ComposeCompileErrorCodesTest.java	com.foggyframework.dataset.db.model.engine.compose.compilation.ComposeCompileErrorCodesTest	surefire	unit	unit	none	hermetic	2	true	foggy-dataset-model	none	none
v934|8:surefire|4:unit|4:unit|90:com.foggyframework.dataset.db.model.engine.compose.compilation.ComposeCompileExceptionTest	v934-src|129:foggy-dataset-model/src/test/java/com/foggyframework/dataset/db/model/engine/compose/compilation/ComposeCompileExceptionTest.java	com.foggyframework.dataset.db.model.engine.compose.compilation.ComposeCompileExceptionTest	surefire	unit	unit	none	hermetic	2	true	foggy-dataset-model	none	none
v934|8:surefire|4:unit|4:unit|88:com.foggyframework.dataset.db.model.engine.compose.compilation.ComposePlannerCteWrapTest	v934-src|127:foggy-dataset-model/src/test/java/com/foggyframework/dataset/db/model/engine/compose/compilation/ComposePlannerCteWrapTest.java	com.foggyframework.dataset.db.model.engine.compose.compilation.ComposePlannerCteWrapTest	surefire	unit	unit	none	hermetic	2	true	foggy-dataset-model	none	none
v934|8:surefire|4:unit|4:unit|90:com.foggyframework.dataset.db.model.engine.compose.compilation.ComposeRelationCompilerTest	v934-src|129:foggy-dataset-model/src/test/java/com/foggyframework/dataset/db/model/engine/compose/compilation/ComposeRelationCompilerTest.java	com.foggyframework.dataset.db.model.engine.compose.compilation.ComposeRelationCompilerTest	surefire	unit	unit	none	hermetic	2	true	foggy-dataset-model	none	none
v934|8:surefire|4:unit|4:unit|85:com.foggyframework.dataset.db.model.engine.compose.compilation.ComposeSqlCompilerTest	v934-src|124:foggy-dataset-model/src/test/java/com/foggyframework/dataset/db/model/engine/compose/compilation/ComposeSqlCompilerTest.java	com.foggyframework.dataset.db.model.engine.compose.compilation.ComposeSqlCompilerTest	surefire	unit	unit	none	hermetic	2	true	foggy-dataset-model	none	none
v934|8:surefire|4:unit|4:unit|82:com.foggyframework.dataset.db.model.engine.compose.compilation.DerivedLoweringTest	v934-src|121:foggy-dataset-model/src/test/java/com/foggyframework/dataset/db/model/engine/compose/compilation/DerivedLoweringTest.java	com.foggyframework.dataset.db.model.engine.compose.compilation.DerivedLoweringTest	surefire	unit	unit	none	hermetic	2	true	foggy-dataset-model	none	none
v934|8:surefire|4:unit|4:unit|82:com.foggyframework.dataset.db.model.engine.compose.compilation.DialectFallbackTest	v934-src|121:foggy-dataset-model/src/test/java/com/foggyframework/dataset/db/model/engine/compose/compilation/DialectFallbackTest.java	com.foggyframework.dataset.db.model.engine.compose.compilation.DialectFallbackTest	surefire	unit	unit	none	hermetic	2	true	foggy-dataset-model	none	none
v934|8:surefire|4:unit|4:unit|83:com.foggyframework.dataset.db.model.engine.compose.compilation.FluentApiCompileTest	v934-src|122:foggy-dataset-model/src/test/java/com/foggyframework/dataset/db/model/engine/compose/compilation/FluentApiCompileTest.java	com.foggyframework.dataset.db.model.engine.compose.compilation.FluentApiCompileTest	surefire	unit	unit	none	hermetic	2	true	foggy-dataset-model	none	none
v934|8:surefire|4:unit|4:unit|105:com.foggyframework.dataset.db.model.engine.compose.compilation.FluentApiCompileTest$FluentJoinCompilation	v934-src|122:foggy-dataset-model/src/test/java/com/foggyframework/dataset/db/model/engine/compose/compilation/FluentApiCompileTest.java	com.foggyframework.dataset.db.model.engine.compose.compilation.FluentApiCompileTest$FluentJoinCompilation	surefire	unit	unit	none	hermetic	2	true	foggy-dataset-model	none	none
v934|8:surefire|4:unit|4:unit|102:com.foggyframework.dataset.db.model.engine.compose.compilation.FluentApiCompileTest$IntermediateStages	v934-src|122:foggy-dataset-model/src/test/java/com/foggyframework/dataset/db/model/engine/compose/compilation/FluentApiCompileTest.java	com.foggyframework.dataset.db.model.engine.compose.compilation.FluentApiCompileTest$IntermediateStages	surefire	unit	unit	none	hermetic	2	true	foggy-dataset-model	none	none
v934|8:surefire|4:unit|4:unit|110:com.foggyframework.dataset.db.model.engine.compose.compilation.FluentApiCompileTest$ProjectedColumnExpressions	v934-src|122:foggy-dataset-model/src/test/java/com/foggyframework/dataset/db/model/engine/compose/compilation/FluentApiCompileTest.java	com.foggyframework.dataset.db.model.engine.compose.compilation.FluentApiCompileTest$ProjectedColumnExpressions	surefire	unit	unit	none	hermetic	2	true	foggy-dataset-model	none	none
v934|8:surefire|4:unit|4:unit|103:com.foggyframework.dataset.db.model.engine.compose.compilation.FluentApiCompileTest$QueryFactoryCompile	v934-src|122:foggy-dataset-model/src/test/java/com/foggyframework/dataset/db/model/engine/compose/compilation/FluentApiCompileTest.java	com.foggyframework.dataset.db.model.engine.compose.compilation.FluentApiCompileTest$QueryFactoryCompile	surefire	unit	unit	none	hermetic	2	true	foggy-dataset-model	none	none
v934|8:surefire|4:unit|4:unit|103:com.foggyframework.dataset.db.model.engine.compose.compilation.FluentApiCompileTest$TwoStageAggregation	v934-src|122:foggy-dataset-model/src/test/java/com/foggyframework/dataset/db/model/engine/compose/compilation/FluentApiCompileTest.java	com.foggyframework.dataset.db.model.engine.compose.compilation.FluentApiCompileTest$TwoStageAggregation	surefire	unit	unit	none	hermetic	2	true	foggy-dataset-model	none	none
v934|8:surefire|4:unit|4:unit|106:com.foggyframework.dataset.db.model.engine.compose.compilation.FluentApiCompileTest$WindowFrameCompilation	v934-src|122:foggy-dataset-model/src/test/java/com/foggyframework/dataset/db/model/engine/compose/compilation/FluentApiCompileTest.java	com.foggyframework.dataset.db.model.engine.compose.compilation.FluentApiCompileTest$WindowFrameCompilation	surefire	unit	unit	none	hermetic	2	true	foggy-dataset-model	none	none
v934|8:surefire|4:unit|4:unit|86:com.foggyframework.dataset.db.model.engine.compose.compilation.JavaComposeSnapshotTest	v934-src|125:foggy-dataset-model/src/test/java/com/foggyframework/dataset/db/model/engine/compose/compilation/JavaComposeSnapshotTest.java	com.foggyframework.dataset.db.model.engine.compose.compilation.JavaComposeSnapshotTest	surefire	unit	unit	none	hermetic	2	true	foggy-dataset-model	none	none
v934|8:surefire|4:unit|4:unit|78:com.foggyframework.dataset.db.model.engine.compose.compilation.JoinCompileTest	v934-src|117:foggy-dataset-model/src/test/java/com/foggyframework/dataset/db/model/engine/compose/compilation/JoinCompileTest.java	com.foggyframework.dataset.db.model.engine.compose.compilation.JoinCompileTest	surefire	unit	unit	none	hermetic	2	true	foggy-dataset-model	none	none
v934|8:surefire|4:unit|4:unit|81:com.foggyframework.dataset.db.model.engine.compose.compilation.PerBaseCompileTest	v934-src|120:foggy-dataset-model/src/test/java/com/foggyframework/dataset/db/model/engine/compose/compilation/PerBaseCompileTest.java	com.foggyframework.dataset.db.model.engine.compose.compilation.PerBaseCompileTest	surefire	unit	unit	none	hermetic	2	true	foggy-dataset-model	none	none
v934|8:surefire|4:unit|4:unit|93:com.foggyframework.dataset.db.model.engine.compose.compilation.PlanAwareCompileExpressionTest	v934-src|132:foggy-dataset-model/src/test/java/com/foggyframework/dataset/db/model/engine/compose/compilation/PlanAwareCompileExpressionTest.java	com.foggyframework.dataset.db.model.engine.compose.compilation.PlanAwareCompileExpressionTest	surefire	unit	unit	none	hermetic	2	true	foggy-dataset-model	none	none
v934|8:surefire|4:unit|4:unit|111:com.foggyframework.dataset.db.model.engine.compose.compilation.PlanAwareCompileExpressionTest$FlagOffIgnoresMap	v934-src|132:foggy-dataset-model/src/test/java/com/foggyframework/dataset/db/model/engine/compose/compilation/PlanAwareCompileExpressionTest.java	com.foggyframework.dataset.db.model.engine.compose.compilation.PlanAwareCompileExpressionTest$FlagOffIgnoresMap	surefire	unit	unit	none	hermetic	2	true	foggy-dataset-model	none	none
v934|8:surefire|4:unit|4:unit|114:com.foggyframework.dataset.db.model.engine.compose.compilation.PlanAwareCompileExpressionTest$FlagOnAliasQualified	v934-src|132:foggy-dataset-model/src/test/java/com/foggyframework/dataset/db/model/engine/compose/compilation/PlanAwareCompileExpressionTest.java	com.foggyframework.dataset.db.model.engine.compose.compilation.PlanAwareCompileExpressionTest$FlagOnAliasQualified	surefire	unit	unit	none	hermetic	2	true	foggy-dataset-model	none	none
v934|8:surefire|4:unit|4:unit|110:com.foggyframework.dataset.db.model.engine.compose.compilation.PlanAwareCompileExpressionTest$LegacyOrEmptyMap	v934-src|132:foggy-dataset-model/src/test/java/com/foggyframework/dataset/db/model/engine/compose/compilation/PlanAwareCompileExpressionTest.java	com.foggyframework.dataset.db.model.engine.compose.compilation.PlanAwareCompileExpressionTest$LegacyOrEmptyMap	surefire	unit	unit	none	hermetic	2	true	foggy-dataset-model	none	none
v934|8:surefire|4:unit|4:unit|84:com.foggyframework.dataset.db.model.engine.compose.compilation.PlanAwareLoweringTest	v934-src|123:foggy-dataset-model/src/test/java/com/foggyframework/dataset/db/model/engine/compose/compilation/PlanAwareLoweringTest.java	com.foggyframework.dataset.db.model.engine.compose.compilation.PlanAwareLoweringTest	surefire	unit	unit	none	hermetic	2	true	foggy-dataset-model	none	none
v934|8:surefire|4:unit|4:unit|75:com.foggyframework.dataset.db.model.engine.compose.compilation.PlanHashTest	v934-src|114:foggy-dataset-model/src/test/java/com/foggyframework/dataset/db/model/engine/compose/compilation/PlanHashTest.java	com.foggyframework.dataset.db.model.engine.compose.compilation.PlanHashTest	surefire	unit	unit	none	hermetic	2	true	foggy-dataset-model	none	none
v934|8:surefire|4:unit|4:unit|92:com.foggyframework.dataset.db.model.engine.compose.compilation.RelationOuterQueryBuilderTest	v934-src|131:foggy-dataset-model/src/test/java/com/foggyframework/dataset/db/model/engine/compose/compilation/RelationOuterQueryBuilderTest.java	com.foggyframework.dataset.db.model.engine.compose.compilation.RelationOuterQueryBuilderTest	surefire	unit	unit	none	hermetic	2	true	foggy-dataset-model	none	none
v934|8:surefire|4:unit|4:unit|79:com.foggyframework.dataset.db.model.engine.compose.compilation.UnionCompileTest	v934-src|118:foggy-dataset-model/src/test/java/com/foggyframework/dataset/db/model/engine/compose/compilation/UnionCompileTest.java	com.foggyframework.dataset.db.model.engine.compose.compilation.UnionCompileTest	surefire	unit	unit	none	hermetic	2	true	foggy-dataset-model	none	none
v934|8:surefire|4:unit|4:unit|82:com.foggyframework.dataset.db.model.engine.compose.context.ComposeQueryContextTest	v934-src|121:foggy-dataset-model/src/test/java/com/foggyframework/dataset/db/model/engine/compose/context/ComposeQueryContextTest.java	com.foggyframework.dataset.db.model.engine.compose.context.ComposeQueryContextTest	surefire	unit	unit	none	hermetic	2	true	foggy-dataset-model	none	none
v934|8:surefire|4:unit|4:unit|72:com.foggyframework.dataset.db.model.engine.compose.context.PrincipalTest	v934-src|111:foggy-dataset-model/src/test/java/com/foggyframework/dataset/db/model/engine/compose/context/PrincipalTest.java	com.foggyframework.dataset.db.model.engine.compose.context.PrincipalTest	surefire	unit	unit	none	hermetic	2	true	foggy-dataset-model	none	none
v934|8:surefire|4:unit|4:unit|90:com.foggyframework.dataset.db.model.engine.compose.normalization.PlanNormalizePipelineTest	v934-src|129:foggy-dataset-model/src/test/java/com/foggyframework/dataset/db/model/engine/compose/normalization/PlanNormalizePipelineTest.java	com.foggyframework.dataset.db.model.engine.compose.normalization.PlanNormalizePipelineTest	surefire	unit	unit	none	hermetic	2	true	foggy-dataset-model	none	none
v934|8:surefire|4:unit|4:unit|73:com.foggyframework.dataset.db.model.engine.compose.plan.BaseModelPlanTest	v934-src|112:foggy-dataset-model/src/test/java/com/foggyframework/dataset/db/model/engine/compose/plan/BaseModelPlanTest.java	com.foggyframework.dataset.db.model.engine.compose.plan.BaseModelPlanTest	surefire	unit	unit	none	hermetic	2	true	foggy-dataset-model	none	none
v934|8:surefire|4:unit|4:unit|86:com.foggyframework.dataset.db.model.engine.compose.plan.BaseModelPlanTest$Construction	v934-src|112:foggy-dataset-model/src/test/java/com/foggyframework/dataset/db/model/engine/compose/plan/BaseModelPlanTest.java	com.foggyframework.dataset.db.model.engine.compose.plan.BaseModelPlanTest$Construction	surefire	unit	unit	none	hermetic	2	true	foggy-dataset-model	none	none
v934|8:surefire|4:unit|4:unit|102:com.foggyframework.dataset.db.model.engine.compose.plan.BaseModelPlanTest$ExecuteAndToSqlWithoutBundle	v934-src|112:foggy-dataset-model/src/test/java/com/foggyframework/dataset/db/model/engine/compose/plan/BaseModelPlanTest.java	com.foggyframework.dataset.db.model.engine.compose.plan.BaseModelPlanTest$ExecuteAndToSqlWithoutBundle	surefire	unit	unit	none	hermetic	2	true	foggy-dataset-model	none	none
v934|8:surefire|4:unit|4:unit|86:com.foggyframework.dataset.db.model.engine.compose.plan.BaseModelPlanTest$Immutability	v934-src|112:foggy-dataset-model/src/test/java/com/foggyframework/dataset/db/model/engine/compose/plan/BaseModelPlanTest.java	com.foggyframework.dataset.db.model.engine.compose.plan.BaseModelPlanTest$Immutability	surefire	unit	unit	none	hermetic	2	true	foggy-dataset-model	none	none
v934|8:surefire|4:unit|4:unit|85:com.foggyframework.dataset.db.model.engine.compose.plan.BaseModelPlanTest$IsQueryPlan	v934-src|112:foggy-dataset-model/src/test/java/com/foggyframework/dataset/db/model/engine/compose/plan/BaseModelPlanTest.java	com.foggyframework.dataset.db.model.engine.compose.plan.BaseModelPlanTest$IsQueryPlan	surefire	unit	unit	none	hermetic	2	true	foggy-dataset-model	none	none
v934|8:surefire|4:unit|4:unit|82:com.foggyframework.dataset.db.model.engine.compose.plan.BaseModelPlanTest$TreeWalk	v934-src|112:foggy-dataset-model/src/test/java/com/foggyframework/dataset/db/model/engine/compose/plan/BaseModelPlanTest.java	com.foggyframework.dataset.db.model.engine.compose.plan.BaseModelPlanTest$TreeWalk	surefire	unit	unit	none	hermetic	2	true	foggy-dataset-model	none	none
v934|8:surefire|4:unit|4:unit|84:com.foggyframework.dataset.db.model.engine.compose.plan.ColumnObjectNormalizerF5Test	v934-src|123:foggy-dataset-model/src/test/java/com/foggyframework/dataset/db/model/engine/compose/plan/ColumnObjectNormalizerF5Test.java	com.foggyframework.dataset.db.model.engine.compose.plan.ColumnObjectNormalizerF5Test	surefire	unit	unit	none	hermetic	2	true	foggy-dataset-model	none	none
v934|8:surefire|4:unit|4:unit|94:com.foggyframework.dataset.db.model.engine.compose.plan.ColumnObjectNormalizerF5Test$HappyPath	v934-src|123:foggy-dataset-model/src/test/java/com/foggyframework/dataset/db/model/engine/compose/plan/ColumnObjectNormalizerF5Test.java	com.foggyframework.dataset.db.model.engine.compose.plan.ColumnObjectNormalizerF5Test$HappyPath	surefire	unit	unit	none	hermetic	2	true	foggy-dataset-model	none	none
v934|8:surefire|4:unit|4:unit|110:com.foggyframework.dataset.db.model.engine.compose.plan.ColumnObjectNormalizerF5Test$LegacyStringPathRejection	v934-src|123:foggy-dataset-model/src/test/java/com/foggyframework/dataset/db/model/engine/compose/plan/ColumnObjectNormalizerF5Test.java	com.foggyframework.dataset.db.model.engine.compose.plan.ColumnObjectNormalizerF5Test$LegacyStringPathRejection	surefire	unit	unit	none	hermetic	2	true	foggy-dataset-model	none	none
v934|8:surefire|4:unit|4:unit|95:com.foggyframework.dataset.db.model.engine.compose.plan.ColumnObjectNormalizerF5Test$Validation	v934-src|123:foggy-dataset-model/src/test/java/com/foggyframework/dataset/db/model/engine/compose/plan/ColumnObjectNormalizerF5Test.java	com.foggyframework.dataset.db.model.engine.compose.plan.ColumnObjectNormalizerF5Test$Validation	surefire	unit	unit	none	hermetic	2	true	foggy-dataset-model	none	none
v934|8:surefire|4:unit|4:unit|78:com.foggyframework.dataset.db.model.engine.compose.plan.ColumnsApiContractTest	v934-src|117:foggy-dataset-model/src/test/java/com/foggyframework/dataset/db/model/engine/compose/plan/ColumnsApiContractTest.java	com.foggyframework.dataset.db.model.engine.compose.plan.ColumnsApiContractTest	surefire	unit	unit	none	hermetic	2	true	foggy-dataset-model	none	none
v934|8:surefire|4:unit|4:unit|76:com.foggyframework.dataset.db.model.engine.compose.plan.DerivedQueryPlanTest	v934-src|115:foggy-dataset-model/src/test/java/com/foggyframework/dataset/db/model/engine/compose/plan/DerivedQueryPlanTest.java	com.foggyframework.dataset.db.model.engine.compose.plan.DerivedQueryPlanTest	surefire	unit	unit	none	hermetic	2	true	foggy-dataset-model	none	none
v934|8:surefire|4:unit|4:unit|92:com.foggyframework.dataset.db.model.engine.compose.plan.DerivedQueryPlanTest$ChainQuerySugar	v934-src|115:foggy-dataset-model/src/test/java/com/foggyframework/dataset/db/model/engine/compose/plan/DerivedQueryPlanTest.java	com.foggyframework.dataset.db.model.engine.compose.plan.DerivedQueryPlanTest$ChainQuerySugar	surefire	unit	unit	none	hermetic	2	true	foggy-dataset-model	none	none
v934|8:surefire|4:unit|4:unit|89:com.foggyframework.dataset.db.model.engine.compose.plan.DerivedQueryPlanTest$Construction	v934-src|115:foggy-dataset-model/src/test/java/com/foggyframework/dataset/db/model/engine/compose/plan/DerivedQueryPlanTest.java	com.foggyframework.dataset.db.model.engine.compose.plan.DerivedQueryPlanTest$Construction	surefire	unit	unit	none	hermetic	2	true	foggy-dataset-model	none	none
v934|8:surefire|4:unit|4:unit|102:com.foggyframework.dataset.db.model.engine.compose.plan.DerivedQueryPlanTest$ExecuteToSqlWithoutBundle	v934-src|115:foggy-dataset-model/src/test/java/com/foggyframework/dataset/db/model/engine/compose/plan/DerivedQueryPlanTest.java	com.foggyframework.dataset.db.model.engine.compose.plan.DerivedQueryPlanTest$ExecuteToSqlWithoutBundle	surefire	unit	unit	none	hermetic	2	true	foggy-dataset-model	none	none
v934|8:surefire|4:unit|4:unit|89:com.foggyframework.dataset.db.model.engine.compose.plan.DerivedQueryPlanTest$Immutability	v934-src|115:foggy-dataset-model/src/test/java/com/foggyframework/dataset/db/model/engine/compose/plan/DerivedQueryPlanTest.java	com.foggyframework.dataset.db.model.engine.compose.plan.DerivedQueryPlanTest$Immutability	surefire	unit	unit	none	hermetic	2	true	foggy-dataset-model	none	none
v934|8:surefire|4:unit|4:unit|87:com.foggyframework.dataset.db.model.engine.compose.plan.DerivedQueryPlanTest$IsInstance	v934-src|115:foggy-dataset-model/src/test/java/com/foggyframework/dataset/db/model/engine/compose/plan/DerivedQueryPlanTest.java	com.foggyframework.dataset.db.model.engine.compose.plan.DerivedQueryPlanTest$IsInstance	surefire	unit	unit	none	hermetic	2	true	foggy-dataset-model	none	none
v934|8:surefire|4:unit|4:unit|85:com.foggyframework.dataset.db.model.engine.compose.plan.DerivedQueryPlanTest$TreeWalk	v934-src|115:foggy-dataset-model/src/test/java/com/foggyframework/dataset/db/model/engine/compose/plan/DerivedQueryPlanTest.java	com.foggyframework.dataset.db.model.engine.compose.plan.DerivedQueryPlanTest$TreeWalk	surefire	unit	unit	none	hermetic	2	true	foggy-dataset-model	none	none
v934|8:surefire|4:unit|4:unit|69:com.foggyframework.dataset.db.model.engine.compose.plan.FluentApiTest	v934-src|108:foggy-dataset-model/src/test/java/com/foggyframework/dataset/db/model/engine/compose/plan/FluentApiTest.java	com.foggyframework.dataset.db.model.engine.compose.plan.FluentApiTest	surefire	unit	unit	none	hermetic	2	true	foggy-dataset-model	none	none
v934|8:surefire|4:unit|4:unit|90:com.foggyframework.dataset.db.model.engine.compose.plan.FluentApiTest$AggregateColumnTests	v934-src|108:foggy-dataset-model/src/test/java/com/foggyframework/dataset/db/model/engine/compose/plan/FluentApiTest.java	com.foggyframework.dataset.db.model.engine.compose.plan.FluentApiTest$AggregateColumnTests	surefire	unit	unit	none	hermetic	2	true	foggy-dataset-model	none	none
v934|8:surefire|4:unit|4:unit|83:com.foggyframework.dataset.db.model.engine.compose.plan.FluentApiTest$EndToEndTests	v934-src|108:foggy-dataset-model/src/test/java/com/foggyframework/dataset/db/model/engine/compose/plan/FluentApiTest.java	com.foggyframework.dataset.db.model.engine.compose.plan.FluentApiTest$EndToEndTests	surefire	unit	unit	none	hermetic	2	true	foggy-dataset-model	none	none
v934|8:surefire|4:unit|4:unit|88:com.foggyframework.dataset.db.model.engine.compose.plan.FluentApiTest$FluentBuilderTests	v934-src|108:foggy-dataset-model/src/test/java/com/foggyframework/dataset/db/model/engine/compose/plan/FluentApiTest.java	com.foggyframework.dataset.db.model.engine.compose.plan.FluentApiTest$FluentBuilderTests	surefire	unit	unit	none	hermetic	2	true	foggy-dataset-model	none	none
v934|8:surefire|4:unit|4:unit|86:com.foggyframework.dataset.db.model.engine.compose.plan.FluentApiTest$JoinBuilderTests	v934-src|108:foggy-dataset-model/src/test/java/com/foggyframework/dataset/db/model/engine/compose/plan/FluentApiTest.java	com.foggyframework.dataset.db.model.engine.compose.plan.FluentApiTest$JoinBuilderTests	surefire	unit	unit	none	hermetic	2	true	foggy-dataset-model	none	none
v934|8:surefire|4:unit|4:unit|88:com.foggyframework.dataset.db.model.engine.compose.plan.FluentApiTest$PlanColumnRefTests	v934-src|108:foggy-dataset-model/src/test/java/com/foggyframework/dataset/db/model/engine/compose/plan/FluentApiTest.java	com.foggyframework.dataset.db.model.engine.compose.plan.FluentApiTest$PlanColumnRefTests	surefire	unit	unit	none	hermetic	2	true	foggy-dataset-model	none	none
v934|8:surefire|4:unit|4:unit|89:com.foggyframework.dataset.db.model.engine.compose.plan.FluentApiTest$PropertyHolderTests	v934-src|108:foggy-dataset-model/src/test/java/com/foggyframework/dataset/db/model/engine/compose/plan/FluentApiTest.java	com.foggyframework.dataset.db.model.engine.compose.plan.FluentApiTest$PropertyHolderTests	surefire	unit	unit	none	hermetic	2	true	foggy-dataset-model	none	none
v934|8:surefire|4:unit|4:unit|87:com.foggyframework.dataset.db.model.engine.compose.plan.FluentApiTest$QueryFactoryTests	v934-src|108:foggy-dataset-model/src/test/java/com/foggyframework/dataset/db/model/engine/compose/plan/FluentApiTest.java	com.foggyframework.dataset.db.model.engine.compose.plan.FluentApiTest$QueryFactoryTests	surefire	unit	unit	none	hermetic	2	true	foggy-dataset-model	none	none
v934|8:surefire|4:unit|4:unit|89:com.foggyframework.dataset.db.model.engine.compose.plan.FluentApiTest$WindowFunctionTests	v934-src|108:foggy-dataset-model/src/test/java/com/foggyframework/dataset/db/model/engine/compose/plan/FluentApiTest.java	com.foggyframework.dataset.db.model.engine.compose.plan.FluentApiTest$WindowFunctionTests	surefire	unit	unit	none	hermetic	2	true	foggy-dataset-model	none	none
v934|8:surefire|4:unit|4:unit|69:com.foggyframework.dataset.db.model.engine.compose.plan.FromEntryTest	v934-src|108:foggy-dataset-model/src/test/java/com/foggyframework/dataset/db/model/engine/compose/plan/FromEntryTest.java	com.foggyframework.dataset.db.model.engine.compose.plan.FromEntryTest	surefire	unit	unit	none	hermetic	2	true	foggy-dataset-model	none	none
v934|8:surefire|4:unit|4:unit|87:com.foggyframework.dataset.db.model.engine.compose.plan.FromEntryTest$KernelEquivalence	v934-src|108:foggy-dataset-model/src/test/java/com/foggyframework/dataset/db/model/engine/compose/plan/FromEntryTest.java	com.foggyframework.dataset.db.model.engine.compose.plan.FromEntryTest$KernelEquivalence	surefire	unit	unit	none	hermetic	2	true	foggy-dataset-model	none	none
v934|8:surefire|4:unit|4:unit|96:com.foggyframework.dataset.db.model.engine.compose.plan.FromEntryTest$ModelSourceMutualExclusion	v934-src|108:foggy-dataset-model/src/test/java/com/foggyframework/dataset/db/model/engine/compose/plan/FromEntryTest.java	com.foggyframework.dataset.db.model.engine.compose.plan.FromEntryTest$ModelSourceMutualExclusion	surefire	unit	unit	none	hermetic	2	true	foggy-dataset-model	none	none
v934|8:surefire|4:unit|4:unit|95:com.foggyframework.dataset.db.model.engine.compose.plan.FromEntryTest$OptionalFieldsPropagation	v934-src|108:foggy-dataset-model/src/test/java/com/foggyframework/dataset/db/model/engine/compose/plan/FromEntryTest.java	com.foggyframework.dataset.db.model.engine.compose.plan.FromEntryTest$OptionalFieldsPropagation	surefire	unit	unit	none	hermetic	2	true	foggy-dataset-model	none	none
v934|8:surefire|4:unit|4:unit|85:com.foggyframework.dataset.db.model.engine.compose.plan.FromEntryTest$ShapeValidation	v934-src|108:foggy-dataset-model/src/test/java/com/foggyframework/dataset/db/model/engine/compose/plan/FromEntryTest.java	com.foggyframework.dataset.db.model.engine.compose.plan.FromEntryTest$ShapeValidation	surefire	unit	unit	none	hermetic	2	true	foggy-dataset-model	none	none
v934|8:surefire|4:unit|4:unit|68:com.foggyframework.dataset.db.model.engine.compose.plan.JoinPlanTest	v934-src|107:foggy-dataset-model/src/test/java/com/foggyframework/dataset/db/model/engine/compose/plan/JoinPlanTest.java	com.foggyframework.dataset.db.model.engine.compose.plan.JoinPlanTest	surefire	unit	unit	none	hermetic	2	true	foggy-dataset-model	none	none
v934|8:surefire|4:unit|4:unit|74:com.foggyframework.dataset.db.model.engine.compose.plan.JoinPlanTest$Chain	v934-src|107:foggy-dataset-model/src/test/java/com/foggyframework/dataset/db/model/engine/compose/plan/JoinPlanTest.java	com.foggyframework.dataset.db.model.engine.compose.plan.JoinPlanTest$Chain	surefire	unit	unit	none	hermetic	2	true	foggy-dataset-model	none	none
v934|8:surefire|4:unit|4:unit|81:com.foggyframework.dataset.db.model.engine.compose.plan.JoinPlanTest$Construction	v934-src|107:foggy-dataset-model/src/test/java/com/foggyframework/dataset/db/model/engine/compose/plan/JoinPlanTest.java	com.foggyframework.dataset.db.model.engine.compose.plan.JoinPlanTest$Construction	surefire	unit	unit	none	hermetic	2	true	foggy-dataset-model	none	none
v934|8:surefire|4:unit|4:unit|79:com.foggyframework.dataset.db.model.engine.compose.plan.JoinPlanTest$IsInstance	v934-src|107:foggy-dataset-model/src/test/java/com/foggyframework/dataset/db/model/engine/compose/plan/JoinPlanTest.java	com.foggyframework.dataset.db.model.engine.compose.plan.JoinPlanTest$IsInstance	surefire	unit	unit	none	hermetic	2	true	foggy-dataset-model	none	none
v934|8:surefire|4:unit|4:unit|80:com.foggyframework.dataset.db.model.engine.compose.plan.JoinPlanTest$JoinOnTests	v934-src|107:foggy-dataset-model/src/test/java/com/foggyframework/dataset/db/model/engine/compose/plan/JoinPlanTest.java	com.foggyframework.dataset.db.model.engine.compose.plan.JoinPlanTest$JoinOnTests	surefire	unit	unit	none	hermetic	2	true	foggy-dataset-model	none	none
v934|8:surefire|4:unit|4:unit|77:com.foggyframework.dataset.db.model.engine.compose.plan.JoinPlanTest$TreeWalk	v934-src|107:foggy-dataset-model/src/test/java/com/foggyframework/dataset/db/model/engine/compose/plan/JoinPlanTest.java	com.foggyframework.dataset.db.model.engine.compose.plan.JoinPlanTest$TreeWalk	surefire	unit	unit	none	hermetic	2	true	foggy-dataset-model	none	none
v934|8:surefire|4:unit|4:unit|75:com.foggyframework.dataset.db.model.engine.compose.plan.PlanCompositionTest	v934-src|114:foggy-dataset-model/src/test/java/com/foggyframework/dataset/db/model/engine/compose/plan/PlanCompositionTest.java	com.foggyframework.dataset.db.model.engine.compose.plan.PlanCompositionTest	surefire	unit	unit	none	hermetic	2	true	foggy-dataset-model	none	none
v934|8:surefire|4:unit|4:unit|98:com.foggyframework.dataset.db.model.engine.compose.plan.PlanCompositionTest$BaseModelPlansPreorder	v934-src|114:foggy-dataset-model/src/test/java/com/foggyframework/dataset/db/model/engine/compose/plan/PlanCompositionTest.java	com.foggyframework.dataset.db.model.engine.compose.plan.PlanCompositionTest$BaseModelPlansPreorder	surefire	unit	unit	none	hermetic	2	true	foggy-dataset-model	none	none
v934|8:surefire|4:unit|4:unit|91:com.foggyframework.dataset.db.model.engine.compose.plan.PlanCompositionTest$LayerCWhitelist	v934-src|114:foggy-dataset-model/src/test/java/com/foggyframework/dataset/db/model/engine/compose/plan/PlanCompositionTest.java	com.foggyframework.dataset.db.model.engine.compose.plan.PlanCompositionTest$LayerCWhitelist	surefire	unit	unit	none	hermetic	2	true	foggy-dataset-model	none	none
v934|8:surefire|4:unit|4:unit|96:com.foggyframework.dataset.db.model.engine.compose.plan.PlanCompositionTest$MultiLevelDerivation	v934-src|114:foggy-dataset-model/src/test/java/com/foggyframework/dataset/db/model/engine/compose/plan/PlanCompositionTest.java	com.foggyframework.dataset.db.model.engine.compose.plan.PlanCompositionTest$MultiLevelDerivation	surefire	unit	unit	none	hermetic	2	true	foggy-dataset-model	none	none
v934|8:surefire|4:unit|4:unit|107:com.foggyframework.dataset.db.model.engine.compose.plan.PlanCompositionTest$SpecExample1TwoStageAggregation	v934-src|114:foggy-dataset-model/src/test/java/com/foggyframework/dataset/db/model/engine/compose/plan/PlanCompositionTest.java	com.foggyframework.dataset.db.model.engine.compose.plan.PlanCompositionTest$SpecExample1TwoStageAggregation	surefire	unit	unit	none	hermetic	2	true	foggy-dataset-model	none	none
v934|8:surefire|4:unit|4:unit|106:com.foggyframework.dataset.db.model.engine.compose.plan.PlanCompositionTest$SpecExample2UnionThenAggregate	v934-src|114:foggy-dataset-model/src/test/java/com/foggyframework/dataset/db/model/engine/compose/plan/PlanCompositionTest.java	com.foggyframework.dataset.db.model.engine.compose.plan.PlanCompositionTest$SpecExample2UnionThenAggregate	surefire	unit	unit	none	hermetic	2	true	foggy-dataset-model	none	none
v934|8:surefire|4:unit|4:unit|102:com.foggyframework.dataset.db.model.engine.compose.plan.PlanCompositionTest$SpecExample3JoinThenFilter	v934-src|114:foggy-dataset-model/src/test/java/com/foggyframework/dataset/db/model/engine/compose/plan/PlanCompositionTest.java	com.foggyframework.dataset.db.model.engine.compose.plan.PlanCompositionTest$SpecExample3JoinThenFilter	surefire	unit	unit	none	hermetic	2	true	foggy-dataset-model	none	none
v934|8:surefire|4:unit|4:unit|66:com.foggyframework.dataset.db.model.engine.compose.plan.PlanIdTest	v934-src|105:foggy-dataset-model/src/test/java/com/foggyframework/dataset/db/model/engine/compose/plan/PlanIdTest.java	com.foggyframework.dataset.db.model.engine.compose.plan.PlanIdTest	surefire	unit	unit	none	hermetic	2	true	foggy-dataset-model	none	none
v934|8:surefire|4:unit|4:unit|75:com.foggyframework.dataset.db.model.engine.compose.plan.PlanIdTest$Equality	v934-src|105:foggy-dataset-model/src/test/java/com/foggyframework/dataset/db/model/engine/compose/plan/PlanIdTest.java	com.foggyframework.dataset.db.model.engine.compose.plan.PlanIdTest$Equality	surefire	unit	unit	none	hermetic	2	true	foggy-dataset-model	none	none
v934|8:surefire|4:unit|4:unit|77:com.foggyframework.dataset.db.model.engine.compose.plan.PlanIdTest$GcBehavior	v934-src|105:foggy-dataset-model/src/test/java/com/foggyframework/dataset/db/model/engine/compose/plan/PlanIdTest.java	com.foggyframework.dataset.db.model.engine.compose.plan.PlanIdTest$GcBehavior	surefire	unit	unit	none	hermetic	2	true	foggy-dataset-model	none	none
v934|8:surefire|4:unit|4:unit|79:com.foggyframework.dataset.db.model.engine.compose.plan.PlanIdTest$HashContract	v934-src|105:foggy-dataset-model/src/test/java/com/foggyframework/dataset/db/model/engine/compose/plan/PlanIdTest.java	com.foggyframework.dataset.db.model.engine.compose.plan.PlanIdTest$HashContract	surefire	unit	unit	none	hermetic	2	true	foggy-dataset-model	none	none
v934|8:surefire|4:unit|4:unit|88:com.foggyframework.dataset.db.model.engine.compose.plan.PlanIdTest$TransientSemanticsDoc	v934-src|105:foggy-dataset-model/src/test/java/com/foggyframework/dataset/db/model/engine/compose/plan/PlanIdTest.java	com.foggyframework.dataset.db.model.engine.compose.plan.PlanIdTest$TransientSemanticsDoc	surefire	unit	unit	none	hermetic	2	true	foggy-dataset-model	none	none
v934|8:surefire|4:unit|4:unit|79:com.foggyframework.dataset.db.model.engine.compose.plan.QueryPlanVisibilityTest	v934-src|118:foggy-dataset-model/src/test/java/com/foggyframework/dataset/db/model/engine/compose/plan/QueryPlanVisibilityTest.java	com.foggyframework.dataset.db.model.engine.compose.plan.QueryPlanVisibilityTest	surefire	unit	unit	none	hermetic	2	true	foggy-dataset-model	none	none
v934|8:surefire|4:unit|4:unit|99:com.foggyframework.dataset.db.model.engine.compose.plan.QueryPlanVisibilityTest$BaseVisibilityCheck	v934-src|118:foggy-dataset-model/src/test/java/com/foggyframework/dataset/db/model/engine/compose/plan/QueryPlanVisibilityTest.java	com.foggyframework.dataset.db.model.engine.compose.plan.QueryPlanVisibilityTest$BaseVisibilityCheck	surefire	unit	unit	none	hermetic	2	true	foggy-dataset-model	none	none
v934|8:surefire|4:unit|4:unit|94:com.foggyframework.dataset.db.model.engine.compose.plan.QueryPlanVisibilityTest$CollectVisible	v934-src|118:foggy-dataset-model/src/test/java/com/foggyframework/dataset/db/model/engine/compose/plan/QueryPlanVisibilityTest.java	com.foggyframework.dataset.db.model.engine.compose.plan.QueryPlanVisibilityTest$CollectVisible	surefire	unit	unit	none	hermetic	2	true	foggy-dataset-model	none	none
v934|8:surefire|4:unit|4:unit|102:com.foggyframework.dataset.db.model.engine.compose.plan.QueryPlanVisibilityTest$DerivedVisibilityCheck	v934-src|118:foggy-dataset-model/src/test/java/com/foggyframework/dataset/db/model/engine/compose/plan/QueryPlanVisibilityTest.java	com.foggyframework.dataset.db.model.engine.compose.plan.QueryPlanVisibilityTest$DerivedVisibilityCheck	surefire	unit	unit	none	hermetic	2	true	foggy-dataset-model	none	none
v934|8:surefire|4:unit|4:unit|78:com.foggyframework.dataset.db.model.engine.compose.plan.RelativeDateParserTest	v934-src|117:foggy-dataset-model/src/test/java/com/foggyframework/dataset/db/model/engine/compose/plan/RelativeDateParserTest.java	com.foggyframework.dataset.db.model.engine.compose.plan.RelativeDateParserTest	surefire	unit	unit	none	hermetic	2	true	foggy-dataset-model	none	none
v934|8:surefire|4:unit|4:unit|86:com.foggyframework.dataset.db.model.engine.compose.plan.RelativeDateParserTest$IsValid	v934-src|117:foggy-dataset-model/src/test/java/com/foggyframework/dataset/db/model/engine/compose/plan/RelativeDateParserTest.java	com.foggyframework.dataset.db.model.engine.compose.plan.RelativeDateParserTest$IsValid	surefire	unit	unit	none	hermetic	2	true	foggy-dataset-model	none	none
v934|8:surefire|4:unit|4:unit|92:com.foggyframework.dataset.db.model.engine.compose.plan.RelativeDateParserTest$ParseAbsolute	v934-src|117:foggy-dataset-model/src/test/java/com/foggyframework/dataset/db/model/engine/compose/plan/RelativeDateParserTest.java	com.foggyframework.dataset.db.model.engine.compose.plan.RelativeDateParserTest$ParseAbsolute	surefire	unit	unit	none	hermetic	2	true	foggy-dataset-model	none	none
v934|8:surefire|4:unit|4:unit|90:com.foggyframework.dataset.db.model.engine.compose.plan.RelativeDateParserTest$ParseErrors	v934-src|117:foggy-dataset-model/src/test/java/com/foggyframework/dataset/db/model/engine/compose/plan/RelativeDateParserTest.java	com.foggyframework.dataset.db.model.engine.compose.plan.RelativeDateParserTest$ParseErrors	surefire	unit	unit	none	hermetic	2	true	foggy-dataset-model	none	none
v934|8:surefire|4:unit|4:unit|87:com.foggyframework.dataset.db.model.engine.compose.plan.RelativeDateParserTest$ParseNow	v934-src|117:foggy-dataset-model/src/test/java/com/foggyframework/dataset/db/model/engine/compose/plan/RelativeDateParserTest.java	com.foggyframework.dataset.db.model.engine.compose.plan.RelativeDateParserTest$ParseNow	surefire	unit	unit	none	hermetic	2	true	foggy-dataset-model	none	none
v934|8:surefire|4:unit|4:unit|92:com.foggyframework.dataset.db.model.engine.compose.plan.RelativeDateParserTest$ParseRelative	v934-src|117:foggy-dataset-model/src/test/java/com/foggyframework/dataset/db/model/engine/compose/plan/RelativeDateParserTest.java	com.foggyframework.dataset.db.model.engine.compose.plan.RelativeDateParserTest$ParseRelative	surefire	unit	unit	none	hermetic	2	true	foggy-dataset-model	none	none
v934|8:surefire|4:unit|4:unit|80:com.foggyframework.dataset.db.model.engine.compose.plan.SliceValueValidationTest	v934-src|119:foggy-dataset-model/src/test/java/com/foggyframework/dataset/db/model/engine/compose/plan/SliceValueValidationTest.java	com.foggyframework.dataset.db.model.engine.compose.plan.SliceValueValidationTest	surefire	unit	unit	none	hermetic	2	true	foggy-dataset-model	none	none
v934|8:surefire|4:unit|4:unit|73:com.foggyframework.dataset.db.model.engine.compose.plan.TimeWindowDefTest	v934-src|112:foggy-dataset-model/src/test/java/com/foggyframework/dataset/db/model/engine/compose/plan/TimeWindowDefTest.java	com.foggyframework.dataset.db.model.engine.compose.plan.TimeWindowDefTest	surefire	unit	unit	none	hermetic	2	true	foggy-dataset-model	none	none
v934|8:surefire|4:unit|4:unit|88:com.foggyframework.dataset.db.model.engine.compose.plan.TimeWindowDefTest$Classification	v934-src|112:foggy-dataset-model/src/test/java/com/foggyframework/dataset/db/model/engine/compose/plan/TimeWindowDefTest.java	com.foggyframework.dataset.db.model.engine.compose.plan.TimeWindowDefTest$Classification	surefire	unit	unit	none	hermetic	2	true	foggy-dataset-model	none	none
v934|8:surefire|4:unit|4:unit|95:com.foggyframework.dataset.db.model.engine.compose.plan.TimeWindowDefTest$ConstructorValidation	v934-src|112:foggy-dataset-model/src/test/java/com/foggyframework/dataset/db/model/engine/compose/plan/TimeWindowDefTest.java	com.foggyframework.dataset.db.model.engine.compose.plan.TimeWindowDefTest$ConstructorValidation	surefire	unit	unit	none	hermetic	2	true	foggy-dataset-model	none	none
v934|8:surefire|4:unit|4:unit|81:com.foggyframework.dataset.db.model.engine.compose.plan.TimeWindowDefTest$FromMap	v934-src|112:foggy-dataset-model/src/test/java/com/foggyframework/dataset/db/model/engine/compose/plan/TimeWindowDefTest.java	com.foggyframework.dataset.db.model.engine.compose.plan.TimeWindowDefTest$FromMap	surefire	unit	unit	none	hermetic	2	true	foggy-dataset-model	none	none
v934|8:surefire|4:unit|4:unit|91:com.foggyframework.dataset.db.model.engine.compose.plan.TimeWindowDefTest$RollingWindowSize	v934-src|112:foggy-dataset-model/src/test/java/com/foggyframework/dataset/db/model/engine/compose/plan/TimeWindowDefTest.java	com.foggyframework.dataset.db.model.engine.compose.plan.TimeWindowDefTest$RollingWindowSize	surefire	unit	unit	none	hermetic	2	true	foggy-dataset-model	none	none
v934|8:surefire|4:unit|4:unit|78:com.foggyframework.dataset.db.model.engine.compose.plan.TimeWindowExpanderTest	v934-src|117:foggy-dataset-model/src/test/java/com/foggyframework/dataset/db/model/engine/compose/plan/TimeWindowExpanderTest.java	com.foggyframework.dataset.db.model.engine.compose.plan.TimeWindowExpanderTest	surefire	unit	unit	none	hermetic	2	true	foggy-dataset-model	none	none
v934|8:surefire|4:unit|4:unit|99:com.foggyframework.dataset.db.model.engine.compose.plan.TimeWindowExpanderTest$ComparativeExpansion	v934-src|117:foggy-dataset-model/src/test/java/com/foggyframework/dataset/db/model/engine/compose/plan/TimeWindowExpanderTest.java	com.foggyframework.dataset.db.model.engine.compose.plan.TimeWindowExpanderTest$ComparativeExpansion	surefire	unit	unit	none	hermetic	2	true	foggy-dataset-model	none	none
v934|8:surefire|4:unit|4:unit|98:com.foggyframework.dataset.db.model.engine.compose.plan.TimeWindowExpanderTest$CumulativeExpansion	v934-src|117:foggy-dataset-model/src/test/java/com/foggyframework/dataset/db/model/engine/compose/plan/TimeWindowExpanderTest.java	com.foggyframework.dataset.db.model.engine.compose.plan.TimeWindowExpanderTest$CumulativeExpansion	surefire	unit	unit	none	hermetic	2	true	foggy-dataset-model	none	none
v934|8:surefire|4:unit|4:unit|95:com.foggyframework.dataset.db.model.engine.compose.plan.TimeWindowExpanderTest$RollingExpansion	v934-src|117:foggy-dataset-model/src/test/java/com/foggyframework/dataset/db/model/engine/compose/plan/TimeWindowExpanderTest.java	com.foggyframework.dataset.db.model.engine.compose.plan.TimeWindowExpanderTest$RollingExpansion	surefire	unit	unit	none	hermetic	2	true	foggy-dataset-model	none	none
v934|8:surefire|4:unit|4:unit|82:com.foggyframework.dataset.db.model.engine.compose.plan.TimeWindowOutputSchemaTest	v934-src|121:foggy-dataset-model/src/test/java/com/foggyframework/dataset/db/model/engine/compose/plan/TimeWindowOutputSchemaTest.java	com.foggyframework.dataset.db.model.engine.compose.plan.TimeWindowOutputSchemaTest	surefire	unit	unit	none	hermetic	2	true	foggy-dataset-model	none	none
v934|8:surefire|4:unit|4:unit|79:com.foggyframework.dataset.db.model.engine.compose.plan.TimeWindowValidatorTest	v934-src|118:foggy-dataset-model/src/test/java/com/foggyframework/dataset/db/model/engine/compose/plan/TimeWindowValidatorTest.java	com.foggyframework.dataset.db.model.engine.compose.plan.TimeWindowValidatorTest	surefire	unit	unit	none	hermetic	2	true	foggy-dataset-model	none	none
v934|8:surefire|4:unit|4:unit|106:com.foggyframework.dataset.db.model.engine.compose.plan.TimeWindowValidatorTest$CalculatedFieldInteraction	v934-src|118:foggy-dataset-model/src/test/java/com/foggyframework/dataset/db/model/engine/compose/plan/TimeWindowValidatorTest.java	com.foggyframework.dataset.db.model.engine.compose.plan.TimeWindowValidatorTest$CalculatedFieldInteraction	surefire	unit	unit	none	hermetic	2	true	foggy-dataset-model	none	none
v934|8:surefire|4:unit|4:unit|90:com.foggyframework.dataset.db.model.engine.compose.plan.TimeWindowValidatorTest$ErrorCodes	v934-src|118:foggy-dataset-model/src/test/java/com/foggyframework/dataset/db/model/engine/compose/plan/TimeWindowValidatorTest.java	com.foggyframework.dataset.db.model.engine.compose.plan.TimeWindowValidatorTest$ErrorCodes	surefire	unit	unit	none	hermetic	2	true	foggy-dataset-model	none	none
v934|8:surefire|4:unit|4:unit|90:com.foggyframework.dataset.db.model.engine.compose.plan.TimeWindowValidatorTest$HappyPaths	v934-src|118:foggy-dataset-model/src/test/java/com/foggyframework/dataset/db/model/engine/compose/plan/TimeWindowValidatorTest.java	com.foggyframework.dataset.db.model.engine.compose.plan.TimeWindowValidatorTest$HappyPaths	surefire	unit	unit	none	hermetic	2	true	foggy-dataset-model	none	none
v934|8:surefire|4:unit|4:unit|69:com.foggyframework.dataset.db.model.engine.compose.plan.UnionPlanTest	v934-src|108:foggy-dataset-model/src/test/java/com/foggyframework/dataset/db/model/engine/compose/plan/UnionPlanTest.java	com.foggyframework.dataset.db.model.engine.compose.plan.UnionPlanTest	surefire	unit	unit	none	hermetic	2	true	foggy-dataset-model	none	none
v934|8:surefire|4:unit|4:unit|75:com.foggyframework.dataset.db.model.engine.compose.plan.UnionPlanTest$Chain	v934-src|108:foggy-dataset-model/src/test/java/com/foggyframework/dataset/db/model/engine/compose/plan/UnionPlanTest.java	com.foggyframework.dataset.db.model.engine.compose.plan.UnionPlanTest$Chain	surefire	unit	unit	none	hermetic	2	true	foggy-dataset-model	none	none
v934|8:surefire|4:unit|4:unit|82:com.foggyframework.dataset.db.model.engine.compose.plan.UnionPlanTest$Construction	v934-src|108:foggy-dataset-model/src/test/java/com/foggyframework/dataset/db/model/engine/compose/plan/UnionPlanTest.java	com.foggyframework.dataset.db.model.engine.compose.plan.UnionPlanTest$Construction	surefire	unit	unit	none	hermetic	2	true	foggy-dataset-model	none	none
v934|8:surefire|4:unit|4:unit|78:com.foggyframework.dataset.db.model.engine.compose.plan.UnionPlanTest$Equality	v934-src|108:foggy-dataset-model/src/test/java/com/foggyframework/dataset/db/model/engine/compose/plan/UnionPlanTest.java	com.foggyframework.dataset.db.model.engine.compose.plan.UnionPlanTest$Equality	surefire	unit	unit	none	hermetic	2	true	foggy-dataset-model	none	none
v934|8:surefire|4:unit|4:unit|80:com.foggyframework.dataset.db.model.engine.compose.plan.UnionPlanTest$IsInstance	v934-src|108:foggy-dataset-model/src/test/java/com/foggyframework/dataset/db/model/engine/compose/plan/UnionPlanTest.java	com.foggyframework.dataset.db.model.engine.compose.plan.UnionPlanTest$IsInstance	surefire	unit	unit	none	hermetic	2	true	foggy-dataset-model	none	none
v934|8:surefire|4:unit|4:unit|78:com.foggyframework.dataset.db.model.engine.compose.plan.UnionPlanTest$TreeWalk	v934-src|108:foggy-dataset-model/src/test/java/com/foggyframework/dataset/db/model/engine/compose/plan/UnionPlanTest.java	com.foggyframework.dataset.db.model.engine.compose.plan.UnionPlanTest$TreeWalk	surefire	unit	unit	none	hermetic	2	true	foggy-dataset-model	none	none
v934|8:surefire|4:unit|4:unit|77:com.foggyframework.dataset.db.model.engine.compose.relation.RelationModelTest	v934-src|116:foggy-dataset-model/src/test/java/com/foggyframework/dataset/db/model/engine/compose/relation/RelationModelTest.java	com.foggyframework.dataset.db.model.engine.compose.relation.RelationModelTest	surefire	unit	unit	none	hermetic	2	true	foggy-dataset-model	none	none
v934|8:surefire|4:unit|4:unit|75:com.foggyframework.dataset.db.model.engine.compose.runtime.ComposePauseTest	v934-src|114:foggy-dataset-model/src/test/java/com/foggyframework/dataset/db/model/engine/compose/runtime/ComposePauseTest.java	com.foggyframework.dataset.db.model.engine.compose.runtime.ComposePauseTest	surefire	unit	unit	none	hermetic	2	true	foggy-dataset-model	none	none
v934|8:surefire|4:unit|4:unit|83:com.foggyframework.dataset.db.model.engine.compose.runtime.ComposeRealSqlParityTest	v934-src|122:foggy-dataset-model/src/test/java/com/foggyframework/dataset/db/model/engine/compose/runtime/ComposeRealSqlParityTest.java	com.foggyframework.dataset.db.model.engine.compose.runtime.ComposeRealSqlParityTest	surefire	unit	unit	none	hermetic	2	true	foggy-dataset-model	none	none
v934|8:surefire|4:unit|4:unit|83:com.foggyframework.dataset.db.model.engine.compose.runtime.ComposeRuntimeHolderTest	v934-src|122:foggy-dataset-model/src/test/java/com/foggyframework/dataset/db/model/engine/compose/runtime/ComposeRuntimeHolderTest.java	com.foggyframework.dataset.db.model.engine.compose.runtime.ComposeRuntimeHolderTest	surefire	unit	unit	none	hermetic	2	true	foggy-dataset-model	none	none
v934|8:surefire|4:unit|4:unit|83:com.foggyframework.dataset.db.model.engine.compose.runtime.ComposeScriptServiceTest	v934-src|122:foggy-dataset-model/src/test/java/com/foggyframework/dataset/db/model/engine/compose/runtime/ComposeScriptServiceTest.java	com.foggyframework.dataset.db.model.engine.compose.runtime.ComposeScriptServiceTest	surefire	unit	unit	none	hermetic	2	true	foggy-dataset-model	none	none
v934|8:surefire|4:unit|4:unit|88:com.foggyframework.dataset.db.model.engine.compose.runtime.JavaComposeScriptSnapshotTest	v934-src|127:foggy-dataset-model/src/test/java/com/foggyframework/dataset/db/model/engine/compose/runtime/JavaComposeScriptSnapshotTest.java	com.foggyframework.dataset.db.model.engine.compose.runtime.JavaComposeScriptSnapshotTest	surefire	unit	unit	none	hermetic	2	true	foggy-dataset-model	none	none
v934|8:surefire|4:unit|4:unit|76:com.foggyframework.dataset.db.model.engine.compose.runtime.PlanExecutionTest	v934-src|115:foggy-dataset-model/src/test/java/com/foggyframework/dataset/db/model/engine/compose/runtime/PlanExecutionTest.java	com.foggyframework.dataset.db.model.engine.compose.runtime.PlanExecutionTest	surefire	unit	unit	none	hermetic	2	true	foggy-dataset-model	none	none
v934|8:surefire|4:unit|4:unit|90:com.foggyframework.dataset.db.model.engine.compose.runtime.ScriptResourceRealSqlParityTest	v934-src|129:foggy-dataset-model/src/test/java/com/foggyframework/dataset/db/model/engine/compose/runtime/ScriptResourceRealSqlParityTest.java	com.foggyframework.dataset.db.model.engine.compose.runtime.ScriptResourceRealSqlParityTest	surefire	unit	unit	none	hermetic	2	true	foggy-dataset-model	none	none
v934|8:surefire|4:unit|4:unit|77:com.foggyframework.dataset.db.model.engine.compose.runtime.ScriptRunStateTest	v934-src|116:foggy-dataset-model/src/test/java/com/foggyframework/dataset/db/model/engine/compose/runtime/ScriptRunStateTest.java	com.foggyframework.dataset.db.model.engine.compose.runtime.ScriptRunStateTest	surefire	unit	unit	none	hermetic	2	true	foggy-dataset-model	none	none
v934|8:surefire|4:unit|4:unit|76:com.foggyframework.dataset.db.model.engine.compose.runtime.ScriptRuntimeTest	v934-src|115:foggy-dataset-model/src/test/java/com/foggyframework/dataset/db/model/engine/compose/runtime/ScriptRuntimeTest.java	com.foggyframework.dataset.db.model.engine.compose.runtime.ScriptRuntimeTest	surefire	unit	unit	none	hermetic	2	true	foggy-dataset-model	none	none
v934|8:surefire|4:unit|4:unit|86:com.foggyframework.dataset.db.model.engine.compose.runtime.ScriptSuspendErrorCodesTest	v934-src|125:foggy-dataset-model/src/test/java/com/foggyframework/dataset/db/model/engine/compose/runtime/ScriptSuspendErrorCodesTest.java	com.foggyframework.dataset.db.model.engine.compose.runtime.ScriptSuspendErrorCodesTest	surefire	unit	unit	none	hermetic	2	true	foggy-dataset-model	none	none
v934|8:surefire|4:unit|4:unit|80:com.foggyframework.dataset.db.model.engine.compose.runtime.SuspensionManagerTest	v934-src|119:foggy-dataset-model/src/test/java/com/foggyframework/dataset/db/model/engine/compose/runtime/SuspensionManagerTest.java	com.foggyframework.dataset.db.model.engine.compose.runtime.SuspensionManagerTest	surefire	unit	unit	none	hermetic	2	true	foggy-dataset-model	none	none
v934|8:surefire|4:unit|4:unit|87:com.foggyframework.dataset.db.model.engine.compose.sandbox.ComposeSandboxErrorCodesTest	v934-src|126:foggy-dataset-model/src/test/java/com/foggyframework/dataset/db/model/engine/compose/sandbox/ComposeSandboxErrorCodesTest.java	com.foggyframework.dataset.db.model.engine.compose.sandbox.ComposeSandboxErrorCodesTest	surefire	unit	unit	none	hermetic	2	true	foggy-dataset-model	none	none
v934|8:surefire|4:unit|4:unit|95:com.foggyframework.dataset.db.model.engine.compose.sandbox.ComposeSandboxViolationExceptionTest	v934-src|134:foggy-dataset-model/src/test/java/com/foggyframework/dataset/db/model/engine/compose/sandbox/ComposeSandboxViolationExceptionTest.java	com.foggyframework.dataset.db.model.engine.compose.sandbox.ComposeSandboxViolationExceptionTest	surefire	unit	unit	none	hermetic	2	true	foggy-dataset-model	none	none
v934|8:surefire|4:unit|4:unit|76:com.foggyframework.dataset.db.model.engine.compose.sandbox.SandboxLayerATest	v934-src|115:foggy-dataset-model/src/test/java/com/foggyframework/dataset/db/model/engine/compose/sandbox/SandboxLayerATest.java	com.foggyframework.dataset.db.model.engine.compose.sandbox.SandboxLayerATest	surefire	unit	unit	none	hermetic	2	true	foggy-dataset-model	none	none
v934|8:surefire|4:unit|4:unit|76:com.foggyframework.dataset.db.model.engine.compose.sandbox.SandboxLayerBTest	v934-src|115:foggy-dataset-model/src/test/java/com/foggyframework/dataset/db/model/engine/compose/sandbox/SandboxLayerBTest.java	com.foggyframework.dataset.db.model.engine.compose.sandbox.SandboxLayerBTest	surefire	unit	unit	none	hermetic	2	true	foggy-dataset-model	none	none
v934|8:surefire|4:unit|4:unit|76:com.foggyframework.dataset.db.model.engine.compose.sandbox.SandboxLayerCTest	v934-src|115:foggy-dataset-model/src/test/java/com/foggyframework/dataset/db/model/engine/compose/sandbox/SandboxLayerCTest.java	com.foggyframework.dataset.db.model.engine.compose.sandbox.SandboxLayerCTest	surefire	unit	unit	none	hermetic	2	true	foggy-dataset-model	none	none
v934|8:surefire|4:unit|4:unit|76:com.foggyframework.dataset.db.model.engine.compose.schema.AliasExtractorTest	v934-src|115:foggy-dataset-model/src/test/java/com/foggyframework/dataset/db/model/engine/compose/schema/AliasExtractorTest.java	com.foggyframework.dataset.db.model.engine.compose.schema.AliasExtractorTest	surefire	unit	unit	none	hermetic	2	true	foggy-dataset-model	none	none
v934|8:surefire|4:unit|4:unit|92:com.foggyframework.dataset.db.model.engine.compose.schema.AliasExtractorTest$AliasExtraction	v934-src|115:foggy-dataset-model/src/test/java/com/foggyframework/dataset/db/model/engine/compose/schema/AliasExtractorTest.java	com.foggyframework.dataset.db.model.engine.compose.schema.AliasExtractorTest$AliasExtraction	surefire	unit	unit	none	hermetic	2	true	foggy-dataset-model	none	none
v934|8:surefire|4:unit|4:unit|105:com.foggyframework.dataset.db.model.engine.compose.schema.AliasExtractorTest$AsInsideIdentifierNotMatched	v934-src|115:foggy-dataset-model/src/test/java/com/foggyframework/dataset/db/model/engine/compose/schema/AliasExtractorTest.java	com.foggyframework.dataset.db.model.engine.compose.schema.AliasExtractorTest$AsInsideIdentifierNotMatched	surefire	unit	unit	none	hermetic	2	true	foggy-dataset-model	none	none
v934|8:surefire|4:unit|4:unit|92:com.foggyframework.dataset.db.model.engine.compose.schema.AliasExtractorTest$BareColumnNames	v934-src|115:foggy-dataset-model/src/test/java/com/foggyframework/dataset/db/model/engine/compose/schema/AliasExtractorTest.java	com.foggyframework.dataset.db.model.engine.compose.schema.AliasExtractorTest$BareColumnNames	surefire	unit	unit	none	hermetic	2	true	foggy-dataset-model	none	none
v934|8:surefire|4:unit|4:unit|96:com.foggyframework.dataset.db.model.engine.compose.schema.AliasExtractorTest$FunctionExpressions	v934-src|115:foggy-dataset-model/src/test/java/com/foggyframework/dataset/db/model/engine/compose/schema/AliasExtractorTest.java	com.foggyframework.dataset.db.model.engine.compose.schema.AliasExtractorTest$FunctionExpressions	surefire	unit	unit	none	hermetic	2	true	foggy-dataset-model	none	none
v934|8:surefire|4:unit|4:unit|92:com.foggyframework.dataset.db.model.engine.compose.schema.AliasExtractorTest$MalformedInputs	v934-src|115:foggy-dataset-model/src/test/java/com/foggyframework/dataset/db/model/engine/compose/schema/AliasExtractorTest.java	com.foggyframework.dataset.db.model.engine.compose.schema.AliasExtractorTest$MalformedInputs	surefire	unit	unit	none	hermetic	2	true	foggy-dataset-model	none	none
v934|8:surefire|4:unit|4:unit|91:com.foggyframework.dataset.db.model.engine.compose.schema.AliasExtractorTest$ValueSemantics	v934-src|115:foggy-dataset-model/src/test/java/com/foggyframework/dataset/db/model/engine/compose/schema/AliasExtractorTest.java	com.foggyframework.dataset.db.model.engine.compose.schema.AliasExtractorTest$ValueSemantics	surefire	unit	unit	none	hermetic	2	true	foggy-dataset-model	none	none
v934|8:surefire|4:unit|4:unit|80:com.foggyframework.dataset.db.model.engine.compose.schema.ColumnSpecMetadataTest	v934-src|119:foggy-dataset-model/src/test/java/com/foggyframework/dataset/db/model/engine/compose/schema/ColumnSpecMetadataTest.java	com.foggyframework.dataset.db.model.engine.compose.schema.ColumnSpecMetadataTest	surefire	unit	unit	none	hermetic	2	true	foggy-dataset-model	none	none
v934|8:surefire|4:unit|4:unit|86:com.foggyframework.dataset.db.model.engine.compose.schema.ColumnSpecPlanProvenanceTest	v934-src|125:foggy-dataset-model/src/test/java/com/foggyframework/dataset/db/model/engine/compose/schema/ColumnSpecPlanProvenanceTest.java	com.foggyframework.dataset.db.model.engine.compose.schema.ColumnSpecPlanProvenanceTest	surefire	unit	unit	none	hermetic	2	true	foggy-dataset-model	none	none
v934|8:surefire|4:unit|4:unit|110:com.foggyframework.dataset.db.model.engine.compose.schema.ColumnSpecPlanProvenanceTest$BuilderAcceptsNewFields	v934-src|125:foggy-dataset-model/src/test/java/com/foggyframework/dataset/db/model/engine/compose/schema/ColumnSpecPlanProvenanceTest.java	com.foggyframework.dataset.db.model.engine.compose.schema.ColumnSpecPlanProvenanceTest$BuilderAcceptsNewFields	surefire	unit	unit	none	hermetic	2	true	foggy-dataset-model	none	none
v934|8:surefire|4:unit|4:unit|95:com.foggyframework.dataset.db.model.engine.compose.schema.ColumnSpecPlanProvenanceTest$Defaults	v934-src|125:foggy-dataset-model/src/test/java/com/foggyframework/dataset/db/model/engine/compose/schema/ColumnSpecPlanProvenanceTest.java	com.foggyframework.dataset.db.model.engine.compose.schema.ColumnSpecPlanProvenanceTest$Defaults	surefire	unit	unit	none	hermetic	2	true	foggy-dataset-model	none	none
v934|8:surefire|4:unit|4:unit|104:com.foggyframework.dataset.db.model.engine.compose.schema.ColumnSpecPlanProvenanceTest$EqualityUnchanged	v934-src|125:foggy-dataset-model/src/test/java/com/foggyframework/dataset/db/model/engine/compose/schema/ColumnSpecPlanProvenanceTest.java	com.foggyframework.dataset.db.model.engine.compose.schema.ColumnSpecPlanProvenanceTest$EqualityUnchanged	surefire	unit	unit	none	hermetic	2	true	foggy-dataset-model	none	none
v934|8:surefire|4:unit|4:unit|112:com.foggyframework.dataset.db.model.engine.compose.schema.ColumnSpecPlanProvenanceTest$ToStringIncludesNewFields	v934-src|125:foggy-dataset-model/src/test/java/com/foggyframework/dataset/db/model/engine/compose/schema/ColumnSpecPlanProvenanceTest.java	com.foggyframework.dataset.db.model.engine.compose.schema.ColumnSpecPlanProvenanceTest$ToStringIncludesNewFields	surefire	unit	unit	none	hermetic	2	true	foggy-dataset-model	none	none
v934|8:surefire|4:unit|4:unit|84:com.foggyframework.dataset.db.model.engine.compose.schema.ComposeSchemaExceptionTest	v934-src|123:foggy-dataset-model/src/test/java/com/foggyframework/dataset/db/model/engine/compose/schema/ComposeSchemaExceptionTest.java	com.foggyframework.dataset.db.model.engine.compose.schema.ComposeSchemaExceptionTest	surefire	unit	unit	none	hermetic	2	true	foggy-dataset-model	none	none
v934|8:surefire|4:unit|4:unit|83:com.foggyframework.dataset.db.model.engine.compose.schema.OutputSchemaLookupApiTest	v934-src|122:foggy-dataset-model/src/test/java/com/foggyframework/dataset/db/model/engine/compose/schema/OutputSchemaLookupApiTest.java	com.foggyframework.dataset.db.model.engine.compose.schema.OutputSchemaLookupApiTest	surefire	unit	unit	none	hermetic	2	true	foggy-dataset-model	none	none
v934|8:surefire|4:unit|4:unit|102:com.foggyframework.dataset.db.model.engine.compose.schema.OutputSchemaLookupApiTest$G10AmbiguousRegime	v934-src|122:foggy-dataset-model/src/test/java/com/foggyframework/dataset/db/model/engine/compose/schema/OutputSchemaLookupApiTest.java	com.foggyframework.dataset.db.model.engine.compose.schema.OutputSchemaLookupApiTest$G10AmbiguousRegime	surefire	unit	unit	none	hermetic	2	true	foggy-dataset-model	none	none
v934|8:surefire|4:unit|4:unit|108:com.foggyframework.dataset.db.model.engine.compose.schema.OutputSchemaLookupApiTest$LegacyDuplicateRejection	v934-src|122:foggy-dataset-model/src/test/java/com/foggyframework/dataset/db/model/engine/compose/schema/OutputSchemaLookupApiTest.java	com.foggyframework.dataset.db.model.engine.compose.schema.OutputSchemaLookupApiTest$LegacyDuplicateRejection	surefire	unit	unit	none	hermetic	2	true	foggy-dataset-model	none	none
v934|8:surefire|4:unit|4:unit|96:com.foggyframework.dataset.db.model.engine.compose.schema.OutputSchemaLookupApiTest$NonAmbiguous	v934-src|122:foggy-dataset-model/src/test/java/com/foggyframework/dataset/db/model/engine/compose/schema/OutputSchemaLookupApiTest.java	com.foggyframework.dataset.db.model.engine.compose.schema.OutputSchemaLookupApiTest$NonAmbiguous	surefire	unit	unit	none	hermetic	2	true	foggy-dataset-model	none	none
v934|8:surefire|4:unit|4:unit|74:com.foggyframework.dataset.db.model.engine.compose.schema.OutputSchemaTest	v934-src|113:foggy-dataset-model/src/test/java/com/foggyframework/dataset/db/model/engine/compose/schema/OutputSchemaTest.java	com.foggyframework.dataset.db.model.engine.compose.schema.OutputSchemaTest	surefire	unit	unit	none	hermetic	2	true	foggy-dataset-model	none	none
v934|8:surefire|4:unit|4:unit|84:com.foggyframework.dataset.db.model.engine.compose.schema.OutputSchemaTest$Accessors	v934-src|113:foggy-dataset-model/src/test/java/com/foggyframework/dataset/db/model/engine/compose/schema/OutputSchemaTest.java	com.foggyframework.dataset.db.model.engine.compose.schema.OutputSchemaTest$Accessors	surefire	unit	unit	none	hermetic	2	true	foggy-dataset-model	none	none
v934|8:surefire|4:unit|4:unit|95:com.foggyframework.dataset.db.model.engine.compose.schema.OutputSchemaTest$ColumnSpecInvariants	v934-src|113:foggy-dataset-model/src/test/java/com/foggyframework/dataset/db/model/engine/compose/schema/OutputSchemaTest.java	com.foggyframework.dataset.db.model.engine.compose.schema.OutputSchemaTest$ColumnSpecInvariants	surefire	unit	unit	none	hermetic	2	true	foggy-dataset-model	none	none
v934|8:surefire|4:unit|4:unit|87:com.foggyframework.dataset.db.model.engine.compose.schema.OutputSchemaTest$Immutability	v934-src|113:foggy-dataset-model/src/test/java/com/foggyframework/dataset/db/model/engine/compose/schema/OutputSchemaTest.java	com.foggyframework.dataset.db.model.engine.compose.schema.OutputSchemaTest$Immutability	surefire	unit	unit	none	hermetic	2	true	foggy-dataset-model	none	none
v934|8:surefire|4:unit|4:unit|99:com.foggyframework.dataset.db.model.engine.compose.schema.OutputSchemaTest$OutputSchemaConstruction	v934-src|113:foggy-dataset-model/src/test/java/com/foggyframework/dataset/db/model/engine/compose/schema/OutputSchemaTest.java	com.foggyframework.dataset.db.model.engine.compose.schema.OutputSchemaTest$OutputSchemaConstruction	surefire	unit	unit	none	hermetic	2	true	foggy-dataset-model	none	none
v934|8:surefire|4:unit|4:unit|85:com.foggyframework.dataset.db.model.engine.compose.schema.SchemaDerivationG10JoinTest	v934-src|124:foggy-dataset-model/src/test/java/com/foggyframework/dataset/db/model/engine/compose/schema/SchemaDerivationG10JoinTest.java	com.foggyframework.dataset.db.model.engine.compose.schema.SchemaDerivationG10JoinTest	surefire	unit	unit	none	hermetic	2	true	foggy-dataset-model	none	none
v934|8:surefire|4:unit|4:unit|99:com.foggyframework.dataset.db.model.engine.compose.schema.SchemaDerivationG10JoinTest$FlagOffLegacy	v934-src|124:foggy-dataset-model/src/test/java/com/foggyframework/dataset/db/model/engine/compose/schema/SchemaDerivationG10JoinTest.java	com.foggyframework.dataset.db.model.engine.compose.schema.SchemaDerivationG10JoinTest$FlagOffLegacy	surefire	unit	unit	none	hermetic	2	true	foggy-dataset-model	none	none
v934|8:surefire|4:unit|4:unit|95:com.foggyframework.dataset.db.model.engine.compose.schema.SchemaDerivationG10JoinTest$FlagOnG10	v934-src|124:foggy-dataset-model/src/test/java/com/foggyframework/dataset/db/model/engine/compose/schema/SchemaDerivationG10JoinTest.java	com.foggyframework.dataset.db.model.engine.compose.schema.SchemaDerivationG10JoinTest$FlagOnG10	surefire	unit	unit	none	hermetic	2	true	foggy-dataset-model	none	none
v934|8:surefire|4:unit|4:unit|78:com.foggyframework.dataset.db.model.engine.compose.schema.SchemaDerivationTest	v934-src|117:foggy-dataset-model/src/test/java/com/foggyframework/dataset/db/model/engine/compose/schema/SchemaDerivationTest.java	com.foggyframework.dataset.db.model.engine.compose.schema.SchemaDerivationTest	surefire	unit	unit	none	hermetic	2	true	foggy-dataset-model	none	none
v934|8:surefire|4:unit|4:unit|94:com.foggyframework.dataset.db.model.engine.compose.schema.SchemaDerivationTest$BaseModelSchema	v934-src|117:foggy-dataset-model/src/test/java/com/foggyframework/dataset/db/model/engine/compose/schema/SchemaDerivationTest.java	com.foggyframework.dataset.db.model.engine.compose.schema.SchemaDerivationTest$BaseModelSchema	surefire	unit	unit	none	hermetic	2	true	foggy-dataset-model	none	none
v934|8:surefire|4:unit|4:unit|97:com.foggyframework.dataset.db.model.engine.compose.schema.SchemaDerivationTest$DerivedQuerySchema	v934-src|117:foggy-dataset-model/src/test/java/com/foggyframework/dataset/db/model/engine/compose/schema/SchemaDerivationTest.java	com.foggyframework.dataset.db.model.engine.compose.schema.SchemaDerivationTest$DerivedQuerySchema	surefire	unit	unit	none	hermetic	2	true	foggy-dataset-model	none	none
v934|8:surefire|4:unit|4:unit|89:com.foggyframework.dataset.db.model.engine.compose.schema.SchemaDerivationTest$JoinSchema	v934-src|117:foggy-dataset-model/src/test/java/com/foggyframework/dataset/db/model/engine/compose/schema/SchemaDerivationTest.java	com.foggyframework.dataset.db.model.engine.compose.schema.SchemaDerivationTest$JoinSchema	surefire	unit	unit	none	hermetic	2	true	foggy-dataset-model	none	none
v934|8:surefire|4:unit|4:unit|103:com.foggyframework.dataset.db.model.engine.compose.schema.SchemaDerivationTest$ReservedTokensAndScanner	v934-src|117:foggy-dataset-model/src/test/java/com/foggyframework/dataset/db/model/engine/compose/schema/SchemaDerivationTest.java	com.foggyframework.dataset.db.model.engine.compose.schema.SchemaDerivationTest$ReservedTokensAndScanner	surefire	unit	unit	none	hermetic	2	true	foggy-dataset-model	none	none
v934|8:surefire|4:unit|4:unit|104:com.foggyframework.dataset.db.model.engine.compose.schema.SchemaDerivationTest$SpecExampleJoinThenFilter	v934-src|117:foggy-dataset-model/src/test/java/com/foggyframework/dataset/db/model/engine/compose/schema/SchemaDerivationTest.java	com.foggyframework.dataset.db.model.engine.compose.schema.SchemaDerivationTest$SpecExampleJoinThenFilter	surefire	unit	unit	none	hermetic	2	true	foggy-dataset-model	none	none
v934|8:surefire|4:unit|4:unit|109:com.foggyframework.dataset.db.model.engine.compose.schema.SchemaDerivationTest$SpecExampleTwoStageAggregation	v934-src|117:foggy-dataset-model/src/test/java/com/foggyframework/dataset/db/model/engine/compose/schema/SchemaDerivationTest.java	com.foggyframework.dataset.db.model.engine.compose.schema.SchemaDerivationTest$SpecExampleTwoStageAggregation	surefire	unit	unit	none	hermetic	2	true	foggy-dataset-model	none	none
v934|8:surefire|4:unit|4:unit|90:com.foggyframework.dataset.db.model.engine.compose.schema.SchemaDerivationTest$UnionSchema	v934-src|117:foggy-dataset-model/src/test/java/com/foggyframework/dataset/db/model/engine/compose/schema/SchemaDerivationTest.java	com.foggyframework.dataset.db.model.engine.compose.schema.SchemaDerivationTest$UnionSchema	surefire	unit	unit	none	hermetic	2	true	foggy-dataset-model	none	none
v934|8:surefire|4:unit|4:unit|80:com.foggyframework.dataset.db.model.engine.compose.security.AuthorityRequestTest	v934-src|119:foggy-dataset-model/src/test/java/com/foggyframework/dataset/db/model/engine/compose/security/AuthorityRequestTest.java	com.foggyframework.dataset.db.model.engine.compose.security.AuthorityRequestTest	surefire	unit	unit	none	hermetic	2	true	foggy-dataset-model	none	none
v934|8:surefire|4:unit|4:unit|92:com.foggyframework.dataset.db.model.engine.compose.security.AuthorityResolutionErrorCodeTest	v934-src|131:foggy-dataset-model/src/test/java/com/foggyframework/dataset/db/model/engine/compose/security/AuthorityResolutionErrorCodeTest.java	com.foggyframework.dataset.db.model.engine.compose.security.AuthorityResolutionErrorCodeTest	surefire	unit	unit	none	hermetic	2	true	foggy-dataset-model	none	none
v934|8:surefire|4:unit|4:unit|83:com.foggyframework.dataset.db.model.engine.compose.security.AuthorityResolutionTest	v934-src|122:foggy-dataset-model/src/test/java/com/foggyframework/dataset/db/model/engine/compose/security/AuthorityResolutionTest.java	com.foggyframework.dataset.db.model.engine.compose.security.AuthorityResolutionTest	surefire	unit	unit	none	hermetic	2	true	foggy-dataset-model	none	none
v934|8:surefire|4:unit|4:unit|89:com.foggyframework.dataset.db.model.engine.compose.security.AuthorityResolverContractTest	v934-src|128:foggy-dataset-model/src/test/java/com/foggyframework/dataset/db/model/engine/compose/security/AuthorityResolverContractTest.java	com.foggyframework.dataset.db.model.engine.compose.security.AuthorityResolverContractTest	surefire	unit	unit	none	hermetic	2	true	foggy-dataset-model	none	none
v934|8:surefire|4:unit|4:unit|99:com.foggyframework.dataset.db.model.engine.compose.security.ComposePlanAwarePermissionValidatorTest	v934-src|138:foggy-dataset-model/src/test/java/com/foggyframework/dataset/db/model/engine/compose/security/ComposePlanAwarePermissionValidatorTest.java	com.foggyframework.dataset.db.model.engine.compose.security.ComposePlanAwarePermissionValidatorTest	surefire	unit	unit	none	hermetic	2	true	foggy-dataset-model	none	none
v934|8:surefire|4:unit|4:unit|114:com.foggyframework.dataset.db.model.engine.compose.security.ComposePlanAwarePermissionValidatorTest$ArgumentGuards	v934-src|138:foggy-dataset-model/src/test/java/com/foggyframework/dataset/db/model/engine/compose/security/ComposePlanAwarePermissionValidatorTest.java	com.foggyframework.dataset.db.model.engine.compose.security.ComposePlanAwarePermissionValidatorTest$ArgumentGuards	surefire	unit	unit	none	hermetic	2	true	foggy-dataset-model	none	none
v934|8:surefire|4:unit|4:unit|109:com.foggyframework.dataset.db.model.engine.compose.security.ComposePlanAwarePermissionValidatorTest$BareField	v934-src|138:foggy-dataset-model/src/test/java/com/foggyframework/dataset/db/model/engine/compose/security/ComposePlanAwarePermissionValidatorTest.java	com.foggyframework.dataset.db.model.engine.compose.security.ComposePlanAwarePermissionValidatorTest$BareField	surefire	unit	unit	none	hermetic	2	true	foggy-dataset-model	none	none
v934|8:surefire|4:unit|4:unit|113:com.foggyframework.dataset.db.model.engine.compose.security.ComposePlanAwarePermissionValidatorTest$PlanQualified	v934-src|138:foggy-dataset-model/src/test/java/com/foggyframework/dataset/db/model/engine/compose/security/ComposePlanAwarePermissionValidatorTest.java	com.foggyframework.dataset.db.model.engine.compose.security.ComposePlanAwarePermissionValidatorTest$PlanQualified	surefire	unit	unit	none	hermetic	2	true	foggy-dataset-model	none	none
v934|8:surefire|4:unit|4:unit|130:com.foggyframework.dataset.db.model.engine.compose.security.ComposePlanAwarePermissionValidatorTest$RelationExpressionDependencies	v934-src|138:foggy-dataset-model/src/test/java/com/foggyframework/dataset/db/model/engine/compose/security/ComposePlanAwarePermissionValidatorTest.java	com.foggyframework.dataset.db.model.engine.compose.security.ComposePlanAwarePermissionValidatorTest$RelationExpressionDependencies	surefire	unit	unit	none	hermetic	2	true	foggy-dataset-model	none	none
v934|8:surefire|4:unit|4:unit|86:com.foggyframework.dataset.db.model.engine.compose.security.JavaGovernanceSnapshotTest	v934-src|125:foggy-dataset-model/src/test/java/com/foggyframework/dataset/db/model/engine/compose/security/JavaGovernanceSnapshotTest.java	com.foggyframework.dataset.db.model.engine.compose.security.JavaGovernanceSnapshotTest	surefire	unit	unit	none	hermetic	2	true	foggy-dataset-model	none	none
v934|8:surefire|4:unit|4:unit|86:com.foggyframework.dataset.db.model.engine.compose.security.PlanFieldAccessContextTest	v934-src|125:foggy-dataset-model/src/test/java/com/foggyframework/dataset/db/model/engine/compose/security/PlanFieldAccessContextTest.java	com.foggyframework.dataset.db.model.engine.compose.security.PlanFieldAccessContextTest	surefire	unit	unit	none	hermetic	2	true	foggy-dataset-model	none	none
v934|8:surefire|4:unit|4:unit|104:com.foggyframework.dataset.db.model.engine.compose.security.PlanFieldAccessContextTest$RegistryBehaviour	v934-src|125:foggy-dataset-model/src/test/java/com/foggyframework/dataset/db/model/engine/compose/security/PlanFieldAccessContextTest.java	com.foggyframework.dataset.db.model.engine.compose.security.PlanFieldAccessContextTest$RegistryBehaviour	surefire	unit	unit	none	hermetic	2	true	foggy-dataset-model	none	none
v934|8:surefire|4:unit|4:unit|87:com.foggyframework.dataset.db.model.engine.expression.CalculatedFieldServiceDialectTest	v934-src|126:foggy-dataset-model/src/test/java/com/foggyframework/dataset/db/model/engine/expression/CalculatedFieldServiceDialectTest.java	com.foggyframework.dataset.db.model.engine.expression.CalculatedFieldServiceDialectTest	surefire	unit	unit	none	hermetic	2	true	foggy-dataset-model	none	none
v934|8:surefire|4:unit|4:unit|87:com.foggyframework.dataset.db.model.engine.expression.CalculatedFieldServiceFormulaTest	v934-src|126:foggy-dataset-model/src/test/java/com/foggyframework/dataset/db/model/engine/expression/CalculatedFieldServiceFormulaTest.java	com.foggyframework.dataset.db.model.engine.expression.CalculatedFieldServiceFormulaTest	surefire	unit	unit	none	hermetic	2	true	foggy-dataset-model	none	none
v934|8:surefire|4:unit|4:unit|80:com.foggyframework.dataset.db.model.engine.expression.CalculatedFieldServiceTest	v934-src|119:foggy-dataset-model/src/test/java/com/foggyframework/dataset/db/model/engine/expression/CalculatedFieldServiceTest.java	com.foggyframework.dataset.db.model.engine.expression.CalculatedFieldServiceTest	surefire	unit	unit	none	hermetic	2	true	foggy-dataset-model	none	none
v934|8:surefire|4:unit|4:unit|85:com.foggyframework.dataset.db.model.engine.expression.sql.DialectAwareFunctionExpTest	v934-src|124:foggy-dataset-model/src/test/java/com/foggyframework/dataset/db/model/engine/expression/sql/DialectAwareFunctionExpTest.java	com.foggyframework.dataset.db.model.engine.expression.sql.DialectAwareFunctionExpTest	surefire	unit	unit	none	hermetic	2	true	foggy-dataset-model	none	none
v934|8:surefire|4:unit|4:unit|72:com.foggyframework.dataset.db.model.engine.formula.SqlFormulaSupportTest	v934-src|111:foggy-dataset-model/src/test/java/com/foggyframework/dataset/db/model/engine/formula/SqlFormulaSupportTest.java	com.foggyframework.dataset.db.model.engine.formula.SqlFormulaSupportTest	surefire	unit	unit	none	hermetic	2	true	foggy-dataset-model	none	none
v934|8:surefire|4:unit|4:unit|61:com.foggyframework.dataset.db.model.engine.join.JoinGraphTest	v934-src|100:foggy-dataset-model/src/test/java/com/foggyframework/dataset/db/model/engine/join/JoinGraphTest.java	com.foggyframework.dataset.db.model.engine.join.JoinGraphTest	surefire	unit	unit	none	hermetic	2	true	foggy-dataset-model	none	none
v934|8:surefire|4:unit|4:unit|72:com.foggyframework.dataset.db.model.engine.join.JoinGraphTest$BasicTests	v934-src|100:foggy-dataset-model/src/test/java/com/foggyframework/dataset/db/model/engine/join/JoinGraphTest.java	com.foggyframework.dataset.db.model.engine.join.JoinGraphTest$BasicTests	surefire	unit	unit	none	hermetic	2	true	foggy-dataset-model	none	none
v934|8:surefire|4:unit|4:unit|81:com.foggyframework.dataset.db.model.engine.join.JoinGraphTest$CycleDetectionTests	v934-src|100:foggy-dataset-model/src/test/java/com/foggyframework/dataset/db/model/engine/join/JoinGraphTest.java	com.foggyframework.dataset.db.model.engine.join.JoinGraphTest$CycleDetectionTests	surefire	unit	unit	none	hermetic	2	true	foggy-dataset-model	none	none
v934|8:surefire|4:unit|4:unit|75:com.foggyframework.dataset.db.model.engine.join.JoinGraphTest$JoinEdgeTests	v934-src|100:foggy-dataset-model/src/test/java/com/foggyframework/dataset/db/model/engine/join/JoinGraphTest.java	com.foggyframework.dataset.db.model.engine.join.JoinGraphTest$JoinEdgeTests	surefire	unit	unit	none	hermetic	2	true	foggy-dataset-model	none	none
v934|8:surefire|4:unit|4:unit|76:com.foggyframework.dataset.db.model.engine.join.JoinGraphTest$PathCacheTests	v934-src|100:foggy-dataset-model/src/test/java/com/foggyframework/dataset/db/model/engine/join/JoinGraphTest.java	com.foggyframework.dataset.db.model.engine.join.JoinGraphTest$PathCacheTests	surefire	unit	unit	none	hermetic	2	true	foggy-dataset-model	none	none
v934|8:surefire|4:unit|4:unit|78:com.foggyframework.dataset.db.model.engine.join.JoinGraphTest$PathFindingTests	v934-src|100:foggy-dataset-model/src/test/java/com/foggyframework/dataset/db/model/engine/join/JoinGraphTest.java	com.foggyframework.dataset.db.model.engine.join.JoinGraphTest$PathFindingTests	surefire	unit	unit	none	hermetic	2	true	foggy-dataset-model	none	none
v934|8:surefire|4:unit|4:unit|82:com.foggyframework.dataset.db.model.engine.join.JoinGraphTest$TopologicalSortTests	v934-src|100:foggy-dataset-model/src/test/java/com/foggyframework/dataset/db/model/engine/join/JoinGraphTest.java	com.foggyframework.dataset.db.model.engine.join.JoinGraphTest$TopologicalSortTests	surefire	unit	unit	none	hermetic	2	true	foggy-dataset-model	none	none
v934|8:surefire|4:unit|4:unit|71:com.foggyframework.dataset.db.model.engine.pivot.CardinalityBreakerTest	v934-src|110:foggy-dataset-model/src/test/java/com/foggyframework/dataset/db/model/engine/pivot/CardinalityBreakerTest.java	com.foggyframework.dataset.db.model.engine.pivot.CardinalityBreakerTest	surefire	unit	unit	none	hermetic	2	true	foggy-dataset-model	none	none
v934|8:surefire|4:unit|4:unit|76:com.foggyframework.dataset.db.model.engine.pivot.JavaPivotDomainSnapshotTest	v934-src|115:foggy-dataset-model/src/test/java/com/foggyframework/dataset/db/model/engine/pivot/JavaPivotDomainSnapshotTest.java	com.foggyframework.dataset.db.model.engine.pivot.JavaPivotDomainSnapshotTest	surefire	unit	unit	none	hermetic	2	true	foggy-dataset-model	none	none
v934|8:surefire|4:unit|4:unit|76:com.foggyframework.dataset.db.model.engine.pivot.JavaPivotOutputSnapshotTest	v934-src|115:foggy-dataset-model/src/test/java/com/foggyframework/dataset/db/model/engine/pivot/JavaPivotOutputSnapshotTest.java	com.foggyframework.dataset.db.model.engine.pivot.JavaPivotOutputSnapshotTest	surefire	unit	unit	none	hermetic	2	true	foggy-dataset-model	none	none
v934|8:surefire|4:unit|4:unit|61:com.foggyframework.dataset.db.model.engine.pivot.PivotAstTest	v934-src|100:foggy-dataset-model/src/test/java/com/foggyframework/dataset/db/model/engine/pivot/PivotAstTest.java	com.foggyframework.dataset.db.model.engine.pivot.PivotAstTest	surefire	unit	unit	none	hermetic	2	true	foggy-dataset-model	none	none
v934|8:failsafe|24:database-contract-matrix|9:db-sqlite|93:com.foggyframework.dataset.db.model.engine.pivot.PivotCascadeGenerateSqlParityIntegrationTest	v934-src|132:foggy-dataset-model/src/test/java/com/foggyframework/dataset/db/model/engine/pivot/PivotCascadeGenerateSqlParityIntegrationTest.java	com.foggyframework.dataset.db.model.engine.pivot.PivotCascadeGenerateSqlParityIntegrationTest	failsafe	database-contract-matrix	db-sqlite	sqlite	database	3	true	foggy-dataset-model	none	none
v934|8:failsafe|24:database-contract-matrix|10:db-mysql57|93:com.foggyframework.dataset.db.model.engine.pivot.PivotCascadeGenerateSqlParityIntegrationTest	v934-src|132:foggy-dataset-model/src/test/java/com/foggyframework/dataset/db/model/engine/pivot/PivotCascadeGenerateSqlParityIntegrationTest.java	com.foggyframework.dataset.db.model.engine.pivot.PivotCascadeGenerateSqlParityIntegrationTest	failsafe	database-contract-matrix	db-mysql57	mysql57	database	3	true	foggy-dataset-model	none	none
v934|8:failsafe|24:database-contract-matrix|9:db-mysql8|93:com.foggyframework.dataset.db.model.engine.pivot.PivotCascadeGenerateSqlParityIntegrationTest	v934-src|132:foggy-dataset-model/src/test/java/com/foggyframework/dataset/db/model/engine/pivot/PivotCascadeGenerateSqlParityIntegrationTest.java	com.foggyframework.dataset.db.model.engine.pivot.PivotCascadeGenerateSqlParityIntegrationTest	failsafe	database-contract-matrix	db-mysql8	mysql8	database	3	true	foggy-dataset-model	none	none
v934|8:failsafe|24:database-contract-matrix|13:db-postgres15|93:com.foggyframework.dataset.db.model.engine.pivot.PivotCascadeGenerateSqlParityIntegrationTest	v934-src|132:foggy-dataset-model/src/test/java/com/foggyframework/dataset/db/model/engine/pivot/PivotCascadeGenerateSqlParityIntegrationTest.java	com.foggyframework.dataset.db.model.engine.pivot.PivotCascadeGenerateSqlParityIntegrationTest	failsafe	database-contract-matrix	db-postgres15	postgres15	database	3	true	foggy-dataset-model	none	none
v934|8:failsafe|24:database-contract-matrix|16:db-sqlserver2022|93:com.foggyframework.dataset.db.model.engine.pivot.PivotCascadeGenerateSqlParityIntegrationTest	v934-src|132:foggy-dataset-model/src/test/java/com/foggyframework/dataset/db/model/engine/pivot/PivotCascadeGenerateSqlParityIntegrationTest.java	com.foggyframework.dataset.db.model.engine.pivot.PivotCascadeGenerateSqlParityIntegrationTest	failsafe	database-contract-matrix	db-sqlserver2022	sqlserver2022	database	3	true	foggy-dataset-model	none	none
v934|8:surefire|4:unit|4:unit|83:com.foggyframework.dataset.db.model.engine.pivot.PivotCascadeGenerateValidationTest	v934-src|122:foggy-dataset-model/src/test/java/com/foggyframework/dataset/db/model/engine/pivot/PivotCascadeGenerateValidationTest.java	com.foggyframework.dataset.db.model.engine.pivot.PivotCascadeGenerateValidationTest	surefire	unit	unit	none	hermetic	2	true	foggy-dataset-model	none	none
v934|8:surefire|4:unit|4:unit|77:com.foggyframework.dataset.db.model.engine.pivot.PivotDiagnosticCollectorTest	v934-src|116:foggy-dataset-model/src/test/java/com/foggyframework/dataset/db/model/engine/pivot/PivotDiagnosticCollectorTest.java	com.foggyframework.dataset.db.model.engine.pivot.PivotDiagnosticCollectorTest	surefire	unit	unit	none	hermetic	2	true	foggy-dataset-model	none	none
v934|8:failsafe|24:sqlite-broad-integration|12:sqlite-broad|69:com.foggyframework.dataset.db.model.engine.pivot.PivotIntegrationTest	v934-src|108:foggy-dataset-model/src/test/java/com/foggyframework/dataset/db/model/engine/pivot/PivotIntegrationTest.java	com.foggyframework.dataset.db.model.engine.pivot.PivotIntegrationTest	failsafe	sqlite-broad-integration	sqlite-broad	sqlite	sqlite	2	true	foggy-dataset-model	none	none
v934|8:failsafe|24:database-contract-matrix|15:mysql8-targeted|69:com.foggyframework.dataset.db.model.engine.pivot.PivotIntegrationTest	v934-src|108:foggy-dataset-model/src/test/java/com/foggyframework/dataset/db/model/engine/pivot/PivotIntegrationTest.java	com.foggyframework.dataset.db.model.engine.pivot.PivotIntegrationTest	failsafe	database-contract-matrix	mysql8-targeted	mysql8	database	3	true	foggy-dataset-model	none	none
v934|8:failsafe|24:database-contract-matrix|19:postgres15-targeted|69:com.foggyframework.dataset.db.model.engine.pivot.PivotIntegrationTest	v934-src|108:foggy-dataset-model/src/test/java/com/foggyframework/dataset/db/model/engine/pivot/PivotIntegrationTest.java	com.foggyframework.dataset.db.model.engine.pivot.PivotIntegrationTest	failsafe	database-contract-matrix	postgres15-targeted	postgres15	database	3	true	foggy-dataset-model	none	none
v934|8:surefire|4:unit|4:unit|94:com.foggyframework.dataset.db.model.engine.pivot.PivotOuterCacheDistributedProviderAdapterTest	v934-src|133:foggy-dataset-model/src/test/java/com/foggyframework/dataset/db/model/engine/pivot/PivotOuterCacheDistributedProviderAdapterTest.java	com.foggyframework.dataset.db.model.engine.pivot.PivotOuterCacheDistributedProviderAdapterTest	surefire	unit	unit	none	hermetic	2	true	foggy-dataset-model	none	none
v934|8:surefire|4:unit|4:unit|95:com.foggyframework.dataset.db.model.engine.pivot.PivotOuterCacheDistributedProviderContractTest	v934-src|134:foggy-dataset-model/src/test/java/com/foggyframework/dataset/db/model/engine/pivot/PivotOuterCacheDistributedProviderContractTest.java	com.foggyframework.dataset.db.model.engine.pivot.PivotOuterCacheDistributedProviderContractTest	surefire	unit	unit	none	hermetic	2	true	foggy-dataset-model	none	none
v934|8:surefire|4:unit|4:unit|85:com.foggyframework.dataset.db.model.engine.pivot.PivotOuterCacheInvalidationEventTest	v934-src|124:foggy-dataset-model/src/test/java/com/foggyframework/dataset/db/model/engine/pivot/PivotOuterCacheInvalidationEventTest.java	com.foggyframework.dataset.db.model.engine.pivot.PivotOuterCacheInvalidationEventTest	surefire	unit	unit	none	hermetic	2	true	foggy-dataset-model	none	none
v934|8:surefire|4:unit|4:unit|94:com.foggyframework.dataset.db.model.engine.pivot.PivotOuterCacheInvalidationFanOutContractTest	v934-src|133:foggy-dataset-model/src/test/java/com/foggyframework/dataset/db/model/engine/pivot/PivotOuterCacheInvalidationFanOutContractTest.java	com.foggyframework.dataset.db.model.engine.pivot.PivotOuterCacheInvalidationFanOutContractTest	surefire	unit	unit	none	hermetic	2	true	foggy-dataset-model	none	none
v934|8:surefire|4:unit|4:unit|92:com.foggyframework.dataset.db.model.engine.pivot.PivotOuterCacheInvalidationReplayWindowTest	v934-src|131:foggy-dataset-model/src/test/java/com/foggyframework/dataset/db/model/engine/pivot/PivotOuterCacheInvalidationReplayWindowTest.java	com.foggyframework.dataset.db.model.engine.pivot.PivotOuterCacheInvalidationReplayWindowTest	surefire	unit	unit	none	hermetic	2	true	foggy-dataset-model	none	none
v934|8:surefire|4:unit|4:unit|82:com.foggyframework.dataset.db.model.engine.pivot.PivotOuterCacheOperationalSpiTest	v934-src|121:foggy-dataset-model/src/test/java/com/foggyframework/dataset/db/model/engine/pivot/PivotOuterCacheOperationalSpiTest.java	com.foggyframework.dataset.db.model.engine.pivot.PivotOuterCacheOperationalSpiTest	surefire	unit	unit	none	hermetic	2	true	foggy-dataset-model	none	none
v934|8:surefire|4:unit|4:unit|80:com.foggyframework.dataset.db.model.engine.pivot.PivotOuterCacheSafeProviderTest	v934-src|119:foggy-dataset-model/src/test/java/com/foggyframework/dataset/db/model/engine/pivot/PivotOuterCacheSafeProviderTest.java	com.foggyframework.dataset.db.model.engine.pivot.PivotOuterCacheSafeProviderTest	surefire	unit	unit	none	hermetic	2	true	foggy-dataset-model	none	none
v934|8:surefire|4:unit|4:unit|82:com.foggyframework.dataset.db.model.engine.pivot.PivotOuterCacheStrongIdentityTest	v934-src|121:foggy-dataset-model/src/test/java/com/foggyframework/dataset/db/model/engine/pivot/PivotOuterCacheStrongIdentityTest.java	com.foggyframework.dataset.db.model.engine.pivot.PivotOuterCacheStrongIdentityTest	surefire	unit	unit	none	hermetic	2	true	foggy-dataset-model	none	none
v934|8:surefire|4:unit|4:unit|77:com.foggyframework.dataset.db.model.engine.pivot.PivotOuterCacheTelemetryTest	v934-src|116:foggy-dataset-model/src/test/java/com/foggyframework/dataset/db/model/engine/pivot/PivotOuterCacheTelemetryTest.java	com.foggyframework.dataset.db.model.engine.pivot.PivotOuterCacheTelemetryTest	surefire	unit	unit	none	hermetic	2	true	foggy-dataset-model	none	none
v934|8:surefire|4:unit|4:unit|76:com.foggyframework.dataset.db.model.engine.pivot.PivotOuterResponseCacheTest	v934-src|115:foggy-dataset-model/src/test/java/com/foggyframework/dataset/db/model/engine/pivot/PivotOuterResponseCacheTest.java	com.foggyframework.dataset.db.model.engine.pivot.PivotOuterResponseCacheTest	surefire	unit	unit	none	hermetic	2	true	foggy-dataset-model	none	none
v934|8:surefire|4:unit|4:unit|81:com.foggyframework.dataset.db.model.engine.pivot.PivotPipelineCatalogIdentityTest	v934-src|120:foggy-dataset-model/src/test/java/com/foggyframework/dataset/db/model/engine/pivot/PivotPipelineCatalogIdentityTest.java	com.foggyframework.dataset.db.model.engine.pivot.PivotPipelineCatalogIdentityTest	surefire	unit	unit	none	hermetic	2	true	foggy-dataset-model	none	none
v934|8:failsafe|24:database-contract-matrix|9:db-sqlite|78:com.foggyframework.dataset.db.model.engine.pivot.PivotSqlParityIntegrationTest	v934-src|117:foggy-dataset-model/src/test/java/com/foggyframework/dataset/db/model/engine/pivot/PivotSqlParityIntegrationTest.java	com.foggyframework.dataset.db.model.engine.pivot.PivotSqlParityIntegrationTest	failsafe	database-contract-matrix	db-sqlite	sqlite	database	3	true	foggy-dataset-model	none	none
v934|8:failsafe|24:database-contract-matrix|10:db-mysql57|78:com.foggyframework.dataset.db.model.engine.pivot.PivotSqlParityIntegrationTest	v934-src|117:foggy-dataset-model/src/test/java/com/foggyframework/dataset/db/model/engine/pivot/PivotSqlParityIntegrationTest.java	com.foggyframework.dataset.db.model.engine.pivot.PivotSqlParityIntegrationTest	failsafe	database-contract-matrix	db-mysql57	mysql57	database	3	true	foggy-dataset-model	none	none
v934|8:failsafe|24:database-contract-matrix|9:db-mysql8|78:com.foggyframework.dataset.db.model.engine.pivot.PivotSqlParityIntegrationTest	v934-src|117:foggy-dataset-model/src/test/java/com/foggyframework/dataset/db/model/engine/pivot/PivotSqlParityIntegrationTest.java	com.foggyframework.dataset.db.model.engine.pivot.PivotSqlParityIntegrationTest	failsafe	database-contract-matrix	db-mysql8	mysql8	database	3	true	foggy-dataset-model	none	none
v934|8:failsafe|24:database-contract-matrix|13:db-postgres15|78:com.foggyframework.dataset.db.model.engine.pivot.PivotSqlParityIntegrationTest	v934-src|117:foggy-dataset-model/src/test/java/com/foggyframework/dataset/db/model/engine/pivot/PivotSqlParityIntegrationTest.java	com.foggyframework.dataset.db.model.engine.pivot.PivotSqlParityIntegrationTest	failsafe	database-contract-matrix	db-postgres15	postgres15	database	3	true	foggy-dataset-model	none	none
v934|8:failsafe|24:database-contract-matrix|16:db-sqlserver2022|78:com.foggyframework.dataset.db.model.engine.pivot.PivotSqlParityIntegrationTest	v934-src|117:foggy-dataset-model/src/test/java/com/foggyframework/dataset/db/model/engine/pivot/PivotSqlParityIntegrationTest.java	com.foggyframework.dataset.db.model.engine.pivot.PivotSqlParityIntegrationTest	failsafe	database-contract-matrix	db-sqlserver2022	sqlserver2022	database	3	true	foggy-dataset-model	none	none
v934|8:surefire|4:unit|4:unit|80:com.foggyframework.dataset.db.model.engine.pivot.PivotSqlPerformanceBaselineTest	v934-src|119:foggy-dataset-model/src/test/java/com/foggyframework/dataset/db/model/engine/pivot/PivotSqlPerformanceBaselineTest.java	com.foggyframework.dataset.db.model.engine.pivot.PivotSqlPerformanceBaselineTest	surefire	unit	unit	none	hermetic	2	true	foggy-dataset-model	none	none
v934|8:surefire|4:unit|4:unit|74:com.foggyframework.dataset.db.model.engine.pivot.algo.AxisHavingFilterTest	v934-src|113:foggy-dataset-model/src/test/java/com/foggyframework/dataset/db/model/engine/pivot/algo/AxisHavingFilterTest.java	com.foggyframework.dataset.db.model.engine.pivot.algo.AxisHavingFilterTest	surefire	unit	unit	none	hermetic	2	true	foggy-dataset-model	none	none
v934|8:surefire|4:unit|4:unit|75:com.foggyframework.dataset.db.model.engine.pivot.algo.AxisTopNTruncatorTest	v934-src|114:foggy-dataset-model/src/test/java/com/foggyframework/dataset/db/model/engine/pivot/algo/AxisTopNTruncatorTest.java	com.foggyframework.dataset.db.model.engine.pivot.algo.AxisTopNTruncatorTest	surefire	unit	unit	none	hermetic	2	true	foggy-dataset-model	none	none
v934|8:surefire|4:unit|4:unit|81:com.foggyframework.dataset.db.model.engine.pivot.algo.BaselineRatioCalculatorTest	v934-src|120:foggy-dataset-model/src/test/java/com/foggyframework/dataset/db/model/engine/pivot/algo/BaselineRatioCalculatorTest.java	com.foggyframework.dataset.db.model.engine.pivot.algo.BaselineRatioCalculatorTest	surefire	unit	unit	none	hermetic	2	true	foggy-dataset-model	none	none
v934|8:surefire|4:unit|4:unit|73:com.foggyframework.dataset.db.model.engine.pivot.algo.CrossJoinFillerTest	v934-src|112:foggy-dataset-model/src/test/java/com/foggyframework/dataset/db/model/engine/pivot/algo/CrossJoinFillerTest.java	com.foggyframework.dataset.db.model.engine.pivot.algo.CrossJoinFillerTest	surefire	unit	unit	none	hermetic	2	true	foggy-dataset-model	none	none
v934|8:surefire|4:unit|4:unit|78:com.foggyframework.dataset.db.model.engine.pivot.algo.HierarchyTreeBuilderTest	v934-src|117:foggy-dataset-model/src/test/java/com/foggyframework/dataset/db/model/engine/pivot/algo/HierarchyTreeBuilderTest.java	com.foggyframework.dataset.db.model.engine.pivot.algo.HierarchyTreeBuilderTest	surefire	unit	unit	none	hermetic	2	true	foggy-dataset-model	none	none
v934|8:surefire|4:unit|4:unit|79:com.foggyframework.dataset.db.model.engine.pivot.algo.ParentShareCalculatorTest	v934-src|118:foggy-dataset-model/src/test/java/com/foggyframework/dataset/db/model/engine/pivot/algo/ParentShareCalculatorTest.java	com.foggyframework.dataset.db.model.engine.pivot.algo.ParentShareCalculatorTest	surefire	unit	unit	none	hermetic	2	true	foggy-dataset-model	none	none
v934|8:surefire|4:unit|4:unit|95:com.foggyframework.dataset.db.model.engine.pivot.algo.ParentShareCalculatorTest$ResolutionTests	v934-src|118:foggy-dataset-model/src/test/java/com/foggyframework/dataset/db/model/engine/pivot/algo/ParentShareCalculatorTest.java	com.foggyframework.dataset.db.model.engine.pivot.algo.ParentShareCalculatorTest$ResolutionTests	surefire	unit	unit	none	hermetic	2	true	foggy-dataset-model	none	none
v934|8:surefire|4:unit|4:unit|95:com.foggyframework.dataset.db.model.engine.pivot.algo.ParentShareCalculatorTest$ValidationTests	v934-src|118:foggy-dataset-model/src/test/java/com/foggyframework/dataset/db/model/engine/pivot/algo/ParentShareCalculatorTest.java	com.foggyframework.dataset.db.model.engine.pivot.algo.ParentShareCalculatorTest$ValidationTests	surefire	unit	unit	none	hermetic	2	true	foggy-dataset-model	none	none
v934|8:surefire|4:unit|4:unit|74:com.foggyframework.dataset.db.model.engine.pivot.algo.PropertyAttacherTest	v934-src|113:foggy-dataset-model/src/test/java/com/foggyframework/dataset/db/model/engine/pivot/algo/PropertyAttacherTest.java	com.foggyframework.dataset.db.model.engine.pivot.algo.PropertyAttacherTest	surefire	unit	unit	none	hermetic	2	true	foggy-dataset-model	none	none
v934|8:surefire|4:unit|4:unit|74:com.foggyframework.dataset.db.model.engine.pivot.algo.PropertyResolverTest	v934-src|113:foggy-dataset-model/src/test/java/com/foggyframework/dataset/db/model/engine/pivot/algo/PropertyResolverTest.java	com.foggyframework.dataset.db.model.engine.pivot.algo.PropertyResolverTest	surefire	unit	unit	none	hermetic	2	true	foggy-dataset-model	none	none
v934|8:surefire|4:unit|4:unit|70:com.foggyframework.dataset.db.model.engine.pivot.algo.ResultShaperTest	v934-src|109:foggy-dataset-model/src/test/java/com/foggyframework/dataset/db/model/engine/pivot/algo/ResultShaperTest.java	com.foggyframework.dataset.db.model.engine.pivot.algo.ResultShaperTest	surefire	unit	unit	none	hermetic	2	true	foggy-dataset-model	none	none
v934|8:surefire|4:unit|4:unit|74:com.foggyframework.dataset.db.model.engine.pivot.algo.SubtotalInjectorTest	v934-src|113:foggy-dataset-model/src/test/java/com/foggyframework/dataset/db/model/engine/pivot/algo/SubtotalInjectorTest.java	com.foggyframework.dataset.db.model.engine.pivot.algo.SubtotalInjectorTest	surefire	unit	unit	none	hermetic	2	true	foggy-dataset-model	none	none
v934|8:surefire|4:unit|4:unit|84:com.foggyframework.dataset.db.model.engine.pivot.rollup.MetricAdditivityAnalyzerTest	v934-src|123:foggy-dataset-model/src/test/java/com/foggyframework/dataset/db/model/engine/pivot/rollup/MetricAdditivityAnalyzerTest.java	com.foggyframework.dataset.db.model.engine.pivot.rollup.MetricAdditivityAnalyzerTest	surefire	unit	unit	none	hermetic	2	true	foggy-dataset-model	none	none
v934|8:surefire|4:unit|4:unit|96:com.foggyframework.dataset.db.model.engine.pivot.rollup.NonAdditiveRollupExecutorDomainSliceTest	v934-src|135:foggy-dataset-model/src/test/java/com/foggyframework/dataset/db/model/engine/pivot/rollup/NonAdditiveRollupExecutorDomainSliceTest.java	com.foggyframework.dataset.db.model.engine.pivot.rollup.NonAdditiveRollupExecutorDomainSliceTest	surefire	unit	unit	none	hermetic	2	true	foggy-dataset-model	none	none
v934|8:surefire|4:unit|4:unit|81:com.foggyframework.dataset.db.model.engine.pivot.rollup.RollupGrainEnumeratorTest	v934-src|120:foggy-dataset-model/src/test/java/com/foggyframework/dataset/db/model/engine/pivot/rollup/RollupGrainEnumeratorTest.java	com.foggyframework.dataset.db.model.engine.pivot.rollup.RollupGrainEnumeratorTest	surefire	unit	unit	none	hermetic	2	true	foggy-dataset-model	none	none
v934|8:surefire|4:unit|4:unit|89:com.foggyframework.dataset.db.model.engine.pivot.sql.PivotAxisDomainSqlPlannerCascadeTest	v934-src|128:foggy-dataset-model/src/test/java/com/foggyframework/dataset/db/model/engine/pivot/sql/PivotAxisDomainSqlPlannerCascadeTest.java	com.foggyframework.dataset.db.model.engine.pivot.sql.PivotAxisDomainSqlPlannerCascadeTest	surefire	unit	unit	none	hermetic	2	true	foggy-dataset-model	none	none
v934|8:surefire|4:unit|4:unit|82:com.foggyframework.dataset.db.model.engine.pivot.sql.PivotAxisDomainSqlPlannerTest	v934-src|121:foggy-dataset-model/src/test/java/com/foggyframework/dataset/db/model/engine/pivot/sql/PivotAxisDomainSqlPlannerTest.java	com.foggyframework.dataset.db.model.engine.pivot.sql.PivotAxisDomainSqlPlannerTest	surefire	unit	unit	none	hermetic	2	true	foggy-dataset-model	none	none
v934|8:surefire|4:unit|4:unit|76:com.foggyframework.dataset.db.model.engine.pivot.sql.PivotTopNSqlPlannerTest	v934-src|115:foggy-dataset-model/src/test/java/com/foggyframework/dataset/db/model/engine/pivot/sql/PivotTopNSqlPlannerTest.java	com.foggyframework.dataset.db.model.engine.pivot.sql.PivotTopNSqlPlannerTest	surefire	unit	unit	none	hermetic	2	true	foggy-dataset-model	none	none
v934|8:surefire|4:unit|4:unit|85:com.foggyframework.dataset.db.model.engine.pivot.transport.DomainRelationRendererTest	v934-src|124:foggy-dataset-model/src/test/java/com/foggyframework/dataset/db/model/engine/pivot/transport/DomainRelationRendererTest.java	com.foggyframework.dataset.db.model.engine.pivot.transport.DomainRelationRendererTest	surefire	unit	unit	none	hermetic	2	true	foggy-dataset-model	none	none
v934|8:surefire|4:unit|4:unit|75:com.foggyframework.dataset.db.model.engine.preagg.PreAggregationMatcherTest	v934-src|114:foggy-dataset-model/src/test/java/com/foggyframework/dataset/db/model/engine/preagg/PreAggregationMatcherTest.java	com.foggyframework.dataset.db.model.engine.preagg.PreAggregationMatcherTest	surefire	unit	unit	none	hermetic	2	true	foggy-dataset-model	none	none
v934|8:surefire|4:unit|4:unit|72:com.foggyframework.dataset.db.model.engine.query.CalculatedFieldJoinTest	v934-src|111:foggy-dataset-model/src/test/java/com/foggyframework/dataset/db/model/engine/query/CalculatedFieldJoinTest.java	com.foggyframework.dataset.db.model.engine.query.CalculatedFieldJoinTest	surefire	unit	unit	none	hermetic	2	true	foggy-dataset-model	none	none
v934|8:surefire|4:unit|4:unit|79:com.foggyframework.dataset.db.model.engine.query.SqlServerIdentifierQuotingTest	v934-src|118:foggy-dataset-model/src/test/java/com/foggyframework/dataset/db/model/engine/query/SqlServerIdentifierQuotingTest.java	com.foggyframework.dataset.db.model.engine.query.SqlServerIdentifierQuotingTest	surefire	unit	unit	none	hermetic	2	true	foggy-dataset-model	none	none
v934|8:surefire|4:unit|4:unit|69:com.foggyframework.dataset.db.model.event.BundleLifecycleListenerTest	v934-src|108:foggy-dataset-model/src/test/java/com/foggyframework/dataset/db/model/event/BundleLifecycleListenerTest.java	com.foggyframework.dataset.db.model.event.BundleLifecycleListenerTest	surefire	unit	unit	none	hermetic	2	true	foggy-dataset-model	none	none
v934|8:surefire|4:unit|4:unit|73:com.foggyframework.dataset.db.model.expression.InlineExpressionParserTest	v934-src|112:foggy-dataset-model/src/test/java/com/foggyframework/dataset/db/model/expression/InlineExpressionParserTest.java	com.foggyframework.dataset.db.model.expression.InlineExpressionParserTest	surefire	unit	unit	none	hermetic	2	true	foggy-dataset-model	none	none
v934|8:surefire|4:unit|4:unit|89:com.foggyframework.dataset.db.model.expression.SqlCalculatedFieldProcessorWindowOrderTest	v934-src|128:foggy-dataset-model/src/test/java/com/foggyframework/dataset/db/model/expression/SqlCalculatedFieldProcessorWindowOrderTest.java	com.foggyframework.dataset.db.model.expression.SqlCalculatedFieldProcessorWindowOrderTest	surefire	unit	unit	none	hermetic	2	true	foggy-dataset-model	none	none
v934|8:surefire|4:unit|4:unit|110:com.foggyframework.dataset.db.model.expression.SqlCalculatedFieldProcessorWindowOrderTest$ErrorMessageContract	v934-src|128:foggy-dataset-model/src/test/java/com/foggyframework/dataset/db/model/expression/SqlCalculatedFieldProcessorWindowOrderTest.java	com.foggyframework.dataset.db.model.expression.SqlCalculatedFieldProcessorWindowOrderTest$ErrorMessageContract	surefire	unit	unit	none	hermetic	2	true	foggy-dataset-model	none	none
v934|8:surefire|4:unit|4:unit|108:com.foggyframework.dataset.db.model.expression.SqlCalculatedFieldProcessorWindowOrderTest$RawExpressionGuard	v934-src|128:foggy-dataset-model/src/test/java/com/foggyframework/dataset/db/model/expression/SqlCalculatedFieldProcessorWindowOrderTest.java	com.foggyframework.dataset.db.model.expression.SqlCalculatedFieldProcessorWindowOrderTest$RawExpressionGuard	surefire	unit	unit	none	hermetic	2	true	foggy-dataset-model	none	none
v934|8:surefire|4:unit|4:unit|74:com.foggyframework.dataset.db.model.expression.SqlExpFactoryInOperatorTest	v934-src|113:foggy-dataset-model/src/test/java/com/foggyframework/dataset/db/model/expression/SqlExpFactoryInOperatorTest.java	com.foggyframework.dataset.db.model.expression.SqlExpFactoryInOperatorTest	surefire	unit	unit	none	hermetic	2	true	foggy-dataset-model	none	none
v934|8:surefire|4:unit|4:unit|64:com.foggyframework.dataset.db.model.expression.SqlExpFactoryTest	v934-src|103:foggy-dataset-model/src/test/java/com/foggyframework/dataset/db/model/expression/SqlExpFactoryTest.java	com.foggyframework.dataset.db.model.expression.SqlExpFactoryTest	surefire	unit	unit	none	hermetic	2	true	foggy-dataset-model	none	none
v934|8:surefire|4:unit|4:unit|68:com.foggyframework.dataset.db.model.impl.SemanticScaleSqlSupportTest	v934-src|107:foggy-dataset-model/src/test/java/com/foggyframework/dataset/db/model/impl/SemanticScaleSqlSupportTest.java	com.foggyframework.dataset.db.model.impl.SemanticScaleSqlSupportTest	surefire	unit	unit	none	hermetic	2	true	foggy-dataset-model	none	none
v934|8:surefire|4:unit|4:unit|99:com.foggyframework.dataset.db.model.impl.loader.TableModelLoaderManagerImplDataSourceResolutionTest	v934-src|138:foggy-dataset-model/src/test/java/com/foggyframework/dataset/db/model/impl/loader/TableModelLoaderManagerImplDataSourceResolutionTest.java	com.foggyframework.dataset.db.model.impl.loader.TableModelLoaderManagerImplDataSourceResolutionTest	surefire	unit	unit	none	hermetic	2	true	foggy-dataset-model	none	none
v934|8:surefire|4:unit|4:unit|86:com.foggyframework.dataset.db.model.impl.model.AggregateRelationDiagnosticContractTest	v934-src|125:foggy-dataset-model/src/test/java/com/foggyframework/dataset/db/model/impl/model/AggregateRelationDiagnosticContractTest.java	com.foggyframework.dataset.db.model.impl.model.AggregateRelationDiagnosticContractTest	surefire	unit	unit	none	hermetic	2	true	foggy-dataset-model	none	none
v934|8:surefire|4:unit|4:unit|78:com.foggyframework.dataset.db.model.lifecycle.catalog.CatalogSnapshotStoreTest	v934-src|117:foggy-dataset-model/src/test/java/com/foggyframework/dataset/db/model/lifecycle/catalog/CatalogSnapshotStoreTest.java	com.foggyframework.dataset.db.model.lifecycle.catalog.CatalogSnapshotStoreTest	surefire	unit	unit	none	hermetic	2	true	foggy-dataset-model	none	none
v934|8:surefire|4:unit|4:unit|73:com.foggyframework.dataset.db.model.lifecycle.catalog.CatalogSnapshotTest	v934-src|112:foggy-dataset-model/src/test/java/com/foggyframework/dataset/db/model/lifecycle/catalog/CatalogSnapshotTest.java	com.foggyframework.dataset.db.model.lifecycle.catalog.CatalogSnapshotTest	surefire	unit	unit	none	hermetic	2	true	foggy-dataset-model	none	none
v934|8:surefire|4:unit|4:unit|84:com.foggyframework.dataset.db.model.lifecycle.catalog.JdbcQueryModelCompletenessTest	v934-src|123:foggy-dataset-model/src/test/java/com/foggyframework/dataset/db/model/lifecycle/catalog/JdbcQueryModelCompletenessTest.java	com.foggyframework.dataset.db.model.lifecycle.catalog.JdbcQueryModelCompletenessTest	surefire	unit	unit	none	hermetic	2	true	foggy-dataset-model	none	none
v934|8:surefire|4:unit|4:unit|84:com.foggyframework.dataset.db.model.lifecycle.catalog.QueryFacadeCatalogIdentityTest	v934-src|123:foggy-dataset-model/src/test/java/com/foggyframework/dataset/db/model/lifecycle/catalog/QueryFacadeCatalogIdentityTest.java	com.foggyframework.dataset.db.model.lifecycle.catalog.QueryFacadeCatalogIdentityTest	surefire	unit	unit	none	hermetic	2	true	foggy-dataset-model	none	none
v934|8:surefire|4:unit|4:unit|84:com.foggyframework.dataset.db.model.lifecycle.catalog.QueryModelAliasDeterminismTest	v934-src|123:foggy-dataset-model/src/test/java/com/foggyframework/dataset/db/model/lifecycle/catalog/QueryModelAliasDeterminismTest.java	com.foggyframework.dataset.db.model.lifecycle.catalog.QueryModelAliasDeterminismTest	surefire	unit	unit	none	hermetic	2	true	foggy-dataset-model	none	none
v934|8:surefire|4:unit|4:unit|86:com.foggyframework.dataset.db.model.lifecycle.catalog.QueryModelDiscoveryAuthorityTest	v934-src|125:foggy-dataset-model/src/test/java/com/foggyframework/dataset/db/model/lifecycle/catalog/QueryModelDiscoveryAuthorityTest.java	com.foggyframework.dataset.db.model.lifecycle.catalog.QueryModelDiscoveryAuthorityTest	surefire	unit	unit	none	hermetic	2	true	foggy-dataset-model	none	none
v934|8:surefire|4:unit|4:unit|89:com.foggyframework.dataset.db.model.lifecycle.catalog.SemanticMetadataCatalogIdentityTest	v934-src|128:foggy-dataset-model/src/test/java/com/foggyframework/dataset/db/model/lifecycle/catalog/SemanticMetadataCatalogIdentityTest.java	com.foggyframework.dataset.db.model.lifecycle.catalog.SemanticMetadataCatalogIdentityTest	surefire	unit	unit	none	hermetic	2	true	foggy-dataset-model	none	none
v934|8:surefire|4:unit|4:unit|74:com.foggyframework.dataset.db.model.lifecycle.concurrent.ModelBuildKeyTest	v934-src|113:foggy-dataset-model/src/test/java/com/foggyframework/dataset/db/model/lifecycle/concurrent/ModelBuildKeyTest.java	com.foggyframework.dataset.db.model.lifecycle.concurrent.ModelBuildKeyTest	surefire	unit	unit	none	hermetic	2	true	foggy-dataset-model	none	none
v934|8:surefire|4:unit|4:unit|83:com.foggyframework.dataset.db.model.lifecycle.concurrent.ModelBuildSingleFlightTest	v934-src|122:foggy-dataset-model/src/test/java/com/foggyframework/dataset/db/model/lifecycle/concurrent/ModelBuildSingleFlightTest.java	com.foggyframework.dataset.db.model.lifecycle.concurrent.ModelBuildSingleFlightTest	surefire	unit	unit	none	hermetic	2	true	foggy-dataset-model	none	none
v934|8:surefire|4:unit|4:unit|89:com.foggyframework.dataset.db.model.lifecycle.concurrent.QueryModelLoaderSingleFlightTest	v934-src|128:foggy-dataset-model/src/test/java/com/foggyframework/dataset/db/model/lifecycle/concurrent/QueryModelLoaderSingleFlightTest.java	com.foggyframework.dataset.db.model.lifecycle.concurrent.QueryModelLoaderSingleFlightTest	surefire	unit	unit	none	hermetic	2	true	foggy-dataset-model	none	none
v934|8:surefire|4:unit|4:unit|89:com.foggyframework.dataset.db.model.lifecycle.concurrent.TableModelLoaderSingleFlightTest	v934-src|128:foggy-dataset-model/src/test/java/com/foggyframework/dataset/db/model/lifecycle/concurrent/TableModelLoaderSingleFlightTest.java	com.foggyframework.dataset.db.model.lifecycle.concurrent.TableModelLoaderSingleFlightTest	surefire	unit	unit	none	hermetic	2	true	foggy-dataset-model	none	none
v934|8:failsafe|24:sqlite-broad-integration|14:sqlite-harness|89:com.foggyframework.dataset.db.model.lifecycle.gate.DeterministicConcurrencyHarnessProbeIT	v934-src|128:foggy-dataset-model/src/test/java/com/foggyframework/dataset/db/model/lifecycle/gate/DeterministicConcurrencyHarnessProbeIT.java	com.foggyframework.dataset.db.model.lifecycle.gate.DeterministicConcurrencyHarnessProbeIT	failsafe	sqlite-broad-integration	sqlite-harness	sqlite	sqlite	2	true	foggy-dataset-model	none	none
v934|8:surefire|4:unit|4:unit|91:com.foggyframework.dataset.db.model.lifecycle.gate.DeterministicConcurrencyHarnessProbeTest	v934-src|130:foggy-dataset-model/src/test/java/com/foggyframework/dataset/db/model/lifecycle/gate/DeterministicConcurrencyHarnessProbeTest.java	com.foggyframework.dataset.db.model.lifecycle.gate.DeterministicConcurrencyHarnessProbeTest	surefire	unit	unit	none	hermetic	2	true	foggy-dataset-model	none	none
v934|8:failsafe|24:database-contract-matrix|9:db-sqlite|78:com.foggyframework.dataset.db.model.lifecycle.gate.RequiredDatabasePreflightIT	v934-src|117:foggy-dataset-model/src/test/java/com/foggyframework/dataset/db/model/lifecycle/gate/RequiredDatabasePreflightIT.java	com.foggyframework.dataset.db.model.lifecycle.gate.RequiredDatabasePreflightIT	failsafe	database-contract-matrix	db-sqlite	sqlite	database	3	true	foggy-dataset-model	none	none
v934|8:failsafe|24:database-contract-matrix|10:db-mysql57|78:com.foggyframework.dataset.db.model.lifecycle.gate.RequiredDatabasePreflightIT	v934-src|117:foggy-dataset-model/src/test/java/com/foggyframework/dataset/db/model/lifecycle/gate/RequiredDatabasePreflightIT.java	com.foggyframework.dataset.db.model.lifecycle.gate.RequiredDatabasePreflightIT	failsafe	database-contract-matrix	db-mysql57	mysql57	database	3	true	foggy-dataset-model	none	none
v934|8:failsafe|24:database-contract-matrix|9:db-mysql8|78:com.foggyframework.dataset.db.model.lifecycle.gate.RequiredDatabasePreflightIT	v934-src|117:foggy-dataset-model/src/test/java/com/foggyframework/dataset/db/model/lifecycle/gate/RequiredDatabasePreflightIT.java	com.foggyframework.dataset.db.model.lifecycle.gate.RequiredDatabasePreflightIT	failsafe	database-contract-matrix	db-mysql8	mysql8	database	3	true	foggy-dataset-model	none	none
v934|8:failsafe|24:database-contract-matrix|13:db-postgres15|78:com.foggyframework.dataset.db.model.lifecycle.gate.RequiredDatabasePreflightIT	v934-src|117:foggy-dataset-model/src/test/java/com/foggyframework/dataset/db/model/lifecycle/gate/RequiredDatabasePreflightIT.java	com.foggyframework.dataset.db.model.lifecycle.gate.RequiredDatabasePreflightIT	failsafe	database-contract-matrix	db-postgres15	postgres15	database	3	true	foggy-dataset-model	none	none
v934|8:failsafe|24:database-contract-matrix|16:db-sqlserver2022|78:com.foggyframework.dataset.db.model.lifecycle.gate.RequiredDatabasePreflightIT	v934-src|117:foggy-dataset-model/src/test/java/com/foggyframework/dataset/db/model/lifecycle/gate/RequiredDatabasePreflightIT.java	com.foggyframework.dataset.db.model.lifecycle.gate.RequiredDatabasePreflightIT	failsafe	database-contract-matrix	db-sqlserver2022	sqlserver2022	database	3	true	foggy-dataset-model	none	none
v934|8:surefire|4:unit|4:unit|95:com.foggyframework.dataset.db.model.lifecycle.namespace.NamespaceProductionEntryRestorationTest	v934-src|134:foggy-dataset-model/src/test/java/com/foggyframework/dataset/db/model/lifecycle/namespace/NamespaceProductionEntryRestorationTest.java	com.foggyframework.dataset.db.model.lifecycle.namespace.NamespaceProductionEntryRestorationTest	surefire	unit	unit	none	hermetic	2	true	foggy-dataset-model	none	none
v934|8:surefire|4:unit|4:unit|74:com.foggyframework.dataset.db.model.lifecycle.namespace.NamespaceScopeTest	v934-src|113:foggy-dataset-model/src/test/java/com/foggyframework/dataset/db/model/lifecycle/namespace/NamespaceScopeTest.java	com.foggyframework.dataset.db.model.lifecycle.namespace.NamespaceScopeTest	surefire	unit	unit	none	hermetic	2	true	foggy-dataset-model	none	none
v934|8:surefire|4:unit|4:unit|90:com.foggyframework.dataset.db.model.lifecycle.namespace.QueryModelLoaderNamespaceScopeTest	v934-src|129:foggy-dataset-model/src/test/java/com/foggyframework/dataset/db/model/lifecycle/namespace/QueryModelLoaderNamespaceScopeTest.java	com.foggyframework.dataset.db.model.lifecycle.namespace.QueryModelLoaderNamespaceScopeTest	surefire	unit	unit	none	hermetic	2	true	foggy-dataset-model	none	none
v934|8:surefire|4:unit|4:unit|89:com.foggyframework.dataset.db.model.lifecycle.namespace.SemanticServiceNamespaceScopeTest	v934-src|128:foggy-dataset-model/src/test/java/com/foggyframework/dataset/db/model/lifecycle/namespace/SemanticServiceNamespaceScopeTest.java	com.foggyframework.dataset.db.model.lifecycle.namespace.SemanticServiceNamespaceScopeTest	surefire	unit	unit	none	hermetic	2	true	foggy-dataset-model	none	none
v934|8:surefire|4:unit|4:unit|91:com.foggyframework.dataset.db.model.lifecycle.port.DatasourceBindingResolverCurrentnessTest	v934-src|130:foggy-dataset-model/src/test/java/com/foggyframework/dataset/db/model/lifecycle/port/DatasourceBindingResolverCurrentnessTest.java	com.foggyframework.dataset.db.model.lifecycle.port.DatasourceBindingResolverCurrentnessTest	surefire	unit	unit	none	hermetic	2	true	foggy-dataset-model	none	none
v934|8:failsafe|24:sqlite-broad-integration|16:sqlite-lifecycle|81:com.foggyframework.dataset.db.model.lifecycle.realquery.ModelLifecycleRealQueryIT	v934-src|120:foggy-dataset-model/src/test/java/com/foggyframework/dataset/db/model/lifecycle/realquery/ModelLifecycleRealQueryIT.java	com.foggyframework.dataset.db.model.lifecycle.realquery.ModelLifecycleRealQueryIT	failsafe	sqlite-broad-integration	sqlite-lifecycle	sqlite	sqlite	2	true	foggy-dataset-model	none	none
v934|8:failsafe|24:database-contract-matrix|9:db-sqlite|91:com.foggyframework.dataset.db.model.lifecycle.realquery.RequiredDatabaseQueryFacadeParityIT	v934-src|130:foggy-dataset-model/src/test/java/com/foggyframework/dataset/db/model/lifecycle/realquery/RequiredDatabaseQueryFacadeParityIT.java	com.foggyframework.dataset.db.model.lifecycle.realquery.RequiredDatabaseQueryFacadeParityIT	failsafe	database-contract-matrix	db-sqlite	sqlite	database	3	true	foggy-dataset-model	none	none
v934|8:failsafe|24:database-contract-matrix|10:db-mysql57|91:com.foggyframework.dataset.db.model.lifecycle.realquery.RequiredDatabaseQueryFacadeParityIT	v934-src|130:foggy-dataset-model/src/test/java/com/foggyframework/dataset/db/model/lifecycle/realquery/RequiredDatabaseQueryFacadeParityIT.java	com.foggyframework.dataset.db.model.lifecycle.realquery.RequiredDatabaseQueryFacadeParityIT	failsafe	database-contract-matrix	db-mysql57	mysql57	database	3	true	foggy-dataset-model	none	none
v934|8:failsafe|24:database-contract-matrix|9:db-mysql8|91:com.foggyframework.dataset.db.model.lifecycle.realquery.RequiredDatabaseQueryFacadeParityIT	v934-src|130:foggy-dataset-model/src/test/java/com/foggyframework/dataset/db/model/lifecycle/realquery/RequiredDatabaseQueryFacadeParityIT.java	com.foggyframework.dataset.db.model.lifecycle.realquery.RequiredDatabaseQueryFacadeParityIT	failsafe	database-contract-matrix	db-mysql8	mysql8	database	3	true	foggy-dataset-model	none	none
v934|8:failsafe|24:database-contract-matrix|13:db-postgres15|91:com.foggyframework.dataset.db.model.lifecycle.realquery.RequiredDatabaseQueryFacadeParityIT	v934-src|130:foggy-dataset-model/src/test/java/com/foggyframework/dataset/db/model/lifecycle/realquery/RequiredDatabaseQueryFacadeParityIT.java	com.foggyframework.dataset.db.model.lifecycle.realquery.RequiredDatabaseQueryFacadeParityIT	failsafe	database-contract-matrix	db-postgres15	postgres15	database	3	true	foggy-dataset-model	none	none
v934|8:failsafe|24:database-contract-matrix|16:db-sqlserver2022|91:com.foggyframework.dataset.db.model.lifecycle.realquery.RequiredDatabaseQueryFacadeParityIT	v934-src|130:foggy-dataset-model/src/test/java/com/foggyframework/dataset/db/model/lifecycle/realquery/RequiredDatabaseQueryFacadeParityIT.java	com.foggyframework.dataset.db.model.lifecycle.realquery.RequiredDatabaseQueryFacadeParityIT	failsafe	database-contract-matrix	db-sqlserver2022	sqlserver2022	database	3	true	foggy-dataset-model	none	none
v934|8:surefire|4:unit|4:unit|80:com.foggyframework.dataset.db.model.lifecycle.refresh.BundleLifecycleRefreshTest	v934-src|119:foggy-dataset-model/src/test/java/com/foggyframework/dataset/db/model/lifecycle/refresh/BundleLifecycleRefreshTest.java	com.foggyframework.dataset.db.model.lifecycle.refresh.BundleLifecycleRefreshTest	surefire	unit	unit	none	hermetic	2	true	foggy-dataset-model	none	none
v934|8:surefire|4:unit|4:unit|82:com.foggyframework.dataset.db.model.lifecycle.refresh.CatalogAdmissionContractTest	v934-src|121:foggy-dataset-model/src/test/java/com/foggyframework/dataset/db/model/lifecycle/refresh/CatalogAdmissionContractTest.java	com.foggyframework.dataset.db.model.lifecycle.refresh.CatalogAdmissionContractTest	surefire	unit	unit	none	hermetic	2	true	foggy-dataset-model	none	none
v934|8:surefire|4:unit|4:unit|89:com.foggyframework.dataset.db.model.lifecycle.refresh.CatalogRefreshCandidateContractTest	v934-src|128:foggy-dataset-model/src/test/java/com/foggyframework/dataset/db/model/lifecycle/refresh/CatalogRefreshCandidateContractTest.java	com.foggyframework.dataset.db.model.lifecycle.refresh.CatalogRefreshCandidateContractTest	surefire	unit	unit	none	hermetic	2	true	foggy-dataset-model	none	none
v934|8:surefire|4:unit|4:unit|91:com.foggyframework.dataset.db.model.lifecycle.refresh.CatalogRefreshCoordinatorBehaviorTest	v934-src|130:foggy-dataset-model/src/test/java/com/foggyframework/dataset/db/model/lifecycle/refresh/CatalogRefreshCoordinatorBehaviorTest.java	com.foggyframework.dataset.db.model.lifecycle.refresh.CatalogRefreshCoordinatorBehaviorTest	surefire	unit	unit	none	hermetic	2	true	foggy-dataset-model	none	none
v934|8:surefire|4:unit|4:unit|91:com.foggyframework.dataset.db.model.lifecycle.refresh.CatalogRefreshCoordinatorContractTest	v934-src|130:foggy-dataset-model/src/test/java/com/foggyframework/dataset/db/model/lifecycle/refresh/CatalogRefreshCoordinatorContractTest.java	com.foggyframework.dataset.db.model.lifecycle.refresh.CatalogRefreshCoordinatorContractTest	surefire	unit	unit	none	hermetic	2	true	foggy-dataset-model	none	none
v934|8:failsafe|24:sqlite-broad-integration|14:sqlite-refresh|75:com.foggyframework.dataset.db.model.lifecycle.refresh.CatalogRefreshQueryIT	v934-src|114:foggy-dataset-model/src/test/java/com/foggyframework/dataset/db/model/lifecycle/refresh/CatalogRefreshQueryIT.java	com.foggyframework.dataset.db.model.lifecycle.refresh.CatalogRefreshQueryIT	failsafe	sqlite-broad-integration	sqlite-refresh	sqlite	sqlite	2	true	foggy-dataset-model	none	none
v934|8:surefire|4:unit|4:unit|80:com.foggyframework.dataset.db.model.lifecycle.refresh.FileChangeRefreshScopeTest	v934-src|119:foggy-dataset-model/src/test/java/com/foggyframework/dataset/db/model/lifecycle/refresh/FileChangeRefreshScopeTest.java	com.foggyframework.dataset.db.model.lifecycle.refresh.FileChangeRefreshScopeTest	surefire	unit	unit	none	hermetic	2	true	foggy-dataset-model	none	none
v934|8:failsafe|24:database-contract-matrix|9:db-sqlite|66:com.foggyframework.dataset.db.model.multidb.MultiDatabaseQueryTest	v934-src|105:foggy-dataset-model/src/test/java/com/foggyframework/dataset/db/model/multidb/MultiDatabaseQueryTest.java	com.foggyframework.dataset.db.model.multidb.MultiDatabaseQueryTest	failsafe	database-contract-matrix	db-sqlite	sqlite	database	3	true	foggy-dataset-model	none	none
v934|8:failsafe|24:database-contract-matrix|10:db-mysql57|66:com.foggyframework.dataset.db.model.multidb.MultiDatabaseQueryTest	v934-src|105:foggy-dataset-model/src/test/java/com/foggyframework/dataset/db/model/multidb/MultiDatabaseQueryTest.java	com.foggyframework.dataset.db.model.multidb.MultiDatabaseQueryTest	failsafe	database-contract-matrix	db-mysql57	mysql57	database	3	true	foggy-dataset-model	none	none
v934|8:failsafe|24:database-contract-matrix|9:db-mysql8|66:com.foggyframework.dataset.db.model.multidb.MultiDatabaseQueryTest	v934-src|105:foggy-dataset-model/src/test/java/com/foggyframework/dataset/db/model/multidb/MultiDatabaseQueryTest.java	com.foggyframework.dataset.db.model.multidb.MultiDatabaseQueryTest	failsafe	database-contract-matrix	db-mysql8	mysql8	database	3	true	foggy-dataset-model	none	none
v934|8:failsafe|24:database-contract-matrix|13:db-postgres15|66:com.foggyframework.dataset.db.model.multidb.MultiDatabaseQueryTest	v934-src|105:foggy-dataset-model/src/test/java/com/foggyframework/dataset/db/model/multidb/MultiDatabaseQueryTest.java	com.foggyframework.dataset.db.model.multidb.MultiDatabaseQueryTest	failsafe	database-contract-matrix	db-postgres15	postgres15	database	3	true	foggy-dataset-model	none	none
v934|8:failsafe|24:database-contract-matrix|16:db-sqlserver2022|66:com.foggyframework.dataset.db.model.multidb.MultiDatabaseQueryTest	v934-src|105:foggy-dataset-model/src/test/java/com/foggyframework/dataset/db/model/multidb/MultiDatabaseQueryTest.java	com.foggyframework.dataset.db.model.multidb.MultiDatabaseQueryTest	failsafe	database-contract-matrix	db-sqlserver2022	sqlserver2022	database	3	true	foggy-dataset-model	none	none
v934|8:surefire|4:unit|4:unit|66:com.foggyframework.dataset.db.model.namespace.NamespaceContextTest	v934-src|105:foggy-dataset-model/src/test/java/com/foggyframework/dataset/db/model/namespace/NamespaceContextTest.java	com.foggyframework.dataset.db.model.namespace.NamespaceContextTest	surefire	unit	unit	none	hermetic	2	true	foggy-dataset-model	none	none
v934|8:surefire|4:unit|4:unit|67:com.foggyframework.dataset.db.model.odoo.ClosureOperatorOrSliceTest	v934-src|106:foggy-dataset-model/src/test/java/com/foggyframework/dataset/db/model/odoo/ClosureOperatorOrSliceTest.java	com.foggyframework.dataset.db.model.odoo.ClosureOperatorOrSliceTest	surefire	unit	unit	none	hermetic	2	true	foggy-dataset-model	none	none
v934|8:surefire|4:unit|4:unit|63:com.foggyframework.dataset.db.model.odoo.OdooHierarchyQueryTest	v934-src|102:foggy-dataset-model/src/test/java/com/foggyframework/dataset/db/model/odoo/OdooHierarchyQueryTest.java	com.foggyframework.dataset.db.model.odoo.OdooHierarchyQueryTest	surefire	unit	unit	none	hermetic	2	true	foggy-dataset-model	none	none
v934|8:surefire|4:unit|4:unit|69:com.foggyframework.dataset.db.model.odoo.OdooInvalidFieldRecoveryTest	v934-src|108:foggy-dataset-model/src/test/java/com/foggyframework/dataset/db/model/odoo/OdooInvalidFieldRecoveryTest.java	com.foggyframework.dataset.db.model.odoo.OdooInvalidFieldRecoveryTest	surefire	unit	unit	none	hermetic	2	true	foggy-dataset-model	none	none
v934|8:surefire|4:unit|4:unit|61:com.foggyframework.dataset.db.model.odoo.OdooModelLoadingTest	v934-src|100:foggy-dataset-model/src/test/java/com/foggyframework/dataset/db/model/odoo/OdooModelLoadingTest.java	com.foggyframework.dataset.db.model.odoo.OdooModelLoadingTest	surefire	unit	unit	none	hermetic	2	true	foggy-dataset-model	none	none
v934|8:surefire|4:unit|4:unit|60:com.foggyframework.dataset.db.model.odoo.PermissionSliceTest	v934-src|99:foggy-dataset-model/src/test/java/com/foggyframework/dataset/db/model/odoo/PermissionSliceTest.java	com.foggyframework.dataset.db.model.odoo.PermissionSliceTest	surefire	unit	unit	none	hermetic	2	true	foggy-dataset-model	none	none
v934|8:surefire|4:unit|4:unit|73:com.foggyframework.dataset.db.model.odoo.QueryErrorPhysicalColumnLeakTest	v934-src|112:foggy-dataset-model/src/test/java/com/foggyframework/dataset/db/model/odoo/QueryErrorPhysicalColumnLeakTest.java	com.foggyframework.dataset.db.model.odoo.QueryErrorPhysicalColumnLeakTest	surefire	unit	unit	none	hermetic	2	true	foggy-dataset-model	none	none
v934|8:surefire|4:unit|4:unit|91:com.foggyframework.dataset.db.model.odoo.QueryErrorPhysicalColumnLeakTest$SanitizerContract	v934-src|112:foggy-dataset-model/src/test/java/com/foggyframework/dataset/db/model/odoo/QueryErrorPhysicalColumnLeakTest.java	com.foggyframework.dataset.db.model.odoo.QueryErrorPhysicalColumnLeakTest$SanitizerContract	surefire	unit	unit	none	hermetic	2	true	foggy-dataset-model	none	none
v934|8:surefire|4:unit|4:unit|108:com.foggyframework.dataset.db.model.odoo.QueryErrorPhysicalColumnLeakTest$SchemaAwareFieldValidationRecovery	v934-src|112:foggy-dataset-model/src/test/java/com/foggyframework/dataset/db/model/odoo/QueryErrorPhysicalColumnLeakTest.java	com.foggyframework.dataset.db.model.odoo.QueryErrorPhysicalColumnLeakTest$SchemaAwareFieldValidationRecovery	surefire	unit	unit	none	hermetic	2	true	foggy-dataset-model	none	none
v934|8:surefire|4:unit|4:unit|74:com.foggyframework.dataset.db.model.odoo.SelfReferencingDimensionAliasTest	v934-src|113:foggy-dataset-model/src/test/java/com/foggyframework/dataset/db/model/odoo/SelfReferencingDimensionAliasTest.java	com.foggyframework.dataset.db.model.odoo.SelfReferencingDimensionAliasTest	surefire	unit	unit	none	hermetic	2	true	foggy-dataset-model	none	none
v934|8:surefire|4:unit|4:unit|68:com.foggyframework.dataset.db.model.parity.FormulaParitySnapshotTest	v934-src|107:foggy-dataset-model/src/test/java/com/foggyframework/dataset/db/model/parity/FormulaParitySnapshotTest.java	com.foggyframework.dataset.db.model.parity.FormulaParitySnapshotTest	surefire	unit	unit	none	hermetic	2	true	foggy-dataset-model	none	none
v934|8:surefire|4:unit|4:unit|82:com.foggyframework.dataset.db.model.parity.JavaQueryModelAggregateJoinSnapshotTest	v934-src|121:foggy-dataset-model/src/test/java/com/foggyframework/dataset/db/model/parity/JavaQueryModelAggregateJoinSnapshotTest.java	com.foggyframework.dataset.db.model.parity.JavaQueryModelAggregateJoinSnapshotTest	surefire	unit	unit	none	hermetic	2	true	foggy-dataset-model	none	none
v934|8:surefire|4:unit|4:unit|72:com.foggyframework.dataset.db.model.parity.JavaSemanticScaleSnapshotTest	v934-src|111:foggy-dataset-model/src/test/java/com/foggyframework/dataset/db/model/parity/JavaSemanticScaleSnapshotTest.java	com.foggyframework.dataset.db.model.parity.JavaSemanticScaleSnapshotTest	surefire	unit	unit	none	hermetic	2	true	foggy-dataset-model	none	none
v934|8:surefire|4:unit|4:unit|83:com.foggyframework.dataset.db.model.parity.StableRelationOuterAggregateSnapshotTest	v934-src|122:foggy-dataset-model/src/test/java/com/foggyframework/dataset/db/model/parity/StableRelationOuterAggregateSnapshotTest.java	com.foggyframework.dataset.db.model.parity.StableRelationOuterAggregateSnapshotTest	surefire	unit	unit	none	hermetic	2	true	foggy-dataset-model	none	none
v934|8:surefire|4:unit|4:unit|80:com.foggyframework.dataset.db.model.parity.StableRelationOuterWindowSnapshotTest	v934-src|119:foggy-dataset-model/src/test/java/com/foggyframework/dataset/db/model/parity/StableRelationOuterWindowSnapshotTest.java	com.foggyframework.dataset.db.model.parity.StableRelationOuterWindowSnapshotTest	surefire	unit	unit	none	hermetic	2	true	foggy-dataset-model	none	none
v934|8:surefire|4:unit|4:unit|69:com.foggyframework.dataset.db.model.parity.StableRelationSnapshotTest	v934-src|108:foggy-dataset-model/src/test/java/com/foggyframework/dataset/db/model/parity/StableRelationSnapshotTest.java	com.foggyframework.dataset.db.model.parity.StableRelationSnapshotTest	surefire	unit	unit	none	hermetic	2	true	foggy-dataset-model	none	none
v934|8:surefire|4:unit|4:unit|71:com.foggyframework.dataset.db.model.parity.TimeWindowParitySnapshotTest	v934-src|110:foggy-dataset-model/src/test/java/com/foggyframework/dataset/db/model/parity/TimeWindowParitySnapshotTest.java	com.foggyframework.dataset.db.model.parity.TimeWindowParitySnapshotTest	surefire	unit	unit	none	hermetic	2	true	foggy-dataset-model	none	none
v934|8:failsafe|24:sqlite-broad-integration|12:sqlite-broad|70:com.foggyframework.dataset.db.model.plugins.AutoGroupByIntegrationTest	v934-src|109:foggy-dataset-model/src/test/java/com/foggyframework/dataset/db/model/plugins/AutoGroupByIntegrationTest.java	com.foggyframework.dataset.db.model.plugins.AutoGroupByIntegrationTest	failsafe	sqlite-broad-integration	sqlite-broad	sqlite	sqlite	2	true	foggy-dataset-model	none	none
v934|8:surefire|4:unit|4:unit|63:com.foggyframework.dataset.db.model.plugins.AutoGroupByStepTest	v934-src|102:foggy-dataset-model/src/test/java/com/foggyframework/dataset/db/model/plugins/AutoGroupByStepTest.java	com.foggyframework.dataset.db.model.plugins.AutoGroupByStepTest	surefire	unit	unit	none	hermetic	2	true	foggy-dataset-model	none	none
v934|8:failsafe|24:sqlite-broad-integration|12:sqlite-broad|71:com.foggyframework.dataset.db.model.plugins.HavingClauseIntegrationTest	v934-src|110:foggy-dataset-model/src/test/java/com/foggyframework/dataset/db/model/plugins/HavingClauseIntegrationTest.java	com.foggyframework.dataset.db.model.plugins.HavingClauseIntegrationTest	failsafe	sqlite-broad-integration	sqlite-broad	sqlite	sqlite	2	true	foggy-dataset-model	none	none
v934|8:surefire|4:unit|4:unit|65:com.foggyframework.dataset.db.model.plugins.InlineParserDebugTest	v934-src|104:foggy-dataset-model/src/test/java/com/foggyframework/dataset/db/model/plugins/InlineParserDebugTest.java	com.foggyframework.dataset.db.model.plugins.InlineParserDebugTest	surefire	unit	unit	none	hermetic	2	true	foggy-dataset-model	none	none
v934|8:surefire|4:unit|4:unit|74:com.foggyframework.dataset.db.model.plugins.QueryRequestValidationStepTest	v934-src|113:foggy-dataset-model/src/test/java/com/foggyframework/dataset/db/model/plugins/QueryRequestValidationStepTest.java	com.foggyframework.dataset.db.model.plugins.QueryRequestValidationStepTest	surefire	unit	unit	none	hermetic	2	true	foggy-dataset-model	none	none
v934|8:surefire|4:unit|4:unit|98:com.foggyframework.dataset.db.model.plugins.query_execution.QueryExecutionStepExecutorLoopHookTest	v934-src|137:foggy-dataset-model/src/test/java/com/foggyframework/dataset/db/model/plugins/query_execution/QueryExecutionStepExecutorLoopHookTest.java	com.foggyframework.dataset.db.model.plugins.query_execution.QueryExecutionStepExecutorLoopHookTest	surefire	unit	unit	none	hermetic	2	true	foggy-dataset-model	none	none
v934|8:surefire|4:unit|4:unit|95:com.foggyframework.dataset.db.model.plugins.query_execution.QueryExecutionStepExecutorPhaseTest	v934-src|134:foggy-dataset-model/src/test/java/com/foggyframework/dataset/db/model/plugins/query_execution/QueryExecutionStepExecutorPhaseTest.java	com.foggyframework.dataset.db.model.plugins.query_execution.QueryExecutionStepExecutorPhaseTest	surefire	unit	unit	none	hermetic	2	true	foggy-dataset-model	none	none
v934|8:surefire|4:unit|4:unit|90:com.foggyframework.dataset.db.model.plugins.query_execution.QueryExecutionStepOrderingTest	v934-src|129:foggy-dataset-model/src/test/java/com/foggyframework/dataset/db/model/plugins/query_execution/QueryExecutionStepOrderingTest.java	com.foggyframework.dataset.db.model.plugins.query_execution.QueryExecutionStepOrderingTest	surefire	unit	unit	none	hermetic	2	true	foggy-dataset-model	none	none
v934|8:surefire|4:unit|4:unit|99:com.foggyframework.dataset.db.model.plugins.result_set_filter.DataSetResultStepExecutorOrderingTest	v934-src|138:foggy-dataset-model/src/test/java/com/foggyframework/dataset/db/model/plugins/result_set_filter/DataSetResultStepExecutorOrderingTest.java	com.foggyframework.dataset.db.model.plugins.result_set_filter.DataSetResultStepExecutorOrderingTest	surefire	unit	unit	none	hermetic	2	true	foggy-dataset-model	none	none
v934|8:surefire|4:unit|4:unit|91:com.foggyframework.dataset.db.model.plugins.result_set_filter.FieldAccessPermissionStepTest	v934-src|130:foggy-dataset-model/src/test/java/com/foggyframework/dataset/db/model/plugins/result_set_filter/FieldAccessPermissionStepTest.java	com.foggyframework.dataset.db.model.plugins.result_set_filter.FieldAccessPermissionStepTest	surefire	unit	unit	none	hermetic	2	true	foggy-dataset-model	none	none
v934|8:surefire|4:unit|4:unit|96:com.foggyframework.dataset.db.model.plugins.result_set_filter.InlineExpressionPreprocessStepTest	v934-src|135:foggy-dataset-model/src/test/java/com/foggyframework/dataset/db/model/plugins/result_set_filter/InlineExpressionPreprocessStepTest.java	com.foggyframework.dataset.db.model.plugins.result_set_filter.InlineExpressionPreprocessStepTest	surefire	unit	unit	none	hermetic	2	true	foggy-dataset-model	none	none
v934|8:surefire|4:unit|4:unit|91:com.foggyframework.dataset.db.model.plugins.result_set_filter.SchemaAwareCalcFieldAliasTest	v934-src|130:foggy-dataset-model/src/test/java/com/foggyframework/dataset/db/model/plugins/result_set_filter/SchemaAwareCalcFieldAliasTest.java	com.foggyframework.dataset.db.model.plugins.result_set_filter.SchemaAwareCalcFieldAliasTest	surefire	unit	unit	none	hermetic	2	true	foggy-dataset-model	none	none
v934|8:surefire|4:unit|4:unit|114:com.foggyframework.dataset.db.model.plugins.result_set_filter.SchemaAwareCalcFieldAliasTest$NonTimeWindowCalcAlias	v934-src|130:foggy-dataset-model/src/test/java/com/foggyframework/dataset/db/model/plugins/result_set_filter/SchemaAwareCalcFieldAliasTest.java	com.foggyframework.dataset.db.model.plugins.result_set_filter.SchemaAwareCalcFieldAliasTest$NonTimeWindowCalcAlias	surefire	unit	unit	none	hermetic	2	true	foggy-dataset-model	none	none
v934|8:surefire|4:unit|4:unit|105:com.foggyframework.dataset.db.model.plugins.result_set_filter.SchemaAwareCalcFieldAliasTest$StillRejected	v934-src|130:foggy-dataset-model/src/test/java/com/foggyframework/dataset/db/model/plugins/result_set_filter/SchemaAwareCalcFieldAliasTest.java	com.foggyframework.dataset.db.model.plugins.result_set_filter.SchemaAwareCalcFieldAliasTest$StillRejected	surefire	unit	unit	none	hermetic	2	true	foggy-dataset-model	none	none
v934|8:surefire|4:unit|4:unit|111:com.foggyframework.dataset.db.model.plugins.result_set_filter.SchemaAwareCalcFieldAliasTest$TimeWindowCalcAlias	v934-src|130:foggy-dataset-model/src/test/java/com/foggyframework/dataset/db/model/plugins/result_set_filter/SchemaAwareCalcFieldAliasTest.java	com.foggyframework.dataset.db.model.plugins.result_set_filter.SchemaAwareCalcFieldAliasTest$TimeWindowCalcAlias	surefire	unit	unit	none	hermetic	2	true	foggy-dataset-model	none	none
v934|8:surefire|4:unit|4:unit|75:com.foggyframework.dataset.db.model.preagg.PreAggregationDataValidationTest	v934-src|114:foggy-dataset-model/src/test/java/com/foggyframework/dataset/db/model/preagg/PreAggregationDataValidationTest.java	com.foggyframework.dataset.db.model.preagg.PreAggregationDataValidationTest	surefire	unit	unit	none	hermetic	2	true	foggy-dataset-model	none	none
v934|8:surefire|4:unit|4:unit|69:com.foggyframework.dataset.db.model.preagg.PreAggregationEdgeCaseTest	v934-src|108:foggy-dataset-model/src/test/java/com/foggyframework/dataset/db/model/preagg/PreAggregationEdgeCaseTest.java	com.foggyframework.dataset.db.model.preagg.PreAggregationEdgeCaseTest	surefire	unit	unit	none	hermetic	2	true	foggy-dataset-model	none	none
v934|8:failsafe|24:sqlite-broad-integration|12:sqlite-broad|72:com.foggyframework.dataset.db.model.preagg.PreAggregationIntegrationTest	v934-src|111:foggy-dataset-model/src/test/java/com/foggyframework/dataset/db/model/preagg/PreAggregationIntegrationTest.java	com.foggyframework.dataset.db.model.preagg.PreAggregationIntegrationTest	failsafe	sqlite-broad-integration	sqlite-broad	sqlite	sqlite	2	true	foggy-dataset-model	none	none
v934|8:failsafe|24:sqlite-broad-integration|12:sqlite-broad|79:com.foggyframework.dataset.db.model.preagg.PreAggregationL2CacheIntegrationTest	v934-src|118:foggy-dataset-model/src/test/java/com/foggyframework/dataset/db/model/preagg/PreAggregationL2CacheIntegrationTest.java	com.foggyframework.dataset.db.model.preagg.PreAggregationL2CacheIntegrationTest	failsafe	sqlite-broad-integration	sqlite-broad	sqlite	sqlite	2	true	foggy-dataset-model	none	none
v934|8:surefire|4:unit|4:unit|60:com.foggyframework.dataset.db.model.proxy.DimensionProxyTest	v934-src|99:foggy-dataset-model/src/test/java/com/foggyframework/dataset/db/model/proxy/DimensionProxyTest.java	com.foggyframework.dataset.db.model.proxy.DimensionProxyTest	surefire	unit	unit	none	hermetic	2	true	foggy-dataset-model	none	none
v934|8:surefire|4:unit|4:unit|61:com.foggyframework.dataset.db.model.proxy.TableModelProxyTest	v934-src|100:foggy-dataset-model/src/test/java/com/foggyframework/dataset/db/model/proxy/TableModelProxyTest.java	com.foggyframework.dataset.db.model.proxy.TableModelProxyTest	surefire	unit	unit	none	hermetic	2	true	foggy-dataset-model	none	none
v934|8:surefire|4:unit|4:unit|64:com.foggyframework.dataset.db.model.security.FormulaSecurityTest	v934-src|103:foggy-dataset-model/src/test/java/com/foggyframework/dataset/db/model/security/FormulaSecurityTest.java	com.foggyframework.dataset.db.model.security.FormulaSecurityTest	surefire	unit	unit	none	hermetic	2	true	foggy-dataset-model	none	none
v934|8:failsafe|24:sqlite-broad-integration|12:sqlite-broad|80:com.foggyframework.dataset.db.model.semantic.ComparativeExecutionIntegrationTest	v934-src|119:foggy-dataset-model/src/test/java/com/foggyframework/dataset/db/model/semantic/ComparativeExecutionIntegrationTest.java	com.foggyframework.dataset.db.model.semantic.ComparativeExecutionIntegrationTest	failsafe	sqlite-broad-integration	sqlite-broad	sqlite	sqlite	2	true	foggy-dataset-model	none	none
v934|8:surefire|4:unit|4:unit|83:com.foggyframework.dataset.db.model.semantic.DictionaryDiscoveryMetadataFailureTest	v934-src|122:foggy-dataset-model/src/test/java/com/foggyframework/dataset/db/model/semantic/DictionaryDiscoveryMetadataFailureTest.java	com.foggyframework.dataset.db.model.semantic.DictionaryDiscoveryMetadataFailureTest	surefire	unit	unit	none	hermetic	2	true	foggy-dataset-model	none	none
v934|8:surefire|4:unit|4:unit|76:com.foggyframework.dataset.db.model.semantic.DictionaryDiscoveryMetadataTest	v934-src|115:foggy-dataset-model/src/test/java/com/foggyframework/dataset/db/model/semantic/DictionaryDiscoveryMetadataTest.java	com.foggyframework.dataset.db.model.semantic.DictionaryDiscoveryMetadataTest	surefire	unit	unit	none	hermetic	2	true	foggy-dataset-model	none	none
v934|8:surefire|4:unit|4:unit|71:com.foggyframework.dataset.db.model.semantic.DslCteAcceptanceSampleTest	v934-src|110:foggy-dataset-model/src/test/java/com/foggyframework/dataset/db/model/semantic/DslCteAcceptanceSampleTest.java	com.foggyframework.dataset.db.model.semantic.DslCteAcceptanceSampleTest	surefire	unit	unit	none	hermetic	2	true	foggy-dataset-model	none	none
v934|8:failsafe|24:sqlite-broad-integration|12:sqlite-broad|82:com.foggyframework.dataset.db.model.semantic.DslCteCrmFunnelFixtureIntegrationTest	v934-src|121:foggy-dataset-model/src/test/java/com/foggyframework/dataset/db/model/semantic/DslCteCrmFunnelFixtureIntegrationTest.java	com.foggyframework.dataset.db.model.semantic.DslCteCrmFunnelFixtureIntegrationTest	failsafe	sqlite-broad-integration	sqlite-broad	sqlite	sqlite	2	true	foggy-dataset-model	none	none
v934|8:failsafe|24:sqlite-broad-integration|12:sqlite-broad|87:com.foggyframework.dataset.db.model.semantic.DslCteRelationMetricFixtureIntegrationTest	v934-src|126:foggy-dataset-model/src/test/java/com/foggyframework/dataset/db/model/semantic/DslCteRelationMetricFixtureIntegrationTest.java	com.foggyframework.dataset.db.model.semantic.DslCteRelationMetricFixtureIntegrationTest	failsafe	sqlite-broad-integration	sqlite-broad	sqlite	sqlite	2	true	foggy-dataset-model	none	none
v934|8:failsafe|24:database-contract-matrix|19:postgres15-targeted|87:com.foggyframework.dataset.db.model.semantic.DslCteRelationMetricFixtureIntegrationTest	v934-src|126:foggy-dataset-model/src/test/java/com/foggyframework/dataset/db/model/semantic/DslCteRelationMetricFixtureIntegrationTest.java	com.foggyframework.dataset.db.model.semantic.DslCteRelationMetricFixtureIntegrationTest	failsafe	database-contract-matrix	postgres15-targeted	postgres15	database	3	true	foggy-dataset-model	none	none
v934|8:failsafe|24:sqlite-broad-integration|12:sqlite-broad|83:com.foggyframework.dataset.db.model.semantic.DslCteResultStageWindowIntegrationTest	v934-src|122:foggy-dataset-model/src/test/java/com/foggyframework/dataset/db/model/semantic/DslCteResultStageWindowIntegrationTest.java	com.foggyframework.dataset.db.model.semantic.DslCteResultStageWindowIntegrationTest	failsafe	sqlite-broad-integration	sqlite-broad	sqlite	sqlite	2	true	foggy-dataset-model	none	none
v934|8:failsafe|24:database-contract-matrix|19:postgres15-targeted|83:com.foggyframework.dataset.db.model.semantic.DslCteResultStageWindowIntegrationTest	v934-src|122:foggy-dataset-model/src/test/java/com/foggyframework/dataset/db/model/semantic/DslCteResultStageWindowIntegrationTest.java	com.foggyframework.dataset.db.model.semantic.DslCteResultStageWindowIntegrationTest	failsafe	database-contract-matrix	postgres15-targeted	postgres15	database	3	true	foggy-dataset-model	none	none
v934|8:failsafe|24:sqlite-broad-integration|12:sqlite-broad|76:com.foggyframework.dataset.db.model.semantic.DslCteSlaFixtureIntegrationTest	v934-src|115:foggy-dataset-model/src/test/java/com/foggyframework/dataset/db/model/semantic/DslCteSlaFixtureIntegrationTest.java	com.foggyframework.dataset.db.model.semantic.DslCteSlaFixtureIntegrationTest	failsafe	sqlite-broad-integration	sqlite-broad	sqlite	sqlite	2	true	foggy-dataset-model	none	none
v934|8:surefire|4:unit|4:unit|63:com.foggyframework.dataset.db.model.semantic.ExportMarkdownTest	v934-src|102:foggy-dataset-model/src/test/java/com/foggyframework/dataset/db/model/semantic/ExportMarkdownTest.java	com.foggyframework.dataset.db.model.semantic.ExportMarkdownTest	surefire	unit	unit	none	hermetic	2	true	foggy-dataset-model	none	none
v934|8:surefire|4:unit|4:unit|73:com.foggyframework.dataset.db.model.semantic.GridSqlContractValidatorTest	v934-src|112:foggy-dataset-model/src/test/java/com/foggyframework/dataset/db/model/semantic/GridSqlContractValidatorTest.java	com.foggyframework.dataset.db.model.semantic.GridSqlContractValidatorTest	surefire	unit	unit	none	hermetic	2	true	foggy-dataset-model	none	none
v934|8:surefire|4:unit|4:unit|78:com.foggyframework.dataset.db.model.semantic.MemoryGridEngineSpiFailClosedTest	v934-src|117:foggy-dataset-model/src/test/java/com/foggyframework/dataset/db/model/semantic/MemoryGridEngineSpiFailClosedTest.java	com.foggyframework.dataset.db.model.semantic.MemoryGridEngineSpiFailClosedTest	surefire	unit	unit	none	hermetic	2	true	foggy-dataset-model	none	none
v934|8:surefire|4:unit|4:unit|85:com.foggyframework.dataset.db.model.semantic.RealModelDictionaryDiscoveryMetadataTest	v934-src|124:foggy-dataset-model/src/test/java/com/foggyframework/dataset/db/model/semantic/RealModelDictionaryDiscoveryMetadataTest.java	com.foggyframework.dataset.db.model.semantic.RealModelDictionaryDiscoveryMetadataTest	surefire	unit	unit	none	hermetic	2	true	foggy-dataset-model	none	none
v934|8:surefire|4:unit|4:unit|87:com.foggyframework.dataset.db.model.semantic.SemanticQueryServiceV3ValidatePipelineTest	v934-src|126:foggy-dataset-model/src/test/java/com/foggyframework/dataset/db/model/semantic/SemanticQueryServiceV3ValidatePipelineTest.java	com.foggyframework.dataset.db.model.semantic.SemanticQueryServiceV3ValidatePipelineTest	surefire	unit	unit	none	hermetic	2	true	foggy-dataset-model	none	none
v934|8:surefire|4:unit|4:unit|72:com.foggyframework.dataset.db.model.semantic.SemanticQueryValidationTest	v934-src|111:foggy-dataset-model/src/test/java/com/foggyframework/dataset/db/model/semantic/SemanticQueryValidationTest.java	com.foggyframework.dataset.db.model.semantic.SemanticQueryValidationTest	surefire	unit	unit	none	hermetic	2	true	foggy-dataset-model	none	none
v934|8:surefire|4:unit|4:unit|83:com.foggyframework.dataset.db.model.semantic.SemanticServiceV3MetadataLoadIssueTest	v934-src|122:foggy-dataset-model/src/test/java/com/foggyframework/dataset/db/model/semantic/SemanticServiceV3MetadataLoadIssueTest.java	com.foggyframework.dataset.db.model.semantic.SemanticServiceV3MetadataLoadIssueTest	surefire	unit	unit	none	hermetic	2	true	foggy-dataset-model	none	none
v934|8:surefire|4:unit|4:unit|86:com.foggyframework.dataset.db.model.semantic.SemanticServiceV3MultiModelGovernanceTest	v934-src|125:foggy-dataset-model/src/test/java/com/foggyframework/dataset/db/model/semantic/SemanticServiceV3MultiModelGovernanceTest.java	com.foggyframework.dataset.db.model.semantic.SemanticServiceV3MultiModelGovernanceTest	surefire	unit	unit	none	hermetic	2	true	foggy-dataset-model	none	none
v934|8:surefire|4:unit|4:unit|66:com.foggyframework.dataset.db.model.semantic.SemanticServiceV3Test	v934-src|105:foggy-dataset-model/src/test/java/com/foggyframework/dataset/db/model/semantic/SemanticServiceV3Test.java	com.foggyframework.dataset.db.model.semantic.SemanticServiceV3Test	surefire	unit	unit	none	hermetic	2	true	foggy-dataset-model	none	none
v934|8:surefire|4:unit|4:unit|91:com.foggyframework.dataset.db.model.semantic.SemanticServiceV3Test$MetadataFieldAccessTests	v934-src|105:foggy-dataset-model/src/test/java/com/foggyframework/dataset/db/model/semantic/SemanticServiceV3Test.java	com.foggyframework.dataset.db.model.semantic.SemanticServiceV3Test$MetadataFieldAccessTests	surefire	unit	unit	none	hermetic	2	true	foggy-dataset-model	none	none
v934|8:surefire|4:unit|4:unit|94:com.foggyframework.dataset.db.model.semantic.SemanticServiceV3Test$MetadataPhysicalTablesTests	v934-src|105:foggy-dataset-model/src/test/java/com/foggyframework/dataset/db/model/semantic/SemanticServiceV3Test.java	com.foggyframework.dataset.db.model.semantic.SemanticServiceV3Test$MetadataPhysicalTablesTests	surefire	unit	unit	none	hermetic	2	true	foggy-dataset-model	none	none
v934|8:surefire|4:unit|4:unit|76:com.foggyframework.dataset.db.model.semantic.SemanticSqlAcceptanceSampleTest	v934-src|115:foggy-dataset-model/src/test/java/com/foggyframework/dataset/db/model/semantic/SemanticSqlAcceptanceSampleTest.java	com.foggyframework.dataset.db.model.semantic.SemanticSqlAcceptanceSampleTest	surefire	unit	unit	none	hermetic	2	true	foggy-dataset-model	none	none
v934|8:surefire|4:unit|4:unit|71:com.foggyframework.dataset.db.model.semantic.SemanticSqlToDslMapperTest	v934-src|110:foggy-dataset-model/src/test/java/com/foggyframework/dataset/db/model/semantic/SemanticSqlToDslMapperTest.java	com.foggyframework.dataset.db.model.semantic.SemanticSqlToDslMapperTest	surefire	unit	unit	none	hermetic	2	true	foggy-dataset-model	none	none
v934|8:surefire|4:unit|4:unit|78:com.foggyframework.dataset.db.model.semantic.SemanticSqlWhitelistValidatorTest	v934-src|117:foggy-dataset-model/src/test/java/com/foggyframework/dataset/db/model/semantic/SemanticSqlWhitelistValidatorTest.java	com.foggyframework.dataset.db.model.semantic.SemanticSqlWhitelistValidatorTest	surefire	unit	unit	none	hermetic	2	true	foggy-dataset-model	none	none
v934|8:surefire|4:unit|4:unit|81:com.foggyframework.dataset.db.model.semantic.SemanticTerminalAcceptanceSampleTest	v934-src|120:foggy-dataset-model/src/test/java/com/foggyframework/dataset/db/model/semantic/SemanticTerminalAcceptanceSampleTest.java	com.foggyframework.dataset.db.model.semantic.SemanticTerminalAcceptanceSampleTest	surefire	unit	unit	none	hermetic	2	true	foggy-dataset-model	none	none
v934|8:surefire|4:unit|4:unit|69:com.foggyframework.dataset.db.model.semantic.SemanticTerminalPlanTest	v934-src|108:foggy-dataset-model/src/test/java/com/foggyframework/dataset/db/model/semantic/SemanticTerminalPlanTest.java	com.foggyframework.dataset.db.model.semantic.SemanticTerminalPlanTest	surefire	unit	unit	none	hermetic	2	true	foggy-dataset-model	none	none
v934|8:surefire|4:unit|4:unit|77:com.foggyframework.dataset.db.model.semantic.StrictBareDimensionRejectionTest	v934-src|116:foggy-dataset-model/src/test/java/com/foggyframework/dataset/db/model/semantic/StrictBareDimensionRejectionTest.java	com.foggyframework.dataset.db.model.semantic.StrictBareDimensionRejectionTest	surefire	unit	unit	none	hermetic	2	true	foggy-dataset-model	none	none
v934|8:failsafe|24:sqlite-broad-integration|12:sqlite-broad|79:com.foggyframework.dataset.db.model.semantic.TimeWindowExecutionIntegrationTest	v934-src|118:foggy-dataset-model/src/test/java/com/foggyframework/dataset/db/model/semantic/TimeWindowExecutionIntegrationTest.java	com.foggyframework.dataset.db.model.semantic.TimeWindowExecutionIntegrationTest	failsafe	sqlite-broad-integration	sqlite-broad	sqlite	sqlite	2	true	foggy-dataset-model	none	none
v934|8:surefire|4:unit|4:unit|83:com.foggyframework.dataset.db.model.semantic.controller.NativeDatasetControllerTest	v934-src|122:foggy-dataset-model/src/test/java/com/foggyframework/dataset/db/model/semantic/controller/NativeDatasetControllerTest.java	com.foggyframework.dataset.db.model.semantic.controller.NativeDatasetControllerTest	surefire	unit	unit	none	hermetic	2	true	foggy-dataset-model	none	none
v934|8:surefire|4:unit|4:unit|90:com.foggyframework.dataset.db.model.semantic.controller.PivotOuterCacheAdminControllerTest	v934-src|129:foggy-dataset-model/src/test/java/com/foggyframework/dataset/db/model/semantic/controller/PivotOuterCacheAdminControllerTest.java	com.foggyframework.dataset.db.model.semantic.controller.PivotOuterCacheAdminControllerTest	surefire	unit	unit	none	hermetic	2	true	foggy-dataset-model	none	none
v934|8:surefire|4:unit|4:unit|100:com.foggyframework.dataset.db.model.semantic.controller.SemanticServiceV3TestControllerIsolationTest	v934-src|139:foggy-dataset-model/src/test/java/com/foggyframework/dataset/db/model/semantic/controller/SemanticServiceV3TestControllerIsolationTest.java	com.foggyframework.dataset.db.model.semantic.controller.SemanticServiceV3TestControllerIsolationTest	surefire	unit	unit	none	hermetic	2	true	foggy-dataset-model	none	none
v934|8:surefire|4:unit|4:unit|80:com.foggyframework.dataset.db.model.semantic.domain.SemanticOrderByShorthandTest	v934-src|119:foggy-dataset-model/src/test/java/com/foggyframework/dataset/db/model/semantic/domain/SemanticOrderByShorthandTest.java	com.foggyframework.dataset.db.model.semantic.domain.SemanticOrderByShorthandTest	surefire	unit	unit	none	hermetic	2	true	foggy-dataset-model	none	none
v934|8:surefire|4:unit|4:unit|78:com.foggyframework.dataset.db.model.semantic.domain.SemanticRequestContextTest	v934-src|117:foggy-dataset-model/src/test/java/com/foggyframework/dataset/db/model/semantic/domain/SemanticRequestContextTest.java	com.foggyframework.dataset.db.model.semantic.domain.SemanticRequestContextTest	surefire	unit	unit	none	hermetic	2	true	foggy-dataset-model	none	none
v934|8:surefire|4:unit|4:unit|77:com.foggyframework.dataset.db.model.semantic.domain.pivot.PivotMetricItemTest	v934-src|116:foggy-dataset-model/src/test/java/com/foggyframework/dataset/db/model/semantic/domain/pivot/PivotMetricItemTest.java	com.foggyframework.dataset.db.model.semantic.domain.pivot.PivotMetricItemTest	surefire	unit	unit	none	hermetic	2	true	foggy-dataset-model	none	none
v934|8:surefire|4:unit|4:unit|98:com.foggyframework.dataset.db.model.semantic.domain.pivot.PivotMetricItemTest$DeserializationTests	v934-src|116:foggy-dataset-model/src/test/java/com/foggyframework/dataset/db/model/semantic/domain/pivot/PivotMetricItemTest.java	com.foggyframework.dataset.db.model.semantic.domain.pivot.PivotMetricItemTest$DeserializationTests	surefire	unit	unit	none	hermetic	2	true	foggy-dataset-model	none	none
v934|8:surefire|4:unit|4:unit|93:com.foggyframework.dataset.db.model.semantic.domain.pivot.PivotMetricItemTest$ValidationTests	v934-src|116:foggy-dataset-model/src/test/java/com/foggyframework/dataset/db/model/semantic/domain/pivot/PivotMetricItemTest.java	com.foggyframework.dataset.db.model.semantic.domain.pivot.PivotMetricItemTest$ValidationTests	surefire	unit	unit	none	hermetic	2	true	foggy-dataset-model	none	none
v934|8:surefire|4:unit|4:unit|90:com.foggyframework.dataset.db.model.semantic.member.SyntheticMemberQueryModelLifecycleTest	v934-src|129:foggy-dataset-model/src/test/java/com/foggyframework/dataset/db/model/semantic/member/SyntheticMemberQueryModelLifecycleTest.java	com.foggyframework.dataset.db.model.semantic.member.SyntheticMemberQueryModelLifecycleTest	surefire	unit	unit	none	hermetic	2	true	foggy-dataset-model	none	none
v934|8:surefire|4:unit|4:unit|89:com.foggyframework.dataset.db.model.semantic.member.SyntheticMemberQueryModelResolverTest	v934-src|128:foggy-dataset-model/src/test/java/com/foggyframework/dataset/db/model/semantic/member/SyntheticMemberQueryModelResolverTest.java	com.foggyframework.dataset.db.model.semantic.member.SyntheticMemberQueryModelResolverTest	surefire	unit	unit	none	hermetic	2	true	foggy-dataset-model	none	none
v934|8:surefire|4:unit|4:unit|88:com.foggyframework.dataset.db.model.semantic.member.SyntheticMemberQueryModelRuntimeTest	v934-src|127:foggy-dataset-model/src/test/java/com/foggyframework/dataset/db/model/semantic/member/SyntheticMemberQueryModelRuntimeTest.java	com.foggyframework.dataset.db.model.semantic.member.SyntheticMemberQueryModelRuntimeTest	surefire	unit	unit	none	hermetic	2	true	foggy-dataset-model	none	none
v934|8:surefire|4:unit|4:unit|99:com.foggyframework.dataset.db.model.semantic.member.permission.SyntheticMemberInternalPatchStepTest	v934-src|138:foggy-dataset-model/src/test/java/com/foggyframework/dataset/db/model/semantic/member/permission/SyntheticMemberInternalPatchStepTest.java	com.foggyframework.dataset.db.model.semantic.member.permission.SyntheticMemberInternalPatchStepTest	surefire	unit	unit	none	hermetic	2	true	foggy-dataset-model	none	none
v934|8:failsafe|24:sqlite-broad-integration|12:sqlite-broad|103:com.foggyframework.dataset.db.model.semantic.member.permission.SyntheticMemberPermissionIntegrationTest	v934-src|142:foggy-dataset-model/src/test/java/com/foggyframework/dataset/db/model/semantic/member/permission/SyntheticMemberPermissionIntegrationTest.java	com.foggyframework.dataset.db.model.semantic.member.permission.SyntheticMemberPermissionIntegrationTest	failsafe	sqlite-broad-integration	sqlite-broad	sqlite	sqlite	2	true	foggy-dataset-model	none	none
v934|8:failsafe|24:sqlite-broad-integration|12:sqlite-broad|115:com.foggyframework.dataset.db.model.semantic.member.permission.SyntheticMemberPermissionIntegrationTest$LoaderTests	v934-src|142:foggy-dataset-model/src/test/java/com/foggyframework/dataset/db/model/semantic/member/permission/SyntheticMemberPermissionIntegrationTest.java	com.foggyframework.dataset.db.model.semantic.member.permission.SyntheticMemberPermissionIntegrationTest$LoaderTests	failsafe	sqlite-broad-integration	sqlite-broad	sqlite	sqlite	2	true	foggy-dataset-model	none	none
v934|8:failsafe|24:sqlite-broad-integration|12:sqlite-broad|121:com.foggyframework.dataset.db.model.semantic.member.permission.SyntheticMemberPermissionIntegrationTest$MergeRuleE2ETests	v934-src|142:foggy-dataset-model/src/test/java/com/foggyframework/dataset/db/model/semantic/member/permission/SyntheticMemberPermissionIntegrationTest.java	com.foggyframework.dataset.db.model.semantic.member.permission.SyntheticMemberPermissionIntegrationTest$MergeRuleE2ETests	failsafe	sqlite-broad-integration	sqlite-broad	sqlite	sqlite	2	true	foggy-dataset-model	none	none
v934|8:failsafe|24:sqlite-broad-integration|12:sqlite-broad|120:com.foggyframework.dataset.db.model.semantic.member.permission.SyntheticMemberPermissionIntegrationTest$QueryFacadeTests	v934-src|142:foggy-dataset-model/src/test/java/com/foggyframework/dataset/db/model/semantic/member/permission/SyntheticMemberPermissionIntegrationTest.java	com.foggyframework.dataset.db.model.semantic.member.permission.SyntheticMemberPermissionIntegrationTest$QueryFacadeTests	failsafe	sqlite-broad-integration	sqlite-broad	sqlite	sqlite	2	true	foggy-dataset-model	none	none
v934|8:failsafe|24:sqlite-broad-integration|12:sqlite-broad|117:com.foggyframework.dataset.db.model.semantic.member.permission.SyntheticMemberPermissionIntegrationTest$RealDataTests	v934-src|142:foggy-dataset-model/src/test/java/com/foggyframework/dataset/db/model/semantic/member/permission/SyntheticMemberPermissionIntegrationTest.java	com.foggyframework.dataset.db.model.semantic.member.permission.SyntheticMemberPermissionIntegrationTest$RealDataTests	failsafe	sqlite-broad-integration	sqlite-broad	sqlite	sqlite	2	true	foggy-dataset-model	none	none
v934|8:surefire|4:unit|4:unit|100:com.foggyframework.dataset.db.model.semantic.member.permission.SyntheticMemberPermissionResolverTest	v934-src|139:foggy-dataset-model/src/test/java/com/foggyframework/dataset/db/model/semantic/member/permission/SyntheticMemberPermissionResolverTest.java	com.foggyframework.dataset.db.model.semantic.member.permission.SyntheticMemberPermissionResolverTest	surefire	unit	unit	none	hermetic	2	true	foggy-dataset-model	none	none
v934|8:surefire|4:unit|4:unit|83:com.foggyframework.dataset.db.model.semantic.permission.FieldPermissionResolverTest	v934-src|122:foggy-dataset-model/src/test/java/com/foggyframework/dataset/db/model/semantic/permission/FieldPermissionResolverTest.java	com.foggyframework.dataset.db.model.semantic.permission.FieldPermissionResolverTest	surefire	unit	unit	none	hermetic	2	true	foggy-dataset-model	none	none
v934|8:surefire|4:unit|4:unit|84:com.foggyframework.dataset.db.model.semantic.service.SemanticModelCatalogServiceTest	v934-src|123:foggy-dataset-model/src/test/java/com/foggyframework/dataset/db/model/semantic/service/SemanticModelCatalogServiceTest.java	com.foggyframework.dataset.db.model.semantic.service.SemanticModelCatalogServiceTest	surefire	unit	unit	none	hermetic	2	true	foggy-dataset-model	none	none
v934|8:surefire|4:unit|4:unit|92:com.foggyframework.dataset.db.model.semantic.service.impl.DictionaryDiscoveryServiceImplTest	v934-src|131:foggy-dataset-model/src/test/java/com/foggyframework/dataset/db/model/semantic/service/impl/DictionaryDiscoveryServiceImplTest.java	com.foggyframework.dataset.db.model.semantic.service.impl.DictionaryDiscoveryServiceImplTest	surefire	unit	unit	none	hermetic	2	true	foggy-dataset-model	none	none
v934|8:surefire|4:unit|4:unit|101:com.foggyframework.dataset.db.model.semantic.service.impl.SemanticQueryServiceV3ImplRawSqlRoutingTest	v934-src|140:foggy-dataset-model/src/test/java/com/foggyframework/dataset/db/model/semantic/service/impl/SemanticQueryServiceV3ImplRawSqlRoutingTest.java	com.foggyframework.dataset.db.model.semantic.service.impl.SemanticQueryServiceV3ImplRawSqlRoutingTest	surefire	unit	unit	none	hermetic	2	true	foggy-dataset-model	none	none
v934|8:surefire|4:unit|4:unit|78:com.foggyframework.dataset.db.model.semantic.support.DslCteAssemblySupportTest	v934-src|117:foggy-dataset-model/src/test/java/com/foggyframework/dataset/db/model/semantic/support/DslCteAssemblySupportTest.java	com.foggyframework.dataset.db.model.semantic.support.DslCteAssemblySupportTest	surefire	unit	unit	none	hermetic	2	true	foggy-dataset-model	none	none
v934|8:surefire|4:unit|4:unit|85:com.foggyframework.dataset.db.model.semantic.support.DslCtePlannerContractAdapterTest	v934-src|124:foggy-dataset-model/src/test/java/com/foggyframework/dataset/db/model/semantic/support/DslCtePlannerContractAdapterTest.java	com.foggyframework.dataset.db.model.semantic.support.DslCtePlannerContractAdapterTest	surefire	unit	unit	none	hermetic	2	true	foggy-dataset-model	none	none
v934|8:surefire|4:unit|4:unit|78:com.foggyframework.dataset.db.model.semantic.support.DslCtePlanningServiceTest	v934-src|117:foggy-dataset-model/src/test/java/com/foggyframework/dataset/db/model/semantic/support/DslCtePlanningServiceTest.java	com.foggyframework.dataset.db.model.semantic.support.DslCtePlanningServiceTest	surefire	unit	unit	none	hermetic	2	true	foggy-dataset-model	none	none
v934|8:surefire|4:unit|4:unit|89:com.foggyframework.dataset.db.model.semantic.support.RelationResultExpressionCompilerTest	v934-src|128:foggy-dataset-model/src/test/java/com/foggyframework/dataset/db/model/semantic/support/RelationResultExpressionCompilerTest.java	com.foggyframework.dataset.db.model.semantic.support.RelationResultExpressionCompilerTest	surefire	unit	unit	none	hermetic	2	true	foggy-dataset-model	none	none
v934|8:surefire|4:unit|4:unit|83:com.foggyframework.dataset.db.model.semantic.support.SemanticQueryPayloadMapperTest	v934-src|122:foggy-dataset-model/src/test/java/com/foggyframework/dataset/db/model/semantic/support/SemanticQueryPayloadMapperTest.java	com.foggyframework.dataset.db.model.semantic.support.SemanticQueryPayloadMapperTest	surefire	unit	unit	none	hermetic	2	true	foggy-dataset-model	none	none
v934|8:surefire|4:unit|4:unit|82:com.foggyframework.dataset.db.model.semantic.support.SemanticRequestNormalizerTest	v934-src|121:foggy-dataset-model/src/test/java/com/foggyframework/dataset/db/model/semantic/support/SemanticRequestNormalizerTest.java	com.foggyframework.dataset.db.model.semantic.support.SemanticRequestNormalizerTest	surefire	unit	unit	none	hermetic	2	true	foggy-dataset-model	none	none
v934|8:surefire|4:unit|4:unit|82:com.foggyframework.dataset.db.model.semantic.util.CaseInsensitiveFieldResolverTest	v934-src|121:foggy-dataset-model/src/test/java/com/foggyframework/dataset/db/model/semantic/util/CaseInsensitiveFieldResolverTest.java	com.foggyframework.dataset.db.model.semantic.util.CaseInsensitiveFieldResolverTest	surefire	unit	unit	none	hermetic	2	true	foggy-dataset-model	none	none
v934|8:surefire|4:unit|4:unit|63:com.foggyframework.dataset.db.model.service.QueryFacadeImplTest	v934-src|102:foggy-dataset-model/src/test/java/com/foggyframework/dataset/db/model/service/QueryFacadeImplTest.java	com.foggyframework.dataset.db.model.service.QueryFacadeImplTest	surefire	unit	unit	none	hermetic	2	true	foggy-dataset-model	none	none
v934|8:surefire|4:unit|4:unit|62:com.foggyframework.dataset.db.model.spi.QueryCacheProviderTest	v934-src|101:foggy-dataset-model/src/test/java/com/foggyframework/dataset/db/model/spi/QueryCacheProviderTest.java	com.foggyframework.dataset.db.model.spi.QueryCacheProviderTest	surefire	unit	unit	none	hermetic	2	true	foggy-dataset-model	none	none
v934|8:surefire|4:unit|4:unit|64:com.foggyframework.dataset.db.data.dll.OnDuplicateKeyBuilderTest	v934-src|97:foggy-dataset/src/test/java/com/foggyframework/dataset/db/data/dll/OnDuplicateKeyBuilderTest.java	com.foggyframework.dataset.db.data.dll.OnDuplicateKeyBuilderTest	surefire	unit	unit	none	hermetic	2	true	foggy-dataset	none	none
v934|8:surefire|4:unit|4:unit|60:com.foggyframework.dataset.db.data.dll.SqlTableRowEditorTest	v934-src|93:foggy-dataset/src/test/java/com/foggyframework/dataset/db/data/dll/SqlTableRowEditorTest.java	com.foggyframework.dataset.db.data.dll.SqlTableRowEditorTest	surefire	unit	unit	none	hermetic	2	true	foggy-dataset	none	none
v934|8:surefire|4:unit|4:unit|54:com.foggyframework.dataset.db.dialect.DateTruncateTest	v934-src|87:foggy-dataset/src/test/java/com/foggyframework/dataset/db/dialect/DateTruncateTest.java	com.foggyframework.dataset.db.dialect.DateTruncateTest	surefire	unit	unit	none	hermetic	2	true	foggy-dataset	none	none
v934|8:surefire|4:unit|4:unit|72:com.foggyframework.dataset.db.dialect.DateTruncateTest$CrossDialectTests	v934-src|87:foggy-dataset/src/test/java/com/foggyframework/dataset/db/dialect/DateTruncateTest.java	com.foggyframework.dataset.db.dialect.DateTruncateTest$CrossDialectTests	surefire	unit	unit	none	hermetic	2	true	foggy-dataset	none	none
v934|8:surefire|4:unit|4:unit|65:com.foggyframework.dataset.db.dialect.DateTruncateTest$MysqlTests	v934-src|87:foggy-dataset/src/test/java/com/foggyframework/dataset/db/dialect/DateTruncateTest.java	com.foggyframework.dataset.db.dialect.DateTruncateTest$MysqlTests	surefire	unit	unit	none	hermetic	2	true	foggy-dataset	none	none
v934|8:surefire|4:unit|4:unit|68:com.foggyframework.dataset.db.dialect.DateTruncateTest$PostgresTests	v934-src|87:foggy-dataset/src/test/java/com/foggyframework/dataset/db/dialect/DateTruncateTest.java	com.foggyframework.dataset.db.dialect.DateTruncateTest$PostgresTests	surefire	unit	unit	none	hermetic	2	true	foggy-dataset	none	none
v934|8:surefire|4:unit|4:unit|69:com.foggyframework.dataset.db.dialect.DateTruncateTest$SqlServerTests	v934-src|87:foggy-dataset/src/test/java/com/foggyframework/dataset/db/dialect/DateTruncateTest.java	com.foggyframework.dataset.db.dialect.DateTruncateTest$SqlServerTests	surefire	unit	unit	none	hermetic	2	true	foggy-dataset	none	none
v934|8:surefire|4:unit|4:unit|66:com.foggyframework.dataset.db.dialect.DateTruncateTest$SqliteTests	v934-src|87:foggy-dataset/src/test/java/com/foggyframework/dataset/db/dialect/DateTruncateTest.java	com.foggyframework.dataset.db.dialect.DateTruncateTest$SqliteTests	surefire	unit	unit	none	hermetic	2	true	foggy-dataset	none	none
v934|8:surefire|4:unit|4:unit|50:com.foggyframework.dataset.db.dialect.FDialectTest	v934-src|83:foggy-dataset/src/test/java/com/foggyframework/dataset/db/dialect/FDialectTest.java	com.foggyframework.dataset.db.dialect.FDialectTest	surefire	unit	unit	none	hermetic	2	true	foggy-dataset	none	none
v934|8:surefire|4:unit|4:unit|55:com.foggyframework.dataset.db.fsscript.SyncSqlTableTest	v934-src|88:foggy-dataset/src/test/java/com/foggyframework/dataset/db/fsscript/SyncSqlTableTest.java	com.foggyframework.dataset.db.fsscript.SyncSqlTableTest	surefire	unit	unit	none	hermetic	2	true	foggy-dataset	none	none
v934|8:surefire|4:unit|4:unit|55:com.foggyframework.dataset.db.table.dll.JdbcUpdaterTest	v934-src|88:foggy-dataset/src/test/java/com/foggyframework/dataset/db/table/dll/JdbcUpdaterTest.java	com.foggyframework.dataset.db.table.dll.JdbcUpdaterTest	surefire	unit	unit	none	hermetic	2	true	foggy-dataset	none	none
v934|8:surefire|4:unit|4:unit|58:com.foggyframework.dataset.db.table.dll.TableGeneratorTest	v934-src|91:foggy-dataset/src/test/java/com/foggyframework/dataset/db/table/dll/TableGeneratorTest.java	com.foggyframework.dataset.db.table.dll.TableGeneratorTest	surefire	unit	unit	none	hermetic	2	true	foggy-dataset	none	none
v934|8:surefire|4:unit|4:unit|54:com.foggyframework.dataset.db.utils.JdbcTableUtilsTest	v934-src|87:foggy-dataset/src/test/java/com/foggyframework/dataset/db/utils/JdbcTableUtilsTest.java	com.foggyframework.dataset.db.utils.JdbcTableUtilsTest	surefire	unit	unit	none	hermetic	2	true	foggy-dataset	none	none
v934|8:surefire|4:unit|4:unit|51:com.foggyframework.dataset.fun.DatasetJdbcUtilsTest	v934-src|84:foggy-dataset/src/test/java/com/foggyframework/dataset/fun/DatasetJdbcUtilsTest.java	com.foggyframework.dataset.fun.DatasetJdbcUtilsTest	surefire	unit	unit	none	hermetic	2	true	foggy-dataset	none	none
v934|8:surefire|4:unit|4:unit|63:com.foggyframework.dataset.model.support.JdbcResultSetModelTest	v934-src|96:foggy-dataset/src/test/java/com/foggyframework/dataset/model/support/JdbcResultSetModelTest.java	com.foggyframework.dataset.model.support.JdbcResultSetModelTest	surefire	unit	unit	none	hermetic	2	true	foggy-dataset	none	none
v934|8:surefire|4:unit|4:unit|57:com.foggyframework.dataset.resultset.query.SqlLikeExpTest	v934-src|90:foggy-dataset/src/test/java/com/foggyframework/dataset/resultset/query/SqlLikeExpTest.java	com.foggyframework.dataset.resultset.query.SqlLikeExpTest	surefire	unit	unit	none	hermetic	2	true	foggy-dataset	none	none
v934|8:surefire|4:unit|4:unit|79:com.foggyframework.dataset.resultset.spring.BaseModelListResultSetExtractorTest	v934-src|112:foggy-dataset/src/test/java/com/foggyframework/dataset/resultset/spring/BaseModelListResultSetExtractorTest.java	com.foggyframework.dataset.resultset.spring.BaseModelListResultSetExtractorTest	surefire	unit	unit	none	hermetic	2	true	foggy-dataset	none	none
v934|8:surefire|4:unit|4:unit|74:com.foggyframework.dataset.resultset.spring.JavaColumnNameFixRowMapperTest	v934-src|107:foggy-dataset/src/test/java/com/foggyframework/dataset/resultset/spring/JavaColumnNameFixRowMapperTest.java	com.foggyframework.dataset.resultset.spring.JavaColumnNameFixRowMapperTest	surefire	unit	unit	none	hermetic	2	true	foggy-dataset	none	none
v934|8:surefire|4:unit|4:unit|63:com.foggyframework.dataset.table.curd.BugFixInsertUpdateMapTest	v934-src|96:foggy-dataset/src/test/java/com/foggyframework/dataset/table/curd/BugFixInsertUpdateMapTest.java	com.foggyframework.dataset.table.curd.BugFixInsertUpdateMapTest	surefire	unit	unit	none	hermetic	2	true	foggy-dataset	none	none
v934|8:surefire|4:unit|4:unit|47:com.foggyframework.dataset.utils.SqlInUtilsTest	v934-src|80:foggy-dataset/src/test/java/com/foggyframework/dataset/utils/SqlInUtilsTest.java	com.foggyframework.dataset.utils.SqlInUtilsTest	surefire	unit	unit	none	hermetic	2	true	foggy-dataset	none	none
v934|8:surefire|4:unit|4:unit|47:com.foggyframework.bundle.BundleLoadFailureTest	v934-src|81:foggy-fsscript/src/test/java/com/foggyframework/bundle/BundleLoadFailureTest.java	com.foggyframework.bundle.BundleLoadFailureTest	surefire	unit	unit	none	hermetic	2	true	foggy-fsscript	none	none
v934|8:surefire|4:unit|4:unit|78:com.foggyframework.bundle.controller.BundleManagementControllerConditionalTest	v934-src|112:foggy-fsscript/src/test/java/com/foggyframework/bundle/controller/BundleManagementControllerConditionalTest.java	com.foggyframework.bundle.controller.BundleManagementControllerConditionalTest	surefire	unit	unit	none	hermetic	2	true	foggy-fsscript	none	none
v934|8:surefire|4:unit|4:unit|67:com.foggyframework.bundle.controller.BundleManagementControllerTest	v934-src|101:foggy-fsscript/src/test/java/com/foggyframework/bundle/controller/BundleManagementControllerTest.java	com.foggyframework.bundle.controller.BundleManagementControllerTest	surefire	unit	unit	none	hermetic	2	true	foggy-fsscript	none	none
v934|8:surefire|4:unit|4:unit|60:com.foggyframework.bundle.dynamic.DynamicBundleLifecycleTest	v934-src|94:foggy-fsscript/src/test/java/com/foggyframework/bundle/dynamic/DynamicBundleLifecycleTest.java	com.foggyframework.bundle.dynamic.DynamicBundleLifecycleTest	surefire	unit	unit	none	hermetic	2	true	foggy-fsscript	none	none
v934|8:surefire|4:unit|4:unit|61:com.foggyframework.bundle.dynamic.DynamicBundleManagementTest	v934-src|95:foggy-fsscript/src/test/java/com/foggyframework/bundle/dynamic/DynamicBundleManagementTest.java	com.foggyframework.bundle.dynamic.DynamicBundleManagementTest	surefire	unit	unit	none	hermetic	2	true	foggy-fsscript	none	none
v934|8:surefire|4:unit|4:unit|63:com.foggyframework.bundle.external.ExternalBundleDefinitionTest	v934-src|97:foggy-fsscript/src/test/java/com/foggyframework/bundle/external/ExternalBundleDefinitionTest.java	com.foggyframework.bundle.external.ExternalBundleDefinitionTest	surefire	unit	unit	none	hermetic	2	true	foggy-fsscript	none	none
v934|8:surefire|4:unit|4:unit|59:com.foggyframework.bundle.external.ExternalBundleLoaderTest	v934-src|93:foggy-fsscript/src/test/java/com/foggyframework/bundle/external/ExternalBundleLoaderTest.java	com.foggyframework.bundle.external.ExternalBundleLoaderTest	surefire	unit	unit	none	hermetic	2	true	foggy-fsscript	none	none
v934|8:surefire|4:unit|4:unit|63:com.foggyframework.bundle.external.ExternalBundlePropertiesTest	v934-src|97:foggy-fsscript/src/test/java/com/foggyframework/bundle/external/ExternalBundlePropertiesTest.java	com.foggyframework.bundle.external.ExternalBundlePropertiesTest	surefire	unit	unit	none	hermetic	2	true	foggy-fsscript	none	none
v934|8:surefire|4:unit|4:unit|65:com.foggyframework.bundle.external.ExternalFileBundleResourceTest	v934-src|99:foggy-fsscript/src/test/java/com/foggyframework/bundle/external/ExternalFileBundleResourceTest.java	com.foggyframework.bundle.external.ExternalFileBundleResourceTest	surefire	unit	unit	none	hermetic	2	true	foggy-fsscript	none	none
v934|8:surefire|4:unit|4:unit|57:com.foggyframework.bundle.external.ExternalFileBundleTest	v934-src|91:foggy-fsscript/src/test/java/com/foggyframework/bundle/external/ExternalFileBundleTest.java	com.foggyframework.bundle.external.ExternalFileBundleTest	surefire	unit	unit	none	hermetic	2	true	foggy-fsscript	none	none
v934|8:surefire|4:unit|4:unit|66:com.foggyframework.bundle.lifecycle.BundleSourceCommitOrderingTest	v934-src|100:foggy-fsscript/src/test/java/com/foggyframework/bundle/lifecycle/BundleSourceCommitOrderingTest.java	com.foggyframework.bundle.lifecycle.BundleSourceCommitOrderingTest	surefire	unit	unit	none	hermetic	2	true	foggy-fsscript	none	none
v934|8:surefire|4:unit|4:unit|55:com.foggyframework.bundle.namespace.NamespaceBundleTest	v934-src|89:foggy-fsscript/src/test/java/com/foggyframework/bundle/namespace/NamespaceBundleTest.java	com.foggyframework.bundle.namespace.NamespaceBundleTest	surefire	unit	unit	none	hermetic	2	true	foggy-fsscript	none	none
v934|8:surefire|4:unit|4:unit|39:com.foggyframework.fsscript.BugFix1Test	v934-src|73:foggy-fsscript/src/test/java/com/foggyframework/fsscript/BugFix1Test.java	com.foggyframework.fsscript.BugFix1Test	surefire	unit	unit	none	hermetic	2	true	foggy-fsscript	none	none
v934|8:surefire|4:unit|4:unit|51:com.foggyframework.fsscript.DefaultExpEvaluatorTest	v934-src|85:foggy-fsscript/src/test/java/com/foggyframework/fsscript/DefaultExpEvaluatorTest.java	com.foggyframework.fsscript.DefaultExpEvaluatorTest	surefire	unit	unit	none	hermetic	2	true	foggy-fsscript	none	none
v934|8:surefire|4:unit|4:unit|54:com.foggyframework.fsscript.bugfix.FromBatchBugFixTest	v934-src|88:foggy-fsscript/src/test/java/com/foggyframework/fsscript/bugfix/FromBatchBugFixTest.java	com.foggyframework.fsscript.bugfix.FromBatchBugFixTest	surefire	unit	unit	none	hermetic	2	true	foggy-fsscript	none	none
v934|8:surefire|4:unit|4:unit|50:com.foggyframework.fsscript.builtin.JsonGlobalTest	v934-src|84:foggy-fsscript/src/test/java/com/foggyframework/fsscript/builtin/JsonGlobalTest.java	com.foggyframework.fsscript.builtin.JsonGlobalTest	surefire	unit	unit	none	hermetic	2	true	foggy-fsscript	none	none
v934|8:surefire|4:unit|4:unit|67:com.foggyframework.fsscript.closure.MethodFilterFsscriptClosureTest	v934-src|101:foggy-fsscript/src/test/java/com/foggyframework/fsscript/closure/MethodFilterFsscriptClosureTest.java	com.foggyframework.fsscript.closure.MethodFilterFsscriptClosureTest	surefire	unit	unit	none	hermetic	2	true	foggy-fsscript	none	none
v934|8:surefire|4:unit|4:unit|67:com.foggyframework.fsscript.closure.file.FsscriptImportBoundaryTest	v934-src|101:foggy-fsscript/src/test/java/com/foggyframework/fsscript/closure/file/FsscriptImportBoundaryTest.java	com.foggyframework.fsscript.closure.file.FsscriptImportBoundaryTest	surefire	unit	unit	none	hermetic	2	true	foggy-fsscript	none	none
v934|8:surefire|4:unit|4:unit|83:com.foggyframework.fsscript.closure.file.ResourceFsscriptClosureDefinitionSpaceTest	v934-src|117:foggy-fsscript/src/test/java/com/foggyframework/fsscript/closure/file/ResourceFsscriptClosureDefinitionSpaceTest.java	com.foggyframework.fsscript.closure.file.ResourceFsscriptClosureDefinitionSpaceTest	surefire	unit	unit	none	hermetic	2	true	foggy-fsscript	none	none
v934|8:surefire|4:unit|4:unit|39:com.foggyframework.fsscript.exp.ASITest	v934-src|73:foggy-fsscript/src/test/java/com/foggyframework/fsscript/exp/ASITest.java	com.foggyframework.fsscript.exp.ASITest	surefire	unit	unit	none	hermetic	2	true	foggy-fsscript	none	none
v934|8:surefire|4:unit|4:unit|54:com.foggyframework.fsscript.exp.ArithmeticOperatorTest	v934-src|88:foggy-fsscript/src/test/java/com/foggyframework/fsscript/exp/ArithmeticOperatorTest.java	com.foggyframework.fsscript.exp.ArithmeticOperatorTest	surefire	unit	unit	none	hermetic	2	true	foggy-fsscript	none	none
v934|8:surefire|4:unit|4:unit|44:com.foggyframework.fsscript.exp.ArrayExpTest	v934-src|78:foggy-fsscript/src/test/java/com/foggyframework/fsscript/exp/ArrayExpTest.java	com.foggyframework.fsscript.exp.ArrayExpTest	surefire	unit	unit	none	hermetic	2	true	foggy-fsscript	none	none
v934|8:surefire|4:unit|4:unit|49:com.foggyframework.fsscript.exp.AutoNcountExpTest	v934-src|83:foggy-fsscript/src/test/java/com/foggyframework/fsscript/exp/AutoNcountExpTest.java	com.foggyframework.fsscript.exp.AutoNcountExpTest	surefire	unit	unit	none	hermetic	2	true	foggy-fsscript	none	none
v934|8:surefire|4:unit|4:unit|51:com.foggyframework.fsscript.exp.CommonDimsParseTest	v934-src|85:foggy-fsscript/src/test/java/com/foggyframework/fsscript/exp/CommonDimsParseTest.java	com.foggyframework.fsscript.exp.CommonDimsParseTest	surefire	unit	unit	none	hermetic	2	true	foggy-fsscript	none	none
v934|8:surefire|4:unit|4:unit|54:com.foggyframework.fsscript.exp.ComparisonOperatorTest	v934-src|88:foggy-fsscript/src/test/java/com/foggyframework/fsscript/exp/ComparisonOperatorTest.java	com.foggyframework.fsscript.exp.ComparisonOperatorTest	surefire	unit	unit	none	hermetic	2	true	foggy-fsscript	none	none
v934|8:surefire|4:unit|4:unit|42:com.foggyframework.fsscript.exp.DotExpTest	v934-src|76:foggy-fsscript/src/test/java/com/foggyframework/fsscript/exp/DotExpTest.java	com.foggyframework.fsscript.exp.DotExpTest	surefire	unit	unit	none	hermetic	2	true	foggy-fsscript	none	none
v934|8:surefire|4:unit|4:unit|45:com.foggyframework.fsscript.exp.ExpStringTest	v934-src|79:foggy-fsscript/src/test/java/com/foggyframework/fsscript/exp/ExpStringTest.java	com.foggyframework.fsscript.exp.ExpStringTest	surefire	unit	unit	none	hermetic	2	true	foggy-fsscript	none	none
v934|8:surefire|4:unit|4:unit|45:com.foggyframework.fsscript.exp.ExportExpTest	v934-src|79:foggy-fsscript/src/test/java/com/foggyframework/fsscript/exp/ExportExpTest.java	com.foggyframework.fsscript.exp.ExportExpTest	surefire	unit	unit	none	hermetic	2	true	foggy-fsscript	none	none
v934|8:surefire|4:unit|4:unit|42:com.foggyframework.fsscript.exp.ForExpTest	v934-src|76:foggy-fsscript/src/test/java/com/foggyframework/fsscript/exp/ForExpTest.java	com.foggyframework.fsscript.exp.ForExpTest	surefire	unit	unit	none	hermetic	2	true	foggy-fsscript	none	none
v934|8:surefire|4:unit|4:unit|49:com.foggyframework.fsscript.exp.ForLetClosureTest	v934-src|83:foggy-fsscript/src/test/java/com/foggyframework/fsscript/exp/ForLetClosureTest.java	com.foggyframework.fsscript.exp.ForLetClosureTest	surefire	unit	unit	none	hermetic	2	true	foggy-fsscript	none	none
v934|8:surefire|4:unit|4:unit|57:com.foggyframework.fsscript.exp.FunctionDefClosureBugTest	v934-src|91:foggy-fsscript/src/test/java/com/foggyframework/fsscript/exp/FunctionDefClosureBugTest.java	com.foggyframework.fsscript.exp.FunctionDefClosureBugTest	surefire	unit	unit	none	hermetic	2	true	foggy-fsscript	none	none
v934|8:surefire|4:unit|4:unit|47:com.foggyframework.fsscript.exp.FunctionExpTest	v934-src|81:foggy-fsscript/src/test/java/com/foggyframework/fsscript/exp/FunctionExpTest.java	com.foggyframework.fsscript.exp.FunctionExpTest	surefire	unit	unit	none	hermetic	2	true	foggy-fsscript	none	none
v934|8:surefire|4:unit|4:unit|41:com.foggyframework.fsscript.exp.IfExpTest	v934-src|75:foggy-fsscript/src/test/java/com/foggyframework/fsscript/exp/IfExpTest.java	com.foggyframework.fsscript.exp.IfExpTest	surefire	unit	unit	none	hermetic	2	true	foggy-fsscript	none	none
v934|8:surefire|4:unit|4:unit|56:com.foggyframework.fsscript.exp.ImportBeanExpFailureTest	v934-src|90:foggy-fsscript/src/test/java/com/foggyframework/fsscript/exp/ImportBeanExpFailureTest.java	com.foggyframework.fsscript.exp.ImportBeanExpFailureTest	surefire	unit	unit	none	hermetic	2	true	foggy-fsscript	none	none
v934|8:surefire|4:unit|4:unit|49:com.foggyframework.fsscript.exp.ImportBeanExpTest	v934-src|83:foggy-fsscript/src/test/java/com/foggyframework/fsscript/exp/ImportBeanExpTest.java	com.foggyframework.fsscript.exp.ImportBeanExpTest	surefire	unit	unit	none	hermetic	2	true	foggy-fsscript	none	none
v934|8:surefire|4:unit|4:unit|45:com.foggyframework.fsscript.exp.ImportExpTest	v934-src|79:foggy-fsscript/src/test/java/com/foggyframework/fsscript/exp/ImportExpTest.java	com.foggyframework.fsscript.exp.ImportExpTest	surefire	unit	unit	none	hermetic	2	true	foggy-fsscript	none	none
v934|8:surefire|4:unit|4:unit|51:com.foggyframework.fsscript.exp.ImportStaticExpTest	v934-src|85:foggy-fsscript/src/test/java/com/foggyframework/fsscript/exp/ImportStaticExpTest.java	com.foggyframework.fsscript.exp.ImportStaticExpTest	surefire	unit	unit	none	hermetic	2	true	foggy-fsscript	none	none
v934|8:surefire|4:unit|4:unit|46:com.foggyframework.fsscript.exp.InNotInExpTest	v934-src|80:foggy-fsscript/src/test/java/com/foggyframework/fsscript/exp/InNotInExpTest.java	com.foggyframework.fsscript.exp.InNotInExpTest	surefire	unit	unit	none	hermetic	2	true	foggy-fsscript	none	none
v934|8:surefire|4:unit|4:unit|49:com.foggyframework.fsscript.exp.InstanceofExpTest	v934-src|83:foggy-fsscript/src/test/java/com/foggyframework/fsscript/exp/InstanceofExpTest.java	com.foggyframework.fsscript.exp.InstanceofExpTest	surefire	unit	unit	none	hermetic	2	true	foggy-fsscript	none	none
v934|8:surefire|4:unit|4:unit|42:com.foggyframework.fsscript.exp.MapExpTest	v934-src|76:foggy-fsscript/src/test/java/com/foggyframework/fsscript/exp/MapExpTest.java	com.foggyframework.fsscript.exp.MapExpTest	surefire	unit	unit	none	hermetic	2	true	foggy-fsscript	none	none
v934|8:surefire|4:unit|4:unit|48:com.foggyframework.fsscript.exp.MethodFinderTest	v934-src|82:foggy-fsscript/src/test/java/com/foggyframework/fsscript/exp/MethodFinderTest.java	com.foggyframework.fsscript.exp.MethodFinderTest	surefire	unit	unit	none	hermetic	2	true	foggy-fsscript	none	none
v934|8:surefire|4:unit|4:unit|49:com.foggyframework.fsscript.exp.NfFunctionExpTest	v934-src|83:foggy-fsscript/src/test/java/com/foggyframework/fsscript/exp/NfFunctionExpTest.java	com.foggyframework.fsscript.exp.NfFunctionExpTest	surefire	unit	unit	none	hermetic	2	true	foggy-fsscript	none	none
v934|8:surefire|4:unit|4:unit|42:com.foggyframework.fsscript.exp.SwitchTest	v934-src|76:foggy-fsscript/src/test/java/com/foggyframework/fsscript/exp/SwitchTest.java	com.foggyframework.fsscript.exp.SwitchTest	surefire	unit	unit	none	hermetic	2	true	foggy-fsscript	none	none
v934|8:surefire|4:unit|4:unit|54:com.foggyframework.fsscript.exp.fun.CheckDaysRangeTest	v934-src|88:foggy-fsscript/src/test/java/com/foggyframework/fsscript/exp/fun/CheckDaysRangeTest.java	com.foggyframework.fsscript.exp.fun.CheckDaysRangeTest	surefire	unit	unit	none	hermetic	2	true	foggy-fsscript	none	none
v934|8:surefire|4:unit|4:unit|59:com.foggyframework.fsscript.jsr223.FsscriptScriptEngineTest	v934-src|93:foggy-fsscript/src/test/java/com/foggyframework/fsscript/jsr223/FsscriptScriptEngineTest.java	com.foggyframework.fsscript.jsr223.FsscriptScriptEngineTest	surefire	unit	unit	none	hermetic	2	true	foggy-fsscript	none	none
v934|8:surefire|4:unit|4:unit|73:com.foggyframework.fsscript.lifecycle.CommittedSourceRevisionRegistryTest	v934-src|107:foggy-fsscript/src/test/java/com/foggyframework/fsscript/lifecycle/CommittedSourceRevisionRegistryTest.java	com.foggyframework.fsscript.lifecycle.CommittedSourceRevisionRegistryTest	surefire	unit	unit	none	hermetic	2	true	foggy-fsscript	none	none
v934|8:surefire|4:unit|4:unit|58:com.foggyframework.fsscript.loadder.FileFsscriptLoaderTest	v934-src|92:foggy-fsscript/src/test/java/com/foggyframework/fsscript/loadder/FileFsscriptLoaderTest.java	com.foggyframework.fsscript.loadder.FileFsscriptLoaderTest	surefire	unit	unit	none	hermetic	2	true	foggy-fsscript	none	none
v934|8:surefire|4:unit|4:unit|61:com.foggyframework.fsscript.loadder.FileTxtFsscriptLoaderTest	v934-src|95:foggy-fsscript/src/test/java/com/foggyframework/fsscript/loadder/FileTxtFsscriptLoaderTest.java	com.foggyframework.fsscript.loadder.FileTxtFsscriptLoaderTest	surefire	unit	unit	none	hermetic	2	true	foggy-fsscript	none	none
v934|8:surefire|4:unit|4:unit|74:com.foggyframework.fsscript.loadder.FsscriptFileChangeHandlerAuthorityTest	v934-src|108:foggy-fsscript/src/test/java/com/foggyframework/fsscript/loadder/FsscriptFileChangeHandlerAuthorityTest.java	com.foggyframework.fsscript.loadder.FsscriptFileChangeHandlerAuthorityTest	surefire	unit	unit	none	hermetic	2	true	foggy-fsscript	none	none
v934|8:surefire|4:unit|4:unit|65:com.foggyframework.fsscript.loadder.FsscriptFileChangeHandlerTest	v934-src|99:foggy-fsscript/src/test/java/com/foggyframework/fsscript/loadder/FsscriptFileChangeHandlerTest.java	com.foggyframework.fsscript.loadder.FsscriptFileChangeHandlerTest	surefire	unit	unit	none	hermetic	2	true	foggy-fsscript	none	none
v934|8:surefire|4:unit|4:unit|58:com.foggyframework.fsscript.loadder.RootFsscriptLoaderTest	v934-src|92:foggy-fsscript/src/test/java/com/foggyframework/fsscript/loadder/RootFsscriptLoaderTest.java	com.foggyframework.fsscript.loadder.RootFsscriptLoaderTest	surefire	unit	unit	none	hermetic	2	true	foggy-fsscript	none	none
v934|8:surefire|4:unit|4:unit|58:com.foggyframework.fsscript.parser.ComposeQueryDialectTest	v934-src|92:foggy-fsscript/src/test/java/com/foggyframework/fsscript/parser/ComposeQueryDialectTest.java	com.foggyframework.fsscript.parser.ComposeQueryDialectTest	surefire	unit	unit	none	hermetic	2	true	foggy-fsscript	none	none
v934|8:surefire|4:unit|4:unit|55:com.foggyframework.fsscript.parser.ExpParserDialectTest	v934-src|89:foggy-fsscript/src/test/java/com/foggyframework/fsscript/parser/ExpParserDialectTest.java	com.foggyframework.fsscript.parser.ExpParserDialectTest	surefire	unit	unit	none	hermetic	2	true	foggy-fsscript	none	none
v934|8:surefire|4:unit|4:unit|48:com.foggyframework.fsscript.parser.ExpParserTest	v934-src|82:foggy-fsscript/src/test/java/com/foggyframework/fsscript/parser/ExpParserTest.java	com.foggyframework.fsscript.parser.ExpParserTest	surefire	unit	unit	none	hermetic	2	true	foggy-fsscript	none	none
v934|8:surefire|4:unit|4:unit|54:com.foggyframework.fsscript.parser.FsscriptDialectTest	v934-src|88:foggy-fsscript/src/test/java/com/foggyframework/fsscript/parser/FsscriptDialectTest.java	com.foggyframework.fsscript.parser.FsscriptDialectTest	surefire	unit	unit	none	hermetic	2	true	foggy-fsscript	none	none
v934|8:surefire|4:unit|4:unit|57:com.foggyframework.fsscript.parser.OperatorPrecedenceTest	v934-src|91:foggy-fsscript/src/test/java/com/foggyframework/fsscript/parser/OperatorPrecedenceTest.java	com.foggyframework.fsscript.parser.OperatorPrecedenceTest	surefire	unit	unit	none	hermetic	2	true	foggy-fsscript	none	none
v934|8:surefire|4:unit|4:unit|59:com.foggyframework.fsscript.parser.SqlExpressionDialectTest	v934-src|93:foggy-fsscript/src/test/java/com/foggyframework/fsscript/parser/SqlExpressionDialectTest.java	com.foggyframework.fsscript.parser.SqlExpressionDialectTest	surefire	unit	unit	none	hermetic	2	true	foggy-fsscript	none	none
v934|8:surefire|4:unit|4:unit|52:com.foggyframework.fsscript.support.FsscriptImplTest	v934-src|86:foggy-fsscript/src/test/java/com/foggyframework/fsscript/support/FsscriptImplTest.java	com.foggyframework.fsscript.support.FsscriptImplTest	surefire	unit	unit	none	hermetic	2	true	foggy-fsscript	none	none
v934|8:surefire|4:unit|4:unit|62:com.foggyframework.fsscript.support.FsscriptRuntimeFailureTest	v934-src|96:foggy-fsscript/src/test/java/com/foggyframework/fsscript/support/FsscriptRuntimeFailureTest.java	com.foggyframework.fsscript.support.FsscriptRuntimeFailureTest	surefire	unit	unit	none	hermetic	2	true	foggy-fsscript	none	none
v934|8:surefire|4:unit|4:unit|42:com.foggyframework.fsscript.support.MyTest	v934-src|74:foggy-fsscript/src/test/java/com/foggyframework/fsscript/support/Test.java	com.foggyframework.fsscript.support.MyTest	surefire	unit	unit	none	hermetic	2	true	foggy-fsscript	none	none
v934|8:surefire|4:unit|4:unit|54:com.foggyframework.mcp.launcher.DataViewerApiSmokeTest	v934-src|92:foggy-mcp-launcher/src/test/java/com/foggyframework/mcp/launcher/DataViewerApiSmokeTest.java	com.foggyframework.mcp.launcher.DataViewerApiSmokeTest	surefire	unit	unit	none	hermetic	2	true	foggy-mcp-launcher	none	none
v934|8:surefire|4:unit|4:unit|71:com.foggyframework.mcp.launcher.McpLauncherLiteProfileConfigurationTest	v934-src|109:foggy-mcp-launcher/src/test/java/com/foggyframework/mcp/launcher/McpLauncherLiteProfileConfigurationTest.java	com.foggyframework.mcp.launcher.McpLauncherLiteProfileConfigurationTest	surefire	unit	unit	none	hermetic	2	true	foggy-mcp-launcher	none	none
v934|8:surefire|4:unit|4:unit|64:io.foggytest.autoconfigure.AutoConfigurationBoundaryContractTest	v934-src|102:foggy-mcp-launcher/src/test/java/io/foggytest/autoconfigure/AutoConfigurationBoundaryContractTest.java	io.foggytest.autoconfigure.AutoConfigurationBoundaryContractTest	surefire	unit	unit	none	hermetic	2	true	foggy-mcp-launcher	none	none
v934|8:surefire|4:unit|4:unit|70:io.foggytest.autoconfigure.AutoConfigurationRegistrationUniquenessTest	v934-src|108:foggy-mcp-launcher/src/test/java/io/foggytest/autoconfigure/AutoConfigurationRegistrationUniquenessTest.java	io.foggytest.autoconfigure.AutoConfigurationRegistrationUniquenessTest	surefire	unit	unit	none	hermetic	2	true	foggy-mcp-launcher	none	none
v934|8:surefire|4:unit|4:unit|65:io.foggytest.autoconfigure.FullAddonAutoConfigurationAssemblyTest	v934-src|103:foggy-mcp-launcher/src/test/java/io/foggytest/autoconfigure/FullAddonAutoConfigurationAssemblyTest.java	io.foggytest.autoconfigure.FullAddonAutoConfigurationAssemblyTest	surefire	unit	unit	none	hermetic	2	true	foggy-mcp-launcher	none	none
v934|8:surefire|4:unit|4:unit|71:io.foggytest.autoconfigure.OutsidePackageCoreAutoConfigurationSmokeTest	v934-src|109:foggy-mcp-launcher/src/test/java/io/foggytest/autoconfigure/OutsidePackageCoreAutoConfigurationSmokeTest.java	io.foggytest.autoconfigure.OutsidePackageCoreAutoConfigurationSmokeTest	surefire	unit	unit	none	hermetic	2	true	foggy-mcp-launcher	none	none
v934|8:surefire|4:unit|4:unit|60:io.foggytest.launcher.LauncherDefaultRouteIsolationSmokeTest	v934-src|98:foggy-mcp-launcher/src/test/java/io/foggytest/launcher/LauncherDefaultRouteIsolationSmokeTest.java	io.foggytest.launcher.LauncherDefaultRouteIsolationSmokeTest	surefire	unit	unit	none	hermetic	2	true	foggy-mcp-launcher	none	none
v934|8:surefire|4:unit|4:unit|57:io.foggytest.launcher.LauncherExplicitTestRoutesSmokeTest	v934-src|95:foggy-mcp-launcher/src/test/java/io/foggytest/launcher/LauncherExplicitTestRoutesSmokeTest.java	io.foggytest.launcher.LauncherExplicitTestRoutesSmokeTest	surefire	unit	unit	none	hermetic	2	true	foggy-mcp-launcher	none	none
v934|8:surefire|4:unit|4:unit|57:com.foggyframework.runtime.api.RuntimeApiAuthCodeGateTest	v934-src|94:foggy-runtime-api/src/test/java/com/foggyframework/runtime/api/RuntimeApiAuthCodeGateTest.java	com.foggyframework.runtime.api.RuntimeApiAuthCodeGateTest	surefire	unit	unit	none	hermetic	2	true	foggy-runtime-api	none	none
v934|8:surefire|4:unit|4:unit|72:com.foggyframework.runtime.api.RuntimeCapabilitiesControllerDisabledTest	v934-src|109:foggy-runtime-api/src/test/java/com/foggyframework/runtime/api/RuntimeCapabilitiesControllerDisabledTest.java	com.foggyframework.runtime.api.RuntimeCapabilitiesControllerDisabledTest	surefire	unit	unit	none	hermetic	2	true	foggy-runtime-api	none	none
v934|8:surefire|4:unit|4:unit|71:com.foggyframework.runtime.api.RuntimeCapabilitiesControllerEnabledTest	v934-src|108:foggy-runtime-api/src/test/java/com/foggyframework/runtime/api/RuntimeCapabilitiesControllerEnabledTest.java	com.foggyframework.runtime.api.RuntimeCapabilitiesControllerEnabledTest	surefire	unit	unit	none	hermetic	2	true	foggy-runtime-api	none	none
v934|8:surefire|4:unit|4:unit|82:com.foggyframework.runtime.api.controller.RuntimeModelsControllerCompatibilityTest	v934-src|119:foggy-runtime-api/src/test/java/com/foggyframework/runtime/api/controller/RuntimeModelsControllerCompatibilityTest.java	com.foggyframework.runtime.api.controller.RuntimeModelsControllerCompatibilityTest	surefire	unit	unit	none	hermetic	2	true	foggy-runtime-api	none	none
v934|8:surefire|4:unit|4:unit|66:com.foggyframework.runtime.api.dto.RuntimeLifecycleDtoContractTest	v934-src|103:foggy-runtime-api/src/test/java/com/foggyframework/runtime/api/dto/RuntimeLifecycleDtoContractTest.java	com.foggyframework.runtime.api.dto.RuntimeLifecycleDtoContractTest	surefire	unit	unit	none	hermetic	2	true	foggy-runtime-api	none	none
v934|8:surefire|4:unit|4:unit|69:com.foggyframework.runtime.api.dto.RuntimeLifecycleSafetyContractTest	v934-src|106:foggy-runtime-api/src/test/java/com/foggyframework/runtime/api/dto/RuntimeLifecycleSafetyContractTest.java	com.foggyframework.runtime.api.dto.RuntimeLifecycleSafetyContractTest	surefire	unit	unit	none	hermetic	2	true	foggy-runtime-api	none	none
v934|8:surefire|4:unit|4:unit|64:com.foggyframework.runtime.api.dto.RuntimeLifecycleSanitizerTest	v934-src|101:foggy-runtime-api/src/test/java/com/foggyframework/runtime/api/dto/RuntimeLifecycleSanitizerTest.java	com.foggyframework.runtime.api.dto.RuntimeLifecycleSanitizerTest	surefire	unit	unit	none	hermetic	2	true	foggy-runtime-api	none	none
v934|8:surefire|4:unit|4:unit|71:com.foggyframework.runtime.api.service.ManagedDataSourcePoolManagerTest	v934-src|108:foggy-runtime-api/src/test/java/com/foggyframework/runtime/api/service/ManagedDataSourcePoolManagerTest.java	com.foggyframework.runtime.api.service.ManagedDataSourcePoolManagerTest	surefire	unit	unit	none	hermetic	2	true	foggy-runtime-api	none	none
v934|8:surefire|4:unit|4:unit|67:com.foggyframework.runtime.api.service.RuntimeComposeInvocationTest	v934-src|104:foggy-runtime-api/src/test/java/com/foggyframework/runtime/api/service/RuntimeComposeInvocationTest.java	com.foggyframework.runtime.api.service.RuntimeComposeInvocationTest	surefire	unit	unit	none	hermetic	2	true	foggy-runtime-api	none	none
v934|8:surefire|4:unit|4:unit|63:com.foggyframework.runtime.api.service.RuntimeComposeRunnerTest	v934-src|100:foggy-runtime-api/src/test/java/com/foggyframework/runtime/api/service/RuntimeComposeRunnerTest.java	com.foggyframework.runtime.api.service.RuntimeComposeRunnerTest	surefire	unit	unit	none	hermetic	2	true	foggy-runtime-api	none	none
v934|8:surefire|4:unit|4:unit|76:com.foggyframework.runtime.api.service.RuntimeDatasourceBindingLifecycleTest	v934-src|113:foggy-runtime-api/src/test/java/com/foggyframework/runtime/api/service/RuntimeDatasourceBindingLifecycleTest.java	com.foggyframework.runtime.api.service.RuntimeDatasourceBindingLifecycleTest	surefire	unit	unit	none	hermetic	2	true	foggy-runtime-api	none	none
v934|8:surefire|4:unit|4:unit|78:com.foggyframework.runtime.api.service.RuntimeDatasourceCatalogConvergenceTest	v934-src|115:foggy-runtime-api/src/test/java/com/foggyframework/runtime/api/service/RuntimeDatasourceCatalogConvergenceTest.java	com.foggyframework.runtime.api.service.RuntimeDatasourceCatalogConvergenceTest	surefire	unit	unit	none	hermetic	2	true	foggy-runtime-api	none	none
v934|8:surefire|4:unit|4:unit|78:com.foggyframework.runtime.api.service.RuntimeDatasourceRegistryGenerationTest	v934-src|115:foggy-runtime-api/src/test/java/com/foggyframework/runtime/api/service/RuntimeDatasourceRegistryGenerationTest.java	com.foggyframework.runtime.api.service.RuntimeDatasourceRegistryGenerationTest	surefire	unit	unit	none	hermetic	2	true	foggy-runtime-api	none	none
v934|8:surefire|4:unit|4:unit|71:com.foggyframework.runtime.api.service.RuntimeLifecycleErrorMappingTest	v934-src|108:foggy-runtime-api/src/test/java/com/foggyframework/runtime/api/service/RuntimeLifecycleErrorMappingTest.java	com.foggyframework.runtime.api.service.RuntimeLifecycleErrorMappingTest	surefire	unit	unit	none	hermetic	2	true	foggy-runtime-api	none	none
v934|8:surefire|4:unit|4:unit|71:com.foggyframework.runtime.api.service.RuntimeModelRefreshLifecycleTest	v934-src|108:foggy-runtime-api/src/test/java/com/foggyframework/runtime/api/service/RuntimeModelRefreshLifecycleTest.java	com.foggyframework.runtime.api.service.RuntimeModelRefreshLifecycleTest	surefire	unit	unit	none	hermetic	2	true	foggy-runtime-api	none	none
v934|8:surefire|4:unit|4:unit|74:com.foggyframework.runtime.api.service.RuntimeModelValidationIsolationTest	v934-src|111:foggy-runtime-api/src/test/java/com/foggyframework/runtime/api/service/RuntimeModelValidationIsolationTest.java	com.foggyframework.runtime.api.service.RuntimeModelValidationIsolationTest	surefire	unit	unit	none	hermetic	2	true	foggy-runtime-api	none	none
v934|8:surefire|4:unit|4:unit|80:com.foggyframework.runtime.api.service.RuntimeNamedDataSourceResolverBindingTest	v934-src|117:foggy-runtime-api/src/test/java/com/foggyframework/runtime/api/service/RuntimeNamedDataSourceResolverBindingTest.java	com.foggyframework.runtime.api.service.RuntimeNamedDataSourceResolverBindingTest	surefire	unit	unit	none	hermetic	2	true	foggy-runtime-api	none	none
