mapping_group	relation	declared_old_count	declared_successor_count	criterion	predecessor_node	successor_execution_key	disposition	rationale	owner	reviewer
v934-map-88641e6bc82250bbdc20	1:1	1	1	API_COMPAT	v933-node|24:20260714T084351Z-3271604|10:api-compat|4:unit|71:com.foggyframework.runtime.api.RuntimeCapabilitiesControllerEnabledTest	v934|8:surefire|4:unit|4:unit|71:com.foggyframework.runtime.api.RuntimeCapabilitiesControllerEnabledTest	current-source-successor	same report owner retained under the reviewed v934 runner/variant split	foggy-runtime-api	v934-step1-independent-review
v934-map-959a6811a546f676ad5e	1:1	1	1	API_COMPAT	v933-node|24:20260714T084351Z-3271604|10:api-compat|4:unit|82:com.foggyframework.runtime.api.controller.RuntimeModelsControllerCompatibilityTest	v934|8:surefire|4:unit|4:unit|82:com.foggyframework.runtime.api.controller.RuntimeModelsControllerCompatibilityTest	current-source-successor	same report owner retained under the reviewed v934 runner/variant split	foggy-runtime-api	v934-step1-independent-review
v934-map-63f3f1d6688abfc6ef63	1:1	1	1	API_COMPAT	v933-node|24:20260714T084351Z-3271604|10:api-compat|4:unit|66:com.foggyframework.runtime.api.dto.RuntimeLifecycleDtoContractTest	v934|8:surefire|4:unit|4:unit|66:com.foggyframework.runtime.api.dto.RuntimeLifecycleDtoContractTest	current-source-successor	same report owner retained under the reviewed v934 runner/variant split	foggy-runtime-api	v934-step1-independent-review
v934-map-d465c9160b63366ea442	1:1	1	1	API_COMPAT	v933-node|24:20260714T084351Z-3271604|10:api-compat|4:unit|69:com.foggyframework.runtime.api.dto.RuntimeLifecycleSafetyContractTest	v934|8:surefire|4:unit|4:unit|69:com.foggyframework.runtime.api.dto.RuntimeLifecycleSafetyContractTest	current-source-successor	same report owner retained under the reviewed v934 runner/variant split	foggy-runtime-api	v934-step1-independent-review
v934-map-b5d3c0edcb888a03b2e4	1:1	1	1	API_COMPAT	v933-node|24:20260714T084351Z-3271604|10:api-compat|4:unit|64:com.foggyframework.runtime.api.dto.RuntimeLifecycleSanitizerTest	v934|8:surefire|4:unit|4:unit|64:com.foggyframework.runtime.api.dto.RuntimeLifecycleSanitizerTest	current-source-successor	same report owner retained under the reviewed v934 runner/variant split	foggy-runtime-api	v934-step1-independent-review
v934-map-8ac1f9ac124770ed4d61	1:1	1	1	API_COMPAT	v933-node|24:20260714T084351Z-3271604|10:api-compat|4:unit|71:com.foggyframework.runtime.api.service.RuntimeLifecycleErrorMappingTest	v934|8:surefire|4:unit|4:unit|71:com.foggyframework.runtime.api.service.RuntimeLifecycleErrorMappingTest	current-source-successor	same report owner retained under the reviewed v934 runner/variant split	foggy-runtime-api	v934-step1-independent-review
v934-map-6114e7aac40b8462e91b	1:1	1	1	AUTOCONFIG_LAUNCHER	v933-node|24:20260714T084351Z-3271604|19:autoconfig-launcher|4:unit|84:com.foggyframework.dataset.db.model.config.GlobalNamespaceFallbackRiskDiagnosticTest	v934|8:surefire|4:unit|4:unit|84:com.foggyframework.dataset.db.model.config.GlobalNamespaceFallbackRiskDiagnosticTest	current-source-successor	same report owner retained under the reviewed v934 runner/variant split	foggy-dataset-model	v934-step1-independent-review
v934-map-ad3f0e1af07a7e67e5ce	1:1	1	1	AUTOCONFIG_LAUNCHER	v933-node|24:20260714T084351Z-3271604|19:autoconfig-launcher|4:unit|68:com.foggyframework.dataset.graphql.GraphqlAddonAutoConfigurationTest	v934|8:surefire|4:unit|4:unit|68:com.foggyframework.dataset.graphql.GraphqlAddonAutoConfigurationTest	current-source-successor	same report owner retained under the reviewed v934 runner/variant split	addons/foggy-dataset-graphql	v934-step1-independent-review
v934-map-72b5b5cdec8b31920058	1:1	1	1	AUTOCONFIG_LAUNCHER	v933-node|24:20260714T084351Z-3271604|19:autoconfig-launcher|4:unit|78:com.foggyframework.dataset.mcp.storage.cloud.CloudStorageAutoConfigurationTest	v934|8:surefire|4:unit|4:unit|78:com.foggyframework.dataset.mcp.storage.cloud.CloudStorageAutoConfigurationTest	current-source-successor	same report owner retained under the reviewed v934 runner/variant split	addons/foggy-chart-storage-cloud	v934-step1-independent-review
v934-map-756df2f9001b016483a8	1:1	1	1	AUTOCONFIG_LAUNCHER	v933-node|24:20260714T084351Z-3271604|19:autoconfig-launcher|4:unit|75:com.foggyframework.dataviewer.config.DataViewerAutoConfigurationContextTest	v934|8:surefire|4:unit|4:unit|75:com.foggyframework.dataviewer.config.DataViewerAutoConfigurationContextTest	current-source-successor	same report owner retained under the reviewed v934 runner/variant split	addons/foggy-data-viewer	v934-step1-independent-review
v934-map-a0c492481298e78b7677	1:1	1	1	AUTOCONFIG_LAUNCHER	v933-node|24:20260714T084351Z-3271604|19:autoconfig-launcher|4:unit|64:io.foggytest.autoconfigure.AutoConfigurationBoundaryContractTest	v934|8:surefire|4:unit|4:unit|64:io.foggytest.autoconfigure.AutoConfigurationBoundaryContractTest	current-source-successor	same report owner retained under the reviewed v934 runner/variant split	foggy-mcp-launcher	v934-step1-independent-review
v934-map-9de44091e70a7bfef4ef	1:1	1	1	AUTOCONFIG_LAUNCHER	v933-node|24:20260714T084351Z-3271604|19:autoconfig-launcher|4:unit|70:io.foggytest.autoconfigure.AutoConfigurationRegistrationUniquenessTest	v934|8:surefire|4:unit|4:unit|70:io.foggytest.autoconfigure.AutoConfigurationRegistrationUniquenessTest	current-source-successor	same report owner retained under the reviewed v934 runner/variant split	foggy-mcp-launcher	v934-step1-independent-review
v934-map-b0deaad647a88b364714	1:1	1	1	AUTOCONFIG_LAUNCHER	v933-node|24:20260714T084351Z-3271604|19:autoconfig-launcher|4:unit|65:io.foggytest.autoconfigure.FullAddonAutoConfigurationAssemblyTest	v934|8:surefire|4:unit|4:unit|65:io.foggytest.autoconfigure.FullAddonAutoConfigurationAssemblyTest	current-source-successor	same report owner retained under the reviewed v934 runner/variant split	foggy-mcp-launcher	v934-step1-independent-review
v934-map-6f6a5bf1a93a08b10db8	1:1	1	1	AUTOCONFIG_LAUNCHER	v933-node|24:20260714T084351Z-3271604|19:autoconfig-launcher|4:unit|71:io.foggytest.autoconfigure.OutsidePackageCoreAutoConfigurationSmokeTest	v934|8:surefire|4:unit|4:unit|71:io.foggytest.autoconfigure.OutsidePackageCoreAutoConfigurationSmokeTest	current-source-successor	same report owner retained under the reviewed v934 runner/variant split	foggy-mcp-launcher	v934-step1-independent-review
v934-map-71d0c0fbe33b739311c1	1:1	1	1	AUTOCONFIG_LAUNCHER	v933-node|24:20260714T084351Z-3271604|19:autoconfig-launcher|4:unit|71:io.foggytest.autoconfigure.cache.QueryCacheAutoConfigurationContextTest	v934|8:surefire|4:unit|4:unit|71:io.foggytest.autoconfigure.cache.QueryCacheAutoConfigurationContextTest	current-source-successor	same report owner retained under the reviewed v934 runner/variant split	addons/foggy-dataset-model-cache	v934-step1-independent-review
v934-map-3e819941e70f227077fe	1:1	1	1	AUTOCONFIG_LAUNCHER	v933-node|24:20260714T084351Z-3271604|19:autoconfig-launcher|4:unit|77:io.foggytest.autoconfigure.modelmongo.MongoModelAutoConfigurationContractTest	v934|8:surefire|4:unit|4:unit|77:io.foggytest.autoconfigure.modelmongo.MongoModelAutoConfigurationContractTest	current-source-successor	same report owner retained under the reviewed v934 runner/variant split	addons/foggy-dataset-model-mongo	v934-step1-independent-review
v934-map-00b4d8c811787001125a	1:1	1	1	AUTOCONFIG_LAUNCHER	v933-node|24:20260714T084351Z-3271604|19:autoconfig-launcher|4:unit|79:io.foggytest.autoconfigure.modelvector.VectorModelAutoConfigurationContractTest	v934|8:surefire|4:unit|4:unit|79:io.foggytest.autoconfigure.modelvector.VectorModelAutoConfigurationContractTest	current-source-successor	same report owner retained under the reviewed v934 runner/variant split	addons/foggy-dataset-model-vector	v934-step1-independent-review
v934-map-7c30dfda867f77de32ee	1:1	1	1	AUTOCONFIG_LAUNCHER	v933-node|24:20260714T084351Z-3271604|19:autoconfig-launcher|4:unit|73:io.foggytest.autoconfigure.mongo.DataSetMongoAutoConfigurationContextTest	v934|8:surefire|4:unit|4:unit|73:io.foggytest.autoconfigure.mongo.DataSetMongoAutoConfigurationContextTest	current-source-successor	same report owner retained under the reviewed v934 runner/variant split	addons/foggy-dataset-mongo	v934-step1-independent-review
v934-map-c936e354f4ca982eaed3	1:1	1	1	AUTOCONFIG_LAUNCHER	v933-node|24:20260714T084351Z-3271604|19:autoconfig-launcher|4:unit|75:io.foggytest.autoconfigure.vector.DataSetVectorAutoConfigurationContextTest	v934|8:surefire|4:unit|4:unit|75:io.foggytest.autoconfigure.vector.DataSetVectorAutoConfigurationContextTest	current-source-successor	same report owner retained under the reviewed v934 runner/variant split	addons/foggy-dataset-vector	v934-step1-independent-review
v934-map-6d6c2c253a56c07fd60f	1:1	1	1	AUTOCONFIG_LAUNCHER	v933-node|24:20260714T084351Z-3271604|19:autoconfig-launcher|4:unit|60:io.foggytest.launcher.LauncherDefaultRouteIsolationSmokeTest	v934|8:surefire|4:unit|4:unit|60:io.foggytest.launcher.LauncherDefaultRouteIsolationSmokeTest	current-source-successor	same report owner retained under the reviewed v934 runner/variant split	foggy-mcp-launcher	v934-step1-independent-review
v934-map-535e235d31ac2ad2a81e	1:1	1	1	AUTOCONFIG_LAUNCHER	v933-node|24:20260714T084351Z-3271604|19:autoconfig-launcher|4:unit|57:io.foggytest.launcher.LauncherExplicitTestRoutesSmokeTest	v934|8:surefire|4:unit|4:unit|57:io.foggytest.launcher.LauncherExplicitTestRoutesSmokeTest	current-source-successor	same report owner retained under the reviewed v934 runner/variant split	foggy-mcp-launcher	v934-step1-independent-review
v934-map-3273e6ff83ba360887a1	1:1	1	1	BINDING_PUBLICATION_LOCK	v933-node|24:20260714T084351Z-3271604|24:binding-publication-lock|4:unit|76:com.foggyframework.runtime.api.service.RuntimeDatasourceBindingLifecycleTest	v934|8:surefire|4:unit|4:unit|76:com.foggyframework.runtime.api.service.RuntimeDatasourceBindingLifecycleTest	current-source-successor	same report owner retained under the reviewed v934 runner/variant split	foggy-runtime-api	v934-step1-independent-review
v934-map-6001e630b5a73593500d	1:1	1	1	BINDING_PUBLICATION_LOCK	v933-node|24:20260714T084351Z-3271604|24:binding-publication-lock|4:unit|80:com.foggyframework.runtime.api.service.RuntimeNamedDataSourceResolverBindingTest	v934|8:surefire|4:unit|4:unit|80:com.foggyframework.runtime.api.service.RuntimeNamedDataSourceResolverBindingTest	current-source-successor	same report owner retained under the reviewed v934 runner/variant split	foggy-runtime-api	v934-step1-independent-review
v934-map-b37781871f70e09c3130	1:1	1	1	ISOLATION_MAIN	v933-node|24:20260714T084351Z-3271604|14:isolation-main|14:unit-or-sqlite|81:com.foggyframework.dataset.db.model.cache.fingerprint.QueryFingerprintBuilderTest	v934|8:surefire|4:unit|4:unit|81:com.foggyframework.dataset.db.model.cache.fingerprint.QueryFingerprintBuilderTest	current-source-successor	same report owner retained under the reviewed v934 runner/variant split	addons/foggy-dataset-model-cache	v934-step1-independent-review
v934-map-50252b78039b18cae04e	1:1	1	1	ISOLATION_MAIN	v933-node|24:20260714T084351Z-3271604|14:isolation-main|14:unit-or-sqlite|74:com.foggyframework.dataset.db.model.cache.fingerprint.QueryFingerprintTest	v934|8:surefire|4:unit|4:unit|74:com.foggyframework.dataset.db.model.cache.fingerprint.QueryFingerprintTest	current-source-successor	same report owner retained under the reviewed v934 runner/variant split	addons/foggy-dataset-model-cache	v934-step1-independent-review
v934-map-a0d239e62c57de01f483	1:1	1	1	ISOLATION_MAIN	v933-node|24:20260714T084351Z-3271604|14:isolation-main|14:unit-or-sqlite|80:com.foggyframework.dataset.db.model.cache.fingerprint.StableCanonicalEncoderTest	v934|8:surefire|4:unit|4:unit|80:com.foggyframework.dataset.db.model.cache.fingerprint.StableCanonicalEncoderTest	current-source-successor	same report owner retained under the reviewed v934 runner/variant split	addons/foggy-dataset-model-cache	v934-step1-independent-review
v934-map-97411032733ae7e06f1b	1:1	1	1	ISOLATION_MAIN	v933-node|24:20260714T084351Z-3271604|14:isolation-main|14:unit-or-sqlite|111:com.foggyframework.dataset.db.model.cache.provider.CaffeineQueryCacheProviderDataSourceIsolationIntegrationTest	v934|8:failsafe|24:sqlite-broad-integration|12:sqlite-broad|111:com.foggyframework.dataset.db.model.cache.provider.CaffeineQueryCacheProviderDataSourceIsolationIntegrationTest	current-source-successor	same report owner retained under the reviewed v934 runner/variant split	addons/foggy-dataset-model-cache	v934-step1-independent-review
v934-map-ec5484d09ef1ba9bb2bd	1:1	1	1	ISOLATION_MAIN	v933-node|24:20260714T084351Z-3271604|14:isolation-main|14:unit-or-sqlite|81:com.foggyframework.dataset.db.model.cache.provider.CaffeineQueryCacheProviderTest	v934|8:surefire|4:unit|4:unit|81:com.foggyframework.dataset.db.model.cache.provider.CaffeineQueryCacheProviderTest	current-source-successor	same report owner retained under the reviewed v934 runner/variant split	addons/foggy-dataset-model-cache	v934-step1-independent-review
v934-map-5cc725ae14d88e1b3835	1:1	1	1	ISOLATION_MAIN	v933-node|24:20260714T084351Z-3271604|14:isolation-main|14:unit-or-sqlite|78:com.foggyframework.dataset.db.model.cache.provider.RedisQueryCacheProviderTest	v934|8:surefire|4:unit|4:unit|78:com.foggyframework.dataset.db.model.cache.provider.RedisQueryCacheProviderTest	current-source-successor	same report owner retained under the reviewed v934 runner/variant split	addons/foggy-dataset-model-cache	v934-step1-independent-review
v934-map-6b4029fa90bf83fb7da3	1:1	1	1	ISOLATION_MAIN	v933-node|24:20260714T084351Z-3271604|14:isolation-main|14:unit-or-sqlite|71:com.foggyframework.dataset.db.model.config.DbModelAutoConfigurationTest	v934|8:surefire|4:unit|4:unit|71:com.foggyframework.dataset.db.model.config.DbModelAutoConfigurationTest	current-source-successor	same report owner retained under the reviewed v934 runner/variant split	foggy-dataset-model	v934-step1-independent-review
v934-map-c5e38411b320aedfda1e	1:1	1	1	ISOLATION_MAIN	v933-node|24:20260714T084351Z-3271604|14:isolation-main|14:unit-or-sqlite|99:com.foggyframework.dataset.db.model.impl.loader.TableModelLoaderManagerImplDataSourceResolutionTest	v934|8:surefire|4:unit|4:unit|99:com.foggyframework.dataset.db.model.impl.loader.TableModelLoaderManagerImplDataSourceResolutionTest	current-source-successor	same report owner retained under the reviewed v934 runner/variant split	foggy-dataset-model	v934-step1-independent-review
v934-map-010eee05afeac73c61da	1:1	1	1	ISOLATION_MAIN	v933-node|24:20260714T084351Z-3271604|14:isolation-main|14:unit-or-sqlite|90:com.foggyframework.dataset.db.model.plugins.query_execution.QueryExecutionStepOrderingTest	v934|8:surefire|4:unit|4:unit|90:com.foggyframework.dataset.db.model.plugins.query_execution.QueryExecutionStepOrderingTest	current-source-successor	same report owner retained under the reviewed v934 runner/variant split	foggy-dataset-model	v934-step1-independent-review
v934-map-3c0cd66a20279edd904d	1:1	1	1	ISOLATION_MAIN	v933-node|24:20260714T084351Z-3271604|14:isolation-main|14:unit-or-sqlite|99:com.foggyframework.dataset.db.model.plugins.result_set_filter.DataSetResultStepExecutorOrderingTest	v934|8:surefire|4:unit|4:unit|99:com.foggyframework.dataset.db.model.plugins.result_set_filter.DataSetResultStepExecutorOrderingTest	current-source-successor	same report owner retained under the reviewed v934 runner/variant split	foggy-dataset-model	v934-step1-independent-review
v934-map-110050ff7e7cb4c8976d	1:1	1	1	ISOLATION_MAIN	v933-node|24:20260714T084351Z-3271604|14:isolation-main|14:unit-or-sqlite|79:com.foggyframework.dataset.db.model.preagg.PreAggregationL2CacheIntegrationTest	v934|8:failsafe|24:sqlite-broad-integration|12:sqlite-broad|79:com.foggyframework.dataset.db.model.preagg.PreAggregationL2CacheIntegrationTest	current-source-successor	same report owner retained under the reviewed v934 runner/variant split	foggy-dataset-model	v934-step1-independent-review
v934-map-d1beab28d4c381c3fc55	1:1	1	1	ISOLATION_MAIN	v933-node|24:20260714T084351Z-3271604|14:isolation-main|14:unit-or-sqlite|100:com.foggyframework.dataset.db.model.semantic.controller.SemanticServiceV3TestControllerIsolationTest	v934|8:surefire|4:unit|4:unit|100:com.foggyframework.dataset.db.model.semantic.controller.SemanticServiceV3TestControllerIsolationTest	current-source-successor	same report owner retained under the reviewed v934 runner/variant split	foggy-dataset-model	v934-step1-independent-review
v934-map-4652dc8585aa2d8bfdd6	1:1	1	1	ISOLATION_MAIN	v933-node|24:20260714T084351Z-3271604|14:isolation-main|14:unit-or-sqlite|73:com.foggyframework.dataset.mcp.controller.DevToolsControllerIsolationTest	v934|8:surefire|4:unit|4:unit|73:com.foggyframework.dataset.mcp.controller.DevToolsControllerIsolationTest	current-source-successor	same report owner retained under the reviewed v934 runner/variant split	foggy-dataset-mcp	v934-step1-independent-review
v934-map-bc44c9bdb26fbccc6633	1:1	1	1	MULTIDB_MYSQL57	v933-node|24:20260714T084351Z-3271604|15:multidb-mysql57|10:db-mysql57|66:com.foggyframework.dataset.db.model.multidb.MultiDatabaseQueryTest	v934|8:failsafe|24:database-contract-matrix|10:db-mysql57|66:com.foggyframework.dataset.db.model.multidb.MultiDatabaseQueryTest	current-source-successor	same report owner retained under the reviewed v934 runner/variant split	foggy-dataset-model	v934-step1-independent-review
v934-map-61db92c96087a7eb2d8c	1:1	1	1	MULTIDB_POSTGRES15	v933-node|24:20260714T084351Z-3271604|18:multidb-postgres15|13:db-postgres15|66:com.foggyframework.dataset.db.model.multidb.MultiDatabaseQueryTest	v934|8:failsafe|24:database-contract-matrix|13:db-postgres15|66:com.foggyframework.dataset.db.model.multidb.MultiDatabaseQueryTest	current-source-successor	same report owner retained under the reviewed v934 runner/variant split	foggy-dataset-model	v934-step1-independent-review
v934-map-e092a7863880ae56a078	1:1	1	1	MULTIDB_SQLSERVER2022	v933-node|24:20260714T084351Z-3271604|21:multidb-sqlserver2022|16:db-sqlserver2022|66:com.foggyframework.dataset.db.model.multidb.MultiDatabaseQueryTest	v934|8:failsafe|24:database-contract-matrix|16:db-sqlserver2022|66:com.foggyframework.dataset.db.model.multidb.MultiDatabaseQueryTest	current-source-successor	same report owner retained under the reviewed v934 runner/variant split	foggy-dataset-model	v934-step1-independent-review
v934-map-bec1d9df304a947d1bc9	1:1	1	1	SQLITE_FULL	v933-node|24:20260714T084351Z-3271604|11:sqlite-full|16:sqlite-successor|71:com.foggyframework.dataset.db.model.authorization.AuthorizationStepTest	v934|8:surefire|4:unit|4:unit|71:com.foggyframework.dataset.db.model.authorization.AuthorizationStepTest	current-source-successor	same report owner retained under the reviewed v934 runner/variant split	foggy-dataset-model	v934-step1-independent-review
v934-map-87b1ef88eaf59d185ffd	1:1	1	1	SQLITE_FULL	v933-node|24:20260714T084351Z-3271604|11:sqlite-full|16:sqlite-successor|59:com.foggyframework.dataset.db.model.compose.CteComposerTest	v934|8:surefire|4:unit|4:unit|59:com.foggyframework.dataset.db.model.compose.CteComposerTest	current-source-successor	same report owner retained under the reviewed v934 runner/variant split	foggy-dataset-model	v934-step1-independent-review
v934-map-afd07349ee354d47755a	1:1	1	1	SQLITE_FULL	v933-node|24:20260714T084351Z-3271604|11:sqlite-full|16:sqlite-successor|61:com.foggyframework.dataset.db.model.compose.DataSetResultTest	v934|8:surefire|4:unit|4:unit|61:com.foggyframework.dataset.db.model.compose.DataSetResultTest	current-source-successor	same report owner retained under the reviewed v934 runner/variant split	foggy-dataset-model	v934-step1-independent-review
v934-map-38a7c8dd096445922ffa	1:1	1	1	SQLITE_FULL	v933-node|24:20260714T084351Z-3271604|11:sqlite-full|16:sqlite-successor|78:com.foggyframework.dataset.db.model.config.DatasetRequestNamespaceResolverTest	v934|8:surefire|4:unit|4:unit|78:com.foggyframework.dataset.db.model.config.DatasetRequestNamespaceResolverTest	current-source-successor	same report owner retained under the reviewed v934 runner/variant split	foggy-dataset-model	v934-step1-independent-review
v934-map-3d8a982397aeb28a9c82	1:1	1	1	SQLITE_FULL	v933-node|24:20260714T084351Z-3271604|11:sqlite-full|16:sqlite-successor|71:com.foggyframework.dataset.db.model.config.DbModelAutoConfigurationTest	v934|8:surefire|4:unit|4:unit|71:com.foggyframework.dataset.db.model.config.DbModelAutoConfigurationTest	current-source-successor	same report owner retained under the reviewed v934 runner/variant split	foggy-dataset-model	v934-step1-independent-review
v934-map-47e0c30b4851fe3a92d2	1:1	1	1	SQLITE_FULL	v933-node|24:20260714T084351Z-3271604|11:sqlite-full|16:sqlite-successor|84:com.foggyframework.dataset.db.model.config.GlobalNamespaceFallbackRiskDiagnosticTest	v934|8:surefire|4:unit|4:unit|84:com.foggyframework.dataset.db.model.config.GlobalNamespaceFallbackRiskDiagnosticTest	current-source-successor	same report owner retained under the reviewed v934 runner/variant split	foggy-dataset-model	v934-step1-independent-review
v934-map-ccbf79c288565d6e3363	1:1	1	1	SQLITE_FULL	v933-node|24:20260714T084351Z-3271604|11:sqlite-full|16:sqlite-successor|79:com.foggyframework.dataset.db.model.controller.FoggyDatasetExceptionHandlerTest	v934|8:surefire|4:unit|4:unit|79:com.foggyframework.dataset.db.model.controller.FoggyDatasetExceptionHandlerTest	current-source-successor	same report owner retained under the reviewed v934 runner/variant split	foggy-dataset-model	v934-step1-independent-review
v934-map-58b84e45e696c2b1e22f	1:1	1	1	SQLITE_FULL	v933-node|24:20260714T084351Z-3271604|11:sqlite-full|16:sqlite-successor|73:com.foggyframework.dataset.db.model.def.dict.DbDictionaryDiscoveryDefTest	v934|8:surefire|4:unit|4:unit|73:com.foggyframework.dataset.db.model.def.dict.DbDictionaryDiscoveryDefTest	current-source-successor	same report owner retained under the reviewed v934 runner/variant split	foggy-dataset-model	v934-step1-independent-review
v934-map-7dcd91b1b9a697f0c786	1:1	1	1	SQLITE_FULL	v933-node|24:20260714T084351Z-3271604|11:sqlite-full|16:sqlite-successor|113:com.foggyframework.dataset.db.model.def.query.request.deserializer.ShorthandDeserializerTest$GroupByShorthandTest	v934|8:surefire|4:unit|4:unit|113:com.foggyframework.dataset.db.model.def.query.request.deserializer.ShorthandDeserializerTest$GroupByShorthandTest	current-source-successor	same report owner retained under the reviewed v934 runner/variant split	foggy-dataset-model	v934-step1-independent-review
v934-map-43fb0324b90c750ef0eb	1:1	1	1	SQLITE_FULL	v933-node|24:20260714T084351Z-3271604|11:sqlite-full|16:sqlite-successor|113:com.foggyframework.dataset.db.model.def.query.request.deserializer.ShorthandDeserializerTest$OrderByShorthandTest	v934|8:surefire|4:unit|4:unit|113:com.foggyframework.dataset.db.model.def.query.request.deserializer.ShorthandDeserializerTest$OrderByShorthandTest	current-source-successor	same report owner retained under the reviewed v934 runner/variant split	foggy-dataset-model	v934-step1-independent-review
v934-map-1757cee20bde9435c7ad	1:1	1	1	SQLITE_FULL	v933-node|24:20260714T084351Z-3271604|11:sqlite-full|16:sqlite-successor|111:com.foggyframework.dataset.db.model.def.query.request.deserializer.ShorthandDeserializerTest$SliceShorthandTest	v934|8:surefire|4:unit|4:unit|111:com.foggyframework.dataset.db.model.def.query.request.deserializer.ShorthandDeserializerTest$SliceShorthandTest	current-source-successor	same report owner retained under the reviewed v934 runner/variant split	foggy-dataset-model	v934-step1-independent-review
v934-map-85446d144f6f0de13c78	1:1	1	1	SQLITE_FULL	v933-node|24:20260714T084351Z-3271604|11:sqlite-full|16:sqlite-successor|92:com.foggyframework.dataset.db.model.def.query.request.deserializer.ShorthandDeserializerTest	v934|8:surefire|4:unit|4:unit|92:com.foggyframework.dataset.db.model.def.query.request.deserializer.ShorthandDeserializerTest	current-source-successor	same report owner retained under the reviewed v934 runner/variant split	foggy-dataset-model	v934-step1-independent-review
v934-map-fdfc65fe37068e210e35	1:1	1	1	SQLITE_FULL	v933-node|24:20260714T084351Z-3271604|11:sqlite-full|16:sqlite-successor|72:com.foggyframework.dataset.db.model.demo.FactOrderDemoAuthQueryModelTest	v934|8:surefire|4:unit|4:unit|72:com.foggyframework.dataset.db.model.demo.FactOrderDemoAuthQueryModelTest	current-source-successor	same report owner retained under the reviewed v934 runner/variant split	foggy-dataset-model	v934-step1-independent-review
v934-map-ed6e6df13f160ec41554	1:1	1	1	SQLITE_FULL	v933-node|24:20260714T084351Z-3271604|11:sqlite-full|16:sqlite-successor|72:com.foggyframework.dataset.db.model.demo.FactSalesDemoAuthQueryModelTest	v934|8:surefire|4:unit|4:unit|72:com.foggyframework.dataset.db.model.demo.FactSalesDemoAuthQueryModelTest	current-source-successor	same report owner retained under the reviewed v934 runner/variant split	foggy-dataset-model	v934-step1-independent-review
v934-map-e9ae4a151be299fb52ab	1:1	1	1	SQLITE_FULL	v933-node|24:20260714T084351Z-3271604|11:sqlite-full|16:sqlite-successor|85:com.foggyframework.dataset.db.model.dialect.DialectBuildFunctionCallTest$EdgeCaseTest	v934|8:surefire|4:unit|4:unit|85:com.foggyframework.dataset.db.model.dialect.DialectBuildFunctionCallTest$EdgeCaseTest	current-source-successor	same report owner retained under the reviewed v934 runner/variant split	foggy-dataset-model	v934-step1-independent-review
v934-map-e937dc894dbe891caba2	1:1	1	1	SQLITE_FULL	v933-node|24:20260714T084351Z-3271604|11:sqlite-full|16:sqlite-successor|82:com.foggyframework.dataset.db.model.dialect.DialectBuildFunctionCallTest$MysqlTest	v934|8:surefire|4:unit|4:unit|82:com.foggyframework.dataset.db.model.dialect.DialectBuildFunctionCallTest$MysqlTest	current-source-successor	same report owner retained under the reviewed v934 runner/variant split	foggy-dataset-model	v934-step1-independent-review
v934-map-5f89356064fa46531b9d	1:1	1	1	SQLITE_FULL	v933-node|24:20260714T084351Z-3271604|11:sqlite-full|16:sqlite-successor|85:com.foggyframework.dataset.db.model.dialect.DialectBuildFunctionCallTest$PostgresTest	v934|8:surefire|4:unit|4:unit|85:com.foggyframework.dataset.db.model.dialect.DialectBuildFunctionCallTest$PostgresTest	current-source-successor	same report owner retained under the reviewed v934 runner/variant split	foggy-dataset-model	v934-step1-independent-review
v934-map-75789f07eac481e3cd0c	1:1	1	1	SQLITE_FULL	v933-node|24:20260714T084351Z-3271604|11:sqlite-full|16:sqlite-successor|86:com.foggyframework.dataset.db.model.dialect.DialectBuildFunctionCallTest$SqlServerTest	v934|8:surefire|4:unit|4:unit|86:com.foggyframework.dataset.db.model.dialect.DialectBuildFunctionCallTest$SqlServerTest	current-source-successor	same report owner retained under the reviewed v934 runner/variant split	foggy-dataset-model	v934-step1-independent-review
v934-map-312576e088c5733d9083	1:1	1	1	SQLITE_FULL	v933-node|24:20260714T084351Z-3271604|11:sqlite-full|16:sqlite-successor|83:com.foggyframework.dataset.db.model.dialect.DialectBuildFunctionCallTest$SqliteTest	v934|8:surefire|4:unit|4:unit|83:com.foggyframework.dataset.db.model.dialect.DialectBuildFunctionCallTest$SqliteTest	current-source-successor	same report owner retained under the reviewed v934 runner/variant split	foggy-dataset-model	v934-step1-independent-review
v934-map-1fb6b5518843ae8e5538	1:1	1	1	SQLITE_FULL	v933-node|24:20260714T084351Z-3271604|11:sqlite-full|16:sqlite-successor|72:com.foggyframework.dataset.db.model.dialect.DialectBuildFunctionCallTest	v934|8:surefire|4:unit|4:unit|72:com.foggyframework.dataset.db.model.dialect.DialectBuildFunctionCallTest	current-source-successor	same report owner retained under the reviewed v934 runner/variant split	foggy-dataset-model	v934-step1-independent-review
v934-map-37e89a31e777ee44bf9b	1:1	1	1	SQLITE_FULL	v933-node|24:20260714T084351Z-3271604|11:sqlite-full|16:sqlite-successor|93:com.foggyframework.dataset.db.model.dialect.DialectFunctionTranslationTest$CommonEdgeCaseTest	v934|8:surefire|4:unit|4:unit|93:com.foggyframework.dataset.db.model.dialect.DialectFunctionTranslationTest$CommonEdgeCaseTest	current-source-successor	same report owner retained under the reviewed v934 runner/variant split	foggy-dataset-model	v934-step1-independent-review
v934-map-d4173d8e8368f9041e11	1:1	1	1	SQLITE_FULL	v933-node|24:20260714T084351Z-3271604|11:sqlite-full|16:sqlite-successor|92:com.foggyframework.dataset.db.model.dialect.DialectFunctionTranslationTest$MysqlFunctionTest	v934|8:surefire|4:unit|4:unit|92:com.foggyframework.dataset.db.model.dialect.DialectFunctionTranslationTest$MysqlFunctionTest	current-source-successor	same report owner retained under the reviewed v934 runner/variant split	foggy-dataset-model	v934-step1-independent-review
v934-map-5ab29adef3cfd072e2e4	1:1	1	1	SQLITE_FULL	v933-node|24:20260714T084351Z-3271604|11:sqlite-full|16:sqlite-successor|95:com.foggyframework.dataset.db.model.dialect.DialectFunctionTranslationTest$PostgresFunctionTest	v934|8:surefire|4:unit|4:unit|95:com.foggyframework.dataset.db.model.dialect.DialectFunctionTranslationTest$PostgresFunctionTest	current-source-successor	same report owner retained under the reviewed v934 runner/variant split	foggy-dataset-model	v934-step1-independent-review
v934-map-b47596b2a1c729cd6241	1:1	1	1	SQLITE_FULL	v933-node|24:20260714T084351Z-3271604|11:sqlite-full|16:sqlite-successor|96:com.foggyframework.dataset.db.model.dialect.DialectFunctionTranslationTest$SqlServerFunctionTest	v934|8:surefire|4:unit|4:unit|96:com.foggyframework.dataset.db.model.dialect.DialectFunctionTranslationTest$SqlServerFunctionTest	current-source-successor	same report owner retained under the reviewed v934 runner/variant split	foggy-dataset-model	v934-step1-independent-review
v934-map-1225ffc05eb19c56b36e	1:1	1	1	SQLITE_FULL	v933-node|24:20260714T084351Z-3271604|11:sqlite-full|16:sqlite-successor|93:com.foggyframework.dataset.db.model.dialect.DialectFunctionTranslationTest$SqliteFunctionTest	v934|8:surefire|4:unit|4:unit|93:com.foggyframework.dataset.db.model.dialect.DialectFunctionTranslationTest$SqliteFunctionTest	current-source-successor	same report owner retained under the reviewed v934 runner/variant split	foggy-dataset-model	v934-step1-independent-review
v934-map-c853e28e85afd4d8a490	1:1	1	1	SQLITE_FULL	v933-node|24:20260714T084351Z-3271604|11:sqlite-full|16:sqlite-successor|74:com.foggyframework.dataset.db.model.dialect.DialectFunctionTranslationTest	v934|8:surefire|4:unit|4:unit|74:com.foggyframework.dataset.db.model.dialect.DialectFunctionTranslationTest	current-source-successor	same report owner retained under the reviewed v934 runner/variant split	foggy-dataset-model	v934-step1-independent-review
v934-map-1a38cb7c96ebc0b99c83	1:1	1	1	SQLITE_FULL	v933-node|24:20260714T084351Z-3271604|11:sqlite-full|16:sqlite-successor|73:com.foggyframework.dataset.db.model.dialect.DialectTest$CommonDialectTest	v934|8:surefire|4:unit|4:unit|73:com.foggyframework.dataset.db.model.dialect.DialectTest$CommonDialectTest	current-source-successor	same report owner retained under the reviewed v934 runner/variant split	foggy-dataset-model	v934-step1-independent-review
v934-map-fae1577065c16419296c	1:1	1	1	SQLITE_FULL	v933-node|24:20260714T084351Z-3271604|11:sqlite-full|16:sqlite-successor|72:com.foggyframework.dataset.db.model.dialect.DialectTest$MysqlDialectTest	v934|8:surefire|4:unit|4:unit|72:com.foggyframework.dataset.db.model.dialect.DialectTest$MysqlDialectTest	current-source-successor	same report owner retained under the reviewed v934 runner/variant split	foggy-dataset-model	v934-step1-independent-review
v934-map-c27ea1e7b534cee8d078	1:1	1	1	SQLITE_FULL	v933-node|24:20260714T084351Z-3271604|11:sqlite-full|16:sqlite-successor|75:com.foggyframework.dataset.db.model.dialect.DialectTest$PostgresDialectTest	v934|8:surefire|4:unit|4:unit|75:com.foggyframework.dataset.db.model.dialect.DialectTest$PostgresDialectTest	current-source-successor	same report owner retained under the reviewed v934 runner/variant split	foggy-dataset-model	v934-step1-independent-review
v934-map-a7b8eb89b71778920030	1:1	1	1	SQLITE_FULL	v933-node|24:20260714T084351Z-3271604|11:sqlite-full|16:sqlite-successor|76:com.foggyframework.dataset.db.model.dialect.DialectTest$SqlServerDialectTest	v934|8:surefire|4:unit|4:unit|76:com.foggyframework.dataset.db.model.dialect.DialectTest$SqlServerDialectTest	current-source-successor	same report owner retained under the reviewed v934 runner/variant split	foggy-dataset-model	v934-step1-independent-review
v934-map-6abb987567f0bef56071	1:1	1	1	SQLITE_FULL	v933-node|24:20260714T084351Z-3271604|11:sqlite-full|16:sqlite-successor|73:com.foggyframework.dataset.db.model.dialect.DialectTest$SqliteDialectTest	v934|8:surefire|4:unit|4:unit|73:com.foggyframework.dataset.db.model.dialect.DialectTest$SqliteDialectTest	current-source-successor	same report owner retained under the reviewed v934 runner/variant split	foggy-dataset-model	v934-step1-independent-review
v934-map-c8a86bd9b30ff9115685	1:1	1	1	SQLITE_FULL	v933-node|24:20260714T084351Z-3271604|11:sqlite-full|16:sqlite-successor|55:com.foggyframework.dataset.db.model.dialect.DialectTest	v934|8:surefire|4:unit|4:unit|55:com.foggyframework.dataset.db.model.dialect.DialectTest	current-source-successor	same report owner retained under the reviewed v934 runner/variant split	foggy-dataset-model	v934-step1-independent-review
v934-map-421e3c3078c2e22fccc4	1:1	1	1	SQLITE_FULL	v933-node|24:20260714T084351Z-3271604|11:sqlite-full|16:sqlite-successor|63:com.foggyframework.dataset.db.model.ecommerce.AccessControlTest	v934|8:surefire|4:unit|4:unit|63:com.foggyframework.dataset.db.model.ecommerce.AccessControlTest	current-source-successor	same report owner retained under the reviewed v934 runner/variant split	foggy-dataset-model	v934-step1-independent-review
v934-map-8c55ebf5540ac333f9eb	1:1	1	1	SQLITE_FULL	v933-node|24:20260714T084351Z-3271604|11:sqlite-full|16:sqlite-successor|67:com.foggyframework.dataset.db.model.ecommerce.AdvancedAnalyticsTest	v934|8:surefire|4:unit|4:unit|67:com.foggyframework.dataset.db.model.ecommerce.AdvancedAnalyticsTest	current-source-successor	same report owner retained under the reviewed v934 runner/variant split	foggy-dataset-model	v934-step1-independent-review
v934-map-7fc5bbe43e72508e9399	1:1	1	1	SQLITE_FULL	v933-node|24:20260714T084351Z-3271604|11:sqlite-full|16:sqlite-successor|73:com.foggyframework.dataset.db.model.ecommerce.AggregateJoinQueryModelTest	v934|8:surefire|4:unit|4:unit|73:com.foggyframework.dataset.db.model.ecommerce.AggregateJoinQueryModelTest	current-source-successor	same report owner retained under the reviewed v934 runner/variant split	foggy-dataset-model	v934-step1-independent-review
v934-map-0616e4ca2db345768be1	1:1	1	1	SQLITE_FULL	v933-node|24:20260714T084351Z-3271604|11:sqlite-full|16:sqlite-successor|66:com.foggyframework.dataset.db.model.ecommerce.AggregationQueryTest	v934|8:surefire|4:unit|4:unit|66:com.foggyframework.dataset.db.model.ecommerce.AggregationQueryTest	current-source-successor	same report owner retained under the reviewed v934 runner/variant split	foggy-dataset-model	v934-step1-independent-review
v934-map-0b6162e28695c6ad3509	1:1	1	1	SQLITE_FULL	v933-node|24:20260714T084351Z-3271604|11:sqlite-full|16:sqlite-successor|60:com.foggyframework.dataset.db.model.ecommerce.BasicQueryTest	v934|8:surefire|4:unit|4:unit|60:com.foggyframework.dataset.db.model.ecommerce.BasicQueryTest	current-source-successor	same report owner retained under the reviewed v934 runner/variant split	foggy-dataset-model	v934-step1-independent-review
v934-map-bea4d9949235e92adf2e	1:1	1	1	SQLITE_FULL	v933-node|24:20260714T084351Z-3271604|11:sqlite-full|16:sqlite-successor|73:com.foggyframework.dataset.db.model.ecommerce.CalculateMvpIntegrationTest	v934|8:failsafe|24:sqlite-broad-integration|12:sqlite-broad|73:com.foggyframework.dataset.db.model.ecommerce.CalculateMvpIntegrationTest	current-source-successor	same report owner retained under the reviewed v934 runner/variant split	foggy-dataset-model	v934-step1-independent-review
v934-map-20527532a3955711b0a7	1:1	1	1	SQLITE_FULL	v933-node|24:20260714T084351Z-3271604|11:sqlite-full|16:sqlite-successor|79:com.foggyframework.dataset.db.model.ecommerce.CalculatedFieldAggregationBugTest	v934|8:surefire|4:unit|4:unit|79:com.foggyframework.dataset.db.model.ecommerce.CalculatedFieldAggregationBugTest	current-source-successor	same report owner retained under the reviewed v934 runner/variant split	foggy-dataset-model	v934-step1-independent-review
v934-map-d4c6fe60284545182eeb	1:1	1	1	SQLITE_FULL	v933-node|24:20260714T084351Z-3271604|11:sqlite-full|16:sqlite-successor|65:com.foggyframework.dataset.db.model.ecommerce.CalculatedFieldTest	v934|8:surefire|4:unit|4:unit|65:com.foggyframework.dataset.db.model.ecommerce.CalculatedFieldTest	current-source-successor	same report owner retained under the reviewed v934 runner/variant split	foggy-dataset-model	v934-step1-independent-review
v934-map-51213559c2ed93a8410b	1:1	1	1	SQLITE_FULL	v933-node|24:20260714T084351Z-3271604|11:sqlite-full|16:sqlite-successor|60:com.foggyframework.dataset.db.model.ecommerce.CaptionDefTest	v934|8:surefire|4:unit|4:unit|60:com.foggyframework.dataset.db.model.ecommerce.CaptionDefTest	current-source-successor	same report owner retained under the reviewed v934 runner/variant split	foggy-dataset-model	v934-step1-independent-review
v934-map-2a2dbee5f85feaf51f57	1:1	1	1	SQLITE_FULL	v933-node|24:20260714T084351Z-3271604|11:sqlite-full|16:sqlite-successor|64:com.foggyframework.dataset.db.model.ecommerce.DataComparisonTest	v934|8:surefire|4:unit|4:unit|64:com.foggyframework.dataset.db.model.ecommerce.DataComparisonTest	current-source-successor	same report owner retained under the reviewed v934 runner/variant split	foggy-dataset-model	v934-step1-independent-review
v934-map-20c09d773867e19e0989	1:1	1	1	SQLITE_FULL	v933-node|24:20260714T084351Z-3271604|11:sqlite-full|16:sqlite-successor|65:com.foggyframework.dataset.db.model.ecommerce.DataEnvironmentTest	v934|8:surefire|4:unit|4:unit|65:com.foggyframework.dataset.db.model.ecommerce.DataEnvironmentTest	current-source-successor	same report owner retained under the reviewed v934 runner/variant split	foggy-dataset-model	v934-step1-independent-review
v934-map-6a5d76e96d13207bfd88	1:1	1	1	SQLITE_FULL	v933-node|24:20260714T084351Z-3271604|11:sqlite-full|16:sqlite-successor|69:com.foggyframework.dataset.db.model.ecommerce.DimensionAutoExpandTest	v934|8:surefire|4:unit|4:unit|69:com.foggyframework.dataset.db.model.ecommerce.DimensionAutoExpandTest	current-source-successor	same report owner retained under the reviewed v934 runner/variant split	foggy-dataset-model	v934-step1-independent-review
v934-map-eed7227215f7cd5bf9f7	1:1	1	1	SQLITE_FULL	v933-node|24:20260714T084351Z-3271604|11:sqlite-full|16:sqlite-successor|65:com.foggyframework.dataset.db.model.ecommerce.ErrorCollectionTest	v934|8:surefire|4:unit|4:unit|65:com.foggyframework.dataset.db.model.ecommerce.ErrorCollectionTest	current-source-successor	same report owner retained under the reviewed v934 runner/variant split	foggy-dataset-model	v934-step1-independent-review
v934-map-fff29cc5f49ec9b40d7b	1:1	1	1	SQLITE_FULL	v933-node|24:20260714T084351Z-3271604|11:sqlite-full|16:sqlite-successor|100:com.foggyframework.dataset.db.model.ecommerce.FieldAccessPermissionIntegrationTest$AllowedFieldTests	v934|8:failsafe|24:sqlite-broad-integration|12:sqlite-broad|100:com.foggyframework.dataset.db.model.ecommerce.FieldAccessPermissionIntegrationTest$AllowedFieldTests	current-source-successor	same report owner retained under the reviewed v934 runner/variant split	foggy-dataset-model	v934-step1-independent-review
v934-map-8ebe587f9f35718dee3d	1:1	1	1	SQLITE_FULL	v933-node|24:20260714T084351Z-3271604|11:sqlite-full|16:sqlite-successor|106:com.foggyframework.dataset.db.model.ecommerce.FieldAccessPermissionIntegrationTest$BackwardCompatibleTests	v934|8:failsafe|24:sqlite-broad-integration|12:sqlite-broad|106:com.foggyframework.dataset.db.model.ecommerce.FieldAccessPermissionIntegrationTest$BackwardCompatibleTests	current-source-successor	same report owner retained under the reviewed v934 runner/variant split	foggy-dataset-model	v934-step1-independent-review
v934-map-5150668bd369ffdcb2c0	1:1	1	1	SQLITE_FULL	v933-node|24:20260714T084351Z-3271604|11:sqlite-full|16:sqlite-successor|103:com.foggyframework.dataset.db.model.ecommerce.FieldAccessPermissionIntegrationTest$CalculatedFieldTests	v934|8:failsafe|24:sqlite-broad-integration|12:sqlite-broad|103:com.foggyframework.dataset.db.model.ecommerce.FieldAccessPermissionIntegrationTest$CalculatedFieldTests	current-source-successor	same report owner retained under the reviewed v934 runner/variant split	foggy-dataset-model	v934-step1-independent-review
v934-map-7faf09144f55dd46a3a4	1:1	1	1	SQLITE_FULL	v933-node|24:20260714T084351Z-3271604|11:sqlite-full|16:sqlite-successor|99:com.foggyframework.dataset.db.model.ecommerce.FieldAccessPermissionIntegrationTest$DeniedFieldTests	v934|8:failsafe|24:sqlite-broad-integration|12:sqlite-broad|99:com.foggyframework.dataset.db.model.ecommerce.FieldAccessPermissionIntegrationTest$DeniedFieldTests	current-source-successor	same report owner retained under the reviewed v934 runner/variant split	foggy-dataset-model	v934-step1-independent-review
v934-map-ec427d307e229b9c53ec	1:1	1	1	SQLITE_FULL	v933-node|24:20260714T084351Z-3271604|11:sqlite-full|16:sqlite-successor|96:com.foggyframework.dataset.db.model.ecommerce.FieldAccessPermissionIntegrationTest$EdgeCaseTests	v934|8:failsafe|24:sqlite-broad-integration|12:sqlite-broad|96:com.foggyframework.dataset.db.model.ecommerce.FieldAccessPermissionIntegrationTest$EdgeCaseTests	current-source-successor	same report owner retained under the reviewed v934 runner/variant split	foggy-dataset-model	v934-step1-independent-review
v934-map-19ee071c089dc41d70ec	1:1	1	1	SQLITE_FULL	v933-node|24:20260714T084351Z-3271604|11:sqlite-full|16:sqlite-successor|119:com.foggyframework.dataset.db.model.ecommerce.FieldAccessPermissionIntegrationTest$ModelPermissionAndDeniedColumnsTests	v934|8:failsafe|24:sqlite-broad-integration|12:sqlite-broad|119:com.foggyframework.dataset.db.model.ecommerce.FieldAccessPermissionIntegrationTest$ModelPermissionAndDeniedColumnsTests	current-source-successor	same report owner retained under the reviewed v934 runner/variant split	foggy-dataset-model	v934-step1-independent-review
v934-map-5f95e4f81ee63a18983a	1:1	1	1	SQLITE_FULL	v933-node|24:20260714T084351Z-3271604|11:sqlite-full|16:sqlite-successor|82:com.foggyframework.dataset.db.model.ecommerce.FieldAccessPermissionIntegrationTest	v934|8:failsafe|24:sqlite-broad-integration|12:sqlite-broad|82:com.foggyframework.dataset.db.model.ecommerce.FieldAccessPermissionIntegrationTest	current-source-successor	same report owner retained under the reviewed v934 runner/variant split	foggy-dataset-model	v934-step1-independent-review
v934-map-6afb56fedf283f02d8cb	1:1	1	1	SQLITE_FULL	v933-node|24:20260714T084351Z-3271604|11:sqlite-full|16:sqlite-successor|65:com.foggyframework.dataset.db.model.ecommerce.FieldComparisonTest	v934|8:surefire|4:unit|4:unit|65:com.foggyframework.dataset.db.model.ecommerce.FieldComparisonTest	current-source-successor	same report owner retained under the reviewed v934 runner/variant split	foggy-dataset-model	v934-step1-independent-review
v934-map-ee662e36084e84336518	1:1	1	1	SQLITE_FULL	v933-node|24:20260714T084351Z-3271604|11:sqlite-full|16:sqlite-successor|80:com.foggyframework.dataset.db.model.ecommerce.InOperatorCalcFieldIntegrationTest	v934|8:failsafe|24:sqlite-broad-integration|12:sqlite-broad|80:com.foggyframework.dataset.db.model.ecommerce.InOperatorCalcFieldIntegrationTest	current-source-successor	same report owner retained under the reviewed v934 runner/variant split	foggy-dataset-model	v934-step1-independent-review
v934-map-c1c6f07321c0ae1bce3e	1:1	1	1	SQLITE_FULL	v933-node|24:20260714T084351Z-3271604|11:sqlite-full|16:sqlite-successor|77:com.foggyframework.dataset.db.model.ecommerce.JdbcModelQueryEngineCteWrapTest	v934|8:surefire|4:unit|4:unit|77:com.foggyframework.dataset.db.model.ecommerce.JdbcModelQueryEngineCteWrapTest	current-source-successor	same report owner retained under the reviewed v934 runner/variant split	foggy-dataset-model	v934-step1-independent-review
v934-map-630b5de9b9a00c3c83e0	1:1	1	1	SQLITE_FULL	v933-node|24:20260714T084351Z-3271604|11:sqlite-full|16:sqlite-successor|62:com.foggyframework.dataset.db.model.ecommerce.ModelLoadingTest	v934|8:surefire|4:unit|4:unit|62:com.foggyframework.dataset.db.model.ecommerce.ModelLoadingTest	current-source-successor	same report owner retained under the reviewed v934 runner/variant split	foggy-dataset-model	v934-step1-independent-review
v934-map-19d6f779f27fb555e6ea	1:1	1	1	SQLITE_FULL	v933-node|24:20260714T084351Z-3271604|11:sqlite-full|16:sqlite-successor|68:com.foggyframework.dataset.db.model.ecommerce.MultiFactTableJoinTest	v934|8:surefire|4:unit|4:unit|68:com.foggyframework.dataset.db.model.ecommerce.MultiFactTableJoinTest	current-source-successor	same report owner retained under the reviewed v934 runner/variant split	foggy-dataset-model	v934-step1-independent-review
v934-map-fbcbbfe1d37b5b144fc6	1:1	1	1	SQLITE_FULL	v933-node|24:20260714T084351Z-3271604|11:sqlite-full|16:sqlite-successor|65:com.foggyframework.dataset.db.model.ecommerce.NestedDimensionTest	v934|8:surefire|4:unit|4:unit|65:com.foggyframework.dataset.db.model.ecommerce.NestedDimensionTest	current-source-successor	same report owner retained under the reviewed v934 runner/variant split	foggy-dataset-model	v934-step1-independent-review
v934-map-f9039ffd8adbb1e8ba14	1:1	1	1	SQLITE_FULL	v933-node|24:20260714T084351Z-3271604|11:sqlite-full|16:sqlite-successor|70:com.foggyframework.dataset.db.model.ecommerce.ParentChildDimensionTest	v934|8:surefire|4:unit|4:unit|70:com.foggyframework.dataset.db.model.ecommerce.ParentChildDimensionTest	current-source-successor	same report owner retained under the reviewed v934 runner/variant split	foggy-dataset-model	v934-step1-independent-review
v934-map-9758982296210c110dcf	1:1	1	1	SQLITE_FULL	v933-node|24:20260714T084351Z-3271604|11:sqlite-full|16:sqlite-successor|97:com.foggyframework.dataset.db.model.ecommerce.PhysicalColumnMappingIntegrationTest$BasicStructure	v934|8:failsafe|24:sqlite-broad-integration|12:sqlite-broad|97:com.foggyframework.dataset.db.model.ecommerce.PhysicalColumnMappingIntegrationTest$BasicStructure	current-source-successor	same report owner retained under the reviewed v934 runner/variant split	foggy-dataset-model	v934-step1-independent-review
v934-map-032ae73f69475916067a	1:1	1	1	SQLITE_FULL	v933-node|24:20260714T084351Z-3271604|11:sqlite-full|16:sqlite-successor|99:com.foggyframework.dataset.db.model.ecommerce.PhysicalColumnMappingIntegrationTest$DeniedConversion	v934|8:failsafe|24:sqlite-broad-integration|12:sqlite-broad|99:com.foggyframework.dataset.db.model.ecommerce.PhysicalColumnMappingIntegrationTest$DeniedConversion	current-source-successor	same report owner retained under the reviewed v934 runner/variant split	foggy-dataset-model	v934-step1-independent-review
v934-map-2b2fe318715c9d06eff5	1:1	1	1	SQLITE_FULL	v933-node|24:20260714T084351Z-3271604|11:sqlite-full|16:sqlite-successor|99:com.foggyframework.dataset.db.model.ecommerce.PhysicalColumnMappingIntegrationTest$DimensionMapping	v934|8:failsafe|24:sqlite-broad-integration|12:sqlite-broad|99:com.foggyframework.dataset.db.model.ecommerce.PhysicalColumnMappingIntegrationTest$DimensionMapping	current-source-successor	same report owner retained under the reviewed v934 runner/variant split	foggy-dataset-model	v934-step1-independent-review
v934-map-e112040f10a44bb6923e	1:1	1	1	SQLITE_FULL	v933-node|24:20260714T084351Z-3271604|11:sqlite-full|16:sqlite-successor|107:com.foggyframework.dataset.db.model.ecommerce.PhysicalColumnMappingIntegrationTest$DimensionPropertyMapping	v934|8:failsafe|24:sqlite-broad-integration|12:sqlite-broad|107:com.foggyframework.dataset.db.model.ecommerce.PhysicalColumnMappingIntegrationTest$DimensionPropertyMapping	current-source-successor	same report owner retained under the reviewed v934 runner/variant split	foggy-dataset-model	v934-step1-independent-review
v934-map-ed836f65f8ee825a74ce	1:1	1	1	SQLITE_FULL	v933-node|24:20260714T084351Z-3271604|11:sqlite-full|16:sqlite-successor|97:com.foggyframework.dataset.db.model.ecommerce.PhysicalColumnMappingIntegrationTest$MeasureMapping	v934|8:failsafe|24:sqlite-broad-integration|12:sqlite-broad|97:com.foggyframework.dataset.db.model.ecommerce.PhysicalColumnMappingIntegrationTest$MeasureMapping	current-source-successor	same report owner retained under the reviewed v934 runner/variant split	foggy-dataset-model	v934-step1-independent-review
v934-map-37e56b05e500d68c3db6	1:1	1	1	SQLITE_FULL	v933-node|24:20260714T084351Z-3271604|11:sqlite-full|16:sqlite-successor|105:com.foggyframework.dataset.db.model.ecommerce.PhysicalColumnMappingIntegrationTest$NestedDimensionMapping	v934|8:failsafe|24:sqlite-broad-integration|12:sqlite-broad|105:com.foggyframework.dataset.db.model.ecommerce.PhysicalColumnMappingIntegrationTest$NestedDimensionMapping	current-source-successor	same report owner retained under the reviewed v934 runner/variant split	foggy-dataset-model	v934-step1-independent-review
v934-map-e3057a3af97e2e7e2da0	1:1	1	1	SQLITE_FULL	v933-node|24:20260714T084351Z-3271604|11:sqlite-full|16:sqlite-successor|110:com.foggyframework.dataset.db.model.ecommerce.PhysicalColumnMappingIntegrationTest$ParentChildDimensionMapping	v934|8:failsafe|24:sqlite-broad-integration|12:sqlite-broad|110:com.foggyframework.dataset.db.model.ecommerce.PhysicalColumnMappingIntegrationTest$ParentChildDimensionMapping	current-source-successor	same report owner retained under the reviewed v934 runner/variant split	foggy-dataset-model	v934-step1-independent-review
v934-map-a01631c08e0fb1643edf	1:1	1	1	SQLITE_FULL	v933-node|24:20260714T084351Z-3271604|11:sqlite-full|16:sqlite-successor|82:com.foggyframework.dataset.db.model.ecommerce.PhysicalColumnMappingIntegrationTest	v934|8:failsafe|24:sqlite-broad-integration|12:sqlite-broad|82:com.foggyframework.dataset.db.model.ecommerce.PhysicalColumnMappingIntegrationTest	current-source-successor	same report owner retained under the reviewed v934 runner/variant split	foggy-dataset-model	v934-step1-independent-review
v934-map-1f705cac5ce5053c14a5	1:1	1	1	SQLITE_FULL	v933-node|24:20260714T084351Z-3271604|11:sqlite-full|16:sqlite-successor|114:com.foggyframework.dataset.db.model.ecommerce.PhysicalColumnPermissionIntegrationTest$DeniedColumnBlocksQueryTests	v934|8:failsafe|24:sqlite-broad-integration|12:sqlite-broad|114:com.foggyframework.dataset.db.model.ecommerce.PhysicalColumnPermissionIntegrationTest$DeniedColumnBlocksQueryTests	current-source-successor	same report owner retained under the reviewed v934 runner/variant split	foggy-dataset-model	v934-step1-independent-review
v934-map-9b185c68537eaae9e156	1:1	1	1	SQLITE_FULL	v933-node|24:20260714T084351Z-3271604|11:sqlite-full|16:sqlite-successor|113:com.foggyframework.dataset.db.model.ecommerce.PhysicalColumnPermissionIntegrationTest$DeniedColumnNotInQueryTests	v934|8:failsafe|24:sqlite-broad-integration|12:sqlite-broad|113:com.foggyframework.dataset.db.model.ecommerce.PhysicalColumnPermissionIntegrationTest$DeniedColumnNotInQueryTests	current-source-successor	same report owner retained under the reviewed v934 runner/variant split	foggy-dataset-model	v934-step1-independent-review
v934-map-e537b658bcde1631c474	1:1	1	1	SQLITE_FULL	v933-node|24:20260714T084351Z-3271604|11:sqlite-full|16:sqlite-successor|109:com.foggyframework.dataset.db.model.ecommerce.PhysicalColumnPermissionIntegrationTest$InvalidDeniedEntryTests	v934|8:failsafe|24:sqlite-broad-integration|12:sqlite-broad|109:com.foggyframework.dataset.db.model.ecommerce.PhysicalColumnPermissionIntegrationTest$InvalidDeniedEntryTests	current-source-successor	same report owner retained under the reviewed v934 runner/variant split	foggy-dataset-model	v934-step1-independent-review
v934-map-0c16a695775a5c8c3e55	1:1	1	1	SQLITE_FULL	v933-node|24:20260714T084351Z-3271604|11:sqlite-full|16:sqlite-successor|112:com.foggyframework.dataset.db.model.ecommerce.PhysicalColumnPermissionIntegrationTest$MultipleDeniedColumnsTests	v934|8:failsafe|24:sqlite-broad-integration|12:sqlite-broad|112:com.foggyframework.dataset.db.model.ecommerce.PhysicalColumnPermissionIntegrationTest$MultipleDeniedColumnsTests	current-source-successor	same report owner retained under the reviewed v934 runner/variant split	foggy-dataset-model	v934-step1-independent-review
v934-map-d7d4e646905611c56bfb	1:1	1	1	SQLITE_FULL	v933-node|24:20260714T084351Z-3271604|11:sqlite-full|16:sqlite-successor|104:com.foggyframework.dataset.db.model.ecommerce.PhysicalColumnPermissionIntegrationTest$NoRestrictionTests	v934|8:failsafe|24:sqlite-broad-integration|12:sqlite-broad|104:com.foggyframework.dataset.db.model.ecommerce.PhysicalColumnPermissionIntegrationTest$NoRestrictionTests	current-source-successor	same report owner retained under the reviewed v934 runner/variant split	foggy-dataset-model	v934-step1-independent-review
v934-map-8378aba764409a3f878c	1:1	1	1	SQLITE_FULL	v933-node|24:20260714T084351Z-3271604|11:sqlite-full|16:sqlite-successor|105:com.foggyframework.dataset.db.model.ecommerce.PhysicalColumnPermissionIntegrationTest$SchemaMatchingTests	v934|8:failsafe|24:sqlite-broad-integration|12:sqlite-broad|105:com.foggyframework.dataset.db.model.ecommerce.PhysicalColumnPermissionIntegrationTest$SchemaMatchingTests	current-source-successor	same report owner retained under the reviewed v934 runner/variant split	foggy-dataset-model	v934-step1-independent-review
v934-map-ddf2c2520bd2f3d355f6	1:1	1	1	SQLITE_FULL	v933-node|24:20260714T084351Z-3271604|11:sqlite-full|16:sqlite-successor|85:com.foggyframework.dataset.db.model.ecommerce.PhysicalColumnPermissionIntegrationTest	v934|8:failsafe|24:sqlite-broad-integration|12:sqlite-broad|85:com.foggyframework.dataset.db.model.ecommerce.PhysicalColumnPermissionIntegrationTest	current-source-successor	same report owner retained under the reviewed v934 runner/variant split	foggy-dataset-model	v934-step1-independent-review
v934-map-d1ac2ad16707525ff492	1:1	1	1	SQLITE_FULL	v933-node|24:20260714T084351Z-3271604|11:sqlite-full|16:sqlite-successor|80:com.foggyframework.dataset.db.model.ecommerce.SemanticScaleFactorIntegrationTest	v934|8:failsafe|24:sqlite-broad-integration|12:sqlite-broad|80:com.foggyframework.dataset.db.model.ecommerce.SemanticScaleFactorIntegrationTest	current-source-successor	same report owner retained under the reviewed v934 runner/variant split	foggy-dataset-model	v934-step1-independent-review
v934-map-5dfdee004198a04d2de1	1:1	1	1	SQLITE_FULL	v933-node|24:20260714T084351Z-3271604|11:sqlite-full|16:sqlite-successor|68:com.foggyframework.dataset.db.model.ecommerce.ServiceIntegrationTest	v934|8:failsafe|24:sqlite-broad-integration|12:sqlite-broad|68:com.foggyframework.dataset.db.model.ecommerce.ServiceIntegrationTest	current-source-successor	same report owner retained under the reviewed v934 runner/variant split	foggy-dataset-model	v934-step1-independent-review
v934-map-25329175b823e18ace90	1:1	1	1	SQLITE_FULL	v933-node|24:20260714T084351Z-3271604|11:sqlite-full|16:sqlite-successor|62:com.foggyframework.dataset.db.model.engine.AggSqlOptimizerTest	v934|8:surefire|4:unit|4:unit|62:com.foggyframework.dataset.db.model.engine.AggSqlOptimizerTest	current-source-successor	same report owner retained under the reviewed v934 runner/variant split	foggy-dataset-model	v934-step1-independent-review
v934-map-bda05306f8a70608d769	1:1	1	1	SQLITE_FULL	v933-node|24:20260714T084351Z-3271604|11:sqlite-full|16:sqlite-successor|87:com.foggyframework.dataset.db.model.engine.compose.ComposedDataSetResultIntegrationTest	v934|8:failsafe|24:sqlite-broad-integration|12:sqlite-broad|87:com.foggyframework.dataset.db.model.engine.compose.ComposedDataSetResultIntegrationTest	current-source-successor	same report owner retained under the reviewed v934 runner/variant split	foggy-dataset-model	v934-step1-independent-review
v934-map-4d0cd3eb4ee10e787a03	1:1	1	1	SQLITE_FULL	v933-node|24:20260714T084351Z-3271604|11:sqlite-full|16:sqlite-successor|80:com.foggyframework.dataset.db.model.engine.compose.F4ColumnObjectIntegrationTest	v934|8:failsafe|24:sqlite-broad-integration|12:sqlite-broad|80:com.foggyframework.dataset.db.model.engine.compose.F4ColumnObjectIntegrationTest	current-source-successor	same report owner retained under the reviewed v934 runner/variant split	foggy-dataset-model	v934-step1-independent-review
v934-map-7dcc6494c63f5476e85e	1:1	1	1	SQLITE_FULL	v933-node|24:20260714T084351Z-3271604|11:sqlite-full|16:sqlite-successor|80:com.foggyframework.dataset.db.model.engine.compose.F5ColumnObjectIntegrationTest	v934|8:failsafe|24:sqlite-broad-integration|12:sqlite-broad|80:com.foggyframework.dataset.db.model.engine.compose.F5ColumnObjectIntegrationTest	current-source-successor	same report owner retained under the reviewed v934 runner/variant split	foggy-dataset-model	v934-step1-independent-review
v934-map-da419c9647b5c1bb949f	1:1	1	1	SQLITE_FULL	v933-node|24:20260714T084351Z-3271604|11:sqlite-full|16:sqlite-successor|89:com.foggyframework.dataset.db.model.engine.compose.authority.AuthorityBindingResolverTest	v934|8:surefire|4:unit|4:unit|89:com.foggyframework.dataset.db.model.engine.compose.authority.AuthorityBindingResolverTest	current-source-successor	same report owner retained under the reviewed v934 runner/variant split	foggy-dataset-model	v934-step1-independent-review
v934-map-828a82dbb48d51bc3790	1:1	1	1	SQLITE_FULL	v933-node|24:20260714T084351Z-3271604|11:sqlite-full|16:sqlite-successor|106:com.foggyframework.dataset.db.model.engine.compose.authority.AuthorityResolutionPipelineTest$ErrorPhaseTag	v934|8:surefire|4:unit|4:unit|106:com.foggyframework.dataset.db.model.engine.compose.authority.AuthorityResolutionPipelineTest$ErrorPhaseTag	current-source-successor	same report owner retained under the reviewed v934 runner/variant split	foggy-dataset-model	v934-step1-independent-review
v934-map-4a1cb0ff194595c3c9f4	1:1	1	1	SQLITE_FULL	v933-node|24:20260714T084351Z-3271604|11:sqlite-full|16:sqlite-successor|113:com.foggyframework.dataset.db.model.engine.compose.authority.AuthorityResolutionPipelineTest$FailClosedNoResolver	v934|8:surefire|4:unit|4:unit|113:com.foggyframework.dataset.db.model.engine.compose.authority.AuthorityResolutionPipelineTest$FailClosedNoResolver	current-source-successor	same report owner retained under the reviewed v934 runner/variant split	foggy-dataset-model	v934-step1-independent-review
v934-map-1f507d5b884efb0863a5	1:1	1	1	SQLITE_FULL	v933-node|24:20260714T084351Z-3271604|11:sqlite-full|16:sqlite-successor|117:com.foggyframework.dataset.db.model.engine.compose.authority.AuthorityResolutionPipelineTest$FailClosedResolverRaises	v934|8:surefire|4:unit|4:unit|117:com.foggyframework.dataset.db.model.engine.compose.authority.AuthorityResolutionPipelineTest$FailClosedResolverRaises	current-source-successor	same report owner retained under the reviewed v934 runner/variant split	foggy-dataset-model	v934-step1-independent-review
v934-map-5d8bdd7c36604167d356	1:1	1	1	SQLITE_FULL	v933-node|24:20260714T084351Z-3271604|11:sqlite-full|16:sqlite-successor|116:com.foggyframework.dataset.db.model.engine.compose.authority.AuthorityResolutionPipelineTest$FailClosedResponseShape	v934|8:surefire|4:unit|4:unit|116:com.foggyframework.dataset.db.model.engine.compose.authority.AuthorityResolutionPipelineTest$FailClosedResponseShape	current-source-successor	same report owner retained under the reviewed v934 runner/variant split	foggy-dataset-model	v934-step1-independent-review
v934-map-aa76191c3391810771bd	1:1	1	1	SQLITE_FULL	v933-node|24:20260714T084351Z-3271604|11:sqlite-full|16:sqlite-successor|121:com.foggyframework.dataset.db.model.engine.compose.authority.AuthorityResolutionPipelineTest$ModelInfoProviderIntegration	v934|8:surefire|4:unit|4:unit|121:com.foggyframework.dataset.db.model.engine.compose.authority.AuthorityResolutionPipelineTest$ModelInfoProviderIntegration	current-source-successor	same report owner retained under the reviewed v934 runner/variant split	foggy-dataset-model	v934-step1-independent-review
v934-map-3e2af7f7f35d8b084a60	1:1	1	1	SQLITE_FULL	v933-node|24:20260714T084351Z-3271604|11:sqlite-full|16:sqlite-successor|103:com.foggyframework.dataset.db.model.engine.compose.authority.AuthorityResolutionPipelineTest$MultiModel	v934|8:surefire|4:unit|4:unit|103:com.foggyframework.dataset.db.model.engine.compose.authority.AuthorityResolutionPipelineTest$MultiModel	current-source-successor	same report owner retained under the reviewed v934 runner/variant split	foggy-dataset-model	v934-step1-independent-review
v934-map-d0684248d4ae419a3e79	1:1	1	1	SQLITE_FULL	v933-node|24:20260714T084351Z-3271604|11:sqlite-full|16:sqlite-successor|104:com.foggyframework.dataset.db.model.engine.compose.authority.AuthorityResolutionPipelineTest$ReturnShape	v934|8:surefire|4:unit|4:unit|104:com.foggyframework.dataset.db.model.engine.compose.authority.AuthorityResolutionPipelineTest$ReturnShape	current-source-successor	same report owner retained under the reviewed v934 runner/variant split	foggy-dataset-model	v934-step1-independent-review
v934-map-c1ffd06aaff78d31826f	1:1	1	1	SQLITE_FULL	v933-node|24:20260714T084351Z-3271604|11:sqlite-full|16:sqlite-successor|104:com.foggyframework.dataset.db.model.engine.compose.authority.AuthorityResolutionPipelineTest$SingleModel	v934|8:surefire|4:unit|4:unit|104:com.foggyframework.dataset.db.model.engine.compose.authority.AuthorityResolutionPipelineTest$SingleModel	current-source-successor	same report owner retained under the reviewed v934 runner/variant split	foggy-dataset-model	v934-step1-independent-review
v934-map-53229f853d0b1003f2b4	1:1	1	1	SQLITE_FULL	v933-node|24:20260714T084351Z-3271604|11:sqlite-full|16:sqlite-successor|104:com.foggyframework.dataset.db.model.engine.compose.authority.AuthorityResolutionPipelineTest$StaticShape	v934|8:surefire|4:unit|4:unit|104:com.foggyframework.dataset.db.model.engine.compose.authority.AuthorityResolutionPipelineTest$StaticShape	current-source-successor	same report owner retained under the reviewed v934 runner/variant split	foggy-dataset-model	v934-step1-independent-review
v934-map-264d348d5cb89d03c0a3	1:1	1	1	SQLITE_FULL	v933-node|24:20260714T084351Z-3271604|11:sqlite-full|16:sqlite-successor|92:com.foggyframework.dataset.db.model.engine.compose.authority.AuthorityResolutionPipelineTest	v934|8:surefire|4:unit|4:unit|92:com.foggyframework.dataset.db.model.engine.compose.authority.AuthorityResolutionPipelineTest	current-source-successor	same report owner retained under the reviewed v934 runner/variant split	foggy-dataset-model	v934-step1-independent-review
v934-map-cc98b1bbc0ed7f86ef90	1:1	1	1	SQLITE_FULL	v933-node|24:20260714T084351Z-3271604|11:sqlite-full|16:sqlite-successor|112:com.foggyframework.dataset.db.model.engine.compose.authority.BaseModelPlanCollectorTest$CollectFromBaseOrDerived	v934|8:surefire|4:unit|4:unit|112:com.foggyframework.dataset.db.model.engine.compose.authority.BaseModelPlanCollectorTest$CollectFromBaseOrDerived	current-source-successor	same report owner retained under the reviewed v934 runner/variant split	foggy-dataset-model	v934-step1-independent-review
v934-map-70968182e2a6468194ac	1:1	1	1	SQLITE_FULL	v933-node|24:20260714T084351Z-3271604|11:sqlite-full|16:sqlite-successor|107:com.foggyframework.dataset.db.model.engine.compose.authority.BaseModelPlanCollectorTest$CollectFromDeepTree	v934|8:surefire|4:unit|4:unit|107:com.foggyframework.dataset.db.model.engine.compose.authority.BaseModelPlanCollectorTest$CollectFromDeepTree	current-source-successor	same report owner retained under the reviewed v934 runner/variant split	foggy-dataset-model	v934-step1-independent-review
v934-map-d28636ca2b586383f8f2	1:1	1	1	SQLITE_FULL	v933-node|24:20260714T084351Z-3271604|11:sqlite-full|16:sqlite-successor|103:com.foggyframework.dataset.db.model.engine.compose.authority.BaseModelPlanCollectorTest$CollectFromJoin	v934|8:surefire|4:unit|4:unit|103:com.foggyframework.dataset.db.model.engine.compose.authority.BaseModelPlanCollectorTest$CollectFromJoin	current-source-successor	same report owner retained under the reviewed v934 runner/variant split	foggy-dataset-model	v934-step1-independent-review
v934-map-c92b5504c81e015a86cb	1:1	1	1	SQLITE_FULL	v933-node|24:20260714T084351Z-3271604|11:sqlite-full|16:sqlite-successor|104:com.foggyframework.dataset.db.model.engine.compose.authority.BaseModelPlanCollectorTest$CollectFromUnion	v934|8:surefire|4:unit|4:unit|104:com.foggyframework.dataset.db.model.engine.compose.authority.BaseModelPlanCollectorTest$CollectFromUnion	current-source-successor	same report owner retained under the reviewed v934 runner/variant split	foggy-dataset-model	v934-step1-independent-review
v934-map-d2bab5ee7a2a262b245b	1:1	1	1	SQLITE_FULL	v933-node|24:20260714T084351Z-3271604|11:sqlite-full|16:sqlite-successor|98:com.foggyframework.dataset.db.model.engine.compose.authority.BaseModelPlanCollectorTest$FailClosed	v934|8:surefire|4:unit|4:unit|98:com.foggyframework.dataset.db.model.engine.compose.authority.BaseModelPlanCollectorTest$FailClosed	current-source-successor	same report owner retained under the reviewed v934 runner/variant split	foggy-dataset-model	v934-step1-independent-review
v934-map-2f9f9a3ab7e900392175	1:1	1	1	SQLITE_FULL	v933-node|24:20260714T084351Z-3271604|11:sqlite-full|16:sqlite-successor|99:com.foggyframework.dataset.db.model.engine.compose.authority.BaseModelPlanCollectorTest$ReturnShape	v934|8:surefire|4:unit|4:unit|99:com.foggyframework.dataset.db.model.engine.compose.authority.BaseModelPlanCollectorTest$ReturnShape	current-source-successor	same report owner retained under the reviewed v934 runner/variant split	foggy-dataset-model	v934-step1-independent-review
v934-map-af9986f689d9fb3f1850	1:1	1	1	SQLITE_FULL	v933-node|24:20260714T084351Z-3271604|11:sqlite-full|16:sqlite-successor|87:com.foggyframework.dataset.db.model.engine.compose.authority.BaseModelPlanCollectorTest	v934|8:surefire|4:unit|4:unit|87:com.foggyframework.dataset.db.model.engine.compose.authority.BaseModelPlanCollectorTest	current-source-successor	same report owner retained under the reviewed v934 runner/variant split	foggy-dataset-model	v934-step1-independent-review
v934-map-5267423fba0c1e4ed860	1:1	1	1	SQLITE_FULL	v933-node|24:20260714T084351Z-3271604|11:sqlite-full|16:sqlite-successor|93:com.foggyframework.dataset.db.model.engine.compose.authority.FieldAccessApplierTest$BadInputs	v934|8:surefire|4:unit|4:unit|93:com.foggyframework.dataset.db.model.engine.compose.authority.FieldAccessApplierTest$BadInputs	current-source-successor	same report owner retained under the reviewed v934 runner/variant split	foggy-dataset-model	v934-step1-independent-review
v934-map-af688d1b1e90a4d0e311	1:1	1	1	SQLITE_FULL	v933-node|24:20260714T084351Z-3271604|11:sqlite-full|16:sqlite-successor|100:com.foggyframework.dataset.db.model.engine.compose.authority.FieldAccessApplierTest$EmptyInputSchema	v934|8:surefire|4:unit|4:unit|100:com.foggyframework.dataset.db.model.engine.compose.authority.FieldAccessApplierTest$EmptyInputSchema	current-source-successor	same report owner retained under the reviewed v934 runner/variant split	foggy-dataset-model	v934-step1-independent-review
v934-map-0ffca7b9c50e59d798b0	1:1	1	1	SQLITE_FULL	v933-node|24:20260714T084351Z-3271604|11:sqlite-full|16:sqlite-successor|100:com.foggyframework.dataset.db.model.engine.compose.authority.FieldAccessApplierTest$FieldAccessEmpty	v934|8:surefire|4:unit|4:unit|100:com.foggyframework.dataset.db.model.engine.compose.authority.FieldAccessApplierTest$FieldAccessEmpty	current-source-successor	same report owner retained under the reviewed v934 runner/variant split	foggy-dataset-model	v934-step1-independent-review
v934-map-50c82ee4421639e28471	1:1	1	1	SQLITE_FULL	v933-node|24:20260714T084351Z-3271604|11:sqlite-full|16:sqlite-successor|99:com.foggyframework.dataset.db.model.engine.compose.authority.FieldAccessApplierTest$FieldAccessNull	v934|8:surefire|4:unit|4:unit|99:com.foggyframework.dataset.db.model.engine.compose.authority.FieldAccessApplierTest$FieldAccessNull	current-source-successor	same report owner retained under the reviewed v934 runner/variant split	foggy-dataset-model	v934-step1-independent-review
v934-map-419fef16042886424edb	1:1	1	1	SQLITE_FULL	v933-node|24:20260714T084351Z-3271604|11:sqlite-full|16:sqlite-successor|115:com.foggyframework.dataset.db.model.engine.compose.authority.FieldAccessApplierTest$IndependentOfOtherBindingFields	v934|8:surefire|4:unit|4:unit|115:com.foggyframework.dataset.db.model.engine.compose.authority.FieldAccessApplierTest$IndependentOfOtherBindingFields	current-source-successor	same report owner retained under the reviewed v934 runner/variant split	foggy-dataset-model	v934-step1-independent-review
v934-map-980284ec476cfb655e43	1:1	1	1	SQLITE_FULL	v933-node|24:20260714T084351Z-3271604|11:sqlite-full|16:sqlite-successor|93:com.foggyframework.dataset.db.model.engine.compose.authority.FieldAccessApplierTest$Whitelist	v934|8:surefire|4:unit|4:unit|93:com.foggyframework.dataset.db.model.engine.compose.authority.FieldAccessApplierTest$Whitelist	current-source-successor	same report owner retained under the reviewed v934 runner/variant split	foggy-dataset-model	v934-step1-independent-review
v934-map-eec98368f50bc3a24eb7	1:1	1	1	SQLITE_FULL	v933-node|24:20260714T084351Z-3271604|11:sqlite-full|16:sqlite-successor|83:com.foggyframework.dataset.db.model.engine.compose.authority.FieldAccessApplierTest	v934|8:surefire|4:unit|4:unit|83:com.foggyframework.dataset.db.model.engine.compose.authority.FieldAccessApplierTest	current-source-successor	same report owner retained under the reviewed v934 runner/variant split	foggy-dataset-model	v934-step1-independent-review
v934-map-b9b5592cb8da27bb4d2a	1:1	1	1	SQLITE_FULL	v933-node|24:20260714T084351Z-3271604|11:sqlite-full|16:sqlite-successor|87:com.foggyframework.dataset.db.model.engine.compose.authority.ModelInfoProviderSmokeTest	v934|8:surefire|4:unit|4:unit|87:com.foggyframework.dataset.db.model.engine.compose.authority.ModelInfoProviderSmokeTest	current-source-successor	same report owner retained under the reviewed v934 runner/variant split	foggy-dataset-model	v934-step1-independent-review
v934-map-6a4763dc96d92b31b636	1:1	1	1	SQLITE_FULL	v933-node|24:20260714T084351Z-3271604|11:sqlite-full|16:sqlite-successor|82:com.foggyframework.dataset.db.model.engine.compose.capability.CapabilityPolicyTest	v934|8:surefire|4:unit|4:unit|82:com.foggyframework.dataset.db.model.engine.compose.capability.CapabilityPolicyTest	current-source-successor	same report owner retained under the reviewed v934 runner/variant split	foggy-dataset-model	v934-step1-independent-review
v934-map-0f7b47523c613d6e82fa	1:1	1	1	SQLITE_FULL	v933-node|24:20260714T084351Z-3271604|11:sqlite-full|16:sqlite-successor|84:com.foggyframework.dataset.db.model.engine.compose.capability.CapabilityRegistryTest	v934|8:surefire|4:unit|4:unit|84:com.foggyframework.dataset.db.model.engine.compose.capability.CapabilityRegistryTest	current-source-successor	same report owner retained under the reviewed v934 runner/variant split	foggy-dataset-model	v934-step1-independent-review
v934-map-3ec3db9f6749b1ac6410	1:1	1	1	SQLITE_FULL	v933-node|24:20260714T084351Z-3271604|11:sqlite-full|16:sqlite-successor|84:com.foggyframework.dataset.db.model.engine.compose.capability.FunctionDescriptorTest	v934|8:surefire|4:unit|4:unit|84:com.foggyframework.dataset.db.model.engine.compose.capability.FunctionDescriptorTest	current-source-successor	same report owner retained under the reviewed v934 runner/variant split	foggy-dataset-model	v934-step1-independent-review
v934-map-f126df52625cf1db7e79	1:1	1	1	SQLITE_FULL	v933-node|24:20260714T084351Z-3271604|11:sqlite-full|16:sqlite-successor|94:com.foggyframework.dataset.db.model.engine.compose.capability.ObjectFacadePauseIntegrationTest	v934|8:failsafe|20:hermetic-integration|8:hermetic|94:com.foggyframework.dataset.db.model.engine.compose.capability.ObjectFacadePauseIntegrationTest	current-source-successor	same report owner retained under the reviewed v934 runner/variant split	foggy-dataset-model	v934-step1-independent-review
v934-map-0b875e72fb4f5f75b6ec	1:1	1	1	SQLITE_FULL	v933-node|24:20260714T084351Z-3271604|11:sqlite-full|16:sqlite-successor|83:com.foggyframework.dataset.db.model.engine.compose.capability.ObjectFacadeProxyTest	v934|8:surefire|4:unit|4:unit|83:com.foggyframework.dataset.db.model.engine.compose.capability.ObjectFacadeProxyTest	current-source-successor	same report owner retained under the reviewed v934 runner/variant split	foggy-dataset-model	v934-step1-independent-review
v934-map-49444b794109ebd165c3	1:1	1	1	SQLITE_FULL	v933-node|24:20260714T084351Z-3271604|11:sqlite-full|16:sqlite-successor|89:com.foggyframework.dataset.db.model.engine.compose.capability.SqlExpFactoryCapabilityTest	v934|8:surefire|4:unit|4:unit|89:com.foggyframework.dataset.db.model.engine.compose.capability.SqlExpFactoryCapabilityTest	current-source-successor	same report owner retained under the reviewed v934 runner/variant split	foggy-dataset-model	v934-step1-independent-review
v934-map-f90372e6a25a759e77a3	1:1	1	1	SQLITE_FULL	v933-node|24:20260714T084351Z-3271604|11:sqlite-full|16:sqlite-successor|87:com.foggyframework.dataset.db.model.engine.compose.compilation.BaseSubqueryLoweringTest	v934|8:surefire|4:unit|4:unit|87:com.foggyframework.dataset.db.model.engine.compose.compilation.BaseSubqueryLoweringTest	current-source-successor	same report owner retained under the reviewed v934 runner/variant split	foggy-dataset-model	v934-step1-independent-review
v934-map-4bc3ddba83dd5f7f61d6	1:1	1	1	SQLITE_FULL	v933-node|24:20260714T084351Z-3271604|11:sqlite-full|16:sqlite-successor|91:com.foggyframework.dataset.db.model.engine.compose.compilation.ComposeCompileErrorCodesTest	v934|8:surefire|4:unit|4:unit|91:com.foggyframework.dataset.db.model.engine.compose.compilation.ComposeCompileErrorCodesTest	current-source-successor	same report owner retained under the reviewed v934 runner/variant split	foggy-dataset-model	v934-step1-independent-review
v934-map-b0f7cf3dae154cb190ab	1:1	1	1	SQLITE_FULL	v933-node|24:20260714T084351Z-3271604|11:sqlite-full|16:sqlite-successor|90:com.foggyframework.dataset.db.model.engine.compose.compilation.ComposeCompileExceptionTest	v934|8:surefire|4:unit|4:unit|90:com.foggyframework.dataset.db.model.engine.compose.compilation.ComposeCompileExceptionTest	current-source-successor	same report owner retained under the reviewed v934 runner/variant split	foggy-dataset-model	v934-step1-independent-review
v934-map-53120ab81f0f008dadb8	1:1	1	1	SQLITE_FULL	v933-node|24:20260714T084351Z-3271604|11:sqlite-full|16:sqlite-successor|88:com.foggyframework.dataset.db.model.engine.compose.compilation.ComposePlannerCteWrapTest	v934|8:surefire|4:unit|4:unit|88:com.foggyframework.dataset.db.model.engine.compose.compilation.ComposePlannerCteWrapTest	current-source-successor	same report owner retained under the reviewed v934 runner/variant split	foggy-dataset-model	v934-step1-independent-review
v934-map-b3d12ab3fbabbceae3ae	1:1	1	1	SQLITE_FULL	v933-node|24:20260714T084351Z-3271604|11:sqlite-full|16:sqlite-successor|90:com.foggyframework.dataset.db.model.engine.compose.compilation.ComposeRelationCompilerTest	v934|8:surefire|4:unit|4:unit|90:com.foggyframework.dataset.db.model.engine.compose.compilation.ComposeRelationCompilerTest	current-source-successor	same report owner retained under the reviewed v934 runner/variant split	foggy-dataset-model	v934-step1-independent-review
v934-map-534f794b9329724002a6	1:1	1	1	SQLITE_FULL	v933-node|24:20260714T084351Z-3271604|11:sqlite-full|16:sqlite-successor|85:com.foggyframework.dataset.db.model.engine.compose.compilation.ComposeSqlCompilerTest	v934|8:surefire|4:unit|4:unit|85:com.foggyframework.dataset.db.model.engine.compose.compilation.ComposeSqlCompilerTest	current-source-successor	same report owner retained under the reviewed v934 runner/variant split	foggy-dataset-model	v934-step1-independent-review
v934-map-255112864bae8a0bd2d8	1:1	1	1	SQLITE_FULL	v933-node|24:20260714T084351Z-3271604|11:sqlite-full|16:sqlite-successor|82:com.foggyframework.dataset.db.model.engine.compose.compilation.DerivedLoweringTest	v934|8:surefire|4:unit|4:unit|82:com.foggyframework.dataset.db.model.engine.compose.compilation.DerivedLoweringTest	current-source-successor	same report owner retained under the reviewed v934 runner/variant split	foggy-dataset-model	v934-step1-independent-review
v934-map-1c08bc7d425bc0084470	1:1	1	1	SQLITE_FULL	v933-node|24:20260714T084351Z-3271604|11:sqlite-full|16:sqlite-successor|82:com.foggyframework.dataset.db.model.engine.compose.compilation.DialectFallbackTest	v934|8:surefire|4:unit|4:unit|82:com.foggyframework.dataset.db.model.engine.compose.compilation.DialectFallbackTest	current-source-successor	same report owner retained under the reviewed v934 runner/variant split	foggy-dataset-model	v934-step1-independent-review
v934-map-af1c40f4f7f8d5ddca3c	1:1	1	1	SQLITE_FULL	v933-node|24:20260714T084351Z-3271604|11:sqlite-full|16:sqlite-successor|105:com.foggyframework.dataset.db.model.engine.compose.compilation.FluentApiCompileTest$FluentJoinCompilation	v934|8:surefire|4:unit|4:unit|105:com.foggyframework.dataset.db.model.engine.compose.compilation.FluentApiCompileTest$FluentJoinCompilation	current-source-successor	same report owner retained under the reviewed v934 runner/variant split	foggy-dataset-model	v934-step1-independent-review
v934-map-de599eea6f5379871b93	1:1	1	1	SQLITE_FULL	v933-node|24:20260714T084351Z-3271604|11:sqlite-full|16:sqlite-successor|102:com.foggyframework.dataset.db.model.engine.compose.compilation.FluentApiCompileTest$IntermediateStages	v934|8:surefire|4:unit|4:unit|102:com.foggyframework.dataset.db.model.engine.compose.compilation.FluentApiCompileTest$IntermediateStages	current-source-successor	same report owner retained under the reviewed v934 runner/variant split	foggy-dataset-model	v934-step1-independent-review
v934-map-daaa1e659d6858385379	1:1	1	1	SQLITE_FULL	v933-node|24:20260714T084351Z-3271604|11:sqlite-full|16:sqlite-successor|110:com.foggyframework.dataset.db.model.engine.compose.compilation.FluentApiCompileTest$ProjectedColumnExpressions	v934|8:surefire|4:unit|4:unit|110:com.foggyframework.dataset.db.model.engine.compose.compilation.FluentApiCompileTest$ProjectedColumnExpressions	current-source-successor	same report owner retained under the reviewed v934 runner/variant split	foggy-dataset-model	v934-step1-independent-review
v934-map-310cf844e396091ec2c6	1:1	1	1	SQLITE_FULL	v933-node|24:20260714T084351Z-3271604|11:sqlite-full|16:sqlite-successor|103:com.foggyframework.dataset.db.model.engine.compose.compilation.FluentApiCompileTest$QueryFactoryCompile	v934|8:surefire|4:unit|4:unit|103:com.foggyframework.dataset.db.model.engine.compose.compilation.FluentApiCompileTest$QueryFactoryCompile	current-source-successor	same report owner retained under the reviewed v934 runner/variant split	foggy-dataset-model	v934-step1-independent-review
v934-map-34f05ec0094310b861d7	1:1	1	1	SQLITE_FULL	v933-node|24:20260714T084351Z-3271604|11:sqlite-full|16:sqlite-successor|103:com.foggyframework.dataset.db.model.engine.compose.compilation.FluentApiCompileTest$TwoStageAggregation	v934|8:surefire|4:unit|4:unit|103:com.foggyframework.dataset.db.model.engine.compose.compilation.FluentApiCompileTest$TwoStageAggregation	current-source-successor	same report owner retained under the reviewed v934 runner/variant split	foggy-dataset-model	v934-step1-independent-review
v934-map-17c3f35fb694dea8f4ea	1:1	1	1	SQLITE_FULL	v933-node|24:20260714T084351Z-3271604|11:sqlite-full|16:sqlite-successor|106:com.foggyframework.dataset.db.model.engine.compose.compilation.FluentApiCompileTest$WindowFrameCompilation	v934|8:surefire|4:unit|4:unit|106:com.foggyframework.dataset.db.model.engine.compose.compilation.FluentApiCompileTest$WindowFrameCompilation	current-source-successor	same report owner retained under the reviewed v934 runner/variant split	foggy-dataset-model	v934-step1-independent-review
v934-map-0454a0f586432c529cf7	1:1	1	1	SQLITE_FULL	v933-node|24:20260714T084351Z-3271604|11:sqlite-full|16:sqlite-successor|83:com.foggyframework.dataset.db.model.engine.compose.compilation.FluentApiCompileTest	v934|8:surefire|4:unit|4:unit|83:com.foggyframework.dataset.db.model.engine.compose.compilation.FluentApiCompileTest	current-source-successor	same report owner retained under the reviewed v934 runner/variant split	foggy-dataset-model	v934-step1-independent-review
v934-map-68690a51263c4f217611	1:1	1	1	SQLITE_FULL	v933-node|24:20260714T084351Z-3271604|11:sqlite-full|16:sqlite-successor|86:com.foggyframework.dataset.db.model.engine.compose.compilation.JavaComposeSnapshotTest	v934|8:surefire|4:unit|4:unit|86:com.foggyframework.dataset.db.model.engine.compose.compilation.JavaComposeSnapshotTest	current-source-successor	same report owner retained under the reviewed v934 runner/variant split	foggy-dataset-model	v934-step1-independent-review
v934-map-8f5e8f52f55856178cc6	1:1	1	1	SQLITE_FULL	v933-node|24:20260714T084351Z-3271604|11:sqlite-full|16:sqlite-successor|78:com.foggyframework.dataset.db.model.engine.compose.compilation.JoinCompileTest	v934|8:surefire|4:unit|4:unit|78:com.foggyframework.dataset.db.model.engine.compose.compilation.JoinCompileTest	current-source-successor	same report owner retained under the reviewed v934 runner/variant split	foggy-dataset-model	v934-step1-independent-review
v934-map-3be2136ff336ed52c799	1:1	1	1	SQLITE_FULL	v933-node|24:20260714T084351Z-3271604|11:sqlite-full|16:sqlite-successor|81:com.foggyframework.dataset.db.model.engine.compose.compilation.PerBaseCompileTest	v934|8:surefire|4:unit|4:unit|81:com.foggyframework.dataset.db.model.engine.compose.compilation.PerBaseCompileTest	current-source-successor	same report owner retained under the reviewed v934 runner/variant split	foggy-dataset-model	v934-step1-independent-review
v934-map-f433f9e4ff07a2e6fea0	1:1	1	1	SQLITE_FULL	v933-node|24:20260714T084351Z-3271604|11:sqlite-full|16:sqlite-successor|111:com.foggyframework.dataset.db.model.engine.compose.compilation.PlanAwareCompileExpressionTest$FlagOffIgnoresMap	v934|8:surefire|4:unit|4:unit|111:com.foggyframework.dataset.db.model.engine.compose.compilation.PlanAwareCompileExpressionTest$FlagOffIgnoresMap	current-source-successor	same report owner retained under the reviewed v934 runner/variant split	foggy-dataset-model	v934-step1-independent-review
v934-map-d33157f9a2c5f06cd662	1:1	1	1	SQLITE_FULL	v933-node|24:20260714T084351Z-3271604|11:sqlite-full|16:sqlite-successor|114:com.foggyframework.dataset.db.model.engine.compose.compilation.PlanAwareCompileExpressionTest$FlagOnAliasQualified	v934|8:surefire|4:unit|4:unit|114:com.foggyframework.dataset.db.model.engine.compose.compilation.PlanAwareCompileExpressionTest$FlagOnAliasQualified	current-source-successor	same report owner retained under the reviewed v934 runner/variant split	foggy-dataset-model	v934-step1-independent-review
v934-map-58bf98d5e2cb83c0407f	1:1	1	1	SQLITE_FULL	v933-node|24:20260714T084351Z-3271604|11:sqlite-full|16:sqlite-successor|110:com.foggyframework.dataset.db.model.engine.compose.compilation.PlanAwareCompileExpressionTest$LegacyOrEmptyMap	v934|8:surefire|4:unit|4:unit|110:com.foggyframework.dataset.db.model.engine.compose.compilation.PlanAwareCompileExpressionTest$LegacyOrEmptyMap	current-source-successor	same report owner retained under the reviewed v934 runner/variant split	foggy-dataset-model	v934-step1-independent-review
v934-map-04c67b43a0c1269778f3	1:1	1	1	SQLITE_FULL	v933-node|24:20260714T084351Z-3271604|11:sqlite-full|16:sqlite-successor|93:com.foggyframework.dataset.db.model.engine.compose.compilation.PlanAwareCompileExpressionTest	v934|8:surefire|4:unit|4:unit|93:com.foggyframework.dataset.db.model.engine.compose.compilation.PlanAwareCompileExpressionTest	current-source-successor	same report owner retained under the reviewed v934 runner/variant split	foggy-dataset-model	v934-step1-independent-review
v934-map-13fa52597eaccab3158c	1:1	1	1	SQLITE_FULL	v933-node|24:20260714T084351Z-3271604|11:sqlite-full|16:sqlite-successor|84:com.foggyframework.dataset.db.model.engine.compose.compilation.PlanAwareLoweringTest	v934|8:surefire|4:unit|4:unit|84:com.foggyframework.dataset.db.model.engine.compose.compilation.PlanAwareLoweringTest	current-source-successor	same report owner retained under the reviewed v934 runner/variant split	foggy-dataset-model	v934-step1-independent-review
v934-map-b86f5f9876db03c57555	1:1	1	1	SQLITE_FULL	v933-node|24:20260714T084351Z-3271604|11:sqlite-full|16:sqlite-successor|75:com.foggyframework.dataset.db.model.engine.compose.compilation.PlanHashTest	v934|8:surefire|4:unit|4:unit|75:com.foggyframework.dataset.db.model.engine.compose.compilation.PlanHashTest	current-source-successor	same report owner retained under the reviewed v934 runner/variant split	foggy-dataset-model	v934-step1-independent-review
v934-map-e806d8ad496f18378b54	1:1	1	1	SQLITE_FULL	v933-node|24:20260714T084351Z-3271604|11:sqlite-full|16:sqlite-successor|92:com.foggyframework.dataset.db.model.engine.compose.compilation.RelationOuterQueryBuilderTest	v934|8:surefire|4:unit|4:unit|92:com.foggyframework.dataset.db.model.engine.compose.compilation.RelationOuterQueryBuilderTest	current-source-successor	same report owner retained under the reviewed v934 runner/variant split	foggy-dataset-model	v934-step1-independent-review
v934-map-c336a605654752241fbe	1:1	1	1	SQLITE_FULL	v933-node|24:20260714T084351Z-3271604|11:sqlite-full|16:sqlite-successor|79:com.foggyframework.dataset.db.model.engine.compose.compilation.UnionCompileTest	v934|8:surefire|4:unit|4:unit|79:com.foggyframework.dataset.db.model.engine.compose.compilation.UnionCompileTest	current-source-successor	same report owner retained under the reviewed v934 runner/variant split	foggy-dataset-model	v934-step1-independent-review
v934-map-4206a01825bb27cf9523	1:1	1	1	SQLITE_FULL	v933-node|24:20260714T084351Z-3271604|11:sqlite-full|16:sqlite-successor|82:com.foggyframework.dataset.db.model.engine.compose.context.ComposeQueryContextTest	v934|8:surefire|4:unit|4:unit|82:com.foggyframework.dataset.db.model.engine.compose.context.ComposeQueryContextTest	current-source-successor	same report owner retained under the reviewed v934 runner/variant split	foggy-dataset-model	v934-step1-independent-review
v934-map-92288b16bfa51347bc25	1:1	1	1	SQLITE_FULL	v933-node|24:20260714T084351Z-3271604|11:sqlite-full|16:sqlite-successor|72:com.foggyframework.dataset.db.model.engine.compose.context.PrincipalTest	v934|8:surefire|4:unit|4:unit|72:com.foggyframework.dataset.db.model.engine.compose.context.PrincipalTest	current-source-successor	same report owner retained under the reviewed v934 runner/variant split	foggy-dataset-model	v934-step1-independent-review
v934-map-0d1b289e88f04536a496	1:1	1	1	SQLITE_FULL	v933-node|24:20260714T084351Z-3271604|11:sqlite-full|16:sqlite-successor|90:com.foggyframework.dataset.db.model.engine.compose.normalization.PlanNormalizePipelineTest	v934|8:surefire|4:unit|4:unit|90:com.foggyframework.dataset.db.model.engine.compose.normalization.PlanNormalizePipelineTest	current-source-successor	same report owner retained under the reviewed v934 runner/variant split	foggy-dataset-model	v934-step1-independent-review
v934-map-19722323b059d3f439f8	1:1	1	1	SQLITE_FULL	v933-node|24:20260714T084351Z-3271604|11:sqlite-full|16:sqlite-successor|86:com.foggyframework.dataset.db.model.engine.compose.plan.BaseModelPlanTest$Construction	v934|8:surefire|4:unit|4:unit|86:com.foggyframework.dataset.db.model.engine.compose.plan.BaseModelPlanTest$Construction	current-source-successor	same report owner retained under the reviewed v934 runner/variant split	foggy-dataset-model	v934-step1-independent-review
v934-map-3b9b3aaec5caf6050597	1:1	1	1	SQLITE_FULL	v933-node|24:20260714T084351Z-3271604|11:sqlite-full|16:sqlite-successor|102:com.foggyframework.dataset.db.model.engine.compose.plan.BaseModelPlanTest$ExecuteAndToSqlWithoutBundle	v934|8:surefire|4:unit|4:unit|102:com.foggyframework.dataset.db.model.engine.compose.plan.BaseModelPlanTest$ExecuteAndToSqlWithoutBundle	current-source-successor	same report owner retained under the reviewed v934 runner/variant split	foggy-dataset-model	v934-step1-independent-review
v934-map-403380a39ca2ed1c7293	1:1	1	1	SQLITE_FULL	v933-node|24:20260714T084351Z-3271604|11:sqlite-full|16:sqlite-successor|86:com.foggyframework.dataset.db.model.engine.compose.plan.BaseModelPlanTest$Immutability	v934|8:surefire|4:unit|4:unit|86:com.foggyframework.dataset.db.model.engine.compose.plan.BaseModelPlanTest$Immutability	current-source-successor	same report owner retained under the reviewed v934 runner/variant split	foggy-dataset-model	v934-step1-independent-review
v934-map-4bd88c72bae1364babaf	1:1	1	1	SQLITE_FULL	v933-node|24:20260714T084351Z-3271604|11:sqlite-full|16:sqlite-successor|85:com.foggyframework.dataset.db.model.engine.compose.plan.BaseModelPlanTest$IsQueryPlan	v934|8:surefire|4:unit|4:unit|85:com.foggyframework.dataset.db.model.engine.compose.plan.BaseModelPlanTest$IsQueryPlan	current-source-successor	same report owner retained under the reviewed v934 runner/variant split	foggy-dataset-model	v934-step1-independent-review
v934-map-407cf11e332fd1c45c4f	1:1	1	1	SQLITE_FULL	v933-node|24:20260714T084351Z-3271604|11:sqlite-full|16:sqlite-successor|82:com.foggyframework.dataset.db.model.engine.compose.plan.BaseModelPlanTest$TreeWalk	v934|8:surefire|4:unit|4:unit|82:com.foggyframework.dataset.db.model.engine.compose.plan.BaseModelPlanTest$TreeWalk	current-source-successor	same report owner retained under the reviewed v934 runner/variant split	foggy-dataset-model	v934-step1-independent-review
v934-map-e982ae6cc9d8d8fec6c7	1:1	1	1	SQLITE_FULL	v933-node|24:20260714T084351Z-3271604|11:sqlite-full|16:sqlite-successor|73:com.foggyframework.dataset.db.model.engine.compose.plan.BaseModelPlanTest	v934|8:surefire|4:unit|4:unit|73:com.foggyframework.dataset.db.model.engine.compose.plan.BaseModelPlanTest	current-source-successor	same report owner retained under the reviewed v934 runner/variant split	foggy-dataset-model	v934-step1-independent-review
v934-map-9d94ba34a15d0df93a2f	1:1	1	1	SQLITE_FULL	v933-node|24:20260714T084351Z-3271604|11:sqlite-full|16:sqlite-successor|94:com.foggyframework.dataset.db.model.engine.compose.plan.ColumnObjectNormalizerF5Test$HappyPath	v934|8:surefire|4:unit|4:unit|94:com.foggyframework.dataset.db.model.engine.compose.plan.ColumnObjectNormalizerF5Test$HappyPath	current-source-successor	same report owner retained under the reviewed v934 runner/variant split	foggy-dataset-model	v934-step1-independent-review
v934-map-bc44bf554b4b16671168	1:1	1	1	SQLITE_FULL	v933-node|24:20260714T084351Z-3271604|11:sqlite-full|16:sqlite-successor|110:com.foggyframework.dataset.db.model.engine.compose.plan.ColumnObjectNormalizerF5Test$LegacyStringPathRejection	v934|8:surefire|4:unit|4:unit|110:com.foggyframework.dataset.db.model.engine.compose.plan.ColumnObjectNormalizerF5Test$LegacyStringPathRejection	current-source-successor	same report owner retained under the reviewed v934 runner/variant split	foggy-dataset-model	v934-step1-independent-review
v934-map-f8e3c6728f779d67b822	1:1	1	1	SQLITE_FULL	v933-node|24:20260714T084351Z-3271604|11:sqlite-full|16:sqlite-successor|95:com.foggyframework.dataset.db.model.engine.compose.plan.ColumnObjectNormalizerF5Test$Validation	v934|8:surefire|4:unit|4:unit|95:com.foggyframework.dataset.db.model.engine.compose.plan.ColumnObjectNormalizerF5Test$Validation	current-source-successor	same report owner retained under the reviewed v934 runner/variant split	foggy-dataset-model	v934-step1-independent-review
v934-map-5c0d128309af55a21ed7	1:1	1	1	SQLITE_FULL	v933-node|24:20260714T084351Z-3271604|11:sqlite-full|16:sqlite-successor|84:com.foggyframework.dataset.db.model.engine.compose.plan.ColumnObjectNormalizerF5Test	v934|8:surefire|4:unit|4:unit|84:com.foggyframework.dataset.db.model.engine.compose.plan.ColumnObjectNormalizerF5Test	current-source-successor	same report owner retained under the reviewed v934 runner/variant split	foggy-dataset-model	v934-step1-independent-review
v934-map-bd0cd4b7847bcc72bf5e	1:1	1	1	SQLITE_FULL	v933-node|24:20260714T084351Z-3271604|11:sqlite-full|16:sqlite-successor|78:com.foggyframework.dataset.db.model.engine.compose.plan.ColumnsApiContractTest	v934|8:surefire|4:unit|4:unit|78:com.foggyframework.dataset.db.model.engine.compose.plan.ColumnsApiContractTest	current-source-successor	same report owner retained under the reviewed v934 runner/variant split	foggy-dataset-model	v934-step1-independent-review
v934-map-fac834e6f046127945c9	1:1	1	1	SQLITE_FULL	v933-node|24:20260714T084351Z-3271604|11:sqlite-full|16:sqlite-successor|92:com.foggyframework.dataset.db.model.engine.compose.plan.DerivedQueryPlanTest$ChainQuerySugar	v934|8:surefire|4:unit|4:unit|92:com.foggyframework.dataset.db.model.engine.compose.plan.DerivedQueryPlanTest$ChainQuerySugar	current-source-successor	same report owner retained under the reviewed v934 runner/variant split	foggy-dataset-model	v934-step1-independent-review
v934-map-873f97806a9afebcc591	1:1	1	1	SQLITE_FULL	v933-node|24:20260714T084351Z-3271604|11:sqlite-full|16:sqlite-successor|89:com.foggyframework.dataset.db.model.engine.compose.plan.DerivedQueryPlanTest$Construction	v934|8:surefire|4:unit|4:unit|89:com.foggyframework.dataset.db.model.engine.compose.plan.DerivedQueryPlanTest$Construction	current-source-successor	same report owner retained under the reviewed v934 runner/variant split	foggy-dataset-model	v934-step1-independent-review
v934-map-0a50190c32ac7bac4a51	1:1	1	1	SQLITE_FULL	v933-node|24:20260714T084351Z-3271604|11:sqlite-full|16:sqlite-successor|102:com.foggyframework.dataset.db.model.engine.compose.plan.DerivedQueryPlanTest$ExecuteToSqlWithoutBundle	v934|8:surefire|4:unit|4:unit|102:com.foggyframework.dataset.db.model.engine.compose.plan.DerivedQueryPlanTest$ExecuteToSqlWithoutBundle	current-source-successor	same report owner retained under the reviewed v934 runner/variant split	foggy-dataset-model	v934-step1-independent-review
v934-map-6434d9e99a3eef1fc41e	1:1	1	1	SQLITE_FULL	v933-node|24:20260714T084351Z-3271604|11:sqlite-full|16:sqlite-successor|89:com.foggyframework.dataset.db.model.engine.compose.plan.DerivedQueryPlanTest$Immutability	v934|8:surefire|4:unit|4:unit|89:com.foggyframework.dataset.db.model.engine.compose.plan.DerivedQueryPlanTest$Immutability	current-source-successor	same report owner retained under the reviewed v934 runner/variant split	foggy-dataset-model	v934-step1-independent-review
v934-map-b273848e972cb5f48c5f	1:1	1	1	SQLITE_FULL	v933-node|24:20260714T084351Z-3271604|11:sqlite-full|16:sqlite-successor|87:com.foggyframework.dataset.db.model.engine.compose.plan.DerivedQueryPlanTest$IsInstance	v934|8:surefire|4:unit|4:unit|87:com.foggyframework.dataset.db.model.engine.compose.plan.DerivedQueryPlanTest$IsInstance	current-source-successor	same report owner retained under the reviewed v934 runner/variant split	foggy-dataset-model	v934-step1-independent-review
v934-map-83aeb4626be3e5910951	1:1	1	1	SQLITE_FULL	v933-node|24:20260714T084351Z-3271604|11:sqlite-full|16:sqlite-successor|85:com.foggyframework.dataset.db.model.engine.compose.plan.DerivedQueryPlanTest$TreeWalk	v934|8:surefire|4:unit|4:unit|85:com.foggyframework.dataset.db.model.engine.compose.plan.DerivedQueryPlanTest$TreeWalk	current-source-successor	same report owner retained under the reviewed v934 runner/variant split	foggy-dataset-model	v934-step1-independent-review
v934-map-fbb1d0405745a33b9682	1:1	1	1	SQLITE_FULL	v933-node|24:20260714T084351Z-3271604|11:sqlite-full|16:sqlite-successor|76:com.foggyframework.dataset.db.model.engine.compose.plan.DerivedQueryPlanTest	v934|8:surefire|4:unit|4:unit|76:com.foggyframework.dataset.db.model.engine.compose.plan.DerivedQueryPlanTest	current-source-successor	same report owner retained under the reviewed v934 runner/variant split	foggy-dataset-model	v934-step1-independent-review
v934-map-8d5abc712b0ff10794cc	1:1	1	1	SQLITE_FULL	v933-node|24:20260714T084351Z-3271604|11:sqlite-full|16:sqlite-successor|90:com.foggyframework.dataset.db.model.engine.compose.plan.FluentApiTest$AggregateColumnTests	v934|8:surefire|4:unit|4:unit|90:com.foggyframework.dataset.db.model.engine.compose.plan.FluentApiTest$AggregateColumnTests	current-source-successor	same report owner retained under the reviewed v934 runner/variant split	foggy-dataset-model	v934-step1-independent-review
v934-map-e101c14dcc4ee8acc2ad	1:1	1	1	SQLITE_FULL	v933-node|24:20260714T084351Z-3271604|11:sqlite-full|16:sqlite-successor|83:com.foggyframework.dataset.db.model.engine.compose.plan.FluentApiTest$EndToEndTests	v934|8:surefire|4:unit|4:unit|83:com.foggyframework.dataset.db.model.engine.compose.plan.FluentApiTest$EndToEndTests	current-source-successor	same report owner retained under the reviewed v934 runner/variant split	foggy-dataset-model	v934-step1-independent-review
v934-map-29c13585b0f7322934ec	1:1	1	1	SQLITE_FULL	v933-node|24:20260714T084351Z-3271604|11:sqlite-full|16:sqlite-successor|88:com.foggyframework.dataset.db.model.engine.compose.plan.FluentApiTest$FluentBuilderTests	v934|8:surefire|4:unit|4:unit|88:com.foggyframework.dataset.db.model.engine.compose.plan.FluentApiTest$FluentBuilderTests	current-source-successor	same report owner retained under the reviewed v934 runner/variant split	foggy-dataset-model	v934-step1-independent-review
v934-map-cf6b087bfc69894da10b	1:1	1	1	SQLITE_FULL	v933-node|24:20260714T084351Z-3271604|11:sqlite-full|16:sqlite-successor|86:com.foggyframework.dataset.db.model.engine.compose.plan.FluentApiTest$JoinBuilderTests	v934|8:surefire|4:unit|4:unit|86:com.foggyframework.dataset.db.model.engine.compose.plan.FluentApiTest$JoinBuilderTests	current-source-successor	same report owner retained under the reviewed v934 runner/variant split	foggy-dataset-model	v934-step1-independent-review
v934-map-3abc8d98ca7f7db86eb8	1:1	1	1	SQLITE_FULL	v933-node|24:20260714T084351Z-3271604|11:sqlite-full|16:sqlite-successor|88:com.foggyframework.dataset.db.model.engine.compose.plan.FluentApiTest$PlanColumnRefTests	v934|8:surefire|4:unit|4:unit|88:com.foggyframework.dataset.db.model.engine.compose.plan.FluentApiTest$PlanColumnRefTests	current-source-successor	same report owner retained under the reviewed v934 runner/variant split	foggy-dataset-model	v934-step1-independent-review
v934-map-da268db1d43b203933e0	1:1	1	1	SQLITE_FULL	v933-node|24:20260714T084351Z-3271604|11:sqlite-full|16:sqlite-successor|89:com.foggyframework.dataset.db.model.engine.compose.plan.FluentApiTest$PropertyHolderTests	v934|8:surefire|4:unit|4:unit|89:com.foggyframework.dataset.db.model.engine.compose.plan.FluentApiTest$PropertyHolderTests	current-source-successor	same report owner retained under the reviewed v934 runner/variant split	foggy-dataset-model	v934-step1-independent-review
v934-map-8e0048dd3a7b9bc452ab	1:1	1	1	SQLITE_FULL	v933-node|24:20260714T084351Z-3271604|11:sqlite-full|16:sqlite-successor|87:com.foggyframework.dataset.db.model.engine.compose.plan.FluentApiTest$QueryFactoryTests	v934|8:surefire|4:unit|4:unit|87:com.foggyframework.dataset.db.model.engine.compose.plan.FluentApiTest$QueryFactoryTests	current-source-successor	same report owner retained under the reviewed v934 runner/variant split	foggy-dataset-model	v934-step1-independent-review
v934-map-a6128de6da63568ce306	1:1	1	1	SQLITE_FULL	v933-node|24:20260714T084351Z-3271604|11:sqlite-full|16:sqlite-successor|89:com.foggyframework.dataset.db.model.engine.compose.plan.FluentApiTest$WindowFunctionTests	v934|8:surefire|4:unit|4:unit|89:com.foggyframework.dataset.db.model.engine.compose.plan.FluentApiTest$WindowFunctionTests	current-source-successor	same report owner retained under the reviewed v934 runner/variant split	foggy-dataset-model	v934-step1-independent-review
v934-map-3d926b5ac0ad2fcf4505	1:1	1	1	SQLITE_FULL	v933-node|24:20260714T084351Z-3271604|11:sqlite-full|16:sqlite-successor|69:com.foggyframework.dataset.db.model.engine.compose.plan.FluentApiTest	v934|8:surefire|4:unit|4:unit|69:com.foggyframework.dataset.db.model.engine.compose.plan.FluentApiTest	current-source-successor	same report owner retained under the reviewed v934 runner/variant split	foggy-dataset-model	v934-step1-independent-review
v934-map-7713275d411a506123c3	1:1	1	1	SQLITE_FULL	v933-node|24:20260714T084351Z-3271604|11:sqlite-full|16:sqlite-successor|87:com.foggyframework.dataset.db.model.engine.compose.plan.FromEntryTest$KernelEquivalence	v934|8:surefire|4:unit|4:unit|87:com.foggyframework.dataset.db.model.engine.compose.plan.FromEntryTest$KernelEquivalence	current-source-successor	same report owner retained under the reviewed v934 runner/variant split	foggy-dataset-model	v934-step1-independent-review
v934-map-05a67312ec115cad1df5	1:1	1	1	SQLITE_FULL	v933-node|24:20260714T084351Z-3271604|11:sqlite-full|16:sqlite-successor|96:com.foggyframework.dataset.db.model.engine.compose.plan.FromEntryTest$ModelSourceMutualExclusion	v934|8:surefire|4:unit|4:unit|96:com.foggyframework.dataset.db.model.engine.compose.plan.FromEntryTest$ModelSourceMutualExclusion	current-source-successor	same report owner retained under the reviewed v934 runner/variant split	foggy-dataset-model	v934-step1-independent-review
v934-map-d8c5471caa2254cbe009	1:1	1	1	SQLITE_FULL	v933-node|24:20260714T084351Z-3271604|11:sqlite-full|16:sqlite-successor|95:com.foggyframework.dataset.db.model.engine.compose.plan.FromEntryTest$OptionalFieldsPropagation	v934|8:surefire|4:unit|4:unit|95:com.foggyframework.dataset.db.model.engine.compose.plan.FromEntryTest$OptionalFieldsPropagation	current-source-successor	same report owner retained under the reviewed v934 runner/variant split	foggy-dataset-model	v934-step1-independent-review
v934-map-b30ad6fe88f153980512	1:1	1	1	SQLITE_FULL	v933-node|24:20260714T084351Z-3271604|11:sqlite-full|16:sqlite-successor|85:com.foggyframework.dataset.db.model.engine.compose.plan.FromEntryTest$ShapeValidation	v934|8:surefire|4:unit|4:unit|85:com.foggyframework.dataset.db.model.engine.compose.plan.FromEntryTest$ShapeValidation	current-source-successor	same report owner retained under the reviewed v934 runner/variant split	foggy-dataset-model	v934-step1-independent-review
v934-map-5664415c2f3d4857ff30	1:1	1	1	SQLITE_FULL	v933-node|24:20260714T084351Z-3271604|11:sqlite-full|16:sqlite-successor|69:com.foggyframework.dataset.db.model.engine.compose.plan.FromEntryTest	v934|8:surefire|4:unit|4:unit|69:com.foggyframework.dataset.db.model.engine.compose.plan.FromEntryTest	current-source-successor	same report owner retained under the reviewed v934 runner/variant split	foggy-dataset-model	v934-step1-independent-review
v934-map-38b08127bcc9876a8e70	1:1	1	1	SQLITE_FULL	v933-node|24:20260714T084351Z-3271604|11:sqlite-full|16:sqlite-successor|74:com.foggyframework.dataset.db.model.engine.compose.plan.JoinPlanTest$Chain	v934|8:surefire|4:unit|4:unit|74:com.foggyframework.dataset.db.model.engine.compose.plan.JoinPlanTest$Chain	current-source-successor	same report owner retained under the reviewed v934 runner/variant split	foggy-dataset-model	v934-step1-independent-review
v934-map-90bac0faaf478b149d30	1:1	1	1	SQLITE_FULL	v933-node|24:20260714T084351Z-3271604|11:sqlite-full|16:sqlite-successor|81:com.foggyframework.dataset.db.model.engine.compose.plan.JoinPlanTest$Construction	v934|8:surefire|4:unit|4:unit|81:com.foggyframework.dataset.db.model.engine.compose.plan.JoinPlanTest$Construction	current-source-successor	same report owner retained under the reviewed v934 runner/variant split	foggy-dataset-model	v934-step1-independent-review
v934-map-ecbf12d28e2ff6e584de	1:1	1	1	SQLITE_FULL	v933-node|24:20260714T084351Z-3271604|11:sqlite-full|16:sqlite-successor|79:com.foggyframework.dataset.db.model.engine.compose.plan.JoinPlanTest$IsInstance	v934|8:surefire|4:unit|4:unit|79:com.foggyframework.dataset.db.model.engine.compose.plan.JoinPlanTest$IsInstance	current-source-successor	same report owner retained under the reviewed v934 runner/variant split	foggy-dataset-model	v934-step1-independent-review
v934-map-0587af798c7df35cfc96	1:1	1	1	SQLITE_FULL	v933-node|24:20260714T084351Z-3271604|11:sqlite-full|16:sqlite-successor|80:com.foggyframework.dataset.db.model.engine.compose.plan.JoinPlanTest$JoinOnTests	v934|8:surefire|4:unit|4:unit|80:com.foggyframework.dataset.db.model.engine.compose.plan.JoinPlanTest$JoinOnTests	current-source-successor	same report owner retained under the reviewed v934 runner/variant split	foggy-dataset-model	v934-step1-independent-review
v934-map-0f6e2ff7f41d3f4aa847	1:1	1	1	SQLITE_FULL	v933-node|24:20260714T084351Z-3271604|11:sqlite-full|16:sqlite-successor|77:com.foggyframework.dataset.db.model.engine.compose.plan.JoinPlanTest$TreeWalk	v934|8:surefire|4:unit|4:unit|77:com.foggyframework.dataset.db.model.engine.compose.plan.JoinPlanTest$TreeWalk	current-source-successor	same report owner retained under the reviewed v934 runner/variant split	foggy-dataset-model	v934-step1-independent-review
v934-map-6ac6572f81e9bcd93fd2	1:1	1	1	SQLITE_FULL	v933-node|24:20260714T084351Z-3271604|11:sqlite-full|16:sqlite-successor|68:com.foggyframework.dataset.db.model.engine.compose.plan.JoinPlanTest	v934|8:surefire|4:unit|4:unit|68:com.foggyframework.dataset.db.model.engine.compose.plan.JoinPlanTest	current-source-successor	same report owner retained under the reviewed v934 runner/variant split	foggy-dataset-model	v934-step1-independent-review
v934-map-b4e6e82cb7582056f297	1:1	1	1	SQLITE_FULL	v933-node|24:20260714T084351Z-3271604|11:sqlite-full|16:sqlite-successor|98:com.foggyframework.dataset.db.model.engine.compose.plan.PlanCompositionTest$BaseModelPlansPreorder	v934|8:surefire|4:unit|4:unit|98:com.foggyframework.dataset.db.model.engine.compose.plan.PlanCompositionTest$BaseModelPlansPreorder	current-source-successor	same report owner retained under the reviewed v934 runner/variant split	foggy-dataset-model	v934-step1-independent-review
v934-map-cb2b681950f94aea2ac6	1:1	1	1	SQLITE_FULL	v933-node|24:20260714T084351Z-3271604|11:sqlite-full|16:sqlite-successor|91:com.foggyframework.dataset.db.model.engine.compose.plan.PlanCompositionTest$LayerCWhitelist	v934|8:surefire|4:unit|4:unit|91:com.foggyframework.dataset.db.model.engine.compose.plan.PlanCompositionTest$LayerCWhitelist	current-source-successor	same report owner retained under the reviewed v934 runner/variant split	foggy-dataset-model	v934-step1-independent-review
v934-map-fc25f37ca812413d0aa1	1:1	1	1	SQLITE_FULL	v933-node|24:20260714T084351Z-3271604|11:sqlite-full|16:sqlite-successor|96:com.foggyframework.dataset.db.model.engine.compose.plan.PlanCompositionTest$MultiLevelDerivation	v934|8:surefire|4:unit|4:unit|96:com.foggyframework.dataset.db.model.engine.compose.plan.PlanCompositionTest$MultiLevelDerivation	current-source-successor	same report owner retained under the reviewed v934 runner/variant split	foggy-dataset-model	v934-step1-independent-review
v934-map-ca4192e33491ef958b8c	1:1	1	1	SQLITE_FULL	v933-node|24:20260714T084351Z-3271604|11:sqlite-full|16:sqlite-successor|107:com.foggyframework.dataset.db.model.engine.compose.plan.PlanCompositionTest$SpecExample1TwoStageAggregation	v934|8:surefire|4:unit|4:unit|107:com.foggyframework.dataset.db.model.engine.compose.plan.PlanCompositionTest$SpecExample1TwoStageAggregation	current-source-successor	same report owner retained under the reviewed v934 runner/variant split	foggy-dataset-model	v934-step1-independent-review
v934-map-88cc80cd200f757efc23	1:1	1	1	SQLITE_FULL	v933-node|24:20260714T084351Z-3271604|11:sqlite-full|16:sqlite-successor|106:com.foggyframework.dataset.db.model.engine.compose.plan.PlanCompositionTest$SpecExample2UnionThenAggregate	v934|8:surefire|4:unit|4:unit|106:com.foggyframework.dataset.db.model.engine.compose.plan.PlanCompositionTest$SpecExample2UnionThenAggregate	current-source-successor	same report owner retained under the reviewed v934 runner/variant split	foggy-dataset-model	v934-step1-independent-review
v934-map-23e04e74cccf5a2a470f	1:1	1	1	SQLITE_FULL	v933-node|24:20260714T084351Z-3271604|11:sqlite-full|16:sqlite-successor|102:com.foggyframework.dataset.db.model.engine.compose.plan.PlanCompositionTest$SpecExample3JoinThenFilter	v934|8:surefire|4:unit|4:unit|102:com.foggyframework.dataset.db.model.engine.compose.plan.PlanCompositionTest$SpecExample3JoinThenFilter	current-source-successor	same report owner retained under the reviewed v934 runner/variant split	foggy-dataset-model	v934-step1-independent-review
v934-map-a275fcc7b2fcca07e3f6	1:1	1	1	SQLITE_FULL	v933-node|24:20260714T084351Z-3271604|11:sqlite-full|16:sqlite-successor|75:com.foggyframework.dataset.db.model.engine.compose.plan.PlanCompositionTest	v934|8:surefire|4:unit|4:unit|75:com.foggyframework.dataset.db.model.engine.compose.plan.PlanCompositionTest	current-source-successor	same report owner retained under the reviewed v934 runner/variant split	foggy-dataset-model	v934-step1-independent-review
v934-map-2c0e5dbd5547cb0414d7	1:1	1	1	SQLITE_FULL	v933-node|24:20260714T084351Z-3271604|11:sqlite-full|16:sqlite-successor|75:com.foggyframework.dataset.db.model.engine.compose.plan.PlanIdTest$Equality	v934|8:surefire|4:unit|4:unit|75:com.foggyframework.dataset.db.model.engine.compose.plan.PlanIdTest$Equality	current-source-successor	same report owner retained under the reviewed v934 runner/variant split	foggy-dataset-model	v934-step1-independent-review
v934-map-e481d54e3f5d56629bcc	1:1	1	1	SQLITE_FULL	v933-node|24:20260714T084351Z-3271604|11:sqlite-full|16:sqlite-successor|77:com.foggyframework.dataset.db.model.engine.compose.plan.PlanIdTest$GcBehavior	v934|8:surefire|4:unit|4:unit|77:com.foggyframework.dataset.db.model.engine.compose.plan.PlanIdTest$GcBehavior	current-source-successor	same report owner retained under the reviewed v934 runner/variant split	foggy-dataset-model	v934-step1-independent-review
v934-map-bd2e529ce15f522e79b1	1:1	1	1	SQLITE_FULL	v933-node|24:20260714T084351Z-3271604|11:sqlite-full|16:sqlite-successor|79:com.foggyframework.dataset.db.model.engine.compose.plan.PlanIdTest$HashContract	v934|8:surefire|4:unit|4:unit|79:com.foggyframework.dataset.db.model.engine.compose.plan.PlanIdTest$HashContract	current-source-successor	same report owner retained under the reviewed v934 runner/variant split	foggy-dataset-model	v934-step1-independent-review
v934-map-663fb2e6de9358331be0	1:1	1	1	SQLITE_FULL	v933-node|24:20260714T084351Z-3271604|11:sqlite-full|16:sqlite-successor|88:com.foggyframework.dataset.db.model.engine.compose.plan.PlanIdTest$TransientSemanticsDoc	v934|8:surefire|4:unit|4:unit|88:com.foggyframework.dataset.db.model.engine.compose.plan.PlanIdTest$TransientSemanticsDoc	current-source-successor	same report owner retained under the reviewed v934 runner/variant split	foggy-dataset-model	v934-step1-independent-review
v934-map-9bcf388b2682df56e54f	1:1	1	1	SQLITE_FULL	v933-node|24:20260714T084351Z-3271604|11:sqlite-full|16:sqlite-successor|66:com.foggyframework.dataset.db.model.engine.compose.plan.PlanIdTest	v934|8:surefire|4:unit|4:unit|66:com.foggyframework.dataset.db.model.engine.compose.plan.PlanIdTest	current-source-successor	same report owner retained under the reviewed v934 runner/variant split	foggy-dataset-model	v934-step1-independent-review
v934-map-8a371e5bab29d33c2005	1:1	1	1	SQLITE_FULL	v933-node|24:20260714T084351Z-3271604|11:sqlite-full|16:sqlite-successor|99:com.foggyframework.dataset.db.model.engine.compose.plan.QueryPlanVisibilityTest$BaseVisibilityCheck	v934|8:surefire|4:unit|4:unit|99:com.foggyframework.dataset.db.model.engine.compose.plan.QueryPlanVisibilityTest$BaseVisibilityCheck	current-source-successor	same report owner retained under the reviewed v934 runner/variant split	foggy-dataset-model	v934-step1-independent-review
v934-map-33afcc53106c0d8d8efc	1:1	1	1	SQLITE_FULL	v933-node|24:20260714T084351Z-3271604|11:sqlite-full|16:sqlite-successor|94:com.foggyframework.dataset.db.model.engine.compose.plan.QueryPlanVisibilityTest$CollectVisible	v934|8:surefire|4:unit|4:unit|94:com.foggyframework.dataset.db.model.engine.compose.plan.QueryPlanVisibilityTest$CollectVisible	current-source-successor	same report owner retained under the reviewed v934 runner/variant split	foggy-dataset-model	v934-step1-independent-review
v934-map-c981467b3249e67f704a	1:1	1	1	SQLITE_FULL	v933-node|24:20260714T084351Z-3271604|11:sqlite-full|16:sqlite-successor|102:com.foggyframework.dataset.db.model.engine.compose.plan.QueryPlanVisibilityTest$DerivedVisibilityCheck	v934|8:surefire|4:unit|4:unit|102:com.foggyframework.dataset.db.model.engine.compose.plan.QueryPlanVisibilityTest$DerivedVisibilityCheck	current-source-successor	same report owner retained under the reviewed v934 runner/variant split	foggy-dataset-model	v934-step1-independent-review
v934-map-27bdc5a0b42315b9ad8f	1:1	1	1	SQLITE_FULL	v933-node|24:20260714T084351Z-3271604|11:sqlite-full|16:sqlite-successor|79:com.foggyframework.dataset.db.model.engine.compose.plan.QueryPlanVisibilityTest	v934|8:surefire|4:unit|4:unit|79:com.foggyframework.dataset.db.model.engine.compose.plan.QueryPlanVisibilityTest	current-source-successor	same report owner retained under the reviewed v934 runner/variant split	foggy-dataset-model	v934-step1-independent-review
v934-map-a1df21e78458c72b28cd	1:1	1	1	SQLITE_FULL	v933-node|24:20260714T084351Z-3271604|11:sqlite-full|16:sqlite-successor|86:com.foggyframework.dataset.db.model.engine.compose.plan.RelativeDateParserTest$IsValid	v934|8:surefire|4:unit|4:unit|86:com.foggyframework.dataset.db.model.engine.compose.plan.RelativeDateParserTest$IsValid	current-source-successor	same report owner retained under the reviewed v934 runner/variant split	foggy-dataset-model	v934-step1-independent-review
v934-map-3a9c6dee15033760519d	1:1	1	1	SQLITE_FULL	v933-node|24:20260714T084351Z-3271604|11:sqlite-full|16:sqlite-successor|92:com.foggyframework.dataset.db.model.engine.compose.plan.RelativeDateParserTest$ParseAbsolute	v934|8:surefire|4:unit|4:unit|92:com.foggyframework.dataset.db.model.engine.compose.plan.RelativeDateParserTest$ParseAbsolute	current-source-successor	same report owner retained under the reviewed v934 runner/variant split	foggy-dataset-model	v934-step1-independent-review
v934-map-ba2a434aa8c2de94c2af	1:1	1	1	SQLITE_FULL	v933-node|24:20260714T084351Z-3271604|11:sqlite-full|16:sqlite-successor|90:com.foggyframework.dataset.db.model.engine.compose.plan.RelativeDateParserTest$ParseErrors	v934|8:surefire|4:unit|4:unit|90:com.foggyframework.dataset.db.model.engine.compose.plan.RelativeDateParserTest$ParseErrors	current-source-successor	same report owner retained under the reviewed v934 runner/variant split	foggy-dataset-model	v934-step1-independent-review
v934-map-d6bf7fd6ed17c6fe28c2	1:1	1	1	SQLITE_FULL	v933-node|24:20260714T084351Z-3271604|11:sqlite-full|16:sqlite-successor|87:com.foggyframework.dataset.db.model.engine.compose.plan.RelativeDateParserTest$ParseNow	v934|8:surefire|4:unit|4:unit|87:com.foggyframework.dataset.db.model.engine.compose.plan.RelativeDateParserTest$ParseNow	current-source-successor	same report owner retained under the reviewed v934 runner/variant split	foggy-dataset-model	v934-step1-independent-review
v934-map-c40a0407f135cef8e8bc	1:1	1	1	SQLITE_FULL	v933-node|24:20260714T084351Z-3271604|11:sqlite-full|16:sqlite-successor|92:com.foggyframework.dataset.db.model.engine.compose.plan.RelativeDateParserTest$ParseRelative	v934|8:surefire|4:unit|4:unit|92:com.foggyframework.dataset.db.model.engine.compose.plan.RelativeDateParserTest$ParseRelative	current-source-successor	same report owner retained under the reviewed v934 runner/variant split	foggy-dataset-model	v934-step1-independent-review
v934-map-86f27248e1b3c44d56da	1:1	1	1	SQLITE_FULL	v933-node|24:20260714T084351Z-3271604|11:sqlite-full|16:sqlite-successor|78:com.foggyframework.dataset.db.model.engine.compose.plan.RelativeDateParserTest	v934|8:surefire|4:unit|4:unit|78:com.foggyframework.dataset.db.model.engine.compose.plan.RelativeDateParserTest	current-source-successor	same report owner retained under the reviewed v934 runner/variant split	foggy-dataset-model	v934-step1-independent-review
v934-map-e37abfb0f21994393a8c	1:1	1	1	SQLITE_FULL	v933-node|24:20260714T084351Z-3271604|11:sqlite-full|16:sqlite-successor|80:com.foggyframework.dataset.db.model.engine.compose.plan.SliceValueValidationTest	v934|8:surefire|4:unit|4:unit|80:com.foggyframework.dataset.db.model.engine.compose.plan.SliceValueValidationTest	current-source-successor	same report owner retained under the reviewed v934 runner/variant split	foggy-dataset-model	v934-step1-independent-review
v934-map-ecbfcd7f844d0c546b07	1:1	1	1	SQLITE_FULL	v933-node|24:20260714T084351Z-3271604|11:sqlite-full|16:sqlite-successor|88:com.foggyframework.dataset.db.model.engine.compose.plan.TimeWindowDefTest$Classification	v934|8:surefire|4:unit|4:unit|88:com.foggyframework.dataset.db.model.engine.compose.plan.TimeWindowDefTest$Classification	current-source-successor	same report owner retained under the reviewed v934 runner/variant split	foggy-dataset-model	v934-step1-independent-review
v934-map-636c742eebcb165bf231	1:1	1	1	SQLITE_FULL	v933-node|24:20260714T084351Z-3271604|11:sqlite-full|16:sqlite-successor|95:com.foggyframework.dataset.db.model.engine.compose.plan.TimeWindowDefTest$ConstructorValidation	v934|8:surefire|4:unit|4:unit|95:com.foggyframework.dataset.db.model.engine.compose.plan.TimeWindowDefTest$ConstructorValidation	current-source-successor	same report owner retained under the reviewed v934 runner/variant split	foggy-dataset-model	v934-step1-independent-review
v934-map-85a74af8ae2e73807b28	1:1	1	1	SQLITE_FULL	v933-node|24:20260714T084351Z-3271604|11:sqlite-full|16:sqlite-successor|81:com.foggyframework.dataset.db.model.engine.compose.plan.TimeWindowDefTest$FromMap	v934|8:surefire|4:unit|4:unit|81:com.foggyframework.dataset.db.model.engine.compose.plan.TimeWindowDefTest$FromMap	current-source-successor	same report owner retained under the reviewed v934 runner/variant split	foggy-dataset-model	v934-step1-independent-review
v934-map-17cc23d110db5a7b2f02	1:1	1	1	SQLITE_FULL	v933-node|24:20260714T084351Z-3271604|11:sqlite-full|16:sqlite-successor|91:com.foggyframework.dataset.db.model.engine.compose.plan.TimeWindowDefTest$RollingWindowSize	v934|8:surefire|4:unit|4:unit|91:com.foggyframework.dataset.db.model.engine.compose.plan.TimeWindowDefTest$RollingWindowSize	current-source-successor	same report owner retained under the reviewed v934 runner/variant split	foggy-dataset-model	v934-step1-independent-review
v934-map-d3f7df0b5ef2cea9d9ab	1:1	1	1	SQLITE_FULL	v933-node|24:20260714T084351Z-3271604|11:sqlite-full|16:sqlite-successor|73:com.foggyframework.dataset.db.model.engine.compose.plan.TimeWindowDefTest	v934|8:surefire|4:unit|4:unit|73:com.foggyframework.dataset.db.model.engine.compose.plan.TimeWindowDefTest	current-source-successor	same report owner retained under the reviewed v934 runner/variant split	foggy-dataset-model	v934-step1-independent-review
v934-map-2fa933efd54da64ea630	1:1	1	1	SQLITE_FULL	v933-node|24:20260714T084351Z-3271604|11:sqlite-full|16:sqlite-successor|99:com.foggyframework.dataset.db.model.engine.compose.plan.TimeWindowExpanderTest$ComparativeExpansion	v934|8:surefire|4:unit|4:unit|99:com.foggyframework.dataset.db.model.engine.compose.plan.TimeWindowExpanderTest$ComparativeExpansion	current-source-successor	same report owner retained under the reviewed v934 runner/variant split	foggy-dataset-model	v934-step1-independent-review
v934-map-63fc40623eea734033a9	1:1	1	1	SQLITE_FULL	v933-node|24:20260714T084351Z-3271604|11:sqlite-full|16:sqlite-successor|98:com.foggyframework.dataset.db.model.engine.compose.plan.TimeWindowExpanderTest$CumulativeExpansion	v934|8:surefire|4:unit|4:unit|98:com.foggyframework.dataset.db.model.engine.compose.plan.TimeWindowExpanderTest$CumulativeExpansion	current-source-successor	same report owner retained under the reviewed v934 runner/variant split	foggy-dataset-model	v934-step1-independent-review
v934-map-dc5c2fc7d21762893fbf	1:1	1	1	SQLITE_FULL	v933-node|24:20260714T084351Z-3271604|11:sqlite-full|16:sqlite-successor|95:com.foggyframework.dataset.db.model.engine.compose.plan.TimeWindowExpanderTest$RollingExpansion	v934|8:surefire|4:unit|4:unit|95:com.foggyframework.dataset.db.model.engine.compose.plan.TimeWindowExpanderTest$RollingExpansion	current-source-successor	same report owner retained under the reviewed v934 runner/variant split	foggy-dataset-model	v934-step1-independent-review
v934-map-4398852a89c26766a435	1:1	1	1	SQLITE_FULL	v933-node|24:20260714T084351Z-3271604|11:sqlite-full|16:sqlite-successor|78:com.foggyframework.dataset.db.model.engine.compose.plan.TimeWindowExpanderTest	v934|8:surefire|4:unit|4:unit|78:com.foggyframework.dataset.db.model.engine.compose.plan.TimeWindowExpanderTest	current-source-successor	same report owner retained under the reviewed v934 runner/variant split	foggy-dataset-model	v934-step1-independent-review
v934-map-22b137023c1b5083dc38	1:1	1	1	SQLITE_FULL	v933-node|24:20260714T084351Z-3271604|11:sqlite-full|16:sqlite-successor|82:com.foggyframework.dataset.db.model.engine.compose.plan.TimeWindowOutputSchemaTest	v934|8:surefire|4:unit|4:unit|82:com.foggyframework.dataset.db.model.engine.compose.plan.TimeWindowOutputSchemaTest	current-source-successor	same report owner retained under the reviewed v934 runner/variant split	foggy-dataset-model	v934-step1-independent-review
v934-map-f43a2b5e14569f29593e	1:1	1	1	SQLITE_FULL	v933-node|24:20260714T084351Z-3271604|11:sqlite-full|16:sqlite-successor|106:com.foggyframework.dataset.db.model.engine.compose.plan.TimeWindowValidatorTest$CalculatedFieldInteraction	v934|8:surefire|4:unit|4:unit|106:com.foggyframework.dataset.db.model.engine.compose.plan.TimeWindowValidatorTest$CalculatedFieldInteraction	current-source-successor	same report owner retained under the reviewed v934 runner/variant split	foggy-dataset-model	v934-step1-independent-review
v934-map-5c7ad92233bac2f45f22	1:1	1	1	SQLITE_FULL	v933-node|24:20260714T084351Z-3271604|11:sqlite-full|16:sqlite-successor|90:com.foggyframework.dataset.db.model.engine.compose.plan.TimeWindowValidatorTest$ErrorCodes	v934|8:surefire|4:unit|4:unit|90:com.foggyframework.dataset.db.model.engine.compose.plan.TimeWindowValidatorTest$ErrorCodes	current-source-successor	same report owner retained under the reviewed v934 runner/variant split	foggy-dataset-model	v934-step1-independent-review
v934-map-dab32b2281397b853664	1:1	1	1	SQLITE_FULL	v933-node|24:20260714T084351Z-3271604|11:sqlite-full|16:sqlite-successor|90:com.foggyframework.dataset.db.model.engine.compose.plan.TimeWindowValidatorTest$HappyPaths	v934|8:surefire|4:unit|4:unit|90:com.foggyframework.dataset.db.model.engine.compose.plan.TimeWindowValidatorTest$HappyPaths	current-source-successor	same report owner retained under the reviewed v934 runner/variant split	foggy-dataset-model	v934-step1-independent-review
v934-map-f3578c52194523ec7513	1:1	1	1	SQLITE_FULL	v933-node|24:20260714T084351Z-3271604|11:sqlite-full|16:sqlite-successor|79:com.foggyframework.dataset.db.model.engine.compose.plan.TimeWindowValidatorTest	v934|8:surefire|4:unit|4:unit|79:com.foggyframework.dataset.db.model.engine.compose.plan.TimeWindowValidatorTest	current-source-successor	same report owner retained under the reviewed v934 runner/variant split	foggy-dataset-model	v934-step1-independent-review
v934-map-5afcfd3197260f674220	1:1	1	1	SQLITE_FULL	v933-node|24:20260714T084351Z-3271604|11:sqlite-full|16:sqlite-successor|75:com.foggyframework.dataset.db.model.engine.compose.plan.UnionPlanTest$Chain	v934|8:surefire|4:unit|4:unit|75:com.foggyframework.dataset.db.model.engine.compose.plan.UnionPlanTest$Chain	current-source-successor	same report owner retained under the reviewed v934 runner/variant split	foggy-dataset-model	v934-step1-independent-review
v934-map-1f46b61319711d8df16a	1:1	1	1	SQLITE_FULL	v933-node|24:20260714T084351Z-3271604|11:sqlite-full|16:sqlite-successor|82:com.foggyframework.dataset.db.model.engine.compose.plan.UnionPlanTest$Construction	v934|8:surefire|4:unit|4:unit|82:com.foggyframework.dataset.db.model.engine.compose.plan.UnionPlanTest$Construction	current-source-successor	same report owner retained under the reviewed v934 runner/variant split	foggy-dataset-model	v934-step1-independent-review
v934-map-a661a30e2ddd574db97d	1:1	1	1	SQLITE_FULL	v933-node|24:20260714T084351Z-3271604|11:sqlite-full|16:sqlite-successor|78:com.foggyframework.dataset.db.model.engine.compose.plan.UnionPlanTest$Equality	v934|8:surefire|4:unit|4:unit|78:com.foggyframework.dataset.db.model.engine.compose.plan.UnionPlanTest$Equality	current-source-successor	same report owner retained under the reviewed v934 runner/variant split	foggy-dataset-model	v934-step1-independent-review
v934-map-fdab9ed301641c4fb03d	1:1	1	1	SQLITE_FULL	v933-node|24:20260714T084351Z-3271604|11:sqlite-full|16:sqlite-successor|80:com.foggyframework.dataset.db.model.engine.compose.plan.UnionPlanTest$IsInstance	v934|8:surefire|4:unit|4:unit|80:com.foggyframework.dataset.db.model.engine.compose.plan.UnionPlanTest$IsInstance	current-source-successor	same report owner retained under the reviewed v934 runner/variant split	foggy-dataset-model	v934-step1-independent-review
v934-map-bd2b4f7a917e699b13f1	1:1	1	1	SQLITE_FULL	v933-node|24:20260714T084351Z-3271604|11:sqlite-full|16:sqlite-successor|78:com.foggyframework.dataset.db.model.engine.compose.plan.UnionPlanTest$TreeWalk	v934|8:surefire|4:unit|4:unit|78:com.foggyframework.dataset.db.model.engine.compose.plan.UnionPlanTest$TreeWalk	current-source-successor	same report owner retained under the reviewed v934 runner/variant split	foggy-dataset-model	v934-step1-independent-review
v934-map-3926ab77a254b9587491	1:1	1	1	SQLITE_FULL	v933-node|24:20260714T084351Z-3271604|11:sqlite-full|16:sqlite-successor|69:com.foggyframework.dataset.db.model.engine.compose.plan.UnionPlanTest	v934|8:surefire|4:unit|4:unit|69:com.foggyframework.dataset.db.model.engine.compose.plan.UnionPlanTest	current-source-successor	same report owner retained under the reviewed v934 runner/variant split	foggy-dataset-model	v934-step1-independent-review
v934-map-29b0c097bdfff38ca07b	1:1	1	1	SQLITE_FULL	v933-node|24:20260714T084351Z-3271604|11:sqlite-full|16:sqlite-successor|77:com.foggyframework.dataset.db.model.engine.compose.relation.RelationModelTest	v934|8:surefire|4:unit|4:unit|77:com.foggyframework.dataset.db.model.engine.compose.relation.RelationModelTest	current-source-successor	same report owner retained under the reviewed v934 runner/variant split	foggy-dataset-model	v934-step1-independent-review
v934-map-d3d4cc733c52ea7ca761	1:1	1	1	SQLITE_FULL	v933-node|24:20260714T084351Z-3271604|11:sqlite-full|16:sqlite-successor|75:com.foggyframework.dataset.db.model.engine.compose.runtime.ComposePauseTest	v934|8:surefire|4:unit|4:unit|75:com.foggyframework.dataset.db.model.engine.compose.runtime.ComposePauseTest	current-source-successor	same report owner retained under the reviewed v934 runner/variant split	foggy-dataset-model	v934-step1-independent-review
v934-map-a8a163b7c21f4fef78db	1:1	1	1	SQLITE_FULL	v933-node|24:20260714T084351Z-3271604|11:sqlite-full|16:sqlite-successor|83:com.foggyframework.dataset.db.model.engine.compose.runtime.ComposeRealSqlParityTest	v934|8:surefire|4:unit|4:unit|83:com.foggyframework.dataset.db.model.engine.compose.runtime.ComposeRealSqlParityTest	current-source-successor	same report owner retained under the reviewed v934 runner/variant split	foggy-dataset-model	v934-step1-independent-review
v934-map-71cc1d602e9b58df980a	1:1	1	1	SQLITE_FULL	v933-node|24:20260714T084351Z-3271604|11:sqlite-full|16:sqlite-successor|83:com.foggyframework.dataset.db.model.engine.compose.runtime.ComposeRuntimeHolderTest	v934|8:surefire|4:unit|4:unit|83:com.foggyframework.dataset.db.model.engine.compose.runtime.ComposeRuntimeHolderTest	current-source-successor	same report owner retained under the reviewed v934 runner/variant split	foggy-dataset-model	v934-step1-independent-review
v934-map-5369def797f9be1e85a0	1:1	1	1	SQLITE_FULL	v933-node|24:20260714T084351Z-3271604|11:sqlite-full|16:sqlite-successor|83:com.foggyframework.dataset.db.model.engine.compose.runtime.ComposeScriptServiceTest	v934|8:surefire|4:unit|4:unit|83:com.foggyframework.dataset.db.model.engine.compose.runtime.ComposeScriptServiceTest	current-source-successor	same report owner retained under the reviewed v934 runner/variant split	foggy-dataset-model	v934-step1-independent-review
v934-map-06db5cb82b5bc1d0355a	1:1	1	1	SQLITE_FULL	v933-node|24:20260714T084351Z-3271604|11:sqlite-full|16:sqlite-successor|88:com.foggyframework.dataset.db.model.engine.compose.runtime.JavaComposeScriptSnapshotTest	v934|8:surefire|4:unit|4:unit|88:com.foggyframework.dataset.db.model.engine.compose.runtime.JavaComposeScriptSnapshotTest	current-source-successor	same report owner retained under the reviewed v934 runner/variant split	foggy-dataset-model	v934-step1-independent-review
v934-map-3d585959b31e3e965266	1:1	1	1	SQLITE_FULL	v933-node|24:20260714T084351Z-3271604|11:sqlite-full|16:sqlite-successor|76:com.foggyframework.dataset.db.model.engine.compose.runtime.PlanExecutionTest	v934|8:surefire|4:unit|4:unit|76:com.foggyframework.dataset.db.model.engine.compose.runtime.PlanExecutionTest	current-source-successor	same report owner retained under the reviewed v934 runner/variant split	foggy-dataset-model	v934-step1-independent-review
v934-map-8afe51eaee95f91cd416	1:1	1	1	SQLITE_FULL	v933-node|24:20260714T084351Z-3271604|11:sqlite-full|16:sqlite-successor|90:com.foggyframework.dataset.db.model.engine.compose.runtime.ScriptResourceRealSqlParityTest	v934|8:surefire|4:unit|4:unit|90:com.foggyframework.dataset.db.model.engine.compose.runtime.ScriptResourceRealSqlParityTest	current-source-successor	same report owner retained under the reviewed v934 runner/variant split	foggy-dataset-model	v934-step1-independent-review
v934-map-a61a98d007b547612d80	1:1	1	1	SQLITE_FULL	v933-node|24:20260714T084351Z-3271604|11:sqlite-full|16:sqlite-successor|77:com.foggyframework.dataset.db.model.engine.compose.runtime.ScriptRunStateTest	v934|8:surefire|4:unit|4:unit|77:com.foggyframework.dataset.db.model.engine.compose.runtime.ScriptRunStateTest	current-source-successor	same report owner retained under the reviewed v934 runner/variant split	foggy-dataset-model	v934-step1-independent-review
v934-map-969f499b99e5e73e9766	1:1	1	1	SQLITE_FULL	v933-node|24:20260714T084351Z-3271604|11:sqlite-full|16:sqlite-successor|76:com.foggyframework.dataset.db.model.engine.compose.runtime.ScriptRuntimeTest	v934|8:surefire|4:unit|4:unit|76:com.foggyframework.dataset.db.model.engine.compose.runtime.ScriptRuntimeTest	current-source-successor	same report owner retained under the reviewed v934 runner/variant split	foggy-dataset-model	v934-step1-independent-review
v934-map-c48675633086ace76af4	1:1	1	1	SQLITE_FULL	v933-node|24:20260714T084351Z-3271604|11:sqlite-full|16:sqlite-successor|86:com.foggyframework.dataset.db.model.engine.compose.runtime.ScriptSuspendErrorCodesTest	v934|8:surefire|4:unit|4:unit|86:com.foggyframework.dataset.db.model.engine.compose.runtime.ScriptSuspendErrorCodesTest	current-source-successor	same report owner retained under the reviewed v934 runner/variant split	foggy-dataset-model	v934-step1-independent-review
v934-map-ab798022ba1f2a9a9c18	1:1	1	1	SQLITE_FULL	v933-node|24:20260714T084351Z-3271604|11:sqlite-full|16:sqlite-successor|80:com.foggyframework.dataset.db.model.engine.compose.runtime.SuspensionManagerTest	v934|8:surefire|4:unit|4:unit|80:com.foggyframework.dataset.db.model.engine.compose.runtime.SuspensionManagerTest	current-source-successor	same report owner retained under the reviewed v934 runner/variant split	foggy-dataset-model	v934-step1-independent-review
v934-map-2653d7a82776f34a86cb	1:1	1	1	SQLITE_FULL	v933-node|24:20260714T084351Z-3271604|11:sqlite-full|16:sqlite-successor|87:com.foggyframework.dataset.db.model.engine.compose.sandbox.ComposeSandboxErrorCodesTest	v934|8:surefire|4:unit|4:unit|87:com.foggyframework.dataset.db.model.engine.compose.sandbox.ComposeSandboxErrorCodesTest	current-source-successor	same report owner retained under the reviewed v934 runner/variant split	foggy-dataset-model	v934-step1-independent-review
v934-map-1879ea0c878da76838bf	1:1	1	1	SQLITE_FULL	v933-node|24:20260714T084351Z-3271604|11:sqlite-full|16:sqlite-successor|95:com.foggyframework.dataset.db.model.engine.compose.sandbox.ComposeSandboxViolationExceptionTest	v934|8:surefire|4:unit|4:unit|95:com.foggyframework.dataset.db.model.engine.compose.sandbox.ComposeSandboxViolationExceptionTest	current-source-successor	same report owner retained under the reviewed v934 runner/variant split	foggy-dataset-model	v934-step1-independent-review
v934-map-f4306fae66762d5e1e71	1:1	1	1	SQLITE_FULL	v933-node|24:20260714T084351Z-3271604|11:sqlite-full|16:sqlite-successor|76:com.foggyframework.dataset.db.model.engine.compose.sandbox.SandboxLayerATest	v934|8:surefire|4:unit|4:unit|76:com.foggyframework.dataset.db.model.engine.compose.sandbox.SandboxLayerATest	current-source-successor	same report owner retained under the reviewed v934 runner/variant split	foggy-dataset-model	v934-step1-independent-review
v934-map-8d49cec23bb54d245bb8	1:1	1	1	SQLITE_FULL	v933-node|24:20260714T084351Z-3271604|11:sqlite-full|16:sqlite-successor|76:com.foggyframework.dataset.db.model.engine.compose.sandbox.SandboxLayerBTest	v934|8:surefire|4:unit|4:unit|76:com.foggyframework.dataset.db.model.engine.compose.sandbox.SandboxLayerBTest	current-source-successor	same report owner retained under the reviewed v934 runner/variant split	foggy-dataset-model	v934-step1-independent-review
v934-map-696d626162bc16399090	1:1	1	1	SQLITE_FULL	v933-node|24:20260714T084351Z-3271604|11:sqlite-full|16:sqlite-successor|76:com.foggyframework.dataset.db.model.engine.compose.sandbox.SandboxLayerCTest	v934|8:surefire|4:unit|4:unit|76:com.foggyframework.dataset.db.model.engine.compose.sandbox.SandboxLayerCTest	current-source-successor	same report owner retained under the reviewed v934 runner/variant split	foggy-dataset-model	v934-step1-independent-review
v934-map-5ad0c3ff13df8df27037	1:1	1	1	SQLITE_FULL	v933-node|24:20260714T084351Z-3271604|11:sqlite-full|16:sqlite-successor|92:com.foggyframework.dataset.db.model.engine.compose.schema.AliasExtractorTest$AliasExtraction	v934|8:surefire|4:unit|4:unit|92:com.foggyframework.dataset.db.model.engine.compose.schema.AliasExtractorTest$AliasExtraction	current-source-successor	same report owner retained under the reviewed v934 runner/variant split	foggy-dataset-model	v934-step1-independent-review
v934-map-16037969688ead81610b	1:1	1	1	SQLITE_FULL	v933-node|24:20260714T084351Z-3271604|11:sqlite-full|16:sqlite-successor|105:com.foggyframework.dataset.db.model.engine.compose.schema.AliasExtractorTest$AsInsideIdentifierNotMatched	v934|8:surefire|4:unit|4:unit|105:com.foggyframework.dataset.db.model.engine.compose.schema.AliasExtractorTest$AsInsideIdentifierNotMatched	current-source-successor	same report owner retained under the reviewed v934 runner/variant split	foggy-dataset-model	v934-step1-independent-review
v934-map-8fc0357b9e1a7d3528e5	1:1	1	1	SQLITE_FULL	v933-node|24:20260714T084351Z-3271604|11:sqlite-full|16:sqlite-successor|92:com.foggyframework.dataset.db.model.engine.compose.schema.AliasExtractorTest$BareColumnNames	v934|8:surefire|4:unit|4:unit|92:com.foggyframework.dataset.db.model.engine.compose.schema.AliasExtractorTest$BareColumnNames	current-source-successor	same report owner retained under the reviewed v934 runner/variant split	foggy-dataset-model	v934-step1-independent-review
v934-map-aafbf94f2ed6c7d693fb	1:1	1	1	SQLITE_FULL	v933-node|24:20260714T084351Z-3271604|11:sqlite-full|16:sqlite-successor|96:com.foggyframework.dataset.db.model.engine.compose.schema.AliasExtractorTest$FunctionExpressions	v934|8:surefire|4:unit|4:unit|96:com.foggyframework.dataset.db.model.engine.compose.schema.AliasExtractorTest$FunctionExpressions	current-source-successor	same report owner retained under the reviewed v934 runner/variant split	foggy-dataset-model	v934-step1-independent-review
v934-map-c81380cd99cfcb01d4f7	1:1	1	1	SQLITE_FULL	v933-node|24:20260714T084351Z-3271604|11:sqlite-full|16:sqlite-successor|92:com.foggyframework.dataset.db.model.engine.compose.schema.AliasExtractorTest$MalformedInputs	v934|8:surefire|4:unit|4:unit|92:com.foggyframework.dataset.db.model.engine.compose.schema.AliasExtractorTest$MalformedInputs	current-source-successor	same report owner retained under the reviewed v934 runner/variant split	foggy-dataset-model	v934-step1-independent-review
v934-map-02416f56d61d05d8fe61	1:1	1	1	SQLITE_FULL	v933-node|24:20260714T084351Z-3271604|11:sqlite-full|16:sqlite-successor|91:com.foggyframework.dataset.db.model.engine.compose.schema.AliasExtractorTest$ValueSemantics	v934|8:surefire|4:unit|4:unit|91:com.foggyframework.dataset.db.model.engine.compose.schema.AliasExtractorTest$ValueSemantics	current-source-successor	same report owner retained under the reviewed v934 runner/variant split	foggy-dataset-model	v934-step1-independent-review
v934-map-abcef174e4e01093e0fd	1:1	1	1	SQLITE_FULL	v933-node|24:20260714T084351Z-3271604|11:sqlite-full|16:sqlite-successor|76:com.foggyframework.dataset.db.model.engine.compose.schema.AliasExtractorTest	v934|8:surefire|4:unit|4:unit|76:com.foggyframework.dataset.db.model.engine.compose.schema.AliasExtractorTest	current-source-successor	same report owner retained under the reviewed v934 runner/variant split	foggy-dataset-model	v934-step1-independent-review
v934-map-a8ba3536df4b744b86a9	1:1	1	1	SQLITE_FULL	v933-node|24:20260714T084351Z-3271604|11:sqlite-full|16:sqlite-successor|80:com.foggyframework.dataset.db.model.engine.compose.schema.ColumnSpecMetadataTest	v934|8:surefire|4:unit|4:unit|80:com.foggyframework.dataset.db.model.engine.compose.schema.ColumnSpecMetadataTest	current-source-successor	same report owner retained under the reviewed v934 runner/variant split	foggy-dataset-model	v934-step1-independent-review
v934-map-19f31b4341508e18b3b2	1:1	1	1	SQLITE_FULL	v933-node|24:20260714T084351Z-3271604|11:sqlite-full|16:sqlite-successor|110:com.foggyframework.dataset.db.model.engine.compose.schema.ColumnSpecPlanProvenanceTest$BuilderAcceptsNewFields	v934|8:surefire|4:unit|4:unit|110:com.foggyframework.dataset.db.model.engine.compose.schema.ColumnSpecPlanProvenanceTest$BuilderAcceptsNewFields	current-source-successor	same report owner retained under the reviewed v934 runner/variant split	foggy-dataset-model	v934-step1-independent-review
v934-map-9b0719a71868ec39935f	1:1	1	1	SQLITE_FULL	v933-node|24:20260714T084351Z-3271604|11:sqlite-full|16:sqlite-successor|95:com.foggyframework.dataset.db.model.engine.compose.schema.ColumnSpecPlanProvenanceTest$Defaults	v934|8:surefire|4:unit|4:unit|95:com.foggyframework.dataset.db.model.engine.compose.schema.ColumnSpecPlanProvenanceTest$Defaults	current-source-successor	same report owner retained under the reviewed v934 runner/variant split	foggy-dataset-model	v934-step1-independent-review
v934-map-460d10a18963735cf89f	1:1	1	1	SQLITE_FULL	v933-node|24:20260714T084351Z-3271604|11:sqlite-full|16:sqlite-successor|104:com.foggyframework.dataset.db.model.engine.compose.schema.ColumnSpecPlanProvenanceTest$EqualityUnchanged	v934|8:surefire|4:unit|4:unit|104:com.foggyframework.dataset.db.model.engine.compose.schema.ColumnSpecPlanProvenanceTest$EqualityUnchanged	current-source-successor	same report owner retained under the reviewed v934 runner/variant split	foggy-dataset-model	v934-step1-independent-review
v934-map-a56ffdb5d10308887a16	1:1	1	1	SQLITE_FULL	v933-node|24:20260714T084351Z-3271604|11:sqlite-full|16:sqlite-successor|112:com.foggyframework.dataset.db.model.engine.compose.schema.ColumnSpecPlanProvenanceTest$ToStringIncludesNewFields	v934|8:surefire|4:unit|4:unit|112:com.foggyframework.dataset.db.model.engine.compose.schema.ColumnSpecPlanProvenanceTest$ToStringIncludesNewFields	current-source-successor	same report owner retained under the reviewed v934 runner/variant split	foggy-dataset-model	v934-step1-independent-review
v934-map-b7f0e703ed7410e179ea	1:1	1	1	SQLITE_FULL	v933-node|24:20260714T084351Z-3271604|11:sqlite-full|16:sqlite-successor|86:com.foggyframework.dataset.db.model.engine.compose.schema.ColumnSpecPlanProvenanceTest	v934|8:surefire|4:unit|4:unit|86:com.foggyframework.dataset.db.model.engine.compose.schema.ColumnSpecPlanProvenanceTest	current-source-successor	same report owner retained under the reviewed v934 runner/variant split	foggy-dataset-model	v934-step1-independent-review
v934-map-f98d08fbe8218f53daaa	1:1	1	1	SQLITE_FULL	v933-node|24:20260714T084351Z-3271604|11:sqlite-full|16:sqlite-successor|84:com.foggyframework.dataset.db.model.engine.compose.schema.ComposeSchemaExceptionTest	v934|8:surefire|4:unit|4:unit|84:com.foggyframework.dataset.db.model.engine.compose.schema.ComposeSchemaExceptionTest	current-source-successor	same report owner retained under the reviewed v934 runner/variant split	foggy-dataset-model	v934-step1-independent-review
v934-map-2b1713a0ae3362440a46	1:1	1	1	SQLITE_FULL	v933-node|24:20260714T084351Z-3271604|11:sqlite-full|16:sqlite-successor|102:com.foggyframework.dataset.db.model.engine.compose.schema.OutputSchemaLookupApiTest$G10AmbiguousRegime	v934|8:surefire|4:unit|4:unit|102:com.foggyframework.dataset.db.model.engine.compose.schema.OutputSchemaLookupApiTest$G10AmbiguousRegime	current-source-successor	same report owner retained under the reviewed v934 runner/variant split	foggy-dataset-model	v934-step1-independent-review
v934-map-cc5967dfaad7e1ec0b33	1:1	1	1	SQLITE_FULL	v933-node|24:20260714T084351Z-3271604|11:sqlite-full|16:sqlite-successor|108:com.foggyframework.dataset.db.model.engine.compose.schema.OutputSchemaLookupApiTest$LegacyDuplicateRejection	v934|8:surefire|4:unit|4:unit|108:com.foggyframework.dataset.db.model.engine.compose.schema.OutputSchemaLookupApiTest$LegacyDuplicateRejection	current-source-successor	same report owner retained under the reviewed v934 runner/variant split	foggy-dataset-model	v934-step1-independent-review
v934-map-0c02ed8eccfd0ebb8629	1:1	1	1	SQLITE_FULL	v933-node|24:20260714T084351Z-3271604|11:sqlite-full|16:sqlite-successor|96:com.foggyframework.dataset.db.model.engine.compose.schema.OutputSchemaLookupApiTest$NonAmbiguous	v934|8:surefire|4:unit|4:unit|96:com.foggyframework.dataset.db.model.engine.compose.schema.OutputSchemaLookupApiTest$NonAmbiguous	current-source-successor	same report owner retained under the reviewed v934 runner/variant split	foggy-dataset-model	v934-step1-independent-review
v934-map-9c01c803216422aa5bc5	1:1	1	1	SQLITE_FULL	v933-node|24:20260714T084351Z-3271604|11:sqlite-full|16:sqlite-successor|83:com.foggyframework.dataset.db.model.engine.compose.schema.OutputSchemaLookupApiTest	v934|8:surefire|4:unit|4:unit|83:com.foggyframework.dataset.db.model.engine.compose.schema.OutputSchemaLookupApiTest	current-source-successor	same report owner retained under the reviewed v934 runner/variant split	foggy-dataset-model	v934-step1-independent-review
v934-map-9f2eb77f0672cde37d80	1:1	1	1	SQLITE_FULL	v933-node|24:20260714T084351Z-3271604|11:sqlite-full|16:sqlite-successor|84:com.foggyframework.dataset.db.model.engine.compose.schema.OutputSchemaTest$Accessors	v934|8:surefire|4:unit|4:unit|84:com.foggyframework.dataset.db.model.engine.compose.schema.OutputSchemaTest$Accessors	current-source-successor	same report owner retained under the reviewed v934 runner/variant split	foggy-dataset-model	v934-step1-independent-review
v934-map-933066f9c77456411d59	1:1	1	1	SQLITE_FULL	v933-node|24:20260714T084351Z-3271604|11:sqlite-full|16:sqlite-successor|95:com.foggyframework.dataset.db.model.engine.compose.schema.OutputSchemaTest$ColumnSpecInvariants	v934|8:surefire|4:unit|4:unit|95:com.foggyframework.dataset.db.model.engine.compose.schema.OutputSchemaTest$ColumnSpecInvariants	current-source-successor	same report owner retained under the reviewed v934 runner/variant split	foggy-dataset-model	v934-step1-independent-review
v934-map-da68d4b75e0795612abc	1:1	1	1	SQLITE_FULL	v933-node|24:20260714T084351Z-3271604|11:sqlite-full|16:sqlite-successor|87:com.foggyframework.dataset.db.model.engine.compose.schema.OutputSchemaTest$Immutability	v934|8:surefire|4:unit|4:unit|87:com.foggyframework.dataset.db.model.engine.compose.schema.OutputSchemaTest$Immutability	current-source-successor	same report owner retained under the reviewed v934 runner/variant split	foggy-dataset-model	v934-step1-independent-review
v934-map-5e8e08adc9504ca3ddfa	1:1	1	1	SQLITE_FULL	v933-node|24:20260714T084351Z-3271604|11:sqlite-full|16:sqlite-successor|99:com.foggyframework.dataset.db.model.engine.compose.schema.OutputSchemaTest$OutputSchemaConstruction	v934|8:surefire|4:unit|4:unit|99:com.foggyframework.dataset.db.model.engine.compose.schema.OutputSchemaTest$OutputSchemaConstruction	current-source-successor	same report owner retained under the reviewed v934 runner/variant split	foggy-dataset-model	v934-step1-independent-review
v934-map-00fca6a67e4a9b2443d2	1:1	1	1	SQLITE_FULL	v933-node|24:20260714T084351Z-3271604|11:sqlite-full|16:sqlite-successor|74:com.foggyframework.dataset.db.model.engine.compose.schema.OutputSchemaTest	v934|8:surefire|4:unit|4:unit|74:com.foggyframework.dataset.db.model.engine.compose.schema.OutputSchemaTest	current-source-successor	same report owner retained under the reviewed v934 runner/variant split	foggy-dataset-model	v934-step1-independent-review
v934-map-b6f13ab9948fd0b4a76e	1:1	1	1	SQLITE_FULL	v933-node|24:20260714T084351Z-3271604|11:sqlite-full|16:sqlite-successor|99:com.foggyframework.dataset.db.model.engine.compose.schema.SchemaDerivationG10JoinTest$FlagOffLegacy	v934|8:surefire|4:unit|4:unit|99:com.foggyframework.dataset.db.model.engine.compose.schema.SchemaDerivationG10JoinTest$FlagOffLegacy	current-source-successor	same report owner retained under the reviewed v934 runner/variant split	foggy-dataset-model	v934-step1-independent-review
v934-map-aca4e2d35009a80d15f6	1:1	1	1	SQLITE_FULL	v933-node|24:20260714T084351Z-3271604|11:sqlite-full|16:sqlite-successor|95:com.foggyframework.dataset.db.model.engine.compose.schema.SchemaDerivationG10JoinTest$FlagOnG10	v934|8:surefire|4:unit|4:unit|95:com.foggyframework.dataset.db.model.engine.compose.schema.SchemaDerivationG10JoinTest$FlagOnG10	current-source-successor	same report owner retained under the reviewed v934 runner/variant split	foggy-dataset-model	v934-step1-independent-review
v934-map-288a6f9aa2ab3bb6d4c7	1:1	1	1	SQLITE_FULL	v933-node|24:20260714T084351Z-3271604|11:sqlite-full|16:sqlite-successor|85:com.foggyframework.dataset.db.model.engine.compose.schema.SchemaDerivationG10JoinTest	v934|8:surefire|4:unit|4:unit|85:com.foggyframework.dataset.db.model.engine.compose.schema.SchemaDerivationG10JoinTest	current-source-successor	same report owner retained under the reviewed v934 runner/variant split	foggy-dataset-model	v934-step1-independent-review
v934-map-5cd55a759dce79c7fa04	1:1	1	1	SQLITE_FULL	v933-node|24:20260714T084351Z-3271604|11:sqlite-full|16:sqlite-successor|94:com.foggyframework.dataset.db.model.engine.compose.schema.SchemaDerivationTest$BaseModelSchema	v934|8:surefire|4:unit|4:unit|94:com.foggyframework.dataset.db.model.engine.compose.schema.SchemaDerivationTest$BaseModelSchema	current-source-successor	same report owner retained under the reviewed v934 runner/variant split	foggy-dataset-model	v934-step1-independent-review
v934-map-5f0bb1ee46fc36671070	1:1	1	1	SQLITE_FULL	v933-node|24:20260714T084351Z-3271604|11:sqlite-full|16:sqlite-successor|97:com.foggyframework.dataset.db.model.engine.compose.schema.SchemaDerivationTest$DerivedQuerySchema	v934|8:surefire|4:unit|4:unit|97:com.foggyframework.dataset.db.model.engine.compose.schema.SchemaDerivationTest$DerivedQuerySchema	current-source-successor	same report owner retained under the reviewed v934 runner/variant split	foggy-dataset-model	v934-step1-independent-review
v934-map-3e314e970ddb3e3aa8da	1:1	1	1	SQLITE_FULL	v933-node|24:20260714T084351Z-3271604|11:sqlite-full|16:sqlite-successor|89:com.foggyframework.dataset.db.model.engine.compose.schema.SchemaDerivationTest$JoinSchema	v934|8:surefire|4:unit|4:unit|89:com.foggyframework.dataset.db.model.engine.compose.schema.SchemaDerivationTest$JoinSchema	current-source-successor	same report owner retained under the reviewed v934 runner/variant split	foggy-dataset-model	v934-step1-independent-review
v934-map-1e4ecf28f162dc60a6fd	1:1	1	1	SQLITE_FULL	v933-node|24:20260714T084351Z-3271604|11:sqlite-full|16:sqlite-successor|103:com.foggyframework.dataset.db.model.engine.compose.schema.SchemaDerivationTest$ReservedTokensAndScanner	v934|8:surefire|4:unit|4:unit|103:com.foggyframework.dataset.db.model.engine.compose.schema.SchemaDerivationTest$ReservedTokensAndScanner	current-source-successor	same report owner retained under the reviewed v934 runner/variant split	foggy-dataset-model	v934-step1-independent-review
v934-map-f35b8c390164e8325e6c	1:1	1	1	SQLITE_FULL	v933-node|24:20260714T084351Z-3271604|11:sqlite-full|16:sqlite-successor|104:com.foggyframework.dataset.db.model.engine.compose.schema.SchemaDerivationTest$SpecExampleJoinThenFilter	v934|8:surefire|4:unit|4:unit|104:com.foggyframework.dataset.db.model.engine.compose.schema.SchemaDerivationTest$SpecExampleJoinThenFilter	current-source-successor	same report owner retained under the reviewed v934 runner/variant split	foggy-dataset-model	v934-step1-independent-review
v934-map-d061535ddcc605caaac4	1:1	1	1	SQLITE_FULL	v933-node|24:20260714T084351Z-3271604|11:sqlite-full|16:sqlite-successor|109:com.foggyframework.dataset.db.model.engine.compose.schema.SchemaDerivationTest$SpecExampleTwoStageAggregation	v934|8:surefire|4:unit|4:unit|109:com.foggyframework.dataset.db.model.engine.compose.schema.SchemaDerivationTest$SpecExampleTwoStageAggregation	current-source-successor	same report owner retained under the reviewed v934 runner/variant split	foggy-dataset-model	v934-step1-independent-review
v934-map-805239d31e8d8023ebeb	1:1	1	1	SQLITE_FULL	v933-node|24:20260714T084351Z-3271604|11:sqlite-full|16:sqlite-successor|90:com.foggyframework.dataset.db.model.engine.compose.schema.SchemaDerivationTest$UnionSchema	v934|8:surefire|4:unit|4:unit|90:com.foggyframework.dataset.db.model.engine.compose.schema.SchemaDerivationTest$UnionSchema	current-source-successor	same report owner retained under the reviewed v934 runner/variant split	foggy-dataset-model	v934-step1-independent-review
v934-map-349fb624d28482d1db52	1:1	1	1	SQLITE_FULL	v933-node|24:20260714T084351Z-3271604|11:sqlite-full|16:sqlite-successor|78:com.foggyframework.dataset.db.model.engine.compose.schema.SchemaDerivationTest	v934|8:surefire|4:unit|4:unit|78:com.foggyframework.dataset.db.model.engine.compose.schema.SchemaDerivationTest	current-source-successor	same report owner retained under the reviewed v934 runner/variant split	foggy-dataset-model	v934-step1-independent-review
v934-map-8673c74bce6e68706f8d	1:1	1	1	SQLITE_FULL	v933-node|24:20260714T084351Z-3271604|11:sqlite-full|16:sqlite-successor|80:com.foggyframework.dataset.db.model.engine.compose.security.AuthorityRequestTest	v934|8:surefire|4:unit|4:unit|80:com.foggyframework.dataset.db.model.engine.compose.security.AuthorityRequestTest	current-source-successor	same report owner retained under the reviewed v934 runner/variant split	foggy-dataset-model	v934-step1-independent-review
v934-map-c25dbffd3676e2f91fab	1:1	1	1	SQLITE_FULL	v933-node|24:20260714T084351Z-3271604|11:sqlite-full|16:sqlite-successor|92:com.foggyframework.dataset.db.model.engine.compose.security.AuthorityResolutionErrorCodeTest	v934|8:surefire|4:unit|4:unit|92:com.foggyframework.dataset.db.model.engine.compose.security.AuthorityResolutionErrorCodeTest	current-source-successor	same report owner retained under the reviewed v934 runner/variant split	foggy-dataset-model	v934-step1-independent-review
v934-map-9746a9307f4a2d5e63ae	1:1	1	1	SQLITE_FULL	v933-node|24:20260714T084351Z-3271604|11:sqlite-full|16:sqlite-successor|83:com.foggyframework.dataset.db.model.engine.compose.security.AuthorityResolutionTest	v934|8:surefire|4:unit|4:unit|83:com.foggyframework.dataset.db.model.engine.compose.security.AuthorityResolutionTest	current-source-successor	same report owner retained under the reviewed v934 runner/variant split	foggy-dataset-model	v934-step1-independent-review
v934-map-cea85bbd977b1c12bcbb	1:1	1	1	SQLITE_FULL	v933-node|24:20260714T084351Z-3271604|11:sqlite-full|16:sqlite-successor|89:com.foggyframework.dataset.db.model.engine.compose.security.AuthorityResolverContractTest	v934|8:surefire|4:unit|4:unit|89:com.foggyframework.dataset.db.model.engine.compose.security.AuthorityResolverContractTest	current-source-successor	same report owner retained under the reviewed v934 runner/variant split	foggy-dataset-model	v934-step1-independent-review
v934-map-b3d197939c00b0a7cd67	1:1	1	1	SQLITE_FULL	v933-node|24:20260714T084351Z-3271604|11:sqlite-full|16:sqlite-successor|114:com.foggyframework.dataset.db.model.engine.compose.security.ComposePlanAwarePermissionValidatorTest$ArgumentGuards	v934|8:surefire|4:unit|4:unit|114:com.foggyframework.dataset.db.model.engine.compose.security.ComposePlanAwarePermissionValidatorTest$ArgumentGuards	current-source-successor	same report owner retained under the reviewed v934 runner/variant split	foggy-dataset-model	v934-step1-independent-review
v934-map-e2d5e2c56a49b2f0c110	1:1	1	1	SQLITE_FULL	v933-node|24:20260714T084351Z-3271604|11:sqlite-full|16:sqlite-successor|109:com.foggyframework.dataset.db.model.engine.compose.security.ComposePlanAwarePermissionValidatorTest$BareField	v934|8:surefire|4:unit|4:unit|109:com.foggyframework.dataset.db.model.engine.compose.security.ComposePlanAwarePermissionValidatorTest$BareField	current-source-successor	same report owner retained under the reviewed v934 runner/variant split	foggy-dataset-model	v934-step1-independent-review
v934-map-7c2e23a85ebde2a4bc1c	1:1	1	1	SQLITE_FULL	v933-node|24:20260714T084351Z-3271604|11:sqlite-full|16:sqlite-successor|113:com.foggyframework.dataset.db.model.engine.compose.security.ComposePlanAwarePermissionValidatorTest$PlanQualified	v934|8:surefire|4:unit|4:unit|113:com.foggyframework.dataset.db.model.engine.compose.security.ComposePlanAwarePermissionValidatorTest$PlanQualified	current-source-successor	same report owner retained under the reviewed v934 runner/variant split	foggy-dataset-model	v934-step1-independent-review
v934-map-44420ee3aac5f8dc9770	1:1	1	1	SQLITE_FULL	v933-node|24:20260714T084351Z-3271604|11:sqlite-full|16:sqlite-successor|130:com.foggyframework.dataset.db.model.engine.compose.security.ComposePlanAwarePermissionValidatorTest$RelationExpressionDependencies	v934|8:surefire|4:unit|4:unit|130:com.foggyframework.dataset.db.model.engine.compose.security.ComposePlanAwarePermissionValidatorTest$RelationExpressionDependencies	current-source-successor	same report owner retained under the reviewed v934 runner/variant split	foggy-dataset-model	v934-step1-independent-review
v934-map-be6b1bccbb94ecdae97f	1:1	1	1	SQLITE_FULL	v933-node|24:20260714T084351Z-3271604|11:sqlite-full|16:sqlite-successor|99:com.foggyframework.dataset.db.model.engine.compose.security.ComposePlanAwarePermissionValidatorTest	v934|8:surefire|4:unit|4:unit|99:com.foggyframework.dataset.db.model.engine.compose.security.ComposePlanAwarePermissionValidatorTest	current-source-successor	same report owner retained under the reviewed v934 runner/variant split	foggy-dataset-model	v934-step1-independent-review
v934-map-c30701e10cc9794a7bc1	1:1	1	1	SQLITE_FULL	v933-node|24:20260714T084351Z-3271604|11:sqlite-full|16:sqlite-successor|86:com.foggyframework.dataset.db.model.engine.compose.security.JavaGovernanceSnapshotTest	v934|8:surefire|4:unit|4:unit|86:com.foggyframework.dataset.db.model.engine.compose.security.JavaGovernanceSnapshotTest	current-source-successor	same report owner retained under the reviewed v934 runner/variant split	foggy-dataset-model	v934-step1-independent-review
v934-map-563ae3da96e710343177	1:1	1	1	SQLITE_FULL	v933-node|24:20260714T084351Z-3271604|11:sqlite-full|16:sqlite-successor|104:com.foggyframework.dataset.db.model.engine.compose.security.PlanFieldAccessContextTest$RegistryBehaviour	v934|8:surefire|4:unit|4:unit|104:com.foggyframework.dataset.db.model.engine.compose.security.PlanFieldAccessContextTest$RegistryBehaviour	current-source-successor	same report owner retained under the reviewed v934 runner/variant split	foggy-dataset-model	v934-step1-independent-review
v934-map-05c5c6ced0930f2a667e	1:1	1	1	SQLITE_FULL	v933-node|24:20260714T084351Z-3271604|11:sqlite-full|16:sqlite-successor|86:com.foggyframework.dataset.db.model.engine.compose.security.PlanFieldAccessContextTest	v934|8:surefire|4:unit|4:unit|86:com.foggyframework.dataset.db.model.engine.compose.security.PlanFieldAccessContextTest	current-source-successor	same report owner retained under the reviewed v934 runner/variant split	foggy-dataset-model	v934-step1-independent-review
v934-map-a77635b650f3d21e83c2	1:1	1	1	SQLITE_FULL	v933-node|24:20260714T084351Z-3271604|11:sqlite-full|16:sqlite-successor|87:com.foggyframework.dataset.db.model.engine.expression.CalculatedFieldServiceDialectTest	v934|8:surefire|4:unit|4:unit|87:com.foggyframework.dataset.db.model.engine.expression.CalculatedFieldServiceDialectTest	current-source-successor	same report owner retained under the reviewed v934 runner/variant split	foggy-dataset-model	v934-step1-independent-review
v934-map-24ab726aac8afc21006d	1:1	1	1	SQLITE_FULL	v933-node|24:20260714T084351Z-3271604|11:sqlite-full|16:sqlite-successor|87:com.foggyframework.dataset.db.model.engine.expression.CalculatedFieldServiceFormulaTest	v934|8:surefire|4:unit|4:unit|87:com.foggyframework.dataset.db.model.engine.expression.CalculatedFieldServiceFormulaTest	current-source-successor	same report owner retained under the reviewed v934 runner/variant split	foggy-dataset-model	v934-step1-independent-review
v934-map-cf9cf49ab7506f3f2e32	1:1	1	1	SQLITE_FULL	v933-node|24:20260714T084351Z-3271604|11:sqlite-full|16:sqlite-successor|80:com.foggyframework.dataset.db.model.engine.expression.CalculatedFieldServiceTest	v934|8:surefire|4:unit|4:unit|80:com.foggyframework.dataset.db.model.engine.expression.CalculatedFieldServiceTest	current-source-successor	same report owner retained under the reviewed v934 runner/variant split	foggy-dataset-model	v934-step1-independent-review
v934-map-229851c3ede6aa315f0c	1:1	1	1	SQLITE_FULL	v933-node|24:20260714T084351Z-3271604|11:sqlite-full|16:sqlite-successor|85:com.foggyframework.dataset.db.model.engine.expression.sql.DialectAwareFunctionExpTest	v934|8:surefire|4:unit|4:unit|85:com.foggyframework.dataset.db.model.engine.expression.sql.DialectAwareFunctionExpTest	current-source-successor	same report owner retained under the reviewed v934 runner/variant split	foggy-dataset-model	v934-step1-independent-review
v934-map-0d9ab7e52a99dfe8e1bd	1:1	1	1	SQLITE_FULL	v933-node|24:20260714T084351Z-3271604|11:sqlite-full|16:sqlite-successor|72:com.foggyframework.dataset.db.model.engine.formula.SqlFormulaSupportTest	v934|8:surefire|4:unit|4:unit|72:com.foggyframework.dataset.db.model.engine.formula.SqlFormulaSupportTest	current-source-successor	same report owner retained under the reviewed v934 runner/variant split	foggy-dataset-model	v934-step1-independent-review
v934-map-7c1b83d92d4ac1c71b4f	1:1	1	1	SQLITE_FULL	v933-node|24:20260714T084351Z-3271604|11:sqlite-full|16:sqlite-successor|72:com.foggyframework.dataset.db.model.engine.join.JoinGraphTest$BasicTests	v934|8:surefire|4:unit|4:unit|72:com.foggyframework.dataset.db.model.engine.join.JoinGraphTest$BasicTests	current-source-successor	same report owner retained under the reviewed v934 runner/variant split	foggy-dataset-model	v934-step1-independent-review
v934-map-71bdcde50caf990849c7	1:1	1	1	SQLITE_FULL	v933-node|24:20260714T084351Z-3271604|11:sqlite-full|16:sqlite-successor|81:com.foggyframework.dataset.db.model.engine.join.JoinGraphTest$CycleDetectionTests	v934|8:surefire|4:unit|4:unit|81:com.foggyframework.dataset.db.model.engine.join.JoinGraphTest$CycleDetectionTests	current-source-successor	same report owner retained under the reviewed v934 runner/variant split	foggy-dataset-model	v934-step1-independent-review
v934-map-47235392ed01e6a91241	1:1	1	1	SQLITE_FULL	v933-node|24:20260714T084351Z-3271604|11:sqlite-full|16:sqlite-successor|75:com.foggyframework.dataset.db.model.engine.join.JoinGraphTest$JoinEdgeTests	v934|8:surefire|4:unit|4:unit|75:com.foggyframework.dataset.db.model.engine.join.JoinGraphTest$JoinEdgeTests	current-source-successor	same report owner retained under the reviewed v934 runner/variant split	foggy-dataset-model	v934-step1-independent-review
v934-map-5521a629eb1af7a34d61	1:1	1	1	SQLITE_FULL	v933-node|24:20260714T084351Z-3271604|11:sqlite-full|16:sqlite-successor|76:com.foggyframework.dataset.db.model.engine.join.JoinGraphTest$PathCacheTests	v934|8:surefire|4:unit|4:unit|76:com.foggyframework.dataset.db.model.engine.join.JoinGraphTest$PathCacheTests	current-source-successor	same report owner retained under the reviewed v934 runner/variant split	foggy-dataset-model	v934-step1-independent-review
v934-map-45b43cda63539a0959eb	1:1	1	1	SQLITE_FULL	v933-node|24:20260714T084351Z-3271604|11:sqlite-full|16:sqlite-successor|78:com.foggyframework.dataset.db.model.engine.join.JoinGraphTest$PathFindingTests	v934|8:surefire|4:unit|4:unit|78:com.foggyframework.dataset.db.model.engine.join.JoinGraphTest$PathFindingTests	current-source-successor	same report owner retained under the reviewed v934 runner/variant split	foggy-dataset-model	v934-step1-independent-review
v934-map-de625a45c2e5f2247b23	1:1	1	1	SQLITE_FULL	v933-node|24:20260714T084351Z-3271604|11:sqlite-full|16:sqlite-successor|82:com.foggyframework.dataset.db.model.engine.join.JoinGraphTest$TopologicalSortTests	v934|8:surefire|4:unit|4:unit|82:com.foggyframework.dataset.db.model.engine.join.JoinGraphTest$TopologicalSortTests	current-source-successor	same report owner retained under the reviewed v934 runner/variant split	foggy-dataset-model	v934-step1-independent-review
v934-map-8d76f950d0b9fa36b629	1:1	1	1	SQLITE_FULL	v933-node|24:20260714T084351Z-3271604|11:sqlite-full|16:sqlite-successor|61:com.foggyframework.dataset.db.model.engine.join.JoinGraphTest	v934|8:surefire|4:unit|4:unit|61:com.foggyframework.dataset.db.model.engine.join.JoinGraphTest	current-source-successor	same report owner retained under the reviewed v934 runner/variant split	foggy-dataset-model	v934-step1-independent-review
v934-map-1989bb8db7239e9937db	1:1	1	1	SQLITE_FULL	v933-node|24:20260714T084351Z-3271604|11:sqlite-full|16:sqlite-successor|71:com.foggyframework.dataset.db.model.engine.pivot.CardinalityBreakerTest	v934|8:surefire|4:unit|4:unit|71:com.foggyframework.dataset.db.model.engine.pivot.CardinalityBreakerTest	current-source-successor	same report owner retained under the reviewed v934 runner/variant split	foggy-dataset-model	v934-step1-independent-review
v934-map-1e0005ed2963febf76da	1:1	1	1	SQLITE_FULL	v933-node|24:20260714T084351Z-3271604|11:sqlite-full|16:sqlite-successor|76:com.foggyframework.dataset.db.model.engine.pivot.JavaPivotDomainSnapshotTest	v934|8:surefire|4:unit|4:unit|76:com.foggyframework.dataset.db.model.engine.pivot.JavaPivotDomainSnapshotTest	current-source-successor	same report owner retained under the reviewed v934 runner/variant split	foggy-dataset-model	v934-step1-independent-review
v934-map-c370a1011357fed737f3	1:1	1	1	SQLITE_FULL	v933-node|24:20260714T084351Z-3271604|11:sqlite-full|16:sqlite-successor|76:com.foggyframework.dataset.db.model.engine.pivot.JavaPivotOutputSnapshotTest	v934|8:surefire|4:unit|4:unit|76:com.foggyframework.dataset.db.model.engine.pivot.JavaPivotOutputSnapshotTest	current-source-successor	same report owner retained under the reviewed v934 runner/variant split	foggy-dataset-model	v934-step1-independent-review
v934-map-6620d94d1ef5f776472c	1:1	1	1	SQLITE_FULL	v933-node|24:20260714T084351Z-3271604|11:sqlite-full|16:sqlite-successor|61:com.foggyframework.dataset.db.model.engine.pivot.PivotAstTest	v934|8:surefire|4:unit|4:unit|61:com.foggyframework.dataset.db.model.engine.pivot.PivotAstTest	current-source-successor	same report owner retained under the reviewed v934 runner/variant split	foggy-dataset-model	v934-step1-independent-review
v934-map-c25d2e8609dee2b65f3a	1:1	1	1	SQLITE_FULL	v933-node|24:20260714T084351Z-3271604|11:sqlite-full|16:sqlite-successor|93:com.foggyframework.dataset.db.model.engine.pivot.PivotCascadeGenerateSqlParityIntegrationTest	v934|8:failsafe|24:database-contract-matrix|9:db-sqlite|93:com.foggyframework.dataset.db.model.engine.pivot.PivotCascadeGenerateSqlParityIntegrationTest	current-source-successor	same report owner retained under the reviewed v934 runner/variant split	foggy-dataset-model	v934-step1-independent-review
v934-map-633cb06b9f6a2fd85017	1:1	1	1	SQLITE_FULL	v933-node|24:20260714T084351Z-3271604|11:sqlite-full|16:sqlite-successor|83:com.foggyframework.dataset.db.model.engine.pivot.PivotCascadeGenerateValidationTest	v934|8:surefire|4:unit|4:unit|83:com.foggyframework.dataset.db.model.engine.pivot.PivotCascadeGenerateValidationTest	current-source-successor	same report owner retained under the reviewed v934 runner/variant split	foggy-dataset-model	v934-step1-independent-review
v934-map-bb87ff2dadaefd3defb9	1:1	1	1	SQLITE_FULL	v933-node|24:20260714T084351Z-3271604|11:sqlite-full|16:sqlite-successor|77:com.foggyframework.dataset.db.model.engine.pivot.PivotDiagnosticCollectorTest	v934|8:surefire|4:unit|4:unit|77:com.foggyframework.dataset.db.model.engine.pivot.PivotDiagnosticCollectorTest	current-source-successor	same report owner retained under the reviewed v934 runner/variant split	foggy-dataset-model	v934-step1-independent-review
v934-map-7254f178944c967b6433	1:1	1	1	SQLITE_FULL	v933-node|24:20260714T084351Z-3271604|11:sqlite-full|16:sqlite-successor|69:com.foggyframework.dataset.db.model.engine.pivot.PivotIntegrationTest	v934|8:failsafe|24:sqlite-broad-integration|12:sqlite-broad|69:com.foggyframework.dataset.db.model.engine.pivot.PivotIntegrationTest	current-source-successor	same report owner retained under the reviewed v934 runner/variant split	foggy-dataset-model	v934-step1-independent-review
v934-map-2a1885fd5c9645abcf8a	1:1	1	1	SQLITE_FULL	v933-node|24:20260714T084351Z-3271604|11:sqlite-full|16:sqlite-successor|94:com.foggyframework.dataset.db.model.engine.pivot.PivotOuterCacheDistributedProviderAdapterTest	v934|8:surefire|4:unit|4:unit|94:com.foggyframework.dataset.db.model.engine.pivot.PivotOuterCacheDistributedProviderAdapterTest	current-source-successor	same report owner retained under the reviewed v934 runner/variant split	foggy-dataset-model	v934-step1-independent-review
v934-map-92b9271fa44066c3b9c7	1:1	1	1	SQLITE_FULL	v933-node|24:20260714T084351Z-3271604|11:sqlite-full|16:sqlite-successor|95:com.foggyframework.dataset.db.model.engine.pivot.PivotOuterCacheDistributedProviderContractTest	v934|8:surefire|4:unit|4:unit|95:com.foggyframework.dataset.db.model.engine.pivot.PivotOuterCacheDistributedProviderContractTest	current-source-successor	same report owner retained under the reviewed v934 runner/variant split	foggy-dataset-model	v934-step1-independent-review
v934-map-4b310505e7c9aca210a6	1:1	1	1	SQLITE_FULL	v933-node|24:20260714T084351Z-3271604|11:sqlite-full|16:sqlite-successor|85:com.foggyframework.dataset.db.model.engine.pivot.PivotOuterCacheInvalidationEventTest	v934|8:surefire|4:unit|4:unit|85:com.foggyframework.dataset.db.model.engine.pivot.PivotOuterCacheInvalidationEventTest	current-source-successor	same report owner retained under the reviewed v934 runner/variant split	foggy-dataset-model	v934-step1-independent-review
v934-map-1db8dc058131d62ea8c4	1:1	1	1	SQLITE_FULL	v933-node|24:20260714T084351Z-3271604|11:sqlite-full|16:sqlite-successor|94:com.foggyframework.dataset.db.model.engine.pivot.PivotOuterCacheInvalidationFanOutContractTest	v934|8:surefire|4:unit|4:unit|94:com.foggyframework.dataset.db.model.engine.pivot.PivotOuterCacheInvalidationFanOutContractTest	current-source-successor	same report owner retained under the reviewed v934 runner/variant split	foggy-dataset-model	v934-step1-independent-review
v934-map-3d680355ad906e2608df	1:1	1	1	SQLITE_FULL	v933-node|24:20260714T084351Z-3271604|11:sqlite-full|16:sqlite-successor|92:com.foggyframework.dataset.db.model.engine.pivot.PivotOuterCacheInvalidationReplayWindowTest	v934|8:surefire|4:unit|4:unit|92:com.foggyframework.dataset.db.model.engine.pivot.PivotOuterCacheInvalidationReplayWindowTest	current-source-successor	same report owner retained under the reviewed v934 runner/variant split	foggy-dataset-model	v934-step1-independent-review
v934-map-7b332d7eaf3692d033ae	1:1	1	1	SQLITE_FULL	v933-node|24:20260714T084351Z-3271604|11:sqlite-full|16:sqlite-successor|82:com.foggyframework.dataset.db.model.engine.pivot.PivotOuterCacheOperationalSpiTest	v934|8:surefire|4:unit|4:unit|82:com.foggyframework.dataset.db.model.engine.pivot.PivotOuterCacheOperationalSpiTest	current-source-successor	same report owner retained under the reviewed v934 runner/variant split	foggy-dataset-model	v934-step1-independent-review
v934-map-29a6f2c2213b406af37f	1:1	1	1	SQLITE_FULL	v933-node|24:20260714T084351Z-3271604|11:sqlite-full|16:sqlite-successor|80:com.foggyframework.dataset.db.model.engine.pivot.PivotOuterCacheSafeProviderTest	v934|8:surefire|4:unit|4:unit|80:com.foggyframework.dataset.db.model.engine.pivot.PivotOuterCacheSafeProviderTest	current-source-successor	same report owner retained under the reviewed v934 runner/variant split	foggy-dataset-model	v934-step1-independent-review
v934-map-41ee2b2763736cfd88bf	1:1	1	1	SQLITE_FULL	v933-node|24:20260714T084351Z-3271604|11:sqlite-full|16:sqlite-successor|82:com.foggyframework.dataset.db.model.engine.pivot.PivotOuterCacheStrongIdentityTest	v934|8:surefire|4:unit|4:unit|82:com.foggyframework.dataset.db.model.engine.pivot.PivotOuterCacheStrongIdentityTest	current-source-successor	same report owner retained under the reviewed v934 runner/variant split	foggy-dataset-model	v934-step1-independent-review
v934-map-d262c5f4ac14a3586767	1:1	1	1	SQLITE_FULL	v933-node|24:20260714T084351Z-3271604|11:sqlite-full|16:sqlite-successor|77:com.foggyframework.dataset.db.model.engine.pivot.PivotOuterCacheTelemetryTest	v934|8:surefire|4:unit|4:unit|77:com.foggyframework.dataset.db.model.engine.pivot.PivotOuterCacheTelemetryTest	current-source-successor	same report owner retained under the reviewed v934 runner/variant split	foggy-dataset-model	v934-step1-independent-review
v934-map-fd60c00e5d004cca604a	1:1	1	1	SQLITE_FULL	v933-node|24:20260714T084351Z-3271604|11:sqlite-full|16:sqlite-successor|76:com.foggyframework.dataset.db.model.engine.pivot.PivotOuterResponseCacheTest	v934|8:surefire|4:unit|4:unit|76:com.foggyframework.dataset.db.model.engine.pivot.PivotOuterResponseCacheTest	current-source-successor	same report owner retained under the reviewed v934 runner/variant split	foggy-dataset-model	v934-step1-independent-review
v934-map-5cec30360b874e303650	1:1	1	1	SQLITE_FULL	v933-node|24:20260714T084351Z-3271604|11:sqlite-full|16:sqlite-successor|81:com.foggyframework.dataset.db.model.engine.pivot.PivotPipelineCatalogIdentityTest	v934|8:surefire|4:unit|4:unit|81:com.foggyframework.dataset.db.model.engine.pivot.PivotPipelineCatalogIdentityTest	current-source-successor	same report owner retained under the reviewed v934 runner/variant split	foggy-dataset-model	v934-step1-independent-review
v934-map-f72fc1a7272d403e2e58	1:1	1	1	SQLITE_FULL	v933-node|24:20260714T084351Z-3271604|11:sqlite-full|16:sqlite-successor|78:com.foggyframework.dataset.db.model.engine.pivot.PivotSqlParityIntegrationTest	v934|8:failsafe|24:database-contract-matrix|9:db-sqlite|78:com.foggyframework.dataset.db.model.engine.pivot.PivotSqlParityIntegrationTest	current-source-successor	same report owner retained under the reviewed v934 runner/variant split	foggy-dataset-model	v934-step1-independent-review
v934-map-d04dd484850ea572f7d6	1:1	1	1	SQLITE_FULL	v933-node|24:20260714T084351Z-3271604|11:sqlite-full|16:sqlite-successor|80:com.foggyframework.dataset.db.model.engine.pivot.PivotSqlPerformanceBaselineTest	v934|8:surefire|4:unit|4:unit|80:com.foggyframework.dataset.db.model.engine.pivot.PivotSqlPerformanceBaselineTest	current-source-successor	same report owner retained under the reviewed v934 runner/variant split	foggy-dataset-model	v934-step1-independent-review
v934-map-b46dc9122f15daf67fbc	1:1	1	1	SQLITE_FULL	v933-node|24:20260714T084351Z-3271604|11:sqlite-full|16:sqlite-successor|74:com.foggyframework.dataset.db.model.engine.pivot.algo.AxisHavingFilterTest	v934|8:surefire|4:unit|4:unit|74:com.foggyframework.dataset.db.model.engine.pivot.algo.AxisHavingFilterTest	current-source-successor	same report owner retained under the reviewed v934 runner/variant split	foggy-dataset-model	v934-step1-independent-review
v934-map-2d8ccd910153585722d1	1:1	1	1	SQLITE_FULL	v933-node|24:20260714T084351Z-3271604|11:sqlite-full|16:sqlite-successor|75:com.foggyframework.dataset.db.model.engine.pivot.algo.AxisTopNTruncatorTest	v934|8:surefire|4:unit|4:unit|75:com.foggyframework.dataset.db.model.engine.pivot.algo.AxisTopNTruncatorTest	current-source-successor	same report owner retained under the reviewed v934 runner/variant split	foggy-dataset-model	v934-step1-independent-review
v934-map-ceb956a8cadc84eed873	1:1	1	1	SQLITE_FULL	v933-node|24:20260714T084351Z-3271604|11:sqlite-full|16:sqlite-successor|81:com.foggyframework.dataset.db.model.engine.pivot.algo.BaselineRatioCalculatorTest	v934|8:surefire|4:unit|4:unit|81:com.foggyframework.dataset.db.model.engine.pivot.algo.BaselineRatioCalculatorTest	current-source-successor	same report owner retained under the reviewed v934 runner/variant split	foggy-dataset-model	v934-step1-independent-review
v934-map-b028c6350989c90d67d5	1:1	1	1	SQLITE_FULL	v933-node|24:20260714T084351Z-3271604|11:sqlite-full|16:sqlite-successor|73:com.foggyframework.dataset.db.model.engine.pivot.algo.CrossJoinFillerTest	v934|8:surefire|4:unit|4:unit|73:com.foggyframework.dataset.db.model.engine.pivot.algo.CrossJoinFillerTest	current-source-successor	same report owner retained under the reviewed v934 runner/variant split	foggy-dataset-model	v934-step1-independent-review
v934-map-903d54cb11ea23512846	1:1	1	1	SQLITE_FULL	v933-node|24:20260714T084351Z-3271604|11:sqlite-full|16:sqlite-successor|78:com.foggyframework.dataset.db.model.engine.pivot.algo.HierarchyTreeBuilderTest	v934|8:surefire|4:unit|4:unit|78:com.foggyframework.dataset.db.model.engine.pivot.algo.HierarchyTreeBuilderTest	current-source-successor	same report owner retained under the reviewed v934 runner/variant split	foggy-dataset-model	v934-step1-independent-review
v934-map-b09836484dccda9a22d9	1:1	1	1	SQLITE_FULL	v933-node|24:20260714T084351Z-3271604|11:sqlite-full|16:sqlite-successor|95:com.foggyframework.dataset.db.model.engine.pivot.algo.ParentShareCalculatorTest$ResolutionTests	v934|8:surefire|4:unit|4:unit|95:com.foggyframework.dataset.db.model.engine.pivot.algo.ParentShareCalculatorTest$ResolutionTests	current-source-successor	same report owner retained under the reviewed v934 runner/variant split	foggy-dataset-model	v934-step1-independent-review
v934-map-fac82350cef5874001c6	1:1	1	1	SQLITE_FULL	v933-node|24:20260714T084351Z-3271604|11:sqlite-full|16:sqlite-successor|95:com.foggyframework.dataset.db.model.engine.pivot.algo.ParentShareCalculatorTest$ValidationTests	v934|8:surefire|4:unit|4:unit|95:com.foggyframework.dataset.db.model.engine.pivot.algo.ParentShareCalculatorTest$ValidationTests	current-source-successor	same report owner retained under the reviewed v934 runner/variant split	foggy-dataset-model	v934-step1-independent-review
v934-map-288d1cbb8f5cc94d751c	1:1	1	1	SQLITE_FULL	v933-node|24:20260714T084351Z-3271604|11:sqlite-full|16:sqlite-successor|79:com.foggyframework.dataset.db.model.engine.pivot.algo.ParentShareCalculatorTest	v934|8:surefire|4:unit|4:unit|79:com.foggyframework.dataset.db.model.engine.pivot.algo.ParentShareCalculatorTest	current-source-successor	same report owner retained under the reviewed v934 runner/variant split	foggy-dataset-model	v934-step1-independent-review
v934-map-f270dd856f77e5a36150	1:1	1	1	SQLITE_FULL	v933-node|24:20260714T084351Z-3271604|11:sqlite-full|16:sqlite-successor|74:com.foggyframework.dataset.db.model.engine.pivot.algo.PropertyAttacherTest	v934|8:surefire|4:unit|4:unit|74:com.foggyframework.dataset.db.model.engine.pivot.algo.PropertyAttacherTest	current-source-successor	same report owner retained under the reviewed v934 runner/variant split	foggy-dataset-model	v934-step1-independent-review
v934-map-24c4f60e8e277fef4cbc	1:1	1	1	SQLITE_FULL	v933-node|24:20260714T084351Z-3271604|11:sqlite-full|16:sqlite-successor|74:com.foggyframework.dataset.db.model.engine.pivot.algo.PropertyResolverTest	v934|8:surefire|4:unit|4:unit|74:com.foggyframework.dataset.db.model.engine.pivot.algo.PropertyResolverTest	current-source-successor	same report owner retained under the reviewed v934 runner/variant split	foggy-dataset-model	v934-step1-independent-review
v934-map-316e23d38d5a26da93b6	1:1	1	1	SQLITE_FULL	v933-node|24:20260714T084351Z-3271604|11:sqlite-full|16:sqlite-successor|70:com.foggyframework.dataset.db.model.engine.pivot.algo.ResultShaperTest	v934|8:surefire|4:unit|4:unit|70:com.foggyframework.dataset.db.model.engine.pivot.algo.ResultShaperTest	current-source-successor	same report owner retained under the reviewed v934 runner/variant split	foggy-dataset-model	v934-step1-independent-review
v934-map-f648feb0014d64e1b0dd	1:1	1	1	SQLITE_FULL	v933-node|24:20260714T084351Z-3271604|11:sqlite-full|16:sqlite-successor|74:com.foggyframework.dataset.db.model.engine.pivot.algo.SubtotalInjectorTest	v934|8:surefire|4:unit|4:unit|74:com.foggyframework.dataset.db.model.engine.pivot.algo.SubtotalInjectorTest	current-source-successor	same report owner retained under the reviewed v934 runner/variant split	foggy-dataset-model	v934-step1-independent-review
v934-map-36940d8d532567d81731	1:1	1	1	SQLITE_FULL	v933-node|24:20260714T084351Z-3271604|11:sqlite-full|16:sqlite-successor|84:com.foggyframework.dataset.db.model.engine.pivot.rollup.MetricAdditivityAnalyzerTest	v934|8:surefire|4:unit|4:unit|84:com.foggyframework.dataset.db.model.engine.pivot.rollup.MetricAdditivityAnalyzerTest	current-source-successor	same report owner retained under the reviewed v934 runner/variant split	foggy-dataset-model	v934-step1-independent-review
v934-map-a8339f05630872b13810	1:1	1	1	SQLITE_FULL	v933-node|24:20260714T084351Z-3271604|11:sqlite-full|16:sqlite-successor|96:com.foggyframework.dataset.db.model.engine.pivot.rollup.NonAdditiveRollupExecutorDomainSliceTest	v934|8:surefire|4:unit|4:unit|96:com.foggyframework.dataset.db.model.engine.pivot.rollup.NonAdditiveRollupExecutorDomainSliceTest	current-source-successor	same report owner retained under the reviewed v934 runner/variant split	foggy-dataset-model	v934-step1-independent-review
v934-map-1e977f9356e22f2561f7	1:1	1	1	SQLITE_FULL	v933-node|24:20260714T084351Z-3271604|11:sqlite-full|16:sqlite-successor|81:com.foggyframework.dataset.db.model.engine.pivot.rollup.RollupGrainEnumeratorTest	v934|8:surefire|4:unit|4:unit|81:com.foggyframework.dataset.db.model.engine.pivot.rollup.RollupGrainEnumeratorTest	current-source-successor	same report owner retained under the reviewed v934 runner/variant split	foggy-dataset-model	v934-step1-independent-review
v934-map-69888f4d581a0880d145	1:1	1	1	SQLITE_FULL	v933-node|24:20260714T084351Z-3271604|11:sqlite-full|16:sqlite-successor|89:com.foggyframework.dataset.db.model.engine.pivot.sql.PivotAxisDomainSqlPlannerCascadeTest	v934|8:surefire|4:unit|4:unit|89:com.foggyframework.dataset.db.model.engine.pivot.sql.PivotAxisDomainSqlPlannerCascadeTest	current-source-successor	same report owner retained under the reviewed v934 runner/variant split	foggy-dataset-model	v934-step1-independent-review
v934-map-8b574f202fe4fcb3062b	1:1	1	1	SQLITE_FULL	v933-node|24:20260714T084351Z-3271604|11:sqlite-full|16:sqlite-successor|82:com.foggyframework.dataset.db.model.engine.pivot.sql.PivotAxisDomainSqlPlannerTest	v934|8:surefire|4:unit|4:unit|82:com.foggyframework.dataset.db.model.engine.pivot.sql.PivotAxisDomainSqlPlannerTest	current-source-successor	same report owner retained under the reviewed v934 runner/variant split	foggy-dataset-model	v934-step1-independent-review
v934-map-e0f55270a2dc326f5555	1:1	1	1	SQLITE_FULL	v933-node|24:20260714T084351Z-3271604|11:sqlite-full|16:sqlite-successor|76:com.foggyframework.dataset.db.model.engine.pivot.sql.PivotTopNSqlPlannerTest	v934|8:surefire|4:unit|4:unit|76:com.foggyframework.dataset.db.model.engine.pivot.sql.PivotTopNSqlPlannerTest	current-source-successor	same report owner retained under the reviewed v934 runner/variant split	foggy-dataset-model	v934-step1-independent-review
v934-map-b56e576f5bc435caa9ec	1:1	1	1	SQLITE_FULL	v933-node|24:20260714T084351Z-3271604|11:sqlite-full|16:sqlite-successor|85:com.foggyframework.dataset.db.model.engine.pivot.transport.DomainRelationRendererTest	v934|8:surefire|4:unit|4:unit|85:com.foggyframework.dataset.db.model.engine.pivot.transport.DomainRelationRendererTest	current-source-successor	same report owner retained under the reviewed v934 runner/variant split	foggy-dataset-model	v934-step1-independent-review
v934-map-55dfefbd66c2bf655446	1:1	1	1	SQLITE_FULL	v933-node|24:20260714T084351Z-3271604|11:sqlite-full|16:sqlite-successor|75:com.foggyframework.dataset.db.model.engine.preagg.PreAggregationMatcherTest	v934|8:surefire|4:unit|4:unit|75:com.foggyframework.dataset.db.model.engine.preagg.PreAggregationMatcherTest	current-source-successor	same report owner retained under the reviewed v934 runner/variant split	foggy-dataset-model	v934-step1-independent-review
v934-map-5f4e8f402e722af2a07d	1:1	1	1	SQLITE_FULL	v933-node|24:20260714T084351Z-3271604|11:sqlite-full|16:sqlite-successor|72:com.foggyframework.dataset.db.model.engine.query.CalculatedFieldJoinTest	v934|8:surefire|4:unit|4:unit|72:com.foggyframework.dataset.db.model.engine.query.CalculatedFieldJoinTest	current-source-successor	same report owner retained under the reviewed v934 runner/variant split	foggy-dataset-model	v934-step1-independent-review
v934-map-ad1d5938b8a2af18005b	1:1	1	1	SQLITE_FULL	v933-node|24:20260714T084351Z-3271604|11:sqlite-full|16:sqlite-successor|79:com.foggyframework.dataset.db.model.engine.query.SqlServerIdentifierQuotingTest	v934|8:surefire|4:unit|4:unit|79:com.foggyframework.dataset.db.model.engine.query.SqlServerIdentifierQuotingTest	current-source-successor	same report owner retained under the reviewed v934 runner/variant split	foggy-dataset-model	v934-step1-independent-review
v934-map-7b9ab9a75f034778270c	1:1	1	1	SQLITE_FULL	v933-node|24:20260714T084351Z-3271604|11:sqlite-full|16:sqlite-successor|69:com.foggyframework.dataset.db.model.event.BundleLifecycleListenerTest	v934|8:surefire|4:unit|4:unit|69:com.foggyframework.dataset.db.model.event.BundleLifecycleListenerTest	current-source-successor	same report owner retained under the reviewed v934 runner/variant split	foggy-dataset-model	v934-step1-independent-review
v934-map-5a82bf1ee4da12fc60d6	1:1	1	1	SQLITE_FULL	v933-node|24:20260714T084351Z-3271604|11:sqlite-full|16:sqlite-successor|73:com.foggyframework.dataset.db.model.expression.InlineExpressionParserTest	v934|8:surefire|4:unit|4:unit|73:com.foggyframework.dataset.db.model.expression.InlineExpressionParserTest	current-source-successor	same report owner retained under the reviewed v934 runner/variant split	foggy-dataset-model	v934-step1-independent-review
v934-map-e7222b468b3844144e92	1:1	1	1	SQLITE_FULL	v933-node|24:20260714T084351Z-3271604|11:sqlite-full|16:sqlite-successor|110:com.foggyframework.dataset.db.model.expression.SqlCalculatedFieldProcessorWindowOrderTest$ErrorMessageContract	v934|8:surefire|4:unit|4:unit|110:com.foggyframework.dataset.db.model.expression.SqlCalculatedFieldProcessorWindowOrderTest$ErrorMessageContract	current-source-successor	same report owner retained under the reviewed v934 runner/variant split	foggy-dataset-model	v934-step1-independent-review
v934-map-543c4df384f0494a6530	1:1	1	1	SQLITE_FULL	v933-node|24:20260714T084351Z-3271604|11:sqlite-full|16:sqlite-successor|108:com.foggyframework.dataset.db.model.expression.SqlCalculatedFieldProcessorWindowOrderTest$RawExpressionGuard	v934|8:surefire|4:unit|4:unit|108:com.foggyframework.dataset.db.model.expression.SqlCalculatedFieldProcessorWindowOrderTest$RawExpressionGuard	current-source-successor	same report owner retained under the reviewed v934 runner/variant split	foggy-dataset-model	v934-step1-independent-review
v934-map-faa783df12a08722a28a	1:1	1	1	SQLITE_FULL	v933-node|24:20260714T084351Z-3271604|11:sqlite-full|16:sqlite-successor|89:com.foggyframework.dataset.db.model.expression.SqlCalculatedFieldProcessorWindowOrderTest	v934|8:surefire|4:unit|4:unit|89:com.foggyframework.dataset.db.model.expression.SqlCalculatedFieldProcessorWindowOrderTest	current-source-successor	same report owner retained under the reviewed v934 runner/variant split	foggy-dataset-model	v934-step1-independent-review
v934-map-513f97c734074b1a61fb	1:1	1	1	SQLITE_FULL	v933-node|24:20260714T084351Z-3271604|11:sqlite-full|16:sqlite-successor|74:com.foggyframework.dataset.db.model.expression.SqlExpFactoryInOperatorTest	v934|8:surefire|4:unit|4:unit|74:com.foggyframework.dataset.db.model.expression.SqlExpFactoryInOperatorTest	current-source-successor	same report owner retained under the reviewed v934 runner/variant split	foggy-dataset-model	v934-step1-independent-review
v934-map-e1c575e6661c26d1443b	1:1	1	1	SQLITE_FULL	v933-node|24:20260714T084351Z-3271604|11:sqlite-full|16:sqlite-successor|64:com.foggyframework.dataset.db.model.expression.SqlExpFactoryTest	v934|8:surefire|4:unit|4:unit|64:com.foggyframework.dataset.db.model.expression.SqlExpFactoryTest	current-source-successor	same report owner retained under the reviewed v934 runner/variant split	foggy-dataset-model	v934-step1-independent-review
v934-map-0e2e56046c7f4d17369d	1:1	1	1	SQLITE_FULL	v933-node|24:20260714T084351Z-3271604|11:sqlite-full|16:sqlite-successor|68:com.foggyframework.dataset.db.model.impl.SemanticScaleSqlSupportTest	v934|8:surefire|4:unit|4:unit|68:com.foggyframework.dataset.db.model.impl.SemanticScaleSqlSupportTest	current-source-successor	same report owner retained under the reviewed v934 runner/variant split	foggy-dataset-model	v934-step1-independent-review
v934-map-1f3452bc3c0b5970a14f	1:1	1	1	SQLITE_FULL	v933-node|24:20260714T084351Z-3271604|11:sqlite-full|16:sqlite-successor|99:com.foggyframework.dataset.db.model.impl.loader.TableModelLoaderManagerImplDataSourceResolutionTest	v934|8:surefire|4:unit|4:unit|99:com.foggyframework.dataset.db.model.impl.loader.TableModelLoaderManagerImplDataSourceResolutionTest	current-source-successor	same report owner retained under the reviewed v934 runner/variant split	foggy-dataset-model	v934-step1-independent-review
v934-map-b5c7ad4a0b8c89cd29cc	1:1	1	1	SQLITE_FULL	v933-node|24:20260714T084351Z-3271604|11:sqlite-full|16:sqlite-successor|86:com.foggyframework.dataset.db.model.impl.model.AggregateRelationDiagnosticContractTest	v934|8:surefire|4:unit|4:unit|86:com.foggyframework.dataset.db.model.impl.model.AggregateRelationDiagnosticContractTest	current-source-successor	same report owner retained under the reviewed v934 runner/variant split	foggy-dataset-model	v934-step1-independent-review
v934-map-9e74d5d8015f8b58c84f	1:1	1	1	SQLITE_FULL	v933-node|24:20260714T084351Z-3271604|11:sqlite-full|16:sqlite-successor|78:com.foggyframework.dataset.db.model.lifecycle.catalog.CatalogSnapshotStoreTest	v934|8:surefire|4:unit|4:unit|78:com.foggyframework.dataset.db.model.lifecycle.catalog.CatalogSnapshotStoreTest	current-source-successor	same report owner retained under the reviewed v934 runner/variant split	foggy-dataset-model	v934-step1-independent-review
v934-map-cb5a4a8878b9a3fcf995	1:1	1	1	SQLITE_FULL	v933-node|24:20260714T084351Z-3271604|11:sqlite-full|16:sqlite-successor|73:com.foggyframework.dataset.db.model.lifecycle.catalog.CatalogSnapshotTest	v934|8:surefire|4:unit|4:unit|73:com.foggyframework.dataset.db.model.lifecycle.catalog.CatalogSnapshotTest	current-source-successor	same report owner retained under the reviewed v934 runner/variant split	foggy-dataset-model	v934-step1-independent-review
v934-map-1425e4a01e2ac1f24225	1:1	1	1	SQLITE_FULL	v933-node|24:20260714T084351Z-3271604|11:sqlite-full|16:sqlite-successor|84:com.foggyframework.dataset.db.model.lifecycle.catalog.JdbcQueryModelCompletenessTest	v934|8:surefire|4:unit|4:unit|84:com.foggyframework.dataset.db.model.lifecycle.catalog.JdbcQueryModelCompletenessTest	current-source-successor	same report owner retained under the reviewed v934 runner/variant split	foggy-dataset-model	v934-step1-independent-review
v934-map-a1f47cd86277e98a3f5b	1:1	1	1	SQLITE_FULL	v933-node|24:20260714T084351Z-3271604|11:sqlite-full|16:sqlite-successor|84:com.foggyframework.dataset.db.model.lifecycle.catalog.QueryFacadeCatalogIdentityTest	v934|8:surefire|4:unit|4:unit|84:com.foggyframework.dataset.db.model.lifecycle.catalog.QueryFacadeCatalogIdentityTest	current-source-successor	same report owner retained under the reviewed v934 runner/variant split	foggy-dataset-model	v934-step1-independent-review
v934-map-559ec62fbe866b93703e	1:1	1	1	SQLITE_FULL	v933-node|24:20260714T084351Z-3271604|11:sqlite-full|16:sqlite-successor|84:com.foggyframework.dataset.db.model.lifecycle.catalog.QueryModelAliasDeterminismTest	v934|8:surefire|4:unit|4:unit|84:com.foggyframework.dataset.db.model.lifecycle.catalog.QueryModelAliasDeterminismTest	current-source-successor	same report owner retained under the reviewed v934 runner/variant split	foggy-dataset-model	v934-step1-independent-review
v934-map-a81b18a901a35c03ebd2	1:1	1	1	SQLITE_FULL	v933-node|24:20260714T084351Z-3271604|11:sqlite-full|16:sqlite-successor|86:com.foggyframework.dataset.db.model.lifecycle.catalog.QueryModelDiscoveryAuthorityTest	v934|8:surefire|4:unit|4:unit|86:com.foggyframework.dataset.db.model.lifecycle.catalog.QueryModelDiscoveryAuthorityTest	current-source-successor	same report owner retained under the reviewed v934 runner/variant split	foggy-dataset-model	v934-step1-independent-review
v934-map-5239afad762893f452f7	1:1	1	1	SQLITE_FULL	v933-node|24:20260714T084351Z-3271604|11:sqlite-full|16:sqlite-successor|89:com.foggyframework.dataset.db.model.lifecycle.catalog.SemanticMetadataCatalogIdentityTest	v934|8:surefire|4:unit|4:unit|89:com.foggyframework.dataset.db.model.lifecycle.catalog.SemanticMetadataCatalogIdentityTest	current-source-successor	same report owner retained under the reviewed v934 runner/variant split	foggy-dataset-model	v934-step1-independent-review
v934-map-f398a3dfddab4db9118f	1:1	1	1	SQLITE_FULL	v933-node|24:20260714T084351Z-3271604|11:sqlite-full|16:sqlite-successor|74:com.foggyframework.dataset.db.model.lifecycle.concurrent.ModelBuildKeyTest	v934|8:surefire|4:unit|4:unit|74:com.foggyframework.dataset.db.model.lifecycle.concurrent.ModelBuildKeyTest	current-source-successor	same report owner retained under the reviewed v934 runner/variant split	foggy-dataset-model	v934-step1-independent-review
v934-map-65c539dfe5fd721fb21a	1:1	1	1	SQLITE_FULL	v933-node|24:20260714T084351Z-3271604|11:sqlite-full|16:sqlite-successor|83:com.foggyframework.dataset.db.model.lifecycle.concurrent.ModelBuildSingleFlightTest	v934|8:surefire|4:unit|4:unit|83:com.foggyframework.dataset.db.model.lifecycle.concurrent.ModelBuildSingleFlightTest	current-source-successor	same report owner retained under the reviewed v934 runner/variant split	foggy-dataset-model	v934-step1-independent-review
v934-map-34592f13df4957dc0951	1:1	1	1	SQLITE_FULL	v933-node|24:20260714T084351Z-3271604|11:sqlite-full|16:sqlite-successor|89:com.foggyframework.dataset.db.model.lifecycle.concurrent.QueryModelLoaderSingleFlightTest	v934|8:surefire|4:unit|4:unit|89:com.foggyframework.dataset.db.model.lifecycle.concurrent.QueryModelLoaderSingleFlightTest	current-source-successor	same report owner retained under the reviewed v934 runner/variant split	foggy-dataset-model	v934-step1-independent-review
v934-map-3cef6e4de694ff07d682	1:1	1	1	SQLITE_FULL	v933-node|24:20260714T084351Z-3271604|11:sqlite-full|16:sqlite-successor|89:com.foggyframework.dataset.db.model.lifecycle.concurrent.TableModelLoaderSingleFlightTest	v934|8:surefire|4:unit|4:unit|89:com.foggyframework.dataset.db.model.lifecycle.concurrent.TableModelLoaderSingleFlightTest	current-source-successor	same report owner retained under the reviewed v934 runner/variant split	foggy-dataset-model	v934-step1-independent-review
v934-map-29d44484548ec0c8bb65	1:1	1	1	SQLITE_FULL	v933-node|24:20260714T084351Z-3271604|11:sqlite-full|16:sqlite-successor|91:com.foggyframework.dataset.db.model.lifecycle.gate.DeterministicConcurrencyHarnessProbeTest	v934|8:surefire|4:unit|4:unit|91:com.foggyframework.dataset.db.model.lifecycle.gate.DeterministicConcurrencyHarnessProbeTest	current-source-successor	same report owner retained under the reviewed v934 runner/variant split	foggy-dataset-model	v934-step1-independent-review
v934-map-cdfa9e05367c18ff3c80	1:1	1	1	SQLITE_FULL	v933-node|24:20260714T084351Z-3271604|11:sqlite-full|16:sqlite-successor|95:com.foggyframework.dataset.db.model.lifecycle.namespace.NamespaceProductionEntryRestorationTest	v934|8:surefire|4:unit|4:unit|95:com.foggyframework.dataset.db.model.lifecycle.namespace.NamespaceProductionEntryRestorationTest	current-source-successor	same report owner retained under the reviewed v934 runner/variant split	foggy-dataset-model	v934-step1-independent-review
v934-map-0aa0be1ccfec2e070d38	1:1	1	1	SQLITE_FULL	v933-node|24:20260714T084351Z-3271604|11:sqlite-full|16:sqlite-successor|74:com.foggyframework.dataset.db.model.lifecycle.namespace.NamespaceScopeTest	v934|8:surefire|4:unit|4:unit|74:com.foggyframework.dataset.db.model.lifecycle.namespace.NamespaceScopeTest	current-source-successor	same report owner retained under the reviewed v934 runner/variant split	foggy-dataset-model	v934-step1-independent-review
v934-map-e5bc88872dc2be866544	1:1	1	1	SQLITE_FULL	v933-node|24:20260714T084351Z-3271604|11:sqlite-full|16:sqlite-successor|90:com.foggyframework.dataset.db.model.lifecycle.namespace.QueryModelLoaderNamespaceScopeTest	v934|8:surefire|4:unit|4:unit|90:com.foggyframework.dataset.db.model.lifecycle.namespace.QueryModelLoaderNamespaceScopeTest	current-source-successor	same report owner retained under the reviewed v934 runner/variant split	foggy-dataset-model	v934-step1-independent-review
v934-map-cdb70c8f82290af4d184	1:1	1	1	SQLITE_FULL	v933-node|24:20260714T084351Z-3271604|11:sqlite-full|16:sqlite-successor|89:com.foggyframework.dataset.db.model.lifecycle.namespace.SemanticServiceNamespaceScopeTest	v934|8:surefire|4:unit|4:unit|89:com.foggyframework.dataset.db.model.lifecycle.namespace.SemanticServiceNamespaceScopeTest	current-source-successor	same report owner retained under the reviewed v934 runner/variant split	foggy-dataset-model	v934-step1-independent-review
v934-map-d9824660ecc4b5eb1134	1:1	1	1	SQLITE_FULL	v933-node|24:20260714T084351Z-3271604|11:sqlite-full|16:sqlite-successor|91:com.foggyframework.dataset.db.model.lifecycle.port.DatasourceBindingResolverCurrentnessTest	v934|8:surefire|4:unit|4:unit|91:com.foggyframework.dataset.db.model.lifecycle.port.DatasourceBindingResolverCurrentnessTest	current-source-successor	same report owner retained under the reviewed v934 runner/variant split	foggy-dataset-model	v934-step1-independent-review
v934-map-fcc0e2206dd48a3c4fa4	1:1	1	1	SQLITE_FULL	v933-node|24:20260714T084351Z-3271604|11:sqlite-full|16:sqlite-successor|80:com.foggyframework.dataset.db.model.lifecycle.refresh.BundleLifecycleRefreshTest	v934|8:surefire|4:unit|4:unit|80:com.foggyframework.dataset.db.model.lifecycle.refresh.BundleLifecycleRefreshTest	current-source-successor	same report owner retained under the reviewed v934 runner/variant split	foggy-dataset-model	v934-step1-independent-review
v934-map-7628d25d7ab25bc2d1bd	1:1	1	1	SQLITE_FULL	v933-node|24:20260714T084351Z-3271604|11:sqlite-full|16:sqlite-successor|82:com.foggyframework.dataset.db.model.lifecycle.refresh.CatalogAdmissionContractTest	v934|8:surefire|4:unit|4:unit|82:com.foggyframework.dataset.db.model.lifecycle.refresh.CatalogAdmissionContractTest	current-source-successor	same report owner retained under the reviewed v934 runner/variant split	foggy-dataset-model	v934-step1-independent-review
v934-map-dacd60dcbb161150cfa7	1:1	1	1	SQLITE_FULL	v933-node|24:20260714T084351Z-3271604|11:sqlite-full|16:sqlite-successor|89:com.foggyframework.dataset.db.model.lifecycle.refresh.CatalogRefreshCandidateContractTest	v934|8:surefire|4:unit|4:unit|89:com.foggyframework.dataset.db.model.lifecycle.refresh.CatalogRefreshCandidateContractTest	current-source-successor	same report owner retained under the reviewed v934 runner/variant split	foggy-dataset-model	v934-step1-independent-review
v934-map-2db826a550f7961ed00c	1:1	1	1	SQLITE_FULL	v933-node|24:20260714T084351Z-3271604|11:sqlite-full|16:sqlite-successor|91:com.foggyframework.dataset.db.model.lifecycle.refresh.CatalogRefreshCoordinatorBehaviorTest	v934|8:surefire|4:unit|4:unit|91:com.foggyframework.dataset.db.model.lifecycle.refresh.CatalogRefreshCoordinatorBehaviorTest	current-source-successor	same report owner retained under the reviewed v934 runner/variant split	foggy-dataset-model	v934-step1-independent-review
v934-map-bc7b13117ae982ebb92f	1:1	1	1	SQLITE_FULL	v933-node|24:20260714T084351Z-3271604|11:sqlite-full|16:sqlite-successor|91:com.foggyframework.dataset.db.model.lifecycle.refresh.CatalogRefreshCoordinatorContractTest	v934|8:surefire|4:unit|4:unit|91:com.foggyframework.dataset.db.model.lifecycle.refresh.CatalogRefreshCoordinatorContractTest	current-source-successor	same report owner retained under the reviewed v934 runner/variant split	foggy-dataset-model	v934-step1-independent-review
v934-map-0493c754e6ac53d38b72	1:1	1	1	SQLITE_FULL	v933-node|24:20260714T084351Z-3271604|11:sqlite-full|16:sqlite-successor|80:com.foggyframework.dataset.db.model.lifecycle.refresh.FileChangeRefreshScopeTest	v934|8:surefire|4:unit|4:unit|80:com.foggyframework.dataset.db.model.lifecycle.refresh.FileChangeRefreshScopeTest	current-source-successor	same report owner retained under the reviewed v934 runner/variant split	foggy-dataset-model	v934-step1-independent-review
v934-map-31d5832c0ac1f81c2136	1:1	1	1	SQLITE_FULL	v933-node|24:20260714T084351Z-3271604|11:sqlite-full|16:sqlite-successor|66:com.foggyframework.dataset.db.model.multidb.MultiDatabaseQueryTest	v934|8:failsafe|24:database-contract-matrix|9:db-sqlite|66:com.foggyframework.dataset.db.model.multidb.MultiDatabaseQueryTest	current-source-successor	same report owner retained under the reviewed v934 runner/variant split	foggy-dataset-model	v934-step1-independent-review
v934-map-f277ddc9d224613a219c	1:1	1	1	SQLITE_FULL	v933-node|24:20260714T084351Z-3271604|11:sqlite-full|16:sqlite-successor|66:com.foggyframework.dataset.db.model.namespace.NamespaceContextTest	v934|8:surefire|4:unit|4:unit|66:com.foggyframework.dataset.db.model.namespace.NamespaceContextTest	current-source-successor	same report owner retained under the reviewed v934 runner/variant split	foggy-dataset-model	v934-step1-independent-review
v934-map-8ceacdfca5c56dff2eb0	1:1	1	1	SQLITE_FULL	v933-node|24:20260714T084351Z-3271604|11:sqlite-full|16:sqlite-successor|67:com.foggyframework.dataset.db.model.odoo.ClosureOperatorOrSliceTest	v934|8:surefire|4:unit|4:unit|67:com.foggyframework.dataset.db.model.odoo.ClosureOperatorOrSliceTest	current-source-successor	same report owner retained under the reviewed v934 runner/variant split	foggy-dataset-model	v934-step1-independent-review
v934-map-cec966b1ff0596fe18f2	1:1	1	1	SQLITE_FULL	v933-node|24:20260714T084351Z-3271604|11:sqlite-full|16:sqlite-successor|63:com.foggyframework.dataset.db.model.odoo.OdooHierarchyQueryTest	v934|8:surefire|4:unit|4:unit|63:com.foggyframework.dataset.db.model.odoo.OdooHierarchyQueryTest	current-source-successor	same report owner retained under the reviewed v934 runner/variant split	foggy-dataset-model	v934-step1-independent-review
v934-map-259e6342015e0a5a9bc9	1:1	1	1	SQLITE_FULL	v933-node|24:20260714T084351Z-3271604|11:sqlite-full|16:sqlite-successor|69:com.foggyframework.dataset.db.model.odoo.OdooInvalidFieldRecoveryTest	v934|8:surefire|4:unit|4:unit|69:com.foggyframework.dataset.db.model.odoo.OdooInvalidFieldRecoveryTest	current-source-successor	same report owner retained under the reviewed v934 runner/variant split	foggy-dataset-model	v934-step1-independent-review
v934-map-4ddbc67752006bff55c5	1:1	1	1	SQLITE_FULL	v933-node|24:20260714T084351Z-3271604|11:sqlite-full|16:sqlite-successor|61:com.foggyframework.dataset.db.model.odoo.OdooModelLoadingTest	v934|8:surefire|4:unit|4:unit|61:com.foggyframework.dataset.db.model.odoo.OdooModelLoadingTest	current-source-successor	same report owner retained under the reviewed v934 runner/variant split	foggy-dataset-model	v934-step1-independent-review
v934-map-8071b36c54befb00f588	1:1	1	1	SQLITE_FULL	v933-node|24:20260714T084351Z-3271604|11:sqlite-full|16:sqlite-successor|60:com.foggyframework.dataset.db.model.odoo.PermissionSliceTest	v934|8:surefire|4:unit|4:unit|60:com.foggyframework.dataset.db.model.odoo.PermissionSliceTest	current-source-successor	same report owner retained under the reviewed v934 runner/variant split	foggy-dataset-model	v934-step1-independent-review
v934-map-8646c90d74aaaae57d94	1:1	1	1	SQLITE_FULL	v933-node|24:20260714T084351Z-3271604|11:sqlite-full|16:sqlite-successor|91:com.foggyframework.dataset.db.model.odoo.QueryErrorPhysicalColumnLeakTest$SanitizerContract	v934|8:surefire|4:unit|4:unit|91:com.foggyframework.dataset.db.model.odoo.QueryErrorPhysicalColumnLeakTest$SanitizerContract	current-source-successor	same report owner retained under the reviewed v934 runner/variant split	foggy-dataset-model	v934-step1-independent-review
v934-map-a27329b97cbe981c4af8	1:1	1	1	SQLITE_FULL	v933-node|24:20260714T084351Z-3271604|11:sqlite-full|16:sqlite-successor|108:com.foggyframework.dataset.db.model.odoo.QueryErrorPhysicalColumnLeakTest$SchemaAwareFieldValidationRecovery	v934|8:surefire|4:unit|4:unit|108:com.foggyframework.dataset.db.model.odoo.QueryErrorPhysicalColumnLeakTest$SchemaAwareFieldValidationRecovery	current-source-successor	same report owner retained under the reviewed v934 runner/variant split	foggy-dataset-model	v934-step1-independent-review
v934-map-04928956aa9eb7cfe155	1:1	1	1	SQLITE_FULL	v933-node|24:20260714T084351Z-3271604|11:sqlite-full|16:sqlite-successor|73:com.foggyframework.dataset.db.model.odoo.QueryErrorPhysicalColumnLeakTest	v934|8:surefire|4:unit|4:unit|73:com.foggyframework.dataset.db.model.odoo.QueryErrorPhysicalColumnLeakTest	current-source-successor	same report owner retained under the reviewed v934 runner/variant split	foggy-dataset-model	v934-step1-independent-review
v934-map-cbf8c037d35076ca8b6e	1:1	1	1	SQLITE_FULL	v933-node|24:20260714T084351Z-3271604|11:sqlite-full|16:sqlite-successor|74:com.foggyframework.dataset.db.model.odoo.SelfReferencingDimensionAliasTest	v934|8:surefire|4:unit|4:unit|74:com.foggyframework.dataset.db.model.odoo.SelfReferencingDimensionAliasTest	current-source-successor	same report owner retained under the reviewed v934 runner/variant split	foggy-dataset-model	v934-step1-independent-review
v934-map-d308e8ab9a8341671b81	1:1	1	1	SQLITE_FULL	v933-node|24:20260714T084351Z-3271604|11:sqlite-full|16:sqlite-successor|68:com.foggyframework.dataset.db.model.parity.FormulaParitySnapshotTest	v934|8:surefire|4:unit|4:unit|68:com.foggyframework.dataset.db.model.parity.FormulaParitySnapshotTest	current-source-successor	same report owner retained under the reviewed v934 runner/variant split	foggy-dataset-model	v934-step1-independent-review
v934-map-d7198ac22b7db9cabea1	1:1	1	1	SQLITE_FULL	v933-node|24:20260714T084351Z-3271604|11:sqlite-full|16:sqlite-successor|82:com.foggyframework.dataset.db.model.parity.JavaQueryModelAggregateJoinSnapshotTest	v934|8:surefire|4:unit|4:unit|82:com.foggyframework.dataset.db.model.parity.JavaQueryModelAggregateJoinSnapshotTest	current-source-successor	same report owner retained under the reviewed v934 runner/variant split	foggy-dataset-model	v934-step1-independent-review
v934-map-59c891782c59370de4c4	1:1	1	1	SQLITE_FULL	v933-node|24:20260714T084351Z-3271604|11:sqlite-full|16:sqlite-successor|72:com.foggyframework.dataset.db.model.parity.JavaSemanticScaleSnapshotTest	v934|8:surefire|4:unit|4:unit|72:com.foggyframework.dataset.db.model.parity.JavaSemanticScaleSnapshotTest	current-source-successor	same report owner retained under the reviewed v934 runner/variant split	foggy-dataset-model	v934-step1-independent-review
v934-map-3c5f1907be1e221b05f6	1:1	1	1	SQLITE_FULL	v933-node|24:20260714T084351Z-3271604|11:sqlite-full|16:sqlite-successor|83:com.foggyframework.dataset.db.model.parity.StableRelationOuterAggregateSnapshotTest	v934|8:surefire|4:unit|4:unit|83:com.foggyframework.dataset.db.model.parity.StableRelationOuterAggregateSnapshotTest	current-source-successor	same report owner retained under the reviewed v934 runner/variant split	foggy-dataset-model	v934-step1-independent-review
v934-map-2eb34c977d5641b03007	1:1	1	1	SQLITE_FULL	v933-node|24:20260714T084351Z-3271604|11:sqlite-full|16:sqlite-successor|80:com.foggyframework.dataset.db.model.parity.StableRelationOuterWindowSnapshotTest	v934|8:surefire|4:unit|4:unit|80:com.foggyframework.dataset.db.model.parity.StableRelationOuterWindowSnapshotTest	current-source-successor	same report owner retained under the reviewed v934 runner/variant split	foggy-dataset-model	v934-step1-independent-review
v934-map-811381dff3c945d08ed5	1:1	1	1	SQLITE_FULL	v933-node|24:20260714T084351Z-3271604|11:sqlite-full|16:sqlite-successor|69:com.foggyframework.dataset.db.model.parity.StableRelationSnapshotTest	v934|8:surefire|4:unit|4:unit|69:com.foggyframework.dataset.db.model.parity.StableRelationSnapshotTest	current-source-successor	same report owner retained under the reviewed v934 runner/variant split	foggy-dataset-model	v934-step1-independent-review
v934-map-bd445feb529fc530e5a1	1:1	1	1	SQLITE_FULL	v933-node|24:20260714T084351Z-3271604|11:sqlite-full|16:sqlite-successor|71:com.foggyframework.dataset.db.model.parity.TimeWindowParitySnapshotTest	v934|8:surefire|4:unit|4:unit|71:com.foggyframework.dataset.db.model.parity.TimeWindowParitySnapshotTest	current-source-successor	same report owner retained under the reviewed v934 runner/variant split	foggy-dataset-model	v934-step1-independent-review
v934-map-f6a5a0aa1d87048dae02	1:1	1	1	SQLITE_FULL	v933-node|24:20260714T084351Z-3271604|11:sqlite-full|16:sqlite-successor|70:com.foggyframework.dataset.db.model.plugins.AutoGroupByIntegrationTest	v934|8:failsafe|24:sqlite-broad-integration|12:sqlite-broad|70:com.foggyframework.dataset.db.model.plugins.AutoGroupByIntegrationTest	current-source-successor	same report owner retained under the reviewed v934 runner/variant split	foggy-dataset-model	v934-step1-independent-review
v934-map-674753db6c820d4844fa	1:1	1	1	SQLITE_FULL	v933-node|24:20260714T084351Z-3271604|11:sqlite-full|16:sqlite-successor|63:com.foggyframework.dataset.db.model.plugins.AutoGroupByStepTest	v934|8:surefire|4:unit|4:unit|63:com.foggyframework.dataset.db.model.plugins.AutoGroupByStepTest	current-source-successor	same report owner retained under the reviewed v934 runner/variant split	foggy-dataset-model	v934-step1-independent-review
v934-map-a33decfb9f81fd31ce26	1:1	1	1	SQLITE_FULL	v933-node|24:20260714T084351Z-3271604|11:sqlite-full|16:sqlite-successor|71:com.foggyframework.dataset.db.model.plugins.HavingClauseIntegrationTest	v934|8:failsafe|24:sqlite-broad-integration|12:sqlite-broad|71:com.foggyframework.dataset.db.model.plugins.HavingClauseIntegrationTest	current-source-successor	same report owner retained under the reviewed v934 runner/variant split	foggy-dataset-model	v934-step1-independent-review
v934-map-16fbb026c2c070f1dbd3	1:1	1	1	SQLITE_FULL	v933-node|24:20260714T084351Z-3271604|11:sqlite-full|16:sqlite-successor|65:com.foggyframework.dataset.db.model.plugins.InlineParserDebugTest	v934|8:surefire|4:unit|4:unit|65:com.foggyframework.dataset.db.model.plugins.InlineParserDebugTest	current-source-successor	same report owner retained under the reviewed v934 runner/variant split	foggy-dataset-model	v934-step1-independent-review
v934-map-c64e6ad040c7afd768a7	1:1	1	1	SQLITE_FULL	v933-node|24:20260714T084351Z-3271604|11:sqlite-full|16:sqlite-successor|74:com.foggyframework.dataset.db.model.plugins.QueryRequestValidationStepTest	v934|8:surefire|4:unit|4:unit|74:com.foggyframework.dataset.db.model.plugins.QueryRequestValidationStepTest	current-source-successor	same report owner retained under the reviewed v934 runner/variant split	foggy-dataset-model	v934-step1-independent-review
v934-map-faa86e0a141e06712b51	1:1	1	1	SQLITE_FULL	v933-node|24:20260714T084351Z-3271604|11:sqlite-full|16:sqlite-successor|98:com.foggyframework.dataset.db.model.plugins.query_execution.QueryExecutionStepExecutorLoopHookTest	v934|8:surefire|4:unit|4:unit|98:com.foggyframework.dataset.db.model.plugins.query_execution.QueryExecutionStepExecutorLoopHookTest	current-source-successor	same report owner retained under the reviewed v934 runner/variant split	foggy-dataset-model	v934-step1-independent-review
v934-map-125a8727f196a6496f02	1:1	1	1	SQLITE_FULL	v933-node|24:20260714T084351Z-3271604|11:sqlite-full|16:sqlite-successor|95:com.foggyframework.dataset.db.model.plugins.query_execution.QueryExecutionStepExecutorPhaseTest	v934|8:surefire|4:unit|4:unit|95:com.foggyframework.dataset.db.model.plugins.query_execution.QueryExecutionStepExecutorPhaseTest	current-source-successor	same report owner retained under the reviewed v934 runner/variant split	foggy-dataset-model	v934-step1-independent-review
v934-map-b4e883131c65abb93050	1:1	1	1	SQLITE_FULL	v933-node|24:20260714T084351Z-3271604|11:sqlite-full|16:sqlite-successor|90:com.foggyframework.dataset.db.model.plugins.query_execution.QueryExecutionStepOrderingTest	v934|8:surefire|4:unit|4:unit|90:com.foggyframework.dataset.db.model.plugins.query_execution.QueryExecutionStepOrderingTest	current-source-successor	same report owner retained under the reviewed v934 runner/variant split	foggy-dataset-model	v934-step1-independent-review
v934-map-4b02cb3a2335427c948d	1:1	1	1	SQLITE_FULL	v933-node|24:20260714T084351Z-3271604|11:sqlite-full|16:sqlite-successor|99:com.foggyframework.dataset.db.model.plugins.result_set_filter.DataSetResultStepExecutorOrderingTest	v934|8:surefire|4:unit|4:unit|99:com.foggyframework.dataset.db.model.plugins.result_set_filter.DataSetResultStepExecutorOrderingTest	current-source-successor	same report owner retained under the reviewed v934 runner/variant split	foggy-dataset-model	v934-step1-independent-review
v934-map-4f1ad84055473571a5a1	1:1	1	1	SQLITE_FULL	v933-node|24:20260714T084351Z-3271604|11:sqlite-full|16:sqlite-successor|91:com.foggyframework.dataset.db.model.plugins.result_set_filter.FieldAccessPermissionStepTest	v934|8:surefire|4:unit|4:unit|91:com.foggyframework.dataset.db.model.plugins.result_set_filter.FieldAccessPermissionStepTest	current-source-successor	same report owner retained under the reviewed v934 runner/variant split	foggy-dataset-model	v934-step1-independent-review
v934-map-cee54c3b2afe9cfe4cfd	1:1	1	1	SQLITE_FULL	v933-node|24:20260714T084351Z-3271604|11:sqlite-full|16:sqlite-successor|96:com.foggyframework.dataset.db.model.plugins.result_set_filter.InlineExpressionPreprocessStepTest	v934|8:surefire|4:unit|4:unit|96:com.foggyframework.dataset.db.model.plugins.result_set_filter.InlineExpressionPreprocessStepTest	current-source-successor	same report owner retained under the reviewed v934 runner/variant split	foggy-dataset-model	v934-step1-independent-review
v934-map-47b13959fd2860d60291	1:1	1	1	SQLITE_FULL	v933-node|24:20260714T084351Z-3271604|11:sqlite-full|16:sqlite-successor|114:com.foggyframework.dataset.db.model.plugins.result_set_filter.SchemaAwareCalcFieldAliasTest$NonTimeWindowCalcAlias	v934|8:surefire|4:unit|4:unit|114:com.foggyframework.dataset.db.model.plugins.result_set_filter.SchemaAwareCalcFieldAliasTest$NonTimeWindowCalcAlias	current-source-successor	same report owner retained under the reviewed v934 runner/variant split	foggy-dataset-model	v934-step1-independent-review
v934-map-c09c3d60296d8da60c32	1:1	1	1	SQLITE_FULL	v933-node|24:20260714T084351Z-3271604|11:sqlite-full|16:sqlite-successor|105:com.foggyframework.dataset.db.model.plugins.result_set_filter.SchemaAwareCalcFieldAliasTest$StillRejected	v934|8:surefire|4:unit|4:unit|105:com.foggyframework.dataset.db.model.plugins.result_set_filter.SchemaAwareCalcFieldAliasTest$StillRejected	current-source-successor	same report owner retained under the reviewed v934 runner/variant split	foggy-dataset-model	v934-step1-independent-review
v934-map-0f68e7ad194a9ab54bda	1:1	1	1	SQLITE_FULL	v933-node|24:20260714T084351Z-3271604|11:sqlite-full|16:sqlite-successor|111:com.foggyframework.dataset.db.model.plugins.result_set_filter.SchemaAwareCalcFieldAliasTest$TimeWindowCalcAlias	v934|8:surefire|4:unit|4:unit|111:com.foggyframework.dataset.db.model.plugins.result_set_filter.SchemaAwareCalcFieldAliasTest$TimeWindowCalcAlias	current-source-successor	same report owner retained under the reviewed v934 runner/variant split	foggy-dataset-model	v934-step1-independent-review
v934-map-f1e581f4b033d4688dcb	1:1	1	1	SQLITE_FULL	v933-node|24:20260714T084351Z-3271604|11:sqlite-full|16:sqlite-successor|91:com.foggyframework.dataset.db.model.plugins.result_set_filter.SchemaAwareCalcFieldAliasTest	v934|8:surefire|4:unit|4:unit|91:com.foggyframework.dataset.db.model.plugins.result_set_filter.SchemaAwareCalcFieldAliasTest	current-source-successor	same report owner retained under the reviewed v934 runner/variant split	foggy-dataset-model	v934-step1-independent-review
v934-map-5e1a2189f98af44708ae	1:1	1	1	SQLITE_FULL	v933-node|24:20260714T084351Z-3271604|11:sqlite-full|16:sqlite-successor|75:com.foggyframework.dataset.db.model.preagg.PreAggregationDataValidationTest	v934|8:surefire|4:unit|4:unit|75:com.foggyframework.dataset.db.model.preagg.PreAggregationDataValidationTest	current-source-successor	same report owner retained under the reviewed v934 runner/variant split	foggy-dataset-model	v934-step1-independent-review
v934-map-f129f0d9c70db4ec35de	1:1	1	1	SQLITE_FULL	v933-node|24:20260714T084351Z-3271604|11:sqlite-full|16:sqlite-successor|69:com.foggyframework.dataset.db.model.preagg.PreAggregationEdgeCaseTest	v934|8:surefire|4:unit|4:unit|69:com.foggyframework.dataset.db.model.preagg.PreAggregationEdgeCaseTest	current-source-successor	same report owner retained under the reviewed v934 runner/variant split	foggy-dataset-model	v934-step1-independent-review
v934-map-27bc2bbfb189fcb71548	1:1	1	1	SQLITE_FULL	v933-node|24:20260714T084351Z-3271604|11:sqlite-full|16:sqlite-successor|72:com.foggyframework.dataset.db.model.preagg.PreAggregationIntegrationTest	v934|8:failsafe|24:sqlite-broad-integration|12:sqlite-broad|72:com.foggyframework.dataset.db.model.preagg.PreAggregationIntegrationTest	current-source-successor	same report owner retained under the reviewed v934 runner/variant split	foggy-dataset-model	v934-step1-independent-review
v934-map-68339eeb70bdf9d45bdd	1:1	1	1	SQLITE_FULL	v933-node|24:20260714T084351Z-3271604|11:sqlite-full|16:sqlite-successor|79:com.foggyframework.dataset.db.model.preagg.PreAggregationL2CacheIntegrationTest	v934|8:failsafe|24:sqlite-broad-integration|12:sqlite-broad|79:com.foggyframework.dataset.db.model.preagg.PreAggregationL2CacheIntegrationTest	current-source-successor	same report owner retained under the reviewed v934 runner/variant split	foggy-dataset-model	v934-step1-independent-review
v934-map-b05407325d3cbbf7e18f	1:1	1	1	SQLITE_FULL	v933-node|24:20260714T084351Z-3271604|11:sqlite-full|16:sqlite-successor|60:com.foggyframework.dataset.db.model.proxy.DimensionProxyTest	v934|8:surefire|4:unit|4:unit|60:com.foggyframework.dataset.db.model.proxy.DimensionProxyTest	current-source-successor	same report owner retained under the reviewed v934 runner/variant split	foggy-dataset-model	v934-step1-independent-review
v934-map-daf855ec4de320c94158	1:1	1	1	SQLITE_FULL	v933-node|24:20260714T084351Z-3271604|11:sqlite-full|16:sqlite-successor|61:com.foggyframework.dataset.db.model.proxy.TableModelProxyTest	v934|8:surefire|4:unit|4:unit|61:com.foggyframework.dataset.db.model.proxy.TableModelProxyTest	current-source-successor	same report owner retained under the reviewed v934 runner/variant split	foggy-dataset-model	v934-step1-independent-review
v934-map-bded835186ffd25c3dd3	1:1	1	1	SQLITE_FULL	v933-node|24:20260714T084351Z-3271604|11:sqlite-full|16:sqlite-successor|64:com.foggyframework.dataset.db.model.security.FormulaSecurityTest	v934|8:surefire|4:unit|4:unit|64:com.foggyframework.dataset.db.model.security.FormulaSecurityTest	current-source-successor	same report owner retained under the reviewed v934 runner/variant split	foggy-dataset-model	v934-step1-independent-review
v934-map-e4ee3cae06b7a2e217a7	1:1	1	1	SQLITE_FULL	v933-node|24:20260714T084351Z-3271604|11:sqlite-full|16:sqlite-successor|80:com.foggyframework.dataset.db.model.semantic.ComparativeExecutionIntegrationTest	v934|8:failsafe|24:sqlite-broad-integration|12:sqlite-broad|80:com.foggyframework.dataset.db.model.semantic.ComparativeExecutionIntegrationTest	current-source-successor	same report owner retained under the reviewed v934 runner/variant split	foggy-dataset-model	v934-step1-independent-review
v934-map-8a6158d32de9fd6946a7	1:1	1	1	SQLITE_FULL	v933-node|24:20260714T084351Z-3271604|11:sqlite-full|16:sqlite-successor|83:com.foggyframework.dataset.db.model.semantic.DictionaryDiscoveryMetadataFailureTest	v934|8:surefire|4:unit|4:unit|83:com.foggyframework.dataset.db.model.semantic.DictionaryDiscoveryMetadataFailureTest	current-source-successor	same report owner retained under the reviewed v934 runner/variant split	foggy-dataset-model	v934-step1-independent-review
v934-map-a7ade20c8254c318640c	1:1	1	1	SQLITE_FULL	v933-node|24:20260714T084351Z-3271604|11:sqlite-full|16:sqlite-successor|76:com.foggyframework.dataset.db.model.semantic.DictionaryDiscoveryMetadataTest	v934|8:surefire|4:unit|4:unit|76:com.foggyframework.dataset.db.model.semantic.DictionaryDiscoveryMetadataTest	current-source-successor	same report owner retained under the reviewed v934 runner/variant split	foggy-dataset-model	v934-step1-independent-review
v934-map-7a00e7788e4dc19f56fd	1:1	1	1	SQLITE_FULL	v933-node|24:20260714T084351Z-3271604|11:sqlite-full|16:sqlite-successor|71:com.foggyframework.dataset.db.model.semantic.DslCteAcceptanceSampleTest	v934|8:surefire|4:unit|4:unit|71:com.foggyframework.dataset.db.model.semantic.DslCteAcceptanceSampleTest	current-source-successor	same report owner retained under the reviewed v934 runner/variant split	foggy-dataset-model	v934-step1-independent-review
v934-map-8315f50988fac3390a00	1:1	1	1	SQLITE_FULL	v933-node|24:20260714T084351Z-3271604|11:sqlite-full|16:sqlite-successor|82:com.foggyframework.dataset.db.model.semantic.DslCteCrmFunnelFixtureIntegrationTest	v934|8:failsafe|24:sqlite-broad-integration|12:sqlite-broad|82:com.foggyframework.dataset.db.model.semantic.DslCteCrmFunnelFixtureIntegrationTest	current-source-successor	same report owner retained under the reviewed v934 runner/variant split	foggy-dataset-model	v934-step1-independent-review
v934-map-940ab62ec7f73ad17cbd	1:1	1	1	SQLITE_FULL	v933-node|24:20260714T084351Z-3271604|11:sqlite-full|16:sqlite-successor|87:com.foggyframework.dataset.db.model.semantic.DslCteRelationMetricFixtureIntegrationTest	v934|8:failsafe|24:sqlite-broad-integration|12:sqlite-broad|87:com.foggyframework.dataset.db.model.semantic.DslCteRelationMetricFixtureIntegrationTest	current-source-successor	same report owner retained under the reviewed v934 runner/variant split	foggy-dataset-model	v934-step1-independent-review
v934-map-e0800f7141fac4567369	1:1	1	1	SQLITE_FULL	v933-node|24:20260714T084351Z-3271604|11:sqlite-full|16:sqlite-successor|83:com.foggyframework.dataset.db.model.semantic.DslCteResultStageWindowIntegrationTest	v934|8:failsafe|24:sqlite-broad-integration|12:sqlite-broad|83:com.foggyframework.dataset.db.model.semantic.DslCteResultStageWindowIntegrationTest	current-source-successor	same report owner retained under the reviewed v934 runner/variant split	foggy-dataset-model	v934-step1-independent-review
v934-map-fc3ed6eda2a9287f7664	1:1	1	1	SQLITE_FULL	v933-node|24:20260714T084351Z-3271604|11:sqlite-full|16:sqlite-successor|76:com.foggyframework.dataset.db.model.semantic.DslCteSlaFixtureIntegrationTest	v934|8:failsafe|24:sqlite-broad-integration|12:sqlite-broad|76:com.foggyframework.dataset.db.model.semantic.DslCteSlaFixtureIntegrationTest	current-source-successor	same report owner retained under the reviewed v934 runner/variant split	foggy-dataset-model	v934-step1-independent-review
v934-map-82746c405b3baa6adc6e	1:1	1	1	SQLITE_FULL	v933-node|24:20260714T084351Z-3271604|11:sqlite-full|16:sqlite-successor|63:com.foggyframework.dataset.db.model.semantic.ExportMarkdownTest	v934|8:surefire|4:unit|4:unit|63:com.foggyframework.dataset.db.model.semantic.ExportMarkdownTest	current-source-successor	same report owner retained under the reviewed v934 runner/variant split	foggy-dataset-model	v934-step1-independent-review
v934-map-94c4e126243c7df91801	1:1	1	1	SQLITE_FULL	v933-node|24:20260714T084351Z-3271604|11:sqlite-full|16:sqlite-successor|73:com.foggyframework.dataset.db.model.semantic.GridSqlContractValidatorTest	v934|8:surefire|4:unit|4:unit|73:com.foggyframework.dataset.db.model.semantic.GridSqlContractValidatorTest	current-source-successor	same report owner retained under the reviewed v934 runner/variant split	foggy-dataset-model	v934-step1-independent-review
v934-map-3bd86eedc6f37aaced0f	1:1	1	1	SQLITE_FULL	v933-node|24:20260714T084351Z-3271604|11:sqlite-full|16:sqlite-successor|78:com.foggyframework.dataset.db.model.semantic.MemoryGridEngineSpiFailClosedTest	v934|8:surefire|4:unit|4:unit|78:com.foggyframework.dataset.db.model.semantic.MemoryGridEngineSpiFailClosedTest	current-source-successor	same report owner retained under the reviewed v934 runner/variant split	foggy-dataset-model	v934-step1-independent-review
v934-map-62f1495474ef32e3ce90	1:1	1	1	SQLITE_FULL	v933-node|24:20260714T084351Z-3271604|11:sqlite-full|16:sqlite-successor|85:com.foggyframework.dataset.db.model.semantic.RealModelDictionaryDiscoveryMetadataTest	v934|8:surefire|4:unit|4:unit|85:com.foggyframework.dataset.db.model.semantic.RealModelDictionaryDiscoveryMetadataTest	current-source-successor	same report owner retained under the reviewed v934 runner/variant split	foggy-dataset-model	v934-step1-independent-review
v934-map-fc810095c085774452c7	1:1	1	1	SQLITE_FULL	v933-node|24:20260714T084351Z-3271604|11:sqlite-full|16:sqlite-successor|87:com.foggyframework.dataset.db.model.semantic.SemanticQueryServiceV3ValidatePipelineTest	v934|8:surefire|4:unit|4:unit|87:com.foggyframework.dataset.db.model.semantic.SemanticQueryServiceV3ValidatePipelineTest	current-source-successor	same report owner retained under the reviewed v934 runner/variant split	foggy-dataset-model	v934-step1-independent-review
v934-map-f9ec1dd976f7a6bc0361	1:1	1	1	SQLITE_FULL	v933-node|24:20260714T084351Z-3271604|11:sqlite-full|16:sqlite-successor|72:com.foggyframework.dataset.db.model.semantic.SemanticQueryValidationTest	v934|8:surefire|4:unit|4:unit|72:com.foggyframework.dataset.db.model.semantic.SemanticQueryValidationTest	current-source-successor	same report owner retained under the reviewed v934 runner/variant split	foggy-dataset-model	v934-step1-independent-review
v934-map-c26cae1333b59fcaf639	1:1	1	1	SQLITE_FULL	v933-node|24:20260714T084351Z-3271604|11:sqlite-full|16:sqlite-successor|83:com.foggyframework.dataset.db.model.semantic.SemanticServiceV3MetadataLoadIssueTest	v934|8:surefire|4:unit|4:unit|83:com.foggyframework.dataset.db.model.semantic.SemanticServiceV3MetadataLoadIssueTest	current-source-successor	same report owner retained under the reviewed v934 runner/variant split	foggy-dataset-model	v934-step1-independent-review
v934-map-9ac86fff599f12c8da03	1:1	1	1	SQLITE_FULL	v933-node|24:20260714T084351Z-3271604|11:sqlite-full|16:sqlite-successor|86:com.foggyframework.dataset.db.model.semantic.SemanticServiceV3MultiModelGovernanceTest	v934|8:surefire|4:unit|4:unit|86:com.foggyframework.dataset.db.model.semantic.SemanticServiceV3MultiModelGovernanceTest	current-source-successor	same report owner retained under the reviewed v934 runner/variant split	foggy-dataset-model	v934-step1-independent-review
v934-map-7da3a092cb3c4e554bad	1:1	1	1	SQLITE_FULL	v933-node|24:20260714T084351Z-3271604|11:sqlite-full|16:sqlite-successor|91:com.foggyframework.dataset.db.model.semantic.SemanticServiceV3Test$MetadataFieldAccessTests	v934|8:surefire|4:unit|4:unit|91:com.foggyframework.dataset.db.model.semantic.SemanticServiceV3Test$MetadataFieldAccessTests	current-source-successor	same report owner retained under the reviewed v934 runner/variant split	foggy-dataset-model	v934-step1-independent-review
v934-map-74fdb3b6f27a77ed343f	1:1	1	1	SQLITE_FULL	v933-node|24:20260714T084351Z-3271604|11:sqlite-full|16:sqlite-successor|94:com.foggyframework.dataset.db.model.semantic.SemanticServiceV3Test$MetadataPhysicalTablesTests	v934|8:surefire|4:unit|4:unit|94:com.foggyframework.dataset.db.model.semantic.SemanticServiceV3Test$MetadataPhysicalTablesTests	current-source-successor	same report owner retained under the reviewed v934 runner/variant split	foggy-dataset-model	v934-step1-independent-review
v934-map-baf09849af24a157a778	1:1	1	1	SQLITE_FULL	v933-node|24:20260714T084351Z-3271604|11:sqlite-full|16:sqlite-successor|66:com.foggyframework.dataset.db.model.semantic.SemanticServiceV3Test	v934|8:surefire|4:unit|4:unit|66:com.foggyframework.dataset.db.model.semantic.SemanticServiceV3Test	current-source-successor	same report owner retained under the reviewed v934 runner/variant split	foggy-dataset-model	v934-step1-independent-review
v934-map-79544362c7faf63244cf	1:1	1	1	SQLITE_FULL	v933-node|24:20260714T084351Z-3271604|11:sqlite-full|16:sqlite-successor|76:com.foggyframework.dataset.db.model.semantic.SemanticSqlAcceptanceSampleTest	v934|8:surefire|4:unit|4:unit|76:com.foggyframework.dataset.db.model.semantic.SemanticSqlAcceptanceSampleTest	current-source-successor	same report owner retained under the reviewed v934 runner/variant split	foggy-dataset-model	v934-step1-independent-review
v934-map-cacd9a4673f06517a57b	1:1	1	1	SQLITE_FULL	v933-node|24:20260714T084351Z-3271604|11:sqlite-full|16:sqlite-successor|71:com.foggyframework.dataset.db.model.semantic.SemanticSqlToDslMapperTest	v934|8:surefire|4:unit|4:unit|71:com.foggyframework.dataset.db.model.semantic.SemanticSqlToDslMapperTest	current-source-successor	same report owner retained under the reviewed v934 runner/variant split	foggy-dataset-model	v934-step1-independent-review
v934-map-f416d4f90713ce68c617	1:1	1	1	SQLITE_FULL	v933-node|24:20260714T084351Z-3271604|11:sqlite-full|16:sqlite-successor|78:com.foggyframework.dataset.db.model.semantic.SemanticSqlWhitelistValidatorTest	v934|8:surefire|4:unit|4:unit|78:com.foggyframework.dataset.db.model.semantic.SemanticSqlWhitelistValidatorTest	current-source-successor	same report owner retained under the reviewed v934 runner/variant split	foggy-dataset-model	v934-step1-independent-review
v934-map-732e215c5dfddc9073a6	1:1	1	1	SQLITE_FULL	v933-node|24:20260714T084351Z-3271604|11:sqlite-full|16:sqlite-successor|81:com.foggyframework.dataset.db.model.semantic.SemanticTerminalAcceptanceSampleTest	v934|8:surefire|4:unit|4:unit|81:com.foggyframework.dataset.db.model.semantic.SemanticTerminalAcceptanceSampleTest	current-source-successor	same report owner retained under the reviewed v934 runner/variant split	foggy-dataset-model	v934-step1-independent-review
v934-map-e4ef4dd9196d8822e7d0	1:1	1	1	SQLITE_FULL	v933-node|24:20260714T084351Z-3271604|11:sqlite-full|16:sqlite-successor|69:com.foggyframework.dataset.db.model.semantic.SemanticTerminalPlanTest	v934|8:surefire|4:unit|4:unit|69:com.foggyframework.dataset.db.model.semantic.SemanticTerminalPlanTest	current-source-successor	same report owner retained under the reviewed v934 runner/variant split	foggy-dataset-model	v934-step1-independent-review
v934-map-da4a63980cdfca6ae360	1:1	1	1	SQLITE_FULL	v933-node|24:20260714T084351Z-3271604|11:sqlite-full|16:sqlite-successor|77:com.foggyframework.dataset.db.model.semantic.StrictBareDimensionRejectionTest	v934|8:surefire|4:unit|4:unit|77:com.foggyframework.dataset.db.model.semantic.StrictBareDimensionRejectionTest	current-source-successor	same report owner retained under the reviewed v934 runner/variant split	foggy-dataset-model	v934-step1-independent-review
v934-map-ecc465e19b280034b1a8	1:1	1	1	SQLITE_FULL	v933-node|24:20260714T084351Z-3271604|11:sqlite-full|16:sqlite-successor|79:com.foggyframework.dataset.db.model.semantic.TimeWindowExecutionIntegrationTest	v934|8:failsafe|24:sqlite-broad-integration|12:sqlite-broad|79:com.foggyframework.dataset.db.model.semantic.TimeWindowExecutionIntegrationTest	current-source-successor	same report owner retained under the reviewed v934 runner/variant split	foggy-dataset-model	v934-step1-independent-review
v934-map-2912e3312f40e0790b17	1:1	1	1	SQLITE_FULL	v933-node|24:20260714T084351Z-3271604|11:sqlite-full|16:sqlite-successor|83:com.foggyframework.dataset.db.model.semantic.controller.NativeDatasetControllerTest	v934|8:surefire|4:unit|4:unit|83:com.foggyframework.dataset.db.model.semantic.controller.NativeDatasetControllerTest	current-source-successor	same report owner retained under the reviewed v934 runner/variant split	foggy-dataset-model	v934-step1-independent-review
v934-map-26cbbe0e0f8a5b868c83	1:1	1	1	SQLITE_FULL	v933-node|24:20260714T084351Z-3271604|11:sqlite-full|16:sqlite-successor|90:com.foggyframework.dataset.db.model.semantic.controller.PivotOuterCacheAdminControllerTest	v934|8:surefire|4:unit|4:unit|90:com.foggyframework.dataset.db.model.semantic.controller.PivotOuterCacheAdminControllerTest	current-source-successor	same report owner retained under the reviewed v934 runner/variant split	foggy-dataset-model	v934-step1-independent-review
v934-map-d39228cd5e81d549984f	1:1	1	1	SQLITE_FULL	v933-node|24:20260714T084351Z-3271604|11:sqlite-full|16:sqlite-successor|100:com.foggyframework.dataset.db.model.semantic.controller.SemanticServiceV3TestControllerIsolationTest	v934|8:surefire|4:unit|4:unit|100:com.foggyframework.dataset.db.model.semantic.controller.SemanticServiceV3TestControllerIsolationTest	current-source-successor	same report owner retained under the reviewed v934 runner/variant split	foggy-dataset-model	v934-step1-independent-review
v934-map-ceeba434126ceb1e69b3	1:1	1	1	SQLITE_FULL	v933-node|24:20260714T084351Z-3271604|11:sqlite-full|16:sqlite-successor|80:com.foggyframework.dataset.db.model.semantic.domain.SemanticOrderByShorthandTest	v934|8:surefire|4:unit|4:unit|80:com.foggyframework.dataset.db.model.semantic.domain.SemanticOrderByShorthandTest	current-source-successor	same report owner retained under the reviewed v934 runner/variant split	foggy-dataset-model	v934-step1-independent-review
v934-map-9bd880164ce01c8373cf	1:1	1	1	SQLITE_FULL	v933-node|24:20260714T084351Z-3271604|11:sqlite-full|16:sqlite-successor|78:com.foggyframework.dataset.db.model.semantic.domain.SemanticRequestContextTest	v934|8:surefire|4:unit|4:unit|78:com.foggyframework.dataset.db.model.semantic.domain.SemanticRequestContextTest	current-source-successor	same report owner retained under the reviewed v934 runner/variant split	foggy-dataset-model	v934-step1-independent-review
v934-map-f4d4265068961ea904c4	1:1	1	1	SQLITE_FULL	v933-node|24:20260714T084351Z-3271604|11:sqlite-full|16:sqlite-successor|98:com.foggyframework.dataset.db.model.semantic.domain.pivot.PivotMetricItemTest$DeserializationTests	v934|8:surefire|4:unit|4:unit|98:com.foggyframework.dataset.db.model.semantic.domain.pivot.PivotMetricItemTest$DeserializationTests	current-source-successor	same report owner retained under the reviewed v934 runner/variant split	foggy-dataset-model	v934-step1-independent-review
v934-map-09eb015e9538fa1777af	1:1	1	1	SQLITE_FULL	v933-node|24:20260714T084351Z-3271604|11:sqlite-full|16:sqlite-successor|93:com.foggyframework.dataset.db.model.semantic.domain.pivot.PivotMetricItemTest$ValidationTests	v934|8:surefire|4:unit|4:unit|93:com.foggyframework.dataset.db.model.semantic.domain.pivot.PivotMetricItemTest$ValidationTests	current-source-successor	same report owner retained under the reviewed v934 runner/variant split	foggy-dataset-model	v934-step1-independent-review
v934-map-fef0d9231719d4c507b4	1:1	1	1	SQLITE_FULL	v933-node|24:20260714T084351Z-3271604|11:sqlite-full|16:sqlite-successor|77:com.foggyframework.dataset.db.model.semantic.domain.pivot.PivotMetricItemTest	v934|8:surefire|4:unit|4:unit|77:com.foggyframework.dataset.db.model.semantic.domain.pivot.PivotMetricItemTest	current-source-successor	same report owner retained under the reviewed v934 runner/variant split	foggy-dataset-model	v934-step1-independent-review
v934-map-a0da3d79c9e845574f99	1:1	1	1	SQLITE_FULL	v933-node|24:20260714T084351Z-3271604|11:sqlite-full|16:sqlite-successor|90:com.foggyframework.dataset.db.model.semantic.member.SyntheticMemberQueryModelLifecycleTest	v934|8:surefire|4:unit|4:unit|90:com.foggyframework.dataset.db.model.semantic.member.SyntheticMemberQueryModelLifecycleTest	current-source-successor	same report owner retained under the reviewed v934 runner/variant split	foggy-dataset-model	v934-step1-independent-review
v934-map-f56e4df868d0f88f68d0	1:1	1	1	SQLITE_FULL	v933-node|24:20260714T084351Z-3271604|11:sqlite-full|16:sqlite-successor|89:com.foggyframework.dataset.db.model.semantic.member.SyntheticMemberQueryModelResolverTest	v934|8:surefire|4:unit|4:unit|89:com.foggyframework.dataset.db.model.semantic.member.SyntheticMemberQueryModelResolverTest	current-source-successor	same report owner retained under the reviewed v934 runner/variant split	foggy-dataset-model	v934-step1-independent-review
v934-map-97b42b0bfd3f2b3d99b9	1:1	1	1	SQLITE_FULL	v933-node|24:20260714T084351Z-3271604|11:sqlite-full|16:sqlite-successor|88:com.foggyframework.dataset.db.model.semantic.member.SyntheticMemberQueryModelRuntimeTest	v934|8:surefire|4:unit|4:unit|88:com.foggyframework.dataset.db.model.semantic.member.SyntheticMemberQueryModelRuntimeTest	current-source-successor	same report owner retained under the reviewed v934 runner/variant split	foggy-dataset-model	v934-step1-independent-review
v934-map-abf02e3466e3159cfd96	1:1	1	1	SQLITE_FULL	v933-node|24:20260714T084351Z-3271604|11:sqlite-full|16:sqlite-successor|99:com.foggyframework.dataset.db.model.semantic.member.permission.SyntheticMemberInternalPatchStepTest	v934|8:surefire|4:unit|4:unit|99:com.foggyframework.dataset.db.model.semantic.member.permission.SyntheticMemberInternalPatchStepTest	current-source-successor	same report owner retained under the reviewed v934 runner/variant split	foggy-dataset-model	v934-step1-independent-review
v934-map-c10197459874dff75262	1:1	1	1	SQLITE_FULL	v933-node|24:20260714T084351Z-3271604|11:sqlite-full|16:sqlite-successor|115:com.foggyframework.dataset.db.model.semantic.member.permission.SyntheticMemberPermissionIntegrationTest$LoaderTests	v934|8:failsafe|24:sqlite-broad-integration|12:sqlite-broad|115:com.foggyframework.dataset.db.model.semantic.member.permission.SyntheticMemberPermissionIntegrationTest$LoaderTests	current-source-successor	same report owner retained under the reviewed v934 runner/variant split	foggy-dataset-model	v934-step1-independent-review
v934-map-c99aa2af490e581748a3	1:1	1	1	SQLITE_FULL	v933-node|24:20260714T084351Z-3271604|11:sqlite-full|16:sqlite-successor|121:com.foggyframework.dataset.db.model.semantic.member.permission.SyntheticMemberPermissionIntegrationTest$MergeRuleE2ETests	v934|8:failsafe|24:sqlite-broad-integration|12:sqlite-broad|121:com.foggyframework.dataset.db.model.semantic.member.permission.SyntheticMemberPermissionIntegrationTest$MergeRuleE2ETests	current-source-successor	same report owner retained under the reviewed v934 runner/variant split	foggy-dataset-model	v934-step1-independent-review
v934-map-fbb9c610b9cd4f154803	1:1	1	1	SQLITE_FULL	v933-node|24:20260714T084351Z-3271604|11:sqlite-full|16:sqlite-successor|120:com.foggyframework.dataset.db.model.semantic.member.permission.SyntheticMemberPermissionIntegrationTest$QueryFacadeTests	v934|8:failsafe|24:sqlite-broad-integration|12:sqlite-broad|120:com.foggyframework.dataset.db.model.semantic.member.permission.SyntheticMemberPermissionIntegrationTest$QueryFacadeTests	current-source-successor	same report owner retained under the reviewed v934 runner/variant split	foggy-dataset-model	v934-step1-independent-review
v934-map-f3214f255efab3813fe9	1:1	1	1	SQLITE_FULL	v933-node|24:20260714T084351Z-3271604|11:sqlite-full|16:sqlite-successor|117:com.foggyframework.dataset.db.model.semantic.member.permission.SyntheticMemberPermissionIntegrationTest$RealDataTests	v934|8:failsafe|24:sqlite-broad-integration|12:sqlite-broad|117:com.foggyframework.dataset.db.model.semantic.member.permission.SyntheticMemberPermissionIntegrationTest$RealDataTests	current-source-successor	same report owner retained under the reviewed v934 runner/variant split	foggy-dataset-model	v934-step1-independent-review
v934-map-da191f5baf2812b86042	1:1	1	1	SQLITE_FULL	v933-node|24:20260714T084351Z-3271604|11:sqlite-full|16:sqlite-successor|103:com.foggyframework.dataset.db.model.semantic.member.permission.SyntheticMemberPermissionIntegrationTest	v934|8:failsafe|24:sqlite-broad-integration|12:sqlite-broad|103:com.foggyframework.dataset.db.model.semantic.member.permission.SyntheticMemberPermissionIntegrationTest	current-source-successor	same report owner retained under the reviewed v934 runner/variant split	foggy-dataset-model	v934-step1-independent-review
v934-map-188d1e703281c36dc520	1:1	1	1	SQLITE_FULL	v933-node|24:20260714T084351Z-3271604|11:sqlite-full|16:sqlite-successor|100:com.foggyframework.dataset.db.model.semantic.member.permission.SyntheticMemberPermissionResolverTest	v934|8:surefire|4:unit|4:unit|100:com.foggyframework.dataset.db.model.semantic.member.permission.SyntheticMemberPermissionResolverTest	current-source-successor	same report owner retained under the reviewed v934 runner/variant split	foggy-dataset-model	v934-step1-independent-review
v934-map-234edee3c21b156260be	1:1	1	1	SQLITE_FULL	v933-node|24:20260714T084351Z-3271604|11:sqlite-full|16:sqlite-successor|83:com.foggyframework.dataset.db.model.semantic.permission.FieldPermissionResolverTest	v934|8:surefire|4:unit|4:unit|83:com.foggyframework.dataset.db.model.semantic.permission.FieldPermissionResolverTest	current-source-successor	same report owner retained under the reviewed v934 runner/variant split	foggy-dataset-model	v934-step1-independent-review
v934-map-567c73c9713e38df96e7	1:1	1	1	SQLITE_FULL	v933-node|24:20260714T084351Z-3271604|11:sqlite-full|16:sqlite-successor|84:com.foggyframework.dataset.db.model.semantic.service.SemanticModelCatalogServiceTest	v934|8:surefire|4:unit|4:unit|84:com.foggyframework.dataset.db.model.semantic.service.SemanticModelCatalogServiceTest	current-source-successor	same report owner retained under the reviewed v934 runner/variant split	foggy-dataset-model	v934-step1-independent-review
v934-map-3aaaaf63d78b6f942f57	1:1	1	1	SQLITE_FULL	v933-node|24:20260714T084351Z-3271604|11:sqlite-full|16:sqlite-successor|92:com.foggyframework.dataset.db.model.semantic.service.impl.DictionaryDiscoveryServiceImplTest	v934|8:surefire|4:unit|4:unit|92:com.foggyframework.dataset.db.model.semantic.service.impl.DictionaryDiscoveryServiceImplTest	current-source-successor	same report owner retained under the reviewed v934 runner/variant split	foggy-dataset-model	v934-step1-independent-review
v934-map-77bb018282246994bcd9	1:1	1	1	SQLITE_FULL	v933-node|24:20260714T084351Z-3271604|11:sqlite-full|16:sqlite-successor|101:com.foggyframework.dataset.db.model.semantic.service.impl.SemanticQueryServiceV3ImplRawSqlRoutingTest	v934|8:surefire|4:unit|4:unit|101:com.foggyframework.dataset.db.model.semantic.service.impl.SemanticQueryServiceV3ImplRawSqlRoutingTest	current-source-successor	same report owner retained under the reviewed v934 runner/variant split	foggy-dataset-model	v934-step1-independent-review
v934-map-7a86aca5a5807c00ba7b	1:1	1	1	SQLITE_FULL	v933-node|24:20260714T084351Z-3271604|11:sqlite-full|16:sqlite-successor|78:com.foggyframework.dataset.db.model.semantic.support.DslCteAssemblySupportTest	v934|8:surefire|4:unit|4:unit|78:com.foggyframework.dataset.db.model.semantic.support.DslCteAssemblySupportTest	current-source-successor	same report owner retained under the reviewed v934 runner/variant split	foggy-dataset-model	v934-step1-independent-review
v934-map-6999121078518310ff08	1:1	1	1	SQLITE_FULL	v933-node|24:20260714T084351Z-3271604|11:sqlite-full|16:sqlite-successor|85:com.foggyframework.dataset.db.model.semantic.support.DslCtePlannerContractAdapterTest	v934|8:surefire|4:unit|4:unit|85:com.foggyframework.dataset.db.model.semantic.support.DslCtePlannerContractAdapterTest	current-source-successor	same report owner retained under the reviewed v934 runner/variant split	foggy-dataset-model	v934-step1-independent-review
v934-map-ccd3d6ea38f522ee98c4	1:1	1	1	SQLITE_FULL	v933-node|24:20260714T084351Z-3271604|11:sqlite-full|16:sqlite-successor|78:com.foggyframework.dataset.db.model.semantic.support.DslCtePlanningServiceTest	v934|8:surefire|4:unit|4:unit|78:com.foggyframework.dataset.db.model.semantic.support.DslCtePlanningServiceTest	current-source-successor	same report owner retained under the reviewed v934 runner/variant split	foggy-dataset-model	v934-step1-independent-review
v934-map-6f133a941d83c45b0f30	1:1	1	1	SQLITE_FULL	v933-node|24:20260714T084351Z-3271604|11:sqlite-full|16:sqlite-successor|89:com.foggyframework.dataset.db.model.semantic.support.RelationResultExpressionCompilerTest	v934|8:surefire|4:unit|4:unit|89:com.foggyframework.dataset.db.model.semantic.support.RelationResultExpressionCompilerTest	current-source-successor	same report owner retained under the reviewed v934 runner/variant split	foggy-dataset-model	v934-step1-independent-review
v934-map-41e68bd2f72c8777cc69	1:1	1	1	SQLITE_FULL	v933-node|24:20260714T084351Z-3271604|11:sqlite-full|16:sqlite-successor|83:com.foggyframework.dataset.db.model.semantic.support.SemanticQueryPayloadMapperTest	v934|8:surefire|4:unit|4:unit|83:com.foggyframework.dataset.db.model.semantic.support.SemanticQueryPayloadMapperTest	current-source-successor	same report owner retained under the reviewed v934 runner/variant split	foggy-dataset-model	v934-step1-independent-review
v934-map-b4b89253c995147cb7a9	1:1	1	1	SQLITE_FULL	v933-node|24:20260714T084351Z-3271604|11:sqlite-full|16:sqlite-successor|82:com.foggyframework.dataset.db.model.semantic.support.SemanticRequestNormalizerTest	v934|8:surefire|4:unit|4:unit|82:com.foggyframework.dataset.db.model.semantic.support.SemanticRequestNormalizerTest	current-source-successor	same report owner retained under the reviewed v934 runner/variant split	foggy-dataset-model	v934-step1-independent-review
v934-map-3b956782adb7d76f4387	1:1	1	1	SQLITE_FULL	v933-node|24:20260714T084351Z-3271604|11:sqlite-full|16:sqlite-successor|82:com.foggyframework.dataset.db.model.semantic.util.CaseInsensitiveFieldResolverTest	v934|8:surefire|4:unit|4:unit|82:com.foggyframework.dataset.db.model.semantic.util.CaseInsensitiveFieldResolverTest	current-source-successor	same report owner retained under the reviewed v934 runner/variant split	foggy-dataset-model	v934-step1-independent-review
v934-map-f4d30f138cde949c5633	1:1	1	1	SQLITE_FULL	v933-node|24:20260714T084351Z-3271604|11:sqlite-full|16:sqlite-successor|63:com.foggyframework.dataset.db.model.service.QueryFacadeImplTest	v934|8:surefire|4:unit|4:unit|63:com.foggyframework.dataset.db.model.service.QueryFacadeImplTest	current-source-successor	same report owner retained under the reviewed v934 runner/variant split	foggy-dataset-model	v934-step1-independent-review
v934-map-534ca3dbe3744c67e4d3	1:1	1	1	SQLITE_FULL	v933-node|24:20260714T084351Z-3271604|11:sqlite-full|16:sqlite-successor|62:com.foggyframework.dataset.db.model.spi.QueryCacheProviderTest	v934|8:surefire|4:unit|4:unit|62:com.foggyframework.dataset.db.model.spi.QueryCacheProviderTest	current-source-successor	same report owner retained under the reviewed v934 runner/variant split	foggy-dataset-model	v934-step1-independent-review
v934-map-6ef4ccb6fa1a0c140d4b	1:1	1	1	WATCHER_SOURCE_MANAGEMENT	v933-node|24:20260714T084351Z-3271604|25:watcher-source-management|4:unit|60:com.foggyframework.bundle.dynamic.DynamicBundleLifecycleTest	v934|8:surefire|4:unit|4:unit|60:com.foggyframework.bundle.dynamic.DynamicBundleLifecycleTest	current-source-successor	same report owner retained under the reviewed v934 runner/variant split	foggy-fsscript	v934-step1-independent-review
v934-map-8355032224e473368fa7	1:1	1	1	WATCHER_SOURCE_MANAGEMENT	v933-node|24:20260714T084351Z-3271604|25:watcher-source-management|4:unit|61:com.foggyframework.bundle.dynamic.DynamicBundleManagementTest	v934|8:surefire|4:unit|4:unit|61:com.foggyframework.bundle.dynamic.DynamicBundleManagementTest	current-source-successor	same report owner retained under the reviewed v934 runner/variant split	foggy-fsscript	v934-step1-independent-review
v934-map-5c7de5883de8badf7fd9	1:1	1	1	WATCHER_SOURCE_MANAGEMENT	v933-node|24:20260714T084351Z-3271604|25:watcher-source-management|4:unit|61:com.foggyframework.core.utils.file.WatchServiceFileTracerTest	v934|8:surefire|4:unit|4:unit|61:com.foggyframework.core.utils.file.WatchServiceFileTracerTest	current-source-successor	same report owner retained under the reviewed v934 runner/variant split	foggy-core	v934-step1-independent-review
v934-map-023c77ae304689eae69b	1:1	1	1	WATCHER_SOURCE_MANAGEMENT	v933-node|24:20260714T084351Z-3271604|25:watcher-source-management|4:unit|74:com.foggyframework.fsscript.loadder.FsscriptFileChangeHandlerAuthorityTest	v934|8:surefire|4:unit|4:unit|74:com.foggyframework.fsscript.loadder.FsscriptFileChangeHandlerAuthorityTest	current-source-successor	same report owner retained under the reviewed v934 runner/variant split	foggy-fsscript	v934-step1-independent-review
v934-map-8cf7499a8ec518d5aa8d	1:1	1	1	REAL_QUERY	v933-node|24:20260714T084351Z-3271604|14:cache-caffeine|15:caffeine-sqlite|92:com.foggyframework.dataset.db.model.cache.lifecycle.realquery.QueryCacheLifecycleRealQueryIT	v934|8:failsafe|24:sqlite-broad-integration|15:caffeine-sqlite|92:com.foggyframework.dataset.db.model.cache.lifecycle.realquery.QueryCacheLifecycleRealQueryIT	current-source-successor	same report owner retained under the reviewed v934 runner/variant split	addons/foggy-dataset-model-cache	v934-step1-independent-review
v934-map-f875fb35c09535306372	1:1	1	1	REAL_QUERY	v933-node|24:20260714T084351Z-3271604|11:cache-redis|13:redis7-sqlite|92:com.foggyframework.dataset.db.model.cache.lifecycle.realquery.QueryCacheLifecycleRealQueryIT	v934|8:failsafe|14:external-redis|13:redis7-sqlite|92:com.foggyframework.dataset.db.model.cache.lifecycle.realquery.QueryCacheLifecycleRealQueryIT	current-source-successor	same report owner retained under the reviewed v934 runner/variant split	addons/foggy-dataset-model-cache	v934-step1-independent-review
v934-map-01babc1f27b1477b91cd	1:1	1	1	REAL_QUERY	v933-node|24:20260714T084351Z-3271604|16:database-mysql57|10:db-mysql57|91:com.foggyframework.dataset.db.model.lifecycle.realquery.RequiredDatabaseQueryFacadeParityIT	v934|8:failsafe|24:database-contract-matrix|10:db-mysql57|91:com.foggyframework.dataset.db.model.lifecycle.realquery.RequiredDatabaseQueryFacadeParityIT	current-source-successor	same report owner retained under the reviewed v934 runner/variant split	foggy-dataset-model	v934-step1-independent-review
v934-map-885bba01a3cca1705d93	1:1	1	1	REAL_QUERY	v933-node|24:20260714T084351Z-3271604|19:database-postgres15|13:db-postgres15|91:com.foggyframework.dataset.db.model.lifecycle.realquery.RequiredDatabaseQueryFacadeParityIT	v934|8:failsafe|24:database-contract-matrix|13:db-postgres15|91:com.foggyframework.dataset.db.model.lifecycle.realquery.RequiredDatabaseQueryFacadeParityIT	current-source-successor	same report owner retained under the reviewed v934 runner/variant split	foggy-dataset-model	v934-step1-independent-review
v934-map-432fe9a570a15b2007b5	1:1	1	1	REAL_QUERY	v933-node|24:20260714T084351Z-3271604|15:database-sqlite|9:db-sqlite|91:com.foggyframework.dataset.db.model.lifecycle.realquery.RequiredDatabaseQueryFacadeParityIT	v934|8:failsafe|24:database-contract-matrix|9:db-sqlite|91:com.foggyframework.dataset.db.model.lifecycle.realquery.RequiredDatabaseQueryFacadeParityIT	current-source-successor	same report owner retained under the reviewed v934 runner/variant split	foggy-dataset-model	v934-step1-independent-review
v934-map-69c7f9beeda4bee9c0ea	1:1	1	1	REAL_QUERY	v933-node|24:20260714T084351Z-3271604|22:model-lifecycle-sqlite|16:sqlite-lifecycle|81:com.foggyframework.dataset.db.model.lifecycle.realquery.ModelLifecycleRealQueryIT	v934|8:failsafe|24:sqlite-broad-integration|16:sqlite-lifecycle|81:com.foggyframework.dataset.db.model.lifecycle.realquery.ModelLifecycleRealQueryIT	current-source-successor	same report owner retained under the reviewed v934 runner/variant split	foggy-dataset-model	v934-step1-independent-review
