predecessor_node	criterion	historical_lane	variant_key	report_fqcn	raw_report_sha256	authority_run_id
v933-node|24:20260714T084351Z-3271604|10:api-compat|4:unit|71:com.foggyframework.runtime.api.RuntimeCapabilitiesControllerEnabledTest	API_COMPAT	api-compat	unit	com.foggyframework.runtime.api.RuntimeCapabilitiesControllerEnabledTest	227877d5ef5da42b0eb55abb0a222698c9b18876f36bbf7a162f8fc55904de86	20260714T084351Z-3271604
v933-node|24:20260714T084351Z-3271604|10:api-compat|4:unit|82:com.foggyframework.runtime.api.controller.RuntimeModelsControllerCompatibilityTest	API_COMPAT	api-compat	unit	com.foggyframework.runtime.api.controller.RuntimeModelsControllerCompatibilityTest	7a5781edeb4be4ea36e1b63a0f8acc952852d12fb44e042760ccc150295000b7	20260714T084351Z-3271604
v933-node|24:20260714T084351Z-3271604|10:api-compat|4:unit|66:com.foggyframework.runtime.api.dto.RuntimeLifecycleDtoContractTest	API_COMPAT	api-compat	unit	com.foggyframework.runtime.api.dto.RuntimeLifecycleDtoContractTest	8ecf4968cfced5063e1c80d1e68b06a591a5952454225353156a1dcea9e2d1b7	20260714T084351Z-3271604
v933-node|24:20260714T084351Z-3271604|10:api-compat|4:unit|69:com.foggyframework.runtime.api.dto.RuntimeLifecycleSafetyContractTest	API_COMPAT	api-compat	unit	com.foggyframework.runtime.api.dto.RuntimeLifecycleSafetyContractTest	cbc6b6a5939d47d247bbdf66f79aab2f3c262213b8c808ad612ffbd37f77c041	20260714T084351Z-3271604
v933-node|24:20260714T084351Z-3271604|10:api-compat|4:unit|64:com.foggyframework.runtime.api.dto.RuntimeLifecycleSanitizerTest	API_COMPAT	api-compat	unit	com.foggyframework.runtime.api.dto.RuntimeLifecycleSanitizerTest	975b943e476d1ae477343f7bf7d52d5fd68b5267c2510d892b73f8478b33d93b	20260714T084351Z-3271604
v933-node|24:20260714T084351Z-3271604|10:api-compat|4:unit|71:com.foggyframework.runtime.api.service.RuntimeLifecycleErrorMappingTest	API_COMPAT	api-compat	unit	com.foggyframework.runtime.api.service.RuntimeLifecycleErrorMappingTest	dfd875f4993b1d464995d57de9ac567a7e918424ca64d650ac8e85f1fe593f16	20260714T084351Z-3271604
v933-node|24:20260714T084351Z-3271604|19:autoconfig-launcher|4:unit|84:com.foggyframework.dataset.db.model.config.GlobalNamespaceFallbackRiskDiagnosticTest	AUTOCONFIG_LAUNCHER	autoconfig-launcher	unit	com.foggyframework.dataset.db.model.config.GlobalNamespaceFallbackRiskDiagnosticTest	23892d06198207713b7d426527c86775d266eedbb6b00657f3ab6549e7ff190d	20260714T084351Z-3271604
v933-node|24:20260714T084351Z-3271604|19:autoconfig-launcher|4:unit|68:com.foggyframework.dataset.graphql.GraphqlAddonAutoConfigurationTest	AUTOCONFIG_LAUNCHER	autoconfig-launcher	unit	com.foggyframework.dataset.graphql.GraphqlAddonAutoConfigurationTest	e7324e29ae5307416086212a03ab4cd3729e0ebca0693b06631e39529b497541	20260714T084351Z-3271604
v933-node|24:20260714T084351Z-3271604|19:autoconfig-launcher|4:unit|78:com.foggyframework.dataset.mcp.storage.cloud.CloudStorageAutoConfigurationTest	AUTOCONFIG_LAUNCHER	autoconfig-launcher	unit	com.foggyframework.dataset.mcp.storage.cloud.CloudStorageAutoConfigurationTest	9728e2db82e0f25364713194e27b4c783f1c448802c69889a1f039b43f2f31c9	20260714T084351Z-3271604
v933-node|24:20260714T084351Z-3271604|19:autoconfig-launcher|4:unit|75:com.foggyframework.dataviewer.config.DataViewerAutoConfigurationContextTest	AUTOCONFIG_LAUNCHER	autoconfig-launcher	unit	com.foggyframework.dataviewer.config.DataViewerAutoConfigurationContextTest	a98b175d64ce0e88397c62929787d894c786be20291eebeaecc640471f80038c	20260714T084351Z-3271604
v933-node|24:20260714T084351Z-3271604|19:autoconfig-launcher|4:unit|64:io.foggytest.autoconfigure.AutoConfigurationBoundaryContractTest	AUTOCONFIG_LAUNCHER	autoconfig-launcher	unit	io.foggytest.autoconfigure.AutoConfigurationBoundaryContractTest	4810acca5669bec3f0b5ed8e62a75d12da1a6203f9a05e1558a6e0f44c61da52	20260714T084351Z-3271604
v933-node|24:20260714T084351Z-3271604|19:autoconfig-launcher|4:unit|70:io.foggytest.autoconfigure.AutoConfigurationRegistrationUniquenessTest	AUTOCONFIG_LAUNCHER	autoconfig-launcher	unit	io.foggytest.autoconfigure.AutoConfigurationRegistrationUniquenessTest	24ec02d98a0e56929eb8f8e57571ad152361b32992230d41480d803860ded555	20260714T084351Z-3271604
v933-node|24:20260714T084351Z-3271604|19:autoconfig-launcher|4:unit|65:io.foggytest.autoconfigure.FullAddonAutoConfigurationAssemblyTest	AUTOCONFIG_LAUNCHER	autoconfig-launcher	unit	io.foggytest.autoconfigure.FullAddonAutoConfigurationAssemblyTest	cdd4da5c7ef71a8f594d61de9618670370c81c476442b7efbb4f9133ab39d1e9	20260714T084351Z-3271604
v933-node|24:20260714T084351Z-3271604|19:autoconfig-launcher|4:unit|71:io.foggytest.autoconfigure.OutsidePackageCoreAutoConfigurationSmokeTest	AUTOCONFIG_LAUNCHER	autoconfig-launcher	unit	io.foggytest.autoconfigure.OutsidePackageCoreAutoConfigurationSmokeTest	65ffcc814a5b2cb7517777c4dd53fa373ae1b1e23abcd1d22f2f1f2707474742	20260714T084351Z-3271604
v933-node|24:20260714T084351Z-3271604|19:autoconfig-launcher|4:unit|71:io.foggytest.autoconfigure.cache.QueryCacheAutoConfigurationContextTest	AUTOCONFIG_LAUNCHER	autoconfig-launcher	unit	io.foggytest.autoconfigure.cache.QueryCacheAutoConfigurationContextTest	d695d037b7da44881db45f262719bbfed21b53534a71e84c830aeb8f5f3839c9	20260714T084351Z-3271604
v933-node|24:20260714T084351Z-3271604|19:autoconfig-launcher|4:unit|77:io.foggytest.autoconfigure.modelmongo.MongoModelAutoConfigurationContractTest	AUTOCONFIG_LAUNCHER	autoconfig-launcher	unit	io.foggytest.autoconfigure.modelmongo.MongoModelAutoConfigurationContractTest	1f4588cdf4eb26595b659a607ba7c89332eba03285ccbb6c2d5eb45bc3c3e520	20260714T084351Z-3271604
v933-node|24:20260714T084351Z-3271604|19:autoconfig-launcher|4:unit|79:io.foggytest.autoconfigure.modelvector.VectorModelAutoConfigurationContractTest	AUTOCONFIG_LAUNCHER	autoconfig-launcher	unit	io.foggytest.autoconfigure.modelvector.VectorModelAutoConfigurationContractTest	1ae1a026007315b527b46520afdc161d51b631016587454e29faa6994b9d62e9	20260714T084351Z-3271604
v933-node|24:20260714T084351Z-3271604|19:autoconfig-launcher|4:unit|73:io.foggytest.autoconfigure.mongo.DataSetMongoAutoConfigurationContextTest	AUTOCONFIG_LAUNCHER	autoconfig-launcher	unit	io.foggytest.autoconfigure.mongo.DataSetMongoAutoConfigurationContextTest	07daa18064787e5790151f9028ed8fd26040796aa89d6f4a6bd194a35d5cbdf5	20260714T084351Z-3271604
v933-node|24:20260714T084351Z-3271604|19:autoconfig-launcher|4:unit|75:io.foggytest.autoconfigure.vector.DataSetVectorAutoConfigurationContextTest	AUTOCONFIG_LAUNCHER	autoconfig-launcher	unit	io.foggytest.autoconfigure.vector.DataSetVectorAutoConfigurationContextTest	8e172760a998bb6e2749eee4ce042fbbc42224e3365e411ac36071e5fe23b572	20260714T084351Z-3271604
v933-node|24:20260714T084351Z-3271604|19:autoconfig-launcher|4:unit|60:io.foggytest.launcher.LauncherDefaultRouteIsolationSmokeTest	AUTOCONFIG_LAUNCHER	autoconfig-launcher	unit	io.foggytest.launcher.LauncherDefaultRouteIsolationSmokeTest	2d4684bbdc038917462022e3cfafc68e68a314f841d81b1b0b0c0dfa9da6020a	20260714T084351Z-3271604
v933-node|24:20260714T084351Z-3271604|19:autoconfig-launcher|4:unit|57:io.foggytest.launcher.LauncherExplicitTestRoutesSmokeTest	AUTOCONFIG_LAUNCHER	autoconfig-launcher	unit	io.foggytest.launcher.LauncherExplicitTestRoutesSmokeTest	c33c999c52cdbd7902278d491a4a7552b308e867bb65e834b0d5a5f89045ff6c	20260714T084351Z-3271604
v933-node|24:20260714T084351Z-3271604|24:binding-publication-lock|4:unit|76:com.foggyframework.runtime.api.service.RuntimeDatasourceBindingLifecycleTest	BINDING_PUBLICATION_LOCK	binding-publication-lock	unit	com.foggyframework.runtime.api.service.RuntimeDatasourceBindingLifecycleTest	c7b4dde4fec5f9670be82c0ac1aca4a4f1f68c01301a9f1768afc97054e2b19a	20260714T084351Z-3271604
v933-node|24:20260714T084351Z-3271604|24:binding-publication-lock|4:unit|80:com.foggyframework.runtime.api.service.RuntimeNamedDataSourceResolverBindingTest	BINDING_PUBLICATION_LOCK	binding-publication-lock	unit	com.foggyframework.runtime.api.service.RuntimeNamedDataSourceResolverBindingTest	8045475b9f6e2642811debdbc504ee321a38ea75815dce161851cc4db67cef5c	20260714T084351Z-3271604
v933-node|24:20260714T084351Z-3271604|14:isolation-main|14:unit-or-sqlite|81:com.foggyframework.dataset.db.model.cache.fingerprint.QueryFingerprintBuilderTest	ISOLATION_MAIN	isolation-main	unit-or-sqlite	com.foggyframework.dataset.db.model.cache.fingerprint.QueryFingerprintBuilderTest	8706ffed9cdb53d8c1348ab95b7238f8427f6f4730a01a2448314d9356a277a9	20260714T084351Z-3271604
v933-node|24:20260714T084351Z-3271604|14:isolation-main|14:unit-or-sqlite|74:com.foggyframework.dataset.db.model.cache.fingerprint.QueryFingerprintTest	ISOLATION_MAIN	isolation-main	unit-or-sqlite	com.foggyframework.dataset.db.model.cache.fingerprint.QueryFingerprintTest	bad69e84f0ebef189b4222e5ab84e549ae370b619bbae7e16c73eb18463bbf9d	20260714T084351Z-3271604
v933-node|24:20260714T084351Z-3271604|14:isolation-main|14:unit-or-sqlite|80:com.foggyframework.dataset.db.model.cache.fingerprint.StableCanonicalEncoderTest	ISOLATION_MAIN	isolation-main	unit-or-sqlite	com.foggyframework.dataset.db.model.cache.fingerprint.StableCanonicalEncoderTest	567e467ffd5563f05135b7fb783cd359b9c6208dcff7d65fe013fe642c7e15ba	20260714T084351Z-3271604
v933-node|24:20260714T084351Z-3271604|14:isolation-main|14:unit-or-sqlite|111:com.foggyframework.dataset.db.model.cache.provider.CaffeineQueryCacheProviderDataSourceIsolationIntegrationTest	ISOLATION_MAIN	isolation-main	unit-or-sqlite	com.foggyframework.dataset.db.model.cache.provider.CaffeineQueryCacheProviderDataSourceIsolationIntegrationTest	19401fcb9bbe0fc721194fffcedf97c97fa5565e028aa5381e7931cbcb85c5f7	20260714T084351Z-3271604
v933-node|24:20260714T084351Z-3271604|14:isolation-main|14:unit-or-sqlite|81:com.foggyframework.dataset.db.model.cache.provider.CaffeineQueryCacheProviderTest	ISOLATION_MAIN	isolation-main	unit-or-sqlite	com.foggyframework.dataset.db.model.cache.provider.CaffeineQueryCacheProviderTest	a9444ff2f55218a01e21a792c5b49d077491fdc6a1e3f6ddfe6cac1a20fa7494	20260714T084351Z-3271604
v933-node|24:20260714T084351Z-3271604|14:isolation-main|14:unit-or-sqlite|78:com.foggyframework.dataset.db.model.cache.provider.RedisQueryCacheProviderTest	ISOLATION_MAIN	isolation-main	unit-or-sqlite	com.foggyframework.dataset.db.model.cache.provider.RedisQueryCacheProviderTest	f13284da9e0aa37abfeca7910d7ac258db20c741abb74c07a2ff8b871796f381	20260714T084351Z-3271604
v933-node|24:20260714T084351Z-3271604|14:isolation-main|14:unit-or-sqlite|71:com.foggyframework.dataset.db.model.config.DbModelAutoConfigurationTest	ISOLATION_MAIN	isolation-main	unit-or-sqlite	com.foggyframework.dataset.db.model.config.DbModelAutoConfigurationTest	be6544cfb4c4be0dc973483126f3c794ae026934da38dfc888291ffe1993544a	20260714T084351Z-3271604
v933-node|24:20260714T084351Z-3271604|14:isolation-main|14:unit-or-sqlite|99:com.foggyframework.dataset.db.model.impl.loader.TableModelLoaderManagerImplDataSourceResolutionTest	ISOLATION_MAIN	isolation-main	unit-or-sqlite	com.foggyframework.dataset.db.model.impl.loader.TableModelLoaderManagerImplDataSourceResolutionTest	eade39bfed6b7b47fc75033e2235723cd268a1a6f2579e7769919d2c602d8a24	20260714T084351Z-3271604
v933-node|24:20260714T084351Z-3271604|14:isolation-main|14:unit-or-sqlite|90:com.foggyframework.dataset.db.model.plugins.query_execution.QueryExecutionStepOrderingTest	ISOLATION_MAIN	isolation-main	unit-or-sqlite	com.foggyframework.dataset.db.model.plugins.query_execution.QueryExecutionStepOrderingTest	ddff5190dd8fa1b2ed4db6e209e228b920780b9b129d5d03c155672b2e0ac6c9	20260714T084351Z-3271604
v933-node|24:20260714T084351Z-3271604|14:isolation-main|14:unit-or-sqlite|99:com.foggyframework.dataset.db.model.plugins.result_set_filter.DataSetResultStepExecutorOrderingTest	ISOLATION_MAIN	isolation-main	unit-or-sqlite	com.foggyframework.dataset.db.model.plugins.result_set_filter.DataSetResultStepExecutorOrderingTest	192d2810230d550ba5d9720fa046319be278df3beaf92cba716ec35a70b82636	20260714T084351Z-3271604
v933-node|24:20260714T084351Z-3271604|14:isolation-main|14:unit-or-sqlite|79:com.foggyframework.dataset.db.model.preagg.PreAggregationL2CacheIntegrationTest	ISOLATION_MAIN	isolation-main	unit-or-sqlite	com.foggyframework.dataset.db.model.preagg.PreAggregationL2CacheIntegrationTest	3329afc1119bf9ff3bee3f1e24a37fc9a3d8f8cb66315affb8c6aa28edc14e2d	20260714T084351Z-3271604
v933-node|24:20260714T084351Z-3271604|14:isolation-main|14:unit-or-sqlite|100:com.foggyframework.dataset.db.model.semantic.controller.SemanticServiceV3TestControllerIsolationTest	ISOLATION_MAIN	isolation-main	unit-or-sqlite	com.foggyframework.dataset.db.model.semantic.controller.SemanticServiceV3TestControllerIsolationTest	013a2078d384645134b9ebe532fe507a5458d1c07e6428b1a7da6e00df758c0d	20260714T084351Z-3271604
v933-node|24:20260714T084351Z-3271604|14:isolation-main|14:unit-or-sqlite|73:com.foggyframework.dataset.mcp.controller.DevToolsControllerIsolationTest	ISOLATION_MAIN	isolation-main	unit-or-sqlite	com.foggyframework.dataset.mcp.controller.DevToolsControllerIsolationTest	13d5057f6897344736a82b82a461cc4ba5689e1fc48503becefcf8a90d0ad8c3	20260714T084351Z-3271604
v933-node|24:20260714T084351Z-3271604|15:multidb-mysql57|10:db-mysql57|66:com.foggyframework.dataset.db.model.multidb.MultiDatabaseQueryTest	MULTIDB_MYSQL57	multidb-mysql57	db-mysql57	com.foggyframework.dataset.db.model.multidb.MultiDatabaseQueryTest	b24c09a829a9e9a83502a6060e742e736e8f1355e56538ed5fcdfe9d8640ffa9	20260714T084351Z-3271604
v933-node|24:20260714T084351Z-3271604|18:multidb-postgres15|13:db-postgres15|66:com.foggyframework.dataset.db.model.multidb.MultiDatabaseQueryTest	MULTIDB_POSTGRES15	multidb-postgres15	db-postgres15	com.foggyframework.dataset.db.model.multidb.MultiDatabaseQueryTest	9c6725c66e4bbcfb002eb184e353c6b943c014b66571594a9c0a67563e59057c	20260714T084351Z-3271604
v933-node|24:20260714T084351Z-3271604|21:multidb-sqlserver2022|16:db-sqlserver2022|66:com.foggyframework.dataset.db.model.multidb.MultiDatabaseQueryTest	MULTIDB_SQLSERVER2022	multidb-sqlserver2022	db-sqlserver2022	com.foggyframework.dataset.db.model.multidb.MultiDatabaseQueryTest	abc374aec42dfcc6bf77793148493bd86f2ab1a22dc182dbee9e460df264da42	20260714T084351Z-3271604
v933-node|24:20260714T084351Z-3271604|11:sqlite-full|16:sqlite-successor|71:com.foggyframework.dataset.db.model.authorization.AuthorizationStepTest	SQLITE_FULL	sqlite-full	sqlite-successor	com.foggyframework.dataset.db.model.authorization.AuthorizationStepTest	de4030f555eeef68f6b6eacea5790d82781d15e06f34aca353df6ac000ff1ee3	20260714T084351Z-3271604
v933-node|24:20260714T084351Z-3271604|11:sqlite-full|16:sqlite-successor|59:com.foggyframework.dataset.db.model.compose.CteComposerTest	SQLITE_FULL	sqlite-full	sqlite-successor	com.foggyframework.dataset.db.model.compose.CteComposerTest	f4706524c0abe383bce662714ff540f1ad4ecda19df10a6c83592ed4560cbba2	20260714T084351Z-3271604
v933-node|24:20260714T084351Z-3271604|11:sqlite-full|16:sqlite-successor|61:com.foggyframework.dataset.db.model.compose.DataSetResultTest	SQLITE_FULL	sqlite-full	sqlite-successor	com.foggyframework.dataset.db.model.compose.DataSetResultTest	a345050c30af0be61fcb89cb575950d0bc74e9bdcc172910402883f1b2b7c725	20260714T084351Z-3271604
v933-node|24:20260714T084351Z-3271604|11:sqlite-full|16:sqlite-successor|78:com.foggyframework.dataset.db.model.config.DatasetRequestNamespaceResolverTest	SQLITE_FULL	sqlite-full	sqlite-successor	com.foggyframework.dataset.db.model.config.DatasetRequestNamespaceResolverTest	f0ebaffaa6c84c1f7ba0ac0b8e954db07c71dfd3f66da5342b50cfdb28a2c20f	20260714T084351Z-3271604
v933-node|24:20260714T084351Z-3271604|11:sqlite-full|16:sqlite-successor|71:com.foggyframework.dataset.db.model.config.DbModelAutoConfigurationTest	SQLITE_FULL	sqlite-full	sqlite-successor	com.foggyframework.dataset.db.model.config.DbModelAutoConfigurationTest	be0701b1560869c50ea4467851b9740a84c84478daa8dfbd718e5bbd3f656c5f	20260714T084351Z-3271604
v933-node|24:20260714T084351Z-3271604|11:sqlite-full|16:sqlite-successor|84:com.foggyframework.dataset.db.model.config.GlobalNamespaceFallbackRiskDiagnosticTest	SQLITE_FULL	sqlite-full	sqlite-successor	com.foggyframework.dataset.db.model.config.GlobalNamespaceFallbackRiskDiagnosticTest	0e07da88bf6f3cdbb6d0d5f66378a754b719c1d01cd4503e10677aeb72dffd9b	20260714T084351Z-3271604
v933-node|24:20260714T084351Z-3271604|11:sqlite-full|16:sqlite-successor|79:com.foggyframework.dataset.db.model.controller.FoggyDatasetExceptionHandlerTest	SQLITE_FULL	sqlite-full	sqlite-successor	com.foggyframework.dataset.db.model.controller.FoggyDatasetExceptionHandlerTest	37c04ce7b64b336800f0eed6b77eeadc4ae994b6afa1379c88363de12aed2b31	20260714T084351Z-3271604
v933-node|24:20260714T084351Z-3271604|11:sqlite-full|16:sqlite-successor|73:com.foggyframework.dataset.db.model.def.dict.DbDictionaryDiscoveryDefTest	SQLITE_FULL	sqlite-full	sqlite-successor	com.foggyframework.dataset.db.model.def.dict.DbDictionaryDiscoveryDefTest	e64a8333d81d16e625bcd45ee203cf5b2715135601606ebe9612d8f5bddee69c	20260714T084351Z-3271604
v933-node|24:20260714T084351Z-3271604|11:sqlite-full|16:sqlite-successor|113:com.foggyframework.dataset.db.model.def.query.request.deserializer.ShorthandDeserializerTest$GroupByShorthandTest	SQLITE_FULL	sqlite-full	sqlite-successor	com.foggyframework.dataset.db.model.def.query.request.deserializer.ShorthandDeserializerTest$GroupByShorthandTest	11f3fb8e662a7b2f36f1993ebc5f34ef4d8f0be3558771b8f4ead128467d3304	20260714T084351Z-3271604
v933-node|24:20260714T084351Z-3271604|11:sqlite-full|16:sqlite-successor|113:com.foggyframework.dataset.db.model.def.query.request.deserializer.ShorthandDeserializerTest$OrderByShorthandTest	SQLITE_FULL	sqlite-full	sqlite-successor	com.foggyframework.dataset.db.model.def.query.request.deserializer.ShorthandDeserializerTest$OrderByShorthandTest	c078a17f2dd0ca9477b9ed58f54c7b7410a13e43b5476f5331a960624077d442	20260714T084351Z-3271604
v933-node|24:20260714T084351Z-3271604|11:sqlite-full|16:sqlite-successor|111:com.foggyframework.dataset.db.model.def.query.request.deserializer.ShorthandDeserializerTest$SliceShorthandTest	SQLITE_FULL	sqlite-full	sqlite-successor	com.foggyframework.dataset.db.model.def.query.request.deserializer.ShorthandDeserializerTest$SliceShorthandTest	e774f4bba36389d39a7c5b5cb3820a5211a0e2e5d48c83832ca428e94d2bae42	20260714T084351Z-3271604
v933-node|24:20260714T084351Z-3271604|11:sqlite-full|16:sqlite-successor|92:com.foggyframework.dataset.db.model.def.query.request.deserializer.ShorthandDeserializerTest	SQLITE_FULL	sqlite-full	sqlite-successor	com.foggyframework.dataset.db.model.def.query.request.deserializer.ShorthandDeserializerTest	dbd0e7cee64adf2788e4aeb68db7319266d94d2902f06c43828efde21594bafe	20260714T084351Z-3271604
v933-node|24:20260714T084351Z-3271604|11:sqlite-full|16:sqlite-successor|72:com.foggyframework.dataset.db.model.demo.FactOrderDemoAuthQueryModelTest	SQLITE_FULL	sqlite-full	sqlite-successor	com.foggyframework.dataset.db.model.demo.FactOrderDemoAuthQueryModelTest	6220afe1b1d21cda77c9f75636d3e2d7eb7bd98a59672a4ac1ddf7cbbbedc57f	20260714T084351Z-3271604
v933-node|24:20260714T084351Z-3271604|11:sqlite-full|16:sqlite-successor|72:com.foggyframework.dataset.db.model.demo.FactSalesDemoAuthQueryModelTest	SQLITE_FULL	sqlite-full	sqlite-successor	com.foggyframework.dataset.db.model.demo.FactSalesDemoAuthQueryModelTest	892047e2a519a0b1cbc86949c3fe1ea3c26c966dab367eb27de73feb14114b03	20260714T084351Z-3271604
v933-node|24:20260714T084351Z-3271604|11:sqlite-full|16:sqlite-successor|85:com.foggyframework.dataset.db.model.dialect.DialectBuildFunctionCallTest$EdgeCaseTest	SQLITE_FULL	sqlite-full	sqlite-successor	com.foggyframework.dataset.db.model.dialect.DialectBuildFunctionCallTest$EdgeCaseTest	43c507cd10275e116f64828cf6e7b259c742765f1bd9ef5684a2ecfeebe00afa	20260714T084351Z-3271604
v933-node|24:20260714T084351Z-3271604|11:sqlite-full|16:sqlite-successor|82:com.foggyframework.dataset.db.model.dialect.DialectBuildFunctionCallTest$MysqlTest	SQLITE_FULL	sqlite-full	sqlite-successor	com.foggyframework.dataset.db.model.dialect.DialectBuildFunctionCallTest$MysqlTest	f9da2f300128a280e373b16a4a33ba5a67681229eaf3884db2accdb69a553c45	20260714T084351Z-3271604
v933-node|24:20260714T084351Z-3271604|11:sqlite-full|16:sqlite-successor|85:com.foggyframework.dataset.db.model.dialect.DialectBuildFunctionCallTest$PostgresTest	SQLITE_FULL	sqlite-full	sqlite-successor	com.foggyframework.dataset.db.model.dialect.DialectBuildFunctionCallTest$PostgresTest	1829bd6e3077382f23b77561c2e1278ecf944de8a48f8ce553ea8644695a4614	20260714T084351Z-3271604
v933-node|24:20260714T084351Z-3271604|11:sqlite-full|16:sqlite-successor|86:com.foggyframework.dataset.db.model.dialect.DialectBuildFunctionCallTest$SqlServerTest	SQLITE_FULL	sqlite-full	sqlite-successor	com.foggyframework.dataset.db.model.dialect.DialectBuildFunctionCallTest$SqlServerTest	fdc6f374a8359c7f21117795207e9c227e083c047334f9d0906b4cf2100b1ef9	20260714T084351Z-3271604
v933-node|24:20260714T084351Z-3271604|11:sqlite-full|16:sqlite-successor|83:com.foggyframework.dataset.db.model.dialect.DialectBuildFunctionCallTest$SqliteTest	SQLITE_FULL	sqlite-full	sqlite-successor	com.foggyframework.dataset.db.model.dialect.DialectBuildFunctionCallTest$SqliteTest	6fc05bdb4c97ad2d89b51a4e2805b7c4d95d3e959b11970255281dc2a08c495f	20260714T084351Z-3271604
v933-node|24:20260714T084351Z-3271604|11:sqlite-full|16:sqlite-successor|72:com.foggyframework.dataset.db.model.dialect.DialectBuildFunctionCallTest	SQLITE_FULL	sqlite-full	sqlite-successor	com.foggyframework.dataset.db.model.dialect.DialectBuildFunctionCallTest	6088a740918d54d0732e4ba62cdeeba4f9ebf7192603e2eafb7a70cc93e7ee5e	20260714T084351Z-3271604
v933-node|24:20260714T084351Z-3271604|11:sqlite-full|16:sqlite-successor|93:com.foggyframework.dataset.db.model.dialect.DialectFunctionTranslationTest$CommonEdgeCaseTest	SQLITE_FULL	sqlite-full	sqlite-successor	com.foggyframework.dataset.db.model.dialect.DialectFunctionTranslationTest$CommonEdgeCaseTest	0307f54597288eff22ddd5b190d915ed71158d725b57bbc0f4d9a5ea58ef2e88	20260714T084351Z-3271604
v933-node|24:20260714T084351Z-3271604|11:sqlite-full|16:sqlite-successor|92:com.foggyframework.dataset.db.model.dialect.DialectFunctionTranslationTest$MysqlFunctionTest	SQLITE_FULL	sqlite-full	sqlite-successor	com.foggyframework.dataset.db.model.dialect.DialectFunctionTranslationTest$MysqlFunctionTest	fb4f8ea2f2712b2f75ccdba66a576015e7f52e76f0cfa520a6b53d0bc7e465c8	20260714T084351Z-3271604
v933-node|24:20260714T084351Z-3271604|11:sqlite-full|16:sqlite-successor|95:com.foggyframework.dataset.db.model.dialect.DialectFunctionTranslationTest$PostgresFunctionTest	SQLITE_FULL	sqlite-full	sqlite-successor	com.foggyframework.dataset.db.model.dialect.DialectFunctionTranslationTest$PostgresFunctionTest	856a63c44bdacb9f34027e845f60d2a6b337cf683d4a4c34eaf4113fb0bc9bb3	20260714T084351Z-3271604
v933-node|24:20260714T084351Z-3271604|11:sqlite-full|16:sqlite-successor|96:com.foggyframework.dataset.db.model.dialect.DialectFunctionTranslationTest$SqlServerFunctionTest	SQLITE_FULL	sqlite-full	sqlite-successor	com.foggyframework.dataset.db.model.dialect.DialectFunctionTranslationTest$SqlServerFunctionTest	bc77c5459ae1131e676b53333d89b2978a18f3aab3ee879303919764f1327bb4	20260714T084351Z-3271604
v933-node|24:20260714T084351Z-3271604|11:sqlite-full|16:sqlite-successor|93:com.foggyframework.dataset.db.model.dialect.DialectFunctionTranslationTest$SqliteFunctionTest	SQLITE_FULL	sqlite-full	sqlite-successor	com.foggyframework.dataset.db.model.dialect.DialectFunctionTranslationTest$SqliteFunctionTest	1304511eac90094c2807862c561eb0386f4b7de425134b25faf7128dc42aea6b	20260714T084351Z-3271604
v933-node|24:20260714T084351Z-3271604|11:sqlite-full|16:sqlite-successor|74:com.foggyframework.dataset.db.model.dialect.DialectFunctionTranslationTest	SQLITE_FULL	sqlite-full	sqlite-successor	com.foggyframework.dataset.db.model.dialect.DialectFunctionTranslationTest	f4ad1ed7f4c47b837f0f36ce307901704fcb389e95844be49f1e7d0e19c190ee	20260714T084351Z-3271604
v933-node|24:20260714T084351Z-3271604|11:sqlite-full|16:sqlite-successor|73:com.foggyframework.dataset.db.model.dialect.DialectTest$CommonDialectTest	SQLITE_FULL	sqlite-full	sqlite-successor	com.foggyframework.dataset.db.model.dialect.DialectTest$CommonDialectTest	938effde2da5c3cf50c98b0c47f7a43eea4d015fb7e49f871530c4550df73d3a	20260714T084351Z-3271604
v933-node|24:20260714T084351Z-3271604|11:sqlite-full|16:sqlite-successor|72:com.foggyframework.dataset.db.model.dialect.DialectTest$MysqlDialectTest	SQLITE_FULL	sqlite-full	sqlite-successor	com.foggyframework.dataset.db.model.dialect.DialectTest$MysqlDialectTest	277fa67bb263d5c9b076928a3f8779316df79f72d21e00ea093782562bc7067d	20260714T084351Z-3271604
v933-node|24:20260714T084351Z-3271604|11:sqlite-full|16:sqlite-successor|75:com.foggyframework.dataset.db.model.dialect.DialectTest$PostgresDialectTest	SQLITE_FULL	sqlite-full	sqlite-successor	com.foggyframework.dataset.db.model.dialect.DialectTest$PostgresDialectTest	4b396a9ea1360e1dccb9d6195fb9a5d72288f15b09a7ffbdf1bf81c231cc032e	20260714T084351Z-3271604
v933-node|24:20260714T084351Z-3271604|11:sqlite-full|16:sqlite-successor|76:com.foggyframework.dataset.db.model.dialect.DialectTest$SqlServerDialectTest	SQLITE_FULL	sqlite-full	sqlite-successor	com.foggyframework.dataset.db.model.dialect.DialectTest$SqlServerDialectTest	078717ee89899e4081bace46a276be394d0635562de74f7431b01fb8e409013a	20260714T084351Z-3271604
v933-node|24:20260714T084351Z-3271604|11:sqlite-full|16:sqlite-successor|73:com.foggyframework.dataset.db.model.dialect.DialectTest$SqliteDialectTest	SQLITE_FULL	sqlite-full	sqlite-successor	com.foggyframework.dataset.db.model.dialect.DialectTest$SqliteDialectTest	ba86e722801876de4b0cc1b22395e5e4b428ea945228e1124de614856068c923	20260714T084351Z-3271604
v933-node|24:20260714T084351Z-3271604|11:sqlite-full|16:sqlite-successor|55:com.foggyframework.dataset.db.model.dialect.DialectTest	SQLITE_FULL	sqlite-full	sqlite-successor	com.foggyframework.dataset.db.model.dialect.DialectTest	8146b7463b49f4031f33b940218f16fee796a3cd74c04f2face8c58fe52d190e	20260714T084351Z-3271604
v933-node|24:20260714T084351Z-3271604|11:sqlite-full|16:sqlite-successor|63:com.foggyframework.dataset.db.model.ecommerce.AccessControlTest	SQLITE_FULL	sqlite-full	sqlite-successor	com.foggyframework.dataset.db.model.ecommerce.AccessControlTest	d07d2981479888fd429045b5e0ce9f74ae1db32a3cf7cc1011ea210c013e23d6	20260714T084351Z-3271604
v933-node|24:20260714T084351Z-3271604|11:sqlite-full|16:sqlite-successor|67:com.foggyframework.dataset.db.model.ecommerce.AdvancedAnalyticsTest	SQLITE_FULL	sqlite-full	sqlite-successor	com.foggyframework.dataset.db.model.ecommerce.AdvancedAnalyticsTest	dbbb6a5c084797622c457fb5e47375e4a7be1a2c6938a6599587558efa74a075	20260714T084351Z-3271604
v933-node|24:20260714T084351Z-3271604|11:sqlite-full|16:sqlite-successor|73:com.foggyframework.dataset.db.model.ecommerce.AggregateJoinQueryModelTest	SQLITE_FULL	sqlite-full	sqlite-successor	com.foggyframework.dataset.db.model.ecommerce.AggregateJoinQueryModelTest	0dff054b45d7d8e3ede9ad2e120f9968de63c8857d5379f708cbc0d128d3c7ef	20260714T084351Z-3271604
v933-node|24:20260714T084351Z-3271604|11:sqlite-full|16:sqlite-successor|66:com.foggyframework.dataset.db.model.ecommerce.AggregationQueryTest	SQLITE_FULL	sqlite-full	sqlite-successor	com.foggyframework.dataset.db.model.ecommerce.AggregationQueryTest	c3ab96f7b5fa8bcf4c4f98f5689722380378b33be7ea0ee0546966d7f786e652	20260714T084351Z-3271604
v933-node|24:20260714T084351Z-3271604|11:sqlite-full|16:sqlite-successor|60:com.foggyframework.dataset.db.model.ecommerce.BasicQueryTest	SQLITE_FULL	sqlite-full	sqlite-successor	com.foggyframework.dataset.db.model.ecommerce.BasicQueryTest	d7ca2bf59e698426a35076dbe93188eb99fb8310d227342b36baa4b8c23007c0	20260714T084351Z-3271604
v933-node|24:20260714T084351Z-3271604|11:sqlite-full|16:sqlite-successor|73:com.foggyframework.dataset.db.model.ecommerce.CalculateMvpIntegrationTest	SQLITE_FULL	sqlite-full	sqlite-successor	com.foggyframework.dataset.db.model.ecommerce.CalculateMvpIntegrationTest	afe28bfc2acff5d05202e7e16c0622fa6ed36c84f3c3fa49ece87e88b7455d28	20260714T084351Z-3271604
v933-node|24:20260714T084351Z-3271604|11:sqlite-full|16:sqlite-successor|79:com.foggyframework.dataset.db.model.ecommerce.CalculatedFieldAggregationBugTest	SQLITE_FULL	sqlite-full	sqlite-successor	com.foggyframework.dataset.db.model.ecommerce.CalculatedFieldAggregationBugTest	c15ec92fece2c6c8030e8ef15d8b0096300fe8b7dc47e047120237e0802c5e18	20260714T084351Z-3271604
v933-node|24:20260714T084351Z-3271604|11:sqlite-full|16:sqlite-successor|65:com.foggyframework.dataset.db.model.ecommerce.CalculatedFieldTest	SQLITE_FULL	sqlite-full	sqlite-successor	com.foggyframework.dataset.db.model.ecommerce.CalculatedFieldTest	2422972415fe1615663265ae8c2543ed9fb2142363d6405ad8b7b39499592fd4	20260714T084351Z-3271604
v933-node|24:20260714T084351Z-3271604|11:sqlite-full|16:sqlite-successor|60:com.foggyframework.dataset.db.model.ecommerce.CaptionDefTest	SQLITE_FULL	sqlite-full	sqlite-successor	com.foggyframework.dataset.db.model.ecommerce.CaptionDefTest	e9429d679bdc53c044a833e9fcea2e9405bd097f08f2a8a91d582016c564a8a7	20260714T084351Z-3271604
v933-node|24:20260714T084351Z-3271604|11:sqlite-full|16:sqlite-successor|64:com.foggyframework.dataset.db.model.ecommerce.DataComparisonTest	SQLITE_FULL	sqlite-full	sqlite-successor	com.foggyframework.dataset.db.model.ecommerce.DataComparisonTest	82608f7a9fbc27de82a2770567c8a0e18ad873527361c641aad91b77e0d0996c	20260714T084351Z-3271604
v933-node|24:20260714T084351Z-3271604|11:sqlite-full|16:sqlite-successor|65:com.foggyframework.dataset.db.model.ecommerce.DataEnvironmentTest	SQLITE_FULL	sqlite-full	sqlite-successor	com.foggyframework.dataset.db.model.ecommerce.DataEnvironmentTest	8ef8b98fca31c2600859a23caef184c9aa62553d418d0c72cb52767f3e6464d6	20260714T084351Z-3271604
v933-node|24:20260714T084351Z-3271604|11:sqlite-full|16:sqlite-successor|69:com.foggyframework.dataset.db.model.ecommerce.DimensionAutoExpandTest	SQLITE_FULL	sqlite-full	sqlite-successor	com.foggyframework.dataset.db.model.ecommerce.DimensionAutoExpandTest	742ca0ef652df89d0141ebf5fa20b92b7ef29272381cab2aa059fb5933403251	20260714T084351Z-3271604
v933-node|24:20260714T084351Z-3271604|11:sqlite-full|16:sqlite-successor|65:com.foggyframework.dataset.db.model.ecommerce.ErrorCollectionTest	SQLITE_FULL	sqlite-full	sqlite-successor	com.foggyframework.dataset.db.model.ecommerce.ErrorCollectionTest	e95ecabb3ce5bb63b474fb8619754d90d47ae3e24d23ab8d55a2de2038132f6f	20260714T084351Z-3271604
v933-node|24:20260714T084351Z-3271604|11:sqlite-full|16:sqlite-successor|100:com.foggyframework.dataset.db.model.ecommerce.FieldAccessPermissionIntegrationTest$AllowedFieldTests	SQLITE_FULL	sqlite-full	sqlite-successor	com.foggyframework.dataset.db.model.ecommerce.FieldAccessPermissionIntegrationTest$AllowedFieldTests	ec3ba6a56eaed814119e0c7da1aa61ede8a3a3698c49bca08e23eb7a14dd1301	20260714T084351Z-3271604
v933-node|24:20260714T084351Z-3271604|11:sqlite-full|16:sqlite-successor|106:com.foggyframework.dataset.db.model.ecommerce.FieldAccessPermissionIntegrationTest$BackwardCompatibleTests	SQLITE_FULL	sqlite-full	sqlite-successor	com.foggyframework.dataset.db.model.ecommerce.FieldAccessPermissionIntegrationTest$BackwardCompatibleTests	eafbab00d93c7d437cb1ce64584bdb4b7b10055f6f70b2d4233c5592c66938ab	20260714T084351Z-3271604
v933-node|24:20260714T084351Z-3271604|11:sqlite-full|16:sqlite-successor|103:com.foggyframework.dataset.db.model.ecommerce.FieldAccessPermissionIntegrationTest$CalculatedFieldTests	SQLITE_FULL	sqlite-full	sqlite-successor	com.foggyframework.dataset.db.model.ecommerce.FieldAccessPermissionIntegrationTest$CalculatedFieldTests	4f9d8703f8216e4803f9d48c5fb935114b49355f536d071c3a52d56fb6ec8936	20260714T084351Z-3271604
v933-node|24:20260714T084351Z-3271604|11:sqlite-full|16:sqlite-successor|99:com.foggyframework.dataset.db.model.ecommerce.FieldAccessPermissionIntegrationTest$DeniedFieldTests	SQLITE_FULL	sqlite-full	sqlite-successor	com.foggyframework.dataset.db.model.ecommerce.FieldAccessPermissionIntegrationTest$DeniedFieldTests	e40585825ac3b5f50b84e4d011ad2b6211d552af9f4a02aee338ef2b98e89b36	20260714T084351Z-3271604
v933-node|24:20260714T084351Z-3271604|11:sqlite-full|16:sqlite-successor|96:com.foggyframework.dataset.db.model.ecommerce.FieldAccessPermissionIntegrationTest$EdgeCaseTests	SQLITE_FULL	sqlite-full	sqlite-successor	com.foggyframework.dataset.db.model.ecommerce.FieldAccessPermissionIntegrationTest$EdgeCaseTests	db32114437a0f3e0c8cd6c9578cd4f01cb6ddbc87a680d049da49c91548e145e	20260714T084351Z-3271604
v933-node|24:20260714T084351Z-3271604|11:sqlite-full|16:sqlite-successor|119:com.foggyframework.dataset.db.model.ecommerce.FieldAccessPermissionIntegrationTest$ModelPermissionAndDeniedColumnsTests	SQLITE_FULL	sqlite-full	sqlite-successor	com.foggyframework.dataset.db.model.ecommerce.FieldAccessPermissionIntegrationTest$ModelPermissionAndDeniedColumnsTests	f2a720375c300071ab0db5dd647323b1cadf611c0739cae762ee475f98b502b3	20260714T084351Z-3271604
v933-node|24:20260714T084351Z-3271604|11:sqlite-full|16:sqlite-successor|82:com.foggyframework.dataset.db.model.ecommerce.FieldAccessPermissionIntegrationTest	SQLITE_FULL	sqlite-full	sqlite-successor	com.foggyframework.dataset.db.model.ecommerce.FieldAccessPermissionIntegrationTest	1bd6d58aa866f8ec623a1d15c6b584822130b6bdb0f25d1c4c1457efe7e01d38	20260714T084351Z-3271604
v933-node|24:20260714T084351Z-3271604|11:sqlite-full|16:sqlite-successor|65:com.foggyframework.dataset.db.model.ecommerce.FieldComparisonTest	SQLITE_FULL	sqlite-full	sqlite-successor	com.foggyframework.dataset.db.model.ecommerce.FieldComparisonTest	502ab1f114e2c443ae9b627ab28c75136825ab6769e9a3779da0342b3bb0d811	20260714T084351Z-3271604
v933-node|24:20260714T084351Z-3271604|11:sqlite-full|16:sqlite-successor|80:com.foggyframework.dataset.db.model.ecommerce.InOperatorCalcFieldIntegrationTest	SQLITE_FULL	sqlite-full	sqlite-successor	com.foggyframework.dataset.db.model.ecommerce.InOperatorCalcFieldIntegrationTest	176287846dd9f9faeee949953cfe11d8c1fc61cfce88aa1eaaac6870a33c665d	20260714T084351Z-3271604
v933-node|24:20260714T084351Z-3271604|11:sqlite-full|16:sqlite-successor|77:com.foggyframework.dataset.db.model.ecommerce.JdbcModelQueryEngineCteWrapTest	SQLITE_FULL	sqlite-full	sqlite-successor	com.foggyframework.dataset.db.model.ecommerce.JdbcModelQueryEngineCteWrapTest	b54995ef80875963074f5c45afef5b65e77457e38459a5a4e0f23b92686939c3	20260714T084351Z-3271604
v933-node|24:20260714T084351Z-3271604|11:sqlite-full|16:sqlite-successor|62:com.foggyframework.dataset.db.model.ecommerce.ModelLoadingTest	SQLITE_FULL	sqlite-full	sqlite-successor	com.foggyframework.dataset.db.model.ecommerce.ModelLoadingTest	8880ca05f2849fbd6ecf48331966f868f8dfd0cbc349b009c3e4786616e4459d	20260714T084351Z-3271604
v933-node|24:20260714T084351Z-3271604|11:sqlite-full|16:sqlite-successor|68:com.foggyframework.dataset.db.model.ecommerce.MultiFactTableJoinTest	SQLITE_FULL	sqlite-full	sqlite-successor	com.foggyframework.dataset.db.model.ecommerce.MultiFactTableJoinTest	213946cc89ec16a302cb5d3d3ab58c801f48137603e9b2a9829f53e2175f9899	20260714T084351Z-3271604
v933-node|24:20260714T084351Z-3271604|11:sqlite-full|16:sqlite-successor|65:com.foggyframework.dataset.db.model.ecommerce.NestedDimensionTest	SQLITE_FULL	sqlite-full	sqlite-successor	com.foggyframework.dataset.db.model.ecommerce.NestedDimensionTest	65c2e9cfdb8328bca6e52677b45924984eb322431186dc69996999ea798f9258	20260714T084351Z-3271604
v933-node|24:20260714T084351Z-3271604|11:sqlite-full|16:sqlite-successor|70:com.foggyframework.dataset.db.model.ecommerce.ParentChildDimensionTest	SQLITE_FULL	sqlite-full	sqlite-successor	com.foggyframework.dataset.db.model.ecommerce.ParentChildDimensionTest	fb75ce1f68d77e9b3bbbfc1454ce8eacadca590adac85ecaf723baddb35afd36	20260714T084351Z-3271604
v933-node|24:20260714T084351Z-3271604|11:sqlite-full|16:sqlite-successor|97:com.foggyframework.dataset.db.model.ecommerce.PhysicalColumnMappingIntegrationTest$BasicStructure	SQLITE_FULL	sqlite-full	sqlite-successor	com.foggyframework.dataset.db.model.ecommerce.PhysicalColumnMappingIntegrationTest$BasicStructure	2fc5622ed931e0d72148606b75c16f68f413d3667881ee1827a6428d94c5be3d	20260714T084351Z-3271604
v933-node|24:20260714T084351Z-3271604|11:sqlite-full|16:sqlite-successor|99:com.foggyframework.dataset.db.model.ecommerce.PhysicalColumnMappingIntegrationTest$DeniedConversion	SQLITE_FULL	sqlite-full	sqlite-successor	com.foggyframework.dataset.db.model.ecommerce.PhysicalColumnMappingIntegrationTest$DeniedConversion	2bef8e9d98358a02e83e0e2d70a5b9bf704691529fe4c3bc881dd006b7b31cc4	20260714T084351Z-3271604
v933-node|24:20260714T084351Z-3271604|11:sqlite-full|16:sqlite-successor|99:com.foggyframework.dataset.db.model.ecommerce.PhysicalColumnMappingIntegrationTest$DimensionMapping	SQLITE_FULL	sqlite-full	sqlite-successor	com.foggyframework.dataset.db.model.ecommerce.PhysicalColumnMappingIntegrationTest$DimensionMapping	7f4a6fb5ce99b89173c3d751c22c9d9fe31e6fda0431145156e7433c57d479e5	20260714T084351Z-3271604
v933-node|24:20260714T084351Z-3271604|11:sqlite-full|16:sqlite-successor|107:com.foggyframework.dataset.db.model.ecommerce.PhysicalColumnMappingIntegrationTest$DimensionPropertyMapping	SQLITE_FULL	sqlite-full	sqlite-successor	com.foggyframework.dataset.db.model.ecommerce.PhysicalColumnMappingIntegrationTest$DimensionPropertyMapping	889d11cc403404c5526c3fe44da62a0c35bd9a0810d622254fe38f2bb6c1763e	20260714T084351Z-3271604
v933-node|24:20260714T084351Z-3271604|11:sqlite-full|16:sqlite-successor|97:com.foggyframework.dataset.db.model.ecommerce.PhysicalColumnMappingIntegrationTest$MeasureMapping	SQLITE_FULL	sqlite-full	sqlite-successor	com.foggyframework.dataset.db.model.ecommerce.PhysicalColumnMappingIntegrationTest$MeasureMapping	28a7e1f405f172e52b36ba8f2af957f6f075bad746c9df601d3469f5c78b69c9	20260714T084351Z-3271604
v933-node|24:20260714T084351Z-3271604|11:sqlite-full|16:sqlite-successor|105:com.foggyframework.dataset.db.model.ecommerce.PhysicalColumnMappingIntegrationTest$NestedDimensionMapping	SQLITE_FULL	sqlite-full	sqlite-successor	com.foggyframework.dataset.db.model.ecommerce.PhysicalColumnMappingIntegrationTest$NestedDimensionMapping	e26b6c0905202cb88cdd0bd52d27a8077ffcfdc38a2b976575237d0dd68e7477	20260714T084351Z-3271604
v933-node|24:20260714T084351Z-3271604|11:sqlite-full|16:sqlite-successor|110:com.foggyframework.dataset.db.model.ecommerce.PhysicalColumnMappingIntegrationTest$ParentChildDimensionMapping	SQLITE_FULL	sqlite-full	sqlite-successor	com.foggyframework.dataset.db.model.ecommerce.PhysicalColumnMappingIntegrationTest$ParentChildDimensionMapping	3383cce29f720cf143e3d90b77e4f839ce16527da3b5a4ff8227a53a265d9952	20260714T084351Z-3271604
v933-node|24:20260714T084351Z-3271604|11:sqlite-full|16:sqlite-successor|82:com.foggyframework.dataset.db.model.ecommerce.PhysicalColumnMappingIntegrationTest	SQLITE_FULL	sqlite-full	sqlite-successor	com.foggyframework.dataset.db.model.ecommerce.PhysicalColumnMappingIntegrationTest	482ccb88384d8139dcc31159d97d912321d74459ea8a8a05c90512fbd52d5494	20260714T084351Z-3271604
v933-node|24:20260714T084351Z-3271604|11:sqlite-full|16:sqlite-successor|114:com.foggyframework.dataset.db.model.ecommerce.PhysicalColumnPermissionIntegrationTest$DeniedColumnBlocksQueryTests	SQLITE_FULL	sqlite-full	sqlite-successor	com.foggyframework.dataset.db.model.ecommerce.PhysicalColumnPermissionIntegrationTest$DeniedColumnBlocksQueryTests	c17f4d0d29e8d102a96ad45c69320fe27cae0822fbe77d4a54963d5cf1183436	20260714T084351Z-3271604
v933-node|24:20260714T084351Z-3271604|11:sqlite-full|16:sqlite-successor|113:com.foggyframework.dataset.db.model.ecommerce.PhysicalColumnPermissionIntegrationTest$DeniedColumnNotInQueryTests	SQLITE_FULL	sqlite-full	sqlite-successor	com.foggyframework.dataset.db.model.ecommerce.PhysicalColumnPermissionIntegrationTest$DeniedColumnNotInQueryTests	50e710d1a5fea6bdf2c8b485f6aa88a0d721e110e350e65dd17a2d3de5ddcd8c	20260714T084351Z-3271604
v933-node|24:20260714T084351Z-3271604|11:sqlite-full|16:sqlite-successor|109:com.foggyframework.dataset.db.model.ecommerce.PhysicalColumnPermissionIntegrationTest$InvalidDeniedEntryTests	SQLITE_FULL	sqlite-full	sqlite-successor	com.foggyframework.dataset.db.model.ecommerce.PhysicalColumnPermissionIntegrationTest$InvalidDeniedEntryTests	826f5356ae7a8989f18a01cc477db66f113d0ecb87a316149a1c4e5038b3ae27	20260714T084351Z-3271604
v933-node|24:20260714T084351Z-3271604|11:sqlite-full|16:sqlite-successor|112:com.foggyframework.dataset.db.model.ecommerce.PhysicalColumnPermissionIntegrationTest$MultipleDeniedColumnsTests	SQLITE_FULL	sqlite-full	sqlite-successor	com.foggyframework.dataset.db.model.ecommerce.PhysicalColumnPermissionIntegrationTest$MultipleDeniedColumnsTests	e66899945fdccd3f59994d69842a200a5499e19c59ad1ee8ebd5a98a4a274628	20260714T084351Z-3271604
v933-node|24:20260714T084351Z-3271604|11:sqlite-full|16:sqlite-successor|104:com.foggyframework.dataset.db.model.ecommerce.PhysicalColumnPermissionIntegrationTest$NoRestrictionTests	SQLITE_FULL	sqlite-full	sqlite-successor	com.foggyframework.dataset.db.model.ecommerce.PhysicalColumnPermissionIntegrationTest$NoRestrictionTests	0ff385bf766c400a02ebfea3ac0ffb84c194fe27f33633c98c37ca30a7410a65	20260714T084351Z-3271604
v933-node|24:20260714T084351Z-3271604|11:sqlite-full|16:sqlite-successor|105:com.foggyframework.dataset.db.model.ecommerce.PhysicalColumnPermissionIntegrationTest$SchemaMatchingTests	SQLITE_FULL	sqlite-full	sqlite-successor	com.foggyframework.dataset.db.model.ecommerce.PhysicalColumnPermissionIntegrationTest$SchemaMatchingTests	addbfde0da431cc8f8dc4ad2fdc01f56a35a71fb08aac80fb51f6f256d9c585a	20260714T084351Z-3271604
v933-node|24:20260714T084351Z-3271604|11:sqlite-full|16:sqlite-successor|85:com.foggyframework.dataset.db.model.ecommerce.PhysicalColumnPermissionIntegrationTest	SQLITE_FULL	sqlite-full	sqlite-successor	com.foggyframework.dataset.db.model.ecommerce.PhysicalColumnPermissionIntegrationTest	3655e1b80a792ed5bcc6b46617ffe8a78e1ccff06f7ac1297989ba7419a6d9c4	20260714T084351Z-3271604
v933-node|24:20260714T084351Z-3271604|11:sqlite-full|16:sqlite-successor|80:com.foggyframework.dataset.db.model.ecommerce.SemanticScaleFactorIntegrationTest	SQLITE_FULL	sqlite-full	sqlite-successor	com.foggyframework.dataset.db.model.ecommerce.SemanticScaleFactorIntegrationTest	aa648c69cd806363f478b36b3cb10e1a6e0224c5bf7e5aaafe9224498616b3a1	20260714T084351Z-3271604
v933-node|24:20260714T084351Z-3271604|11:sqlite-full|16:sqlite-successor|68:com.foggyframework.dataset.db.model.ecommerce.ServiceIntegrationTest	SQLITE_FULL	sqlite-full	sqlite-successor	com.foggyframework.dataset.db.model.ecommerce.ServiceIntegrationTest	5f3488b8317f3f3e9eaed5c775de1346dcbee19466d25168b547842e6943e553	20260714T084351Z-3271604
v933-node|24:20260714T084351Z-3271604|11:sqlite-full|16:sqlite-successor|62:com.foggyframework.dataset.db.model.engine.AggSqlOptimizerTest	SQLITE_FULL	sqlite-full	sqlite-successor	com.foggyframework.dataset.db.model.engine.AggSqlOptimizerTest	ec9c18b75a4678a31f14568bbdeb4e1763604411ae75e0c3441fe7e705a266ee	20260714T084351Z-3271604
v933-node|24:20260714T084351Z-3271604|11:sqlite-full|16:sqlite-successor|87:com.foggyframework.dataset.db.model.engine.compose.ComposedDataSetResultIntegrationTest	SQLITE_FULL	sqlite-full	sqlite-successor	com.foggyframework.dataset.db.model.engine.compose.ComposedDataSetResultIntegrationTest	2a70881cce4a585877746203fab2142dde01f5f7f72266ebe8da7181fd01930e	20260714T084351Z-3271604
v933-node|24:20260714T084351Z-3271604|11:sqlite-full|16:sqlite-successor|80:com.foggyframework.dataset.db.model.engine.compose.F4ColumnObjectIntegrationTest	SQLITE_FULL	sqlite-full	sqlite-successor	com.foggyframework.dataset.db.model.engine.compose.F4ColumnObjectIntegrationTest	39fb6ffc246051434b922179f7172a230ad032e96fdefcc44fec6eb6ae07d088	20260714T084351Z-3271604
v933-node|24:20260714T084351Z-3271604|11:sqlite-full|16:sqlite-successor|80:com.foggyframework.dataset.db.model.engine.compose.F5ColumnObjectIntegrationTest	SQLITE_FULL	sqlite-full	sqlite-successor	com.foggyframework.dataset.db.model.engine.compose.F5ColumnObjectIntegrationTest	8cb3fce60788155f3c4c2b695b470d92df2299404f1c6e5e1bbc0f9168897d6e	20260714T084351Z-3271604
v933-node|24:20260714T084351Z-3271604|11:sqlite-full|16:sqlite-successor|89:com.foggyframework.dataset.db.model.engine.compose.authority.AuthorityBindingResolverTest	SQLITE_FULL	sqlite-full	sqlite-successor	com.foggyframework.dataset.db.model.engine.compose.authority.AuthorityBindingResolverTest	12aa50deeff1f6e92daaa4e234657cbdcd52979be33f59d9206eb7c243c5a184	20260714T084351Z-3271604
v933-node|24:20260714T084351Z-3271604|11:sqlite-full|16:sqlite-successor|106:com.foggyframework.dataset.db.model.engine.compose.authority.AuthorityResolutionPipelineTest$ErrorPhaseTag	SQLITE_FULL	sqlite-full	sqlite-successor	com.foggyframework.dataset.db.model.engine.compose.authority.AuthorityResolutionPipelineTest$ErrorPhaseTag	ce766b2a49be7d9c8261185a60558cd1f3e4713023c931b27c24fc49036bcb4e	20260714T084351Z-3271604
v933-node|24:20260714T084351Z-3271604|11:sqlite-full|16:sqlite-successor|113:com.foggyframework.dataset.db.model.engine.compose.authority.AuthorityResolutionPipelineTest$FailClosedNoResolver	SQLITE_FULL	sqlite-full	sqlite-successor	com.foggyframework.dataset.db.model.engine.compose.authority.AuthorityResolutionPipelineTest$FailClosedNoResolver	406eb03a5e00bc06cff9823d074f7b3c5a102309d8b1bca6e088c8e7c89d70f4	20260714T084351Z-3271604
v933-node|24:20260714T084351Z-3271604|11:sqlite-full|16:sqlite-successor|117:com.foggyframework.dataset.db.model.engine.compose.authority.AuthorityResolutionPipelineTest$FailClosedResolverRaises	SQLITE_FULL	sqlite-full	sqlite-successor	com.foggyframework.dataset.db.model.engine.compose.authority.AuthorityResolutionPipelineTest$FailClosedResolverRaises	41fda1aef8f7523eec42dce406d4ad52a5ef1d79ce5b448834fc54c17524c47a	20260714T084351Z-3271604
v933-node|24:20260714T084351Z-3271604|11:sqlite-full|16:sqlite-successor|116:com.foggyframework.dataset.db.model.engine.compose.authority.AuthorityResolutionPipelineTest$FailClosedResponseShape	SQLITE_FULL	sqlite-full	sqlite-successor	com.foggyframework.dataset.db.model.engine.compose.authority.AuthorityResolutionPipelineTest$FailClosedResponseShape	7a6d9e7d7a052ad55c7162fc0124425f0b831c983f1182701d610acb8641362a	20260714T084351Z-3271604
v933-node|24:20260714T084351Z-3271604|11:sqlite-full|16:sqlite-successor|121:com.foggyframework.dataset.db.model.engine.compose.authority.AuthorityResolutionPipelineTest$ModelInfoProviderIntegration	SQLITE_FULL	sqlite-full	sqlite-successor	com.foggyframework.dataset.db.model.engine.compose.authority.AuthorityResolutionPipelineTest$ModelInfoProviderIntegration	b4453df038fdb20b87fe68eb1899bdf67b125564a931f29d7568c48d011a9a98	20260714T084351Z-3271604
v933-node|24:20260714T084351Z-3271604|11:sqlite-full|16:sqlite-successor|103:com.foggyframework.dataset.db.model.engine.compose.authority.AuthorityResolutionPipelineTest$MultiModel	SQLITE_FULL	sqlite-full	sqlite-successor	com.foggyframework.dataset.db.model.engine.compose.authority.AuthorityResolutionPipelineTest$MultiModel	e7094fe5c0fe7a656100b348c55bf2ab8c63ac4ab297de5da57ee305b13f9af4	20260714T084351Z-3271604
v933-node|24:20260714T084351Z-3271604|11:sqlite-full|16:sqlite-successor|104:com.foggyframework.dataset.db.model.engine.compose.authority.AuthorityResolutionPipelineTest$ReturnShape	SQLITE_FULL	sqlite-full	sqlite-successor	com.foggyframework.dataset.db.model.engine.compose.authority.AuthorityResolutionPipelineTest$ReturnShape	5a3f5fdb31901332c22235bd9294eb2dc4c0823dd184abe959f561a615a8f935	20260714T084351Z-3271604
v933-node|24:20260714T084351Z-3271604|11:sqlite-full|16:sqlite-successor|104:com.foggyframework.dataset.db.model.engine.compose.authority.AuthorityResolutionPipelineTest$SingleModel	SQLITE_FULL	sqlite-full	sqlite-successor	com.foggyframework.dataset.db.model.engine.compose.authority.AuthorityResolutionPipelineTest$SingleModel	ef5c438d2449d3a4d1333253ffea45ee3bb9c04e15e2cf1eb2f927e949ae1b53	20260714T084351Z-3271604
v933-node|24:20260714T084351Z-3271604|11:sqlite-full|16:sqlite-successor|104:com.foggyframework.dataset.db.model.engine.compose.authority.AuthorityResolutionPipelineTest$StaticShape	SQLITE_FULL	sqlite-full	sqlite-successor	com.foggyframework.dataset.db.model.engine.compose.authority.AuthorityResolutionPipelineTest$StaticShape	37e3c8178af0c7f368df78b1e7cb13c629eb529a370bff589d18f797ef817256	20260714T084351Z-3271604
v933-node|24:20260714T084351Z-3271604|11:sqlite-full|16:sqlite-successor|92:com.foggyframework.dataset.db.model.engine.compose.authority.AuthorityResolutionPipelineTest	SQLITE_FULL	sqlite-full	sqlite-successor	com.foggyframework.dataset.db.model.engine.compose.authority.AuthorityResolutionPipelineTest	6dba0e3c15f6332c060e0bde1e2ba3069d6d11304227df954234b00817148f6c	20260714T084351Z-3271604
v933-node|24:20260714T084351Z-3271604|11:sqlite-full|16:sqlite-successor|112:com.foggyframework.dataset.db.model.engine.compose.authority.BaseModelPlanCollectorTest$CollectFromBaseOrDerived	SQLITE_FULL	sqlite-full	sqlite-successor	com.foggyframework.dataset.db.model.engine.compose.authority.BaseModelPlanCollectorTest$CollectFromBaseOrDerived	1b3d8032c938a938675488793c4db8505ff3f7d9a64dc9270701221277c6308a	20260714T084351Z-3271604
v933-node|24:20260714T084351Z-3271604|11:sqlite-full|16:sqlite-successor|107:com.foggyframework.dataset.db.model.engine.compose.authority.BaseModelPlanCollectorTest$CollectFromDeepTree	SQLITE_FULL	sqlite-full	sqlite-successor	com.foggyframework.dataset.db.model.engine.compose.authority.BaseModelPlanCollectorTest$CollectFromDeepTree	9cee7c23a1c6985499237d57a9a93e11c0831a597c791fdbe79000eb21a7d0f5	20260714T084351Z-3271604
v933-node|24:20260714T084351Z-3271604|11:sqlite-full|16:sqlite-successor|103:com.foggyframework.dataset.db.model.engine.compose.authority.BaseModelPlanCollectorTest$CollectFromJoin	SQLITE_FULL	sqlite-full	sqlite-successor	com.foggyframework.dataset.db.model.engine.compose.authority.BaseModelPlanCollectorTest$CollectFromJoin	75a64b2289621cf984929f2a1499deb28005842f32579387880d606789d5f30d	20260714T084351Z-3271604
v933-node|24:20260714T084351Z-3271604|11:sqlite-full|16:sqlite-successor|104:com.foggyframework.dataset.db.model.engine.compose.authority.BaseModelPlanCollectorTest$CollectFromUnion	SQLITE_FULL	sqlite-full	sqlite-successor	com.foggyframework.dataset.db.model.engine.compose.authority.BaseModelPlanCollectorTest$CollectFromUnion	1e2b77ec2816f8f787805b8759e683ce85e543dacc55065dc545b6b7c74bbbba	20260714T084351Z-3271604
v933-node|24:20260714T084351Z-3271604|11:sqlite-full|16:sqlite-successor|98:com.foggyframework.dataset.db.model.engine.compose.authority.BaseModelPlanCollectorTest$FailClosed	SQLITE_FULL	sqlite-full	sqlite-successor	com.foggyframework.dataset.db.model.engine.compose.authority.BaseModelPlanCollectorTest$FailClosed	3d36928e550575b2f49b70a2228157fb6d55973d0305ba2909053d537134e605	20260714T084351Z-3271604
v933-node|24:20260714T084351Z-3271604|11:sqlite-full|16:sqlite-successor|99:com.foggyframework.dataset.db.model.engine.compose.authority.BaseModelPlanCollectorTest$ReturnShape	SQLITE_FULL	sqlite-full	sqlite-successor	com.foggyframework.dataset.db.model.engine.compose.authority.BaseModelPlanCollectorTest$ReturnShape	b0c89f968ef19475afaffec61bb3410ce392b18968f059931228e2fc8142a721	20260714T084351Z-3271604
v933-node|24:20260714T084351Z-3271604|11:sqlite-full|16:sqlite-successor|87:com.foggyframework.dataset.db.model.engine.compose.authority.BaseModelPlanCollectorTest	SQLITE_FULL	sqlite-full	sqlite-successor	com.foggyframework.dataset.db.model.engine.compose.authority.BaseModelPlanCollectorTest	6205a2eeb329b4de433e6851ac654b025b9543fbf6f51f68c5590a01ea549c2b	20260714T084351Z-3271604
v933-node|24:20260714T084351Z-3271604|11:sqlite-full|16:sqlite-successor|93:com.foggyframework.dataset.db.model.engine.compose.authority.FieldAccessApplierTest$BadInputs	SQLITE_FULL	sqlite-full	sqlite-successor	com.foggyframework.dataset.db.model.engine.compose.authority.FieldAccessApplierTest$BadInputs	502c3725f505f33d1ff4f05e1b33b783e885f46eef1fd6b0d2fe40368d0fee5c	20260714T084351Z-3271604
v933-node|24:20260714T084351Z-3271604|11:sqlite-full|16:sqlite-successor|100:com.foggyframework.dataset.db.model.engine.compose.authority.FieldAccessApplierTest$EmptyInputSchema	SQLITE_FULL	sqlite-full	sqlite-successor	com.foggyframework.dataset.db.model.engine.compose.authority.FieldAccessApplierTest$EmptyInputSchema	06d54728af7cb176d350221fbffc3ec77f7a7339662a1b4a9c35428188c03ce5	20260714T084351Z-3271604
v933-node|24:20260714T084351Z-3271604|11:sqlite-full|16:sqlite-successor|100:com.foggyframework.dataset.db.model.engine.compose.authority.FieldAccessApplierTest$FieldAccessEmpty	SQLITE_FULL	sqlite-full	sqlite-successor	com.foggyframework.dataset.db.model.engine.compose.authority.FieldAccessApplierTest$FieldAccessEmpty	d4c435d8ac6f126f5b8bcf73ad343a5550bff22f52539a7f1855279143414147	20260714T084351Z-3271604
v933-node|24:20260714T084351Z-3271604|11:sqlite-full|16:sqlite-successor|99:com.foggyframework.dataset.db.model.engine.compose.authority.FieldAccessApplierTest$FieldAccessNull	SQLITE_FULL	sqlite-full	sqlite-successor	com.foggyframework.dataset.db.model.engine.compose.authority.FieldAccessApplierTest$FieldAccessNull	d26ad3f097766a605eeac953402a8e76e89a3f097aee5dcca52dc4f03a507f54	20260714T084351Z-3271604
v933-node|24:20260714T084351Z-3271604|11:sqlite-full|16:sqlite-successor|115:com.foggyframework.dataset.db.model.engine.compose.authority.FieldAccessApplierTest$IndependentOfOtherBindingFields	SQLITE_FULL	sqlite-full	sqlite-successor	com.foggyframework.dataset.db.model.engine.compose.authority.FieldAccessApplierTest$IndependentOfOtherBindingFields	12d94d4e6f1682d2e8054f8d046932b7feab46ec2c02fbb73378d8b521a72903	20260714T084351Z-3271604
v933-node|24:20260714T084351Z-3271604|11:sqlite-full|16:sqlite-successor|93:com.foggyframework.dataset.db.model.engine.compose.authority.FieldAccessApplierTest$Whitelist	SQLITE_FULL	sqlite-full	sqlite-successor	com.foggyframework.dataset.db.model.engine.compose.authority.FieldAccessApplierTest$Whitelist	3f419a6ffd1a21d34c831469acfc966bc9a23a11cc23d1ad36c3591f17a6c815	20260714T084351Z-3271604
v933-node|24:20260714T084351Z-3271604|11:sqlite-full|16:sqlite-successor|83:com.foggyframework.dataset.db.model.engine.compose.authority.FieldAccessApplierTest	SQLITE_FULL	sqlite-full	sqlite-successor	com.foggyframework.dataset.db.model.engine.compose.authority.FieldAccessApplierTest	8f1c5ca8e20509f3eebe3319ac4e87b445d377ae1b878b4823a8e70b5b3d5755	20260714T084351Z-3271604
v933-node|24:20260714T084351Z-3271604|11:sqlite-full|16:sqlite-successor|87:com.foggyframework.dataset.db.model.engine.compose.authority.ModelInfoProviderSmokeTest	SQLITE_FULL	sqlite-full	sqlite-successor	com.foggyframework.dataset.db.model.engine.compose.authority.ModelInfoProviderSmokeTest	747e856ed9dc9e685a2de2f2dbf67c8a7c84e4bd8bffd03133e0d4b6a48acc75	20260714T084351Z-3271604
v933-node|24:20260714T084351Z-3271604|11:sqlite-full|16:sqlite-successor|82:com.foggyframework.dataset.db.model.engine.compose.capability.CapabilityPolicyTest	SQLITE_FULL	sqlite-full	sqlite-successor	com.foggyframework.dataset.db.model.engine.compose.capability.CapabilityPolicyTest	cc054d93bf122f45f562a1370ce2f9fa4ff56809cc1da70ee5bb4cfa3db64c3a	20260714T084351Z-3271604
v933-node|24:20260714T084351Z-3271604|11:sqlite-full|16:sqlite-successor|84:com.foggyframework.dataset.db.model.engine.compose.capability.CapabilityRegistryTest	SQLITE_FULL	sqlite-full	sqlite-successor	com.foggyframework.dataset.db.model.engine.compose.capability.CapabilityRegistryTest	8fcb63c59438ca4e8f99ff50cd3b0024c51f883cde7562ad5ae89debd3fa5cc8	20260714T084351Z-3271604
v933-node|24:20260714T084351Z-3271604|11:sqlite-full|16:sqlite-successor|84:com.foggyframework.dataset.db.model.engine.compose.capability.FunctionDescriptorTest	SQLITE_FULL	sqlite-full	sqlite-successor	com.foggyframework.dataset.db.model.engine.compose.capability.FunctionDescriptorTest	b068ff635e1924fe753408cba75290e4499eaea9cf229bb3e36660dd1351469d	20260714T084351Z-3271604
v933-node|24:20260714T084351Z-3271604|11:sqlite-full|16:sqlite-successor|94:com.foggyframework.dataset.db.model.engine.compose.capability.ObjectFacadePauseIntegrationTest	SQLITE_FULL	sqlite-full	sqlite-successor	com.foggyframework.dataset.db.model.engine.compose.capability.ObjectFacadePauseIntegrationTest	2ba7a36f795119d9a076b0fa1c7cab45ce72f07177eee62d72b7934c4be12237	20260714T084351Z-3271604
v933-node|24:20260714T084351Z-3271604|11:sqlite-full|16:sqlite-successor|83:com.foggyframework.dataset.db.model.engine.compose.capability.ObjectFacadeProxyTest	SQLITE_FULL	sqlite-full	sqlite-successor	com.foggyframework.dataset.db.model.engine.compose.capability.ObjectFacadeProxyTest	5fb468685d262f2b4ab9c8572e4b973eaa76b3493348e0b5595f174b3ea58e4f	20260714T084351Z-3271604
v933-node|24:20260714T084351Z-3271604|11:sqlite-full|16:sqlite-successor|89:com.foggyframework.dataset.db.model.engine.compose.capability.SqlExpFactoryCapabilityTest	SQLITE_FULL	sqlite-full	sqlite-successor	com.foggyframework.dataset.db.model.engine.compose.capability.SqlExpFactoryCapabilityTest	aa32c1c84a39d7002657c6b3b2466d289c33cacc0dccc57250816374e76f09f5	20260714T084351Z-3271604
v933-node|24:20260714T084351Z-3271604|11:sqlite-full|16:sqlite-successor|87:com.foggyframework.dataset.db.model.engine.compose.compilation.BaseSubqueryLoweringTest	SQLITE_FULL	sqlite-full	sqlite-successor	com.foggyframework.dataset.db.model.engine.compose.compilation.BaseSubqueryLoweringTest	ea534756767d13171f84373d77576b5bc3eac7b40d6f6f7af0974147ef03e899	20260714T084351Z-3271604
v933-node|24:20260714T084351Z-3271604|11:sqlite-full|16:sqlite-successor|91:com.foggyframework.dataset.db.model.engine.compose.compilation.ComposeCompileErrorCodesTest	SQLITE_FULL	sqlite-full	sqlite-successor	com.foggyframework.dataset.db.model.engine.compose.compilation.ComposeCompileErrorCodesTest	74044f971faf150d4255759603803931bb00c902da7433f1c14c4e2dce503485	20260714T084351Z-3271604
v933-node|24:20260714T084351Z-3271604|11:sqlite-full|16:sqlite-successor|90:com.foggyframework.dataset.db.model.engine.compose.compilation.ComposeCompileExceptionTest	SQLITE_FULL	sqlite-full	sqlite-successor	com.foggyframework.dataset.db.model.engine.compose.compilation.ComposeCompileExceptionTest	cc4fd7bde10721ca7329546b02ab1ebf3d23715312a483737526ffa13ef31f6c	20260714T084351Z-3271604
v933-node|24:20260714T084351Z-3271604|11:sqlite-full|16:sqlite-successor|88:com.foggyframework.dataset.db.model.engine.compose.compilation.ComposePlannerCteWrapTest	SQLITE_FULL	sqlite-full	sqlite-successor	com.foggyframework.dataset.db.model.engine.compose.compilation.ComposePlannerCteWrapTest	136de7d624c428c79ee7f72fb49dc3fcb74e40f4703f506645dbae64f278f579	20260714T084351Z-3271604
v933-node|24:20260714T084351Z-3271604|11:sqlite-full|16:sqlite-successor|90:com.foggyframework.dataset.db.model.engine.compose.compilation.ComposeRelationCompilerTest	SQLITE_FULL	sqlite-full	sqlite-successor	com.foggyframework.dataset.db.model.engine.compose.compilation.ComposeRelationCompilerTest	1ff8836aeb351b7fe91a358deb7135da72044010011e1f9cdb218d08e202b76a	20260714T084351Z-3271604
v933-node|24:20260714T084351Z-3271604|11:sqlite-full|16:sqlite-successor|85:com.foggyframework.dataset.db.model.engine.compose.compilation.ComposeSqlCompilerTest	SQLITE_FULL	sqlite-full	sqlite-successor	com.foggyframework.dataset.db.model.engine.compose.compilation.ComposeSqlCompilerTest	ab90aa9e64cde24042ccaf5855d673b56805dd95e8cc89e6a7c59f07f01271a3	20260714T084351Z-3271604
v933-node|24:20260714T084351Z-3271604|11:sqlite-full|16:sqlite-successor|82:com.foggyframework.dataset.db.model.engine.compose.compilation.DerivedLoweringTest	SQLITE_FULL	sqlite-full	sqlite-successor	com.foggyframework.dataset.db.model.engine.compose.compilation.DerivedLoweringTest	79c276420b43fa295870a5a40ed46a19761a72a3eedee4c640725fc894922da4	20260714T084351Z-3271604
v933-node|24:20260714T084351Z-3271604|11:sqlite-full|16:sqlite-successor|82:com.foggyframework.dataset.db.model.engine.compose.compilation.DialectFallbackTest	SQLITE_FULL	sqlite-full	sqlite-successor	com.foggyframework.dataset.db.model.engine.compose.compilation.DialectFallbackTest	6f7b34964ffe5beb550b3418b387fa44ff4017b3b5c7597313027045c47673f1	20260714T084351Z-3271604
v933-node|24:20260714T084351Z-3271604|11:sqlite-full|16:sqlite-successor|105:com.foggyframework.dataset.db.model.engine.compose.compilation.FluentApiCompileTest$FluentJoinCompilation	SQLITE_FULL	sqlite-full	sqlite-successor	com.foggyframework.dataset.db.model.engine.compose.compilation.FluentApiCompileTest$FluentJoinCompilation	259b223c3774100be64c8305bfe4c1c105e4755e13d986f7abe075c0f299f2d6	20260714T084351Z-3271604
v933-node|24:20260714T084351Z-3271604|11:sqlite-full|16:sqlite-successor|102:com.foggyframework.dataset.db.model.engine.compose.compilation.FluentApiCompileTest$IntermediateStages	SQLITE_FULL	sqlite-full	sqlite-successor	com.foggyframework.dataset.db.model.engine.compose.compilation.FluentApiCompileTest$IntermediateStages	57e2130934ef451fcd982825f126b4bef2d0dc6f025ee02878723d43b16f4e9e	20260714T084351Z-3271604
v933-node|24:20260714T084351Z-3271604|11:sqlite-full|16:sqlite-successor|110:com.foggyframework.dataset.db.model.engine.compose.compilation.FluentApiCompileTest$ProjectedColumnExpressions	SQLITE_FULL	sqlite-full	sqlite-successor	com.foggyframework.dataset.db.model.engine.compose.compilation.FluentApiCompileTest$ProjectedColumnExpressions	4627eb68b220ba41f9e1d9d6f2a580a4757002973c8078fe6cab1a336132ef81	20260714T084351Z-3271604
v933-node|24:20260714T084351Z-3271604|11:sqlite-full|16:sqlite-successor|103:com.foggyframework.dataset.db.model.engine.compose.compilation.FluentApiCompileTest$QueryFactoryCompile	SQLITE_FULL	sqlite-full	sqlite-successor	com.foggyframework.dataset.db.model.engine.compose.compilation.FluentApiCompileTest$QueryFactoryCompile	f84507ed32d00c701c9717d79dcf32fd62f73fbf279f7528728dd87a1e67b5f2	20260714T084351Z-3271604
v933-node|24:20260714T084351Z-3271604|11:sqlite-full|16:sqlite-successor|103:com.foggyframework.dataset.db.model.engine.compose.compilation.FluentApiCompileTest$TwoStageAggregation	SQLITE_FULL	sqlite-full	sqlite-successor	com.foggyframework.dataset.db.model.engine.compose.compilation.FluentApiCompileTest$TwoStageAggregation	365e1a659b88efd68a793f85672778c0dc21f25de15edf8b66a93ef7bfc53bf2	20260714T084351Z-3271604
v933-node|24:20260714T084351Z-3271604|11:sqlite-full|16:sqlite-successor|106:com.foggyframework.dataset.db.model.engine.compose.compilation.FluentApiCompileTest$WindowFrameCompilation	SQLITE_FULL	sqlite-full	sqlite-successor	com.foggyframework.dataset.db.model.engine.compose.compilation.FluentApiCompileTest$WindowFrameCompilation	b42122f0db9a704744bd2709d5f661c0b65acca3268256bdf4c19cba805c08d9	20260714T084351Z-3271604
v933-node|24:20260714T084351Z-3271604|11:sqlite-full|16:sqlite-successor|83:com.foggyframework.dataset.db.model.engine.compose.compilation.FluentApiCompileTest	SQLITE_FULL	sqlite-full	sqlite-successor	com.foggyframework.dataset.db.model.engine.compose.compilation.FluentApiCompileTest	5f7dfd7189ca25700d5296071492325ffbef52bd4dc65710729234896b9a220d	20260714T084351Z-3271604
v933-node|24:20260714T084351Z-3271604|11:sqlite-full|16:sqlite-successor|86:com.foggyframework.dataset.db.model.engine.compose.compilation.JavaComposeSnapshotTest	SQLITE_FULL	sqlite-full	sqlite-successor	com.foggyframework.dataset.db.model.engine.compose.compilation.JavaComposeSnapshotTest	0b015eb46429673014cd0849da0dabe906c004b76e82463b62ed6dbc57199c10	20260714T084351Z-3271604
v933-node|24:20260714T084351Z-3271604|11:sqlite-full|16:sqlite-successor|78:com.foggyframework.dataset.db.model.engine.compose.compilation.JoinCompileTest	SQLITE_FULL	sqlite-full	sqlite-successor	com.foggyframework.dataset.db.model.engine.compose.compilation.JoinCompileTest	fdbb56c88d1956aee45d438df741a547b9892c0e961fe2d4a4c8f3ed9d9f188d	20260714T084351Z-3271604
v933-node|24:20260714T084351Z-3271604|11:sqlite-full|16:sqlite-successor|81:com.foggyframework.dataset.db.model.engine.compose.compilation.PerBaseCompileTest	SQLITE_FULL	sqlite-full	sqlite-successor	com.foggyframework.dataset.db.model.engine.compose.compilation.PerBaseCompileTest	dc47ffab8815ed482d0021d060f42cb29089f9b06d657358bc479af11108af54	20260714T084351Z-3271604
v933-node|24:20260714T084351Z-3271604|11:sqlite-full|16:sqlite-successor|111:com.foggyframework.dataset.db.model.engine.compose.compilation.PlanAwareCompileExpressionTest$FlagOffIgnoresMap	SQLITE_FULL	sqlite-full	sqlite-successor	com.foggyframework.dataset.db.model.engine.compose.compilation.PlanAwareCompileExpressionTest$FlagOffIgnoresMap	3b7baedbdf85c13f9dc9e8985a7357d667d8375fb0bd66c070e0a1f08ece5873	20260714T084351Z-3271604
v933-node|24:20260714T084351Z-3271604|11:sqlite-full|16:sqlite-successor|114:com.foggyframework.dataset.db.model.engine.compose.compilation.PlanAwareCompileExpressionTest$FlagOnAliasQualified	SQLITE_FULL	sqlite-full	sqlite-successor	com.foggyframework.dataset.db.model.engine.compose.compilation.PlanAwareCompileExpressionTest$FlagOnAliasQualified	28e068f93ce4a91a8d9e3024a6e469d11b929f0d78e8dd9c7d44f474ff32a632	20260714T084351Z-3271604
v933-node|24:20260714T084351Z-3271604|11:sqlite-full|16:sqlite-successor|110:com.foggyframework.dataset.db.model.engine.compose.compilation.PlanAwareCompileExpressionTest$LegacyOrEmptyMap	SQLITE_FULL	sqlite-full	sqlite-successor	com.foggyframework.dataset.db.model.engine.compose.compilation.PlanAwareCompileExpressionTest$LegacyOrEmptyMap	4150af84d4f0a670d0867308f3bbd129ef1dd520a817f2f96d27625d0165ceee	20260714T084351Z-3271604
v933-node|24:20260714T084351Z-3271604|11:sqlite-full|16:sqlite-successor|93:com.foggyframework.dataset.db.model.engine.compose.compilation.PlanAwareCompileExpressionTest	SQLITE_FULL	sqlite-full	sqlite-successor	com.foggyframework.dataset.db.model.engine.compose.compilation.PlanAwareCompileExpressionTest	2ec4ea5f878dc62b8f8051b3400599d7741c5f4ae8642a41520c3892ba6c1dde	20260714T084351Z-3271604
v933-node|24:20260714T084351Z-3271604|11:sqlite-full|16:sqlite-successor|84:com.foggyframework.dataset.db.model.engine.compose.compilation.PlanAwareLoweringTest	SQLITE_FULL	sqlite-full	sqlite-successor	com.foggyframework.dataset.db.model.engine.compose.compilation.PlanAwareLoweringTest	0bb6580b7ecfc5e7b0e4567dc7ca2b875da841f6b2291f27ce8eecf864c8ac09	20260714T084351Z-3271604
v933-node|24:20260714T084351Z-3271604|11:sqlite-full|16:sqlite-successor|75:com.foggyframework.dataset.db.model.engine.compose.compilation.PlanHashTest	SQLITE_FULL	sqlite-full	sqlite-successor	com.foggyframework.dataset.db.model.engine.compose.compilation.PlanHashTest	25eba02eb8ad56fd275a68dee2c657c71971b2c1047df13dbd026dd896b95f70	20260714T084351Z-3271604
v933-node|24:20260714T084351Z-3271604|11:sqlite-full|16:sqlite-successor|92:com.foggyframework.dataset.db.model.engine.compose.compilation.RelationOuterQueryBuilderTest	SQLITE_FULL	sqlite-full	sqlite-successor	com.foggyframework.dataset.db.model.engine.compose.compilation.RelationOuterQueryBuilderTest	7d91302691179dde07ca1f3a253a2201ab590bfaf03ce141f700710969abf379	20260714T084351Z-3271604
v933-node|24:20260714T084351Z-3271604|11:sqlite-full|16:sqlite-successor|79:com.foggyframework.dataset.db.model.engine.compose.compilation.UnionCompileTest	SQLITE_FULL	sqlite-full	sqlite-successor	com.foggyframework.dataset.db.model.engine.compose.compilation.UnionCompileTest	9c86b119e79e734ebecfb1c47f3aa70d9be26c7816c6348f9a8454bc59e0d151	20260714T084351Z-3271604
v933-node|24:20260714T084351Z-3271604|11:sqlite-full|16:sqlite-successor|82:com.foggyframework.dataset.db.model.engine.compose.context.ComposeQueryContextTest	SQLITE_FULL	sqlite-full	sqlite-successor	com.foggyframework.dataset.db.model.engine.compose.context.ComposeQueryContextTest	110aa1025547bf507a301b8b535bfedde305eb3deb2cf0ec13ddbea43a4c96c4	20260714T084351Z-3271604
v933-node|24:20260714T084351Z-3271604|11:sqlite-full|16:sqlite-successor|72:com.foggyframework.dataset.db.model.engine.compose.context.PrincipalTest	SQLITE_FULL	sqlite-full	sqlite-successor	com.foggyframework.dataset.db.model.engine.compose.context.PrincipalTest	4982c676ff308dea346221268e774de6cfa042b169cf3b28c2ee933bdc117c00	20260714T084351Z-3271604
v933-node|24:20260714T084351Z-3271604|11:sqlite-full|16:sqlite-successor|90:com.foggyframework.dataset.db.model.engine.compose.normalization.PlanNormalizePipelineTest	SQLITE_FULL	sqlite-full	sqlite-successor	com.foggyframework.dataset.db.model.engine.compose.normalization.PlanNormalizePipelineTest	011750045f4546291d92d4773dd6ecd447f0e3254c8122c7fd0f9c210ff4fb24	20260714T084351Z-3271604
v933-node|24:20260714T084351Z-3271604|11:sqlite-full|16:sqlite-successor|86:com.foggyframework.dataset.db.model.engine.compose.plan.BaseModelPlanTest$Construction	SQLITE_FULL	sqlite-full	sqlite-successor	com.foggyframework.dataset.db.model.engine.compose.plan.BaseModelPlanTest$Construction	9c11f47deb4a87f0abd0229f813d9fe352a6e3c2fac6d9d98616db139ae8e59f	20260714T084351Z-3271604
v933-node|24:20260714T084351Z-3271604|11:sqlite-full|16:sqlite-successor|102:com.foggyframework.dataset.db.model.engine.compose.plan.BaseModelPlanTest$ExecuteAndToSqlWithoutBundle	SQLITE_FULL	sqlite-full	sqlite-successor	com.foggyframework.dataset.db.model.engine.compose.plan.BaseModelPlanTest$ExecuteAndToSqlWithoutBundle	67ef04d8955e0905235624bfe042041a52fd2f4a69f18492e2c1100b3c4ada65	20260714T084351Z-3271604
v933-node|24:20260714T084351Z-3271604|11:sqlite-full|16:sqlite-successor|86:com.foggyframework.dataset.db.model.engine.compose.plan.BaseModelPlanTest$Immutability	SQLITE_FULL	sqlite-full	sqlite-successor	com.foggyframework.dataset.db.model.engine.compose.plan.BaseModelPlanTest$Immutability	3e5dbd0c00cd29d00a7d40d1260f5e5a5518e707855800a3b23356e306e8dab3	20260714T084351Z-3271604
v933-node|24:20260714T084351Z-3271604|11:sqlite-full|16:sqlite-successor|85:com.foggyframework.dataset.db.model.engine.compose.plan.BaseModelPlanTest$IsQueryPlan	SQLITE_FULL	sqlite-full	sqlite-successor	com.foggyframework.dataset.db.model.engine.compose.plan.BaseModelPlanTest$IsQueryPlan	29efe2346e1a8f95d88c094a04de11da918d4e3757d99b60da9c0b15bc108260	20260714T084351Z-3271604
v933-node|24:20260714T084351Z-3271604|11:sqlite-full|16:sqlite-successor|82:com.foggyframework.dataset.db.model.engine.compose.plan.BaseModelPlanTest$TreeWalk	SQLITE_FULL	sqlite-full	sqlite-successor	com.foggyframework.dataset.db.model.engine.compose.plan.BaseModelPlanTest$TreeWalk	3764d3c581a2f3c84105c4bf3a924420419c134bb74ce389651c9d82f788bc96	20260714T084351Z-3271604
v933-node|24:20260714T084351Z-3271604|11:sqlite-full|16:sqlite-successor|73:com.foggyframework.dataset.db.model.engine.compose.plan.BaseModelPlanTest	SQLITE_FULL	sqlite-full	sqlite-successor	com.foggyframework.dataset.db.model.engine.compose.plan.BaseModelPlanTest	317b7bd3c2eaf91bc3470d4e0ac293746819051da25d48dbe7249d885ff61a59	20260714T084351Z-3271604
v933-node|24:20260714T084351Z-3271604|11:sqlite-full|16:sqlite-successor|94:com.foggyframework.dataset.db.model.engine.compose.plan.ColumnObjectNormalizerF5Test$HappyPath	SQLITE_FULL	sqlite-full	sqlite-successor	com.foggyframework.dataset.db.model.engine.compose.plan.ColumnObjectNormalizerF5Test$HappyPath	5b61dd5efa4b1a5d9ff5a65f60165af8020bff03fde6ff7bf78d90767e094efc	20260714T084351Z-3271604
v933-node|24:20260714T084351Z-3271604|11:sqlite-full|16:sqlite-successor|110:com.foggyframework.dataset.db.model.engine.compose.plan.ColumnObjectNormalizerF5Test$LegacyStringPathRejection	SQLITE_FULL	sqlite-full	sqlite-successor	com.foggyframework.dataset.db.model.engine.compose.plan.ColumnObjectNormalizerF5Test$LegacyStringPathRejection	302df9c6b21c46e25e2aba5b7a52c67352b614ba5c71bb115ea075fbcb4c3f5f	20260714T084351Z-3271604
v933-node|24:20260714T084351Z-3271604|11:sqlite-full|16:sqlite-successor|95:com.foggyframework.dataset.db.model.engine.compose.plan.ColumnObjectNormalizerF5Test$Validation	SQLITE_FULL	sqlite-full	sqlite-successor	com.foggyframework.dataset.db.model.engine.compose.plan.ColumnObjectNormalizerF5Test$Validation	d1c15e2b0c976587ccb3129963304d71bf1684f767a1f724823fb8a646f67a2a	20260714T084351Z-3271604
v933-node|24:20260714T084351Z-3271604|11:sqlite-full|16:sqlite-successor|84:com.foggyframework.dataset.db.model.engine.compose.plan.ColumnObjectNormalizerF5Test	SQLITE_FULL	sqlite-full	sqlite-successor	com.foggyframework.dataset.db.model.engine.compose.plan.ColumnObjectNormalizerF5Test	e5ee67413a625817a1443bf31b6bb9ea34d60df0a5e7bca7d62a4b342a896dfe	20260714T084351Z-3271604
v933-node|24:20260714T084351Z-3271604|11:sqlite-full|16:sqlite-successor|78:com.foggyframework.dataset.db.model.engine.compose.plan.ColumnsApiContractTest	SQLITE_FULL	sqlite-full	sqlite-successor	com.foggyframework.dataset.db.model.engine.compose.plan.ColumnsApiContractTest	66e15f06f88cf2f1e553a0b4c74ca86aebb43fbfb48c857cb4d5466c2dd74b53	20260714T084351Z-3271604
v933-node|24:20260714T084351Z-3271604|11:sqlite-full|16:sqlite-successor|92:com.foggyframework.dataset.db.model.engine.compose.plan.DerivedQueryPlanTest$ChainQuerySugar	SQLITE_FULL	sqlite-full	sqlite-successor	com.foggyframework.dataset.db.model.engine.compose.plan.DerivedQueryPlanTest$ChainQuerySugar	b9ccd77318f7b5bde627d0e3ac4b9debfa0580cbf65a05edb3bc14d2d1098f10	20260714T084351Z-3271604
v933-node|24:20260714T084351Z-3271604|11:sqlite-full|16:sqlite-successor|89:com.foggyframework.dataset.db.model.engine.compose.plan.DerivedQueryPlanTest$Construction	SQLITE_FULL	sqlite-full	sqlite-successor	com.foggyframework.dataset.db.model.engine.compose.plan.DerivedQueryPlanTest$Construction	674b791e72b4eccf5780bbad598ce45d98d758769506b9420abcf7ed39af548a	20260714T084351Z-3271604
v933-node|24:20260714T084351Z-3271604|11:sqlite-full|16:sqlite-successor|102:com.foggyframework.dataset.db.model.engine.compose.plan.DerivedQueryPlanTest$ExecuteToSqlWithoutBundle	SQLITE_FULL	sqlite-full	sqlite-successor	com.foggyframework.dataset.db.model.engine.compose.plan.DerivedQueryPlanTest$ExecuteToSqlWithoutBundle	3e832659093782e9360940fc6d31fe3852845bffb4c5cac144b4b8c08f3b06c7	20260714T084351Z-3271604
v933-node|24:20260714T084351Z-3271604|11:sqlite-full|16:sqlite-successor|89:com.foggyframework.dataset.db.model.engine.compose.plan.DerivedQueryPlanTest$Immutability	SQLITE_FULL	sqlite-full	sqlite-successor	com.foggyframework.dataset.db.model.engine.compose.plan.DerivedQueryPlanTest$Immutability	74c45fd7d5ed049a175c1421a50fdbf7bdfa3fb445624f13f74563bff8a61e90	20260714T084351Z-3271604
v933-node|24:20260714T084351Z-3271604|11:sqlite-full|16:sqlite-successor|87:com.foggyframework.dataset.db.model.engine.compose.plan.DerivedQueryPlanTest$IsInstance	SQLITE_FULL	sqlite-full	sqlite-successor	com.foggyframework.dataset.db.model.engine.compose.plan.DerivedQueryPlanTest$IsInstance	a428b0ec9920565a9e816a171e697087b25247463c2551c120074790c41981f6	20260714T084351Z-3271604
v933-node|24:20260714T084351Z-3271604|11:sqlite-full|16:sqlite-successor|85:com.foggyframework.dataset.db.model.engine.compose.plan.DerivedQueryPlanTest$TreeWalk	SQLITE_FULL	sqlite-full	sqlite-successor	com.foggyframework.dataset.db.model.engine.compose.plan.DerivedQueryPlanTest$TreeWalk	a315e26647e9d18670abbdeeb7de4f570bf43c5daebc22a176bbb42671c42d92	20260714T084351Z-3271604
v933-node|24:20260714T084351Z-3271604|11:sqlite-full|16:sqlite-successor|76:com.foggyframework.dataset.db.model.engine.compose.plan.DerivedQueryPlanTest	SQLITE_FULL	sqlite-full	sqlite-successor	com.foggyframework.dataset.db.model.engine.compose.plan.DerivedQueryPlanTest	363742d53674f251555ad8767eef9c952371e6828434fae512a428a93d152f1a	20260714T084351Z-3271604
v933-node|24:20260714T084351Z-3271604|11:sqlite-full|16:sqlite-successor|90:com.foggyframework.dataset.db.model.engine.compose.plan.FluentApiTest$AggregateColumnTests	SQLITE_FULL	sqlite-full	sqlite-successor	com.foggyframework.dataset.db.model.engine.compose.plan.FluentApiTest$AggregateColumnTests	3afea7e6ddc67f43809efa0d9064e2d4825bc0b834f3dca94effda94405e6986	20260714T084351Z-3271604
v933-node|24:20260714T084351Z-3271604|11:sqlite-full|16:sqlite-successor|83:com.foggyframework.dataset.db.model.engine.compose.plan.FluentApiTest$EndToEndTests	SQLITE_FULL	sqlite-full	sqlite-successor	com.foggyframework.dataset.db.model.engine.compose.plan.FluentApiTest$EndToEndTests	c47bbb771c4fae2342274cfaea6240ddae33fbf7ea5beb28790db97a7dc11155	20260714T084351Z-3271604
v933-node|24:20260714T084351Z-3271604|11:sqlite-full|16:sqlite-successor|88:com.foggyframework.dataset.db.model.engine.compose.plan.FluentApiTest$FluentBuilderTests	SQLITE_FULL	sqlite-full	sqlite-successor	com.foggyframework.dataset.db.model.engine.compose.plan.FluentApiTest$FluentBuilderTests	c50fba40c8158a36bbb7c002fb292cf6762a91180442952cd3cc79d6ff9ad313	20260714T084351Z-3271604
v933-node|24:20260714T084351Z-3271604|11:sqlite-full|16:sqlite-successor|86:com.foggyframework.dataset.db.model.engine.compose.plan.FluentApiTest$JoinBuilderTests	SQLITE_FULL	sqlite-full	sqlite-successor	com.foggyframework.dataset.db.model.engine.compose.plan.FluentApiTest$JoinBuilderTests	095797db799727723b02e5f6e394ec790c78fa29d2048940410013d998225c1e	20260714T084351Z-3271604
v933-node|24:20260714T084351Z-3271604|11:sqlite-full|16:sqlite-successor|88:com.foggyframework.dataset.db.model.engine.compose.plan.FluentApiTest$PlanColumnRefTests	SQLITE_FULL	sqlite-full	sqlite-successor	com.foggyframework.dataset.db.model.engine.compose.plan.FluentApiTest$PlanColumnRefTests	97c2aec1d5fb4934bbb12da7551489e6a777bbd3755dc2139e55e0b4c94e60d0	20260714T084351Z-3271604
v933-node|24:20260714T084351Z-3271604|11:sqlite-full|16:sqlite-successor|89:com.foggyframework.dataset.db.model.engine.compose.plan.FluentApiTest$PropertyHolderTests	SQLITE_FULL	sqlite-full	sqlite-successor	com.foggyframework.dataset.db.model.engine.compose.plan.FluentApiTest$PropertyHolderTests	b4d8fcd57a4433d8afa67e4993aa091d190982c048cdebd5e69ba60f4cd95a9e	20260714T084351Z-3271604
v933-node|24:20260714T084351Z-3271604|11:sqlite-full|16:sqlite-successor|87:com.foggyframework.dataset.db.model.engine.compose.plan.FluentApiTest$QueryFactoryTests	SQLITE_FULL	sqlite-full	sqlite-successor	com.foggyframework.dataset.db.model.engine.compose.plan.FluentApiTest$QueryFactoryTests	5e4aba865f2ffe62426d5127643798c22c8b37c54254dc9d16642b5c9085b803	20260714T084351Z-3271604
v933-node|24:20260714T084351Z-3271604|11:sqlite-full|16:sqlite-successor|89:com.foggyframework.dataset.db.model.engine.compose.plan.FluentApiTest$WindowFunctionTests	SQLITE_FULL	sqlite-full	sqlite-successor	com.foggyframework.dataset.db.model.engine.compose.plan.FluentApiTest$WindowFunctionTests	b8385cc07bd8712fd42b093e194bd7520020ecad5f93c757195bd837dfb5178a	20260714T084351Z-3271604
v933-node|24:20260714T084351Z-3271604|11:sqlite-full|16:sqlite-successor|69:com.foggyframework.dataset.db.model.engine.compose.plan.FluentApiTest	SQLITE_FULL	sqlite-full	sqlite-successor	com.foggyframework.dataset.db.model.engine.compose.plan.FluentApiTest	f21333652cbbed33a282792381b6b5e5abc103985a10e3098a3137bfcd5ad3ed	20260714T084351Z-3271604
v933-node|24:20260714T084351Z-3271604|11:sqlite-full|16:sqlite-successor|87:com.foggyframework.dataset.db.model.engine.compose.plan.FromEntryTest$KernelEquivalence	SQLITE_FULL	sqlite-full	sqlite-successor	com.foggyframework.dataset.db.model.engine.compose.plan.FromEntryTest$KernelEquivalence	4a62afdc54c6b53b62e28e4fc6b821510729bcd0d8337a7ff946dbc612df2ac5	20260714T084351Z-3271604
v933-node|24:20260714T084351Z-3271604|11:sqlite-full|16:sqlite-successor|96:com.foggyframework.dataset.db.model.engine.compose.plan.FromEntryTest$ModelSourceMutualExclusion	SQLITE_FULL	sqlite-full	sqlite-successor	com.foggyframework.dataset.db.model.engine.compose.plan.FromEntryTest$ModelSourceMutualExclusion	70bd51815e259abdea6eac0321558d7718a19337092f90470468aba86f5c1175	20260714T084351Z-3271604
v933-node|24:20260714T084351Z-3271604|11:sqlite-full|16:sqlite-successor|95:com.foggyframework.dataset.db.model.engine.compose.plan.FromEntryTest$OptionalFieldsPropagation	SQLITE_FULL	sqlite-full	sqlite-successor	com.foggyframework.dataset.db.model.engine.compose.plan.FromEntryTest$OptionalFieldsPropagation	8cfb91f3fd35a2487c5640aad690143cbb6a9bb71fdd81f12e7f3d30a9727495	20260714T084351Z-3271604
v933-node|24:20260714T084351Z-3271604|11:sqlite-full|16:sqlite-successor|85:com.foggyframework.dataset.db.model.engine.compose.plan.FromEntryTest$ShapeValidation	SQLITE_FULL	sqlite-full	sqlite-successor	com.foggyframework.dataset.db.model.engine.compose.plan.FromEntryTest$ShapeValidation	74cc5140122d37bed911c2401f8f3b1b558b70f94441bc8d0aaa466382f58f5a	20260714T084351Z-3271604
v933-node|24:20260714T084351Z-3271604|11:sqlite-full|16:sqlite-successor|69:com.foggyframework.dataset.db.model.engine.compose.plan.FromEntryTest	SQLITE_FULL	sqlite-full	sqlite-successor	com.foggyframework.dataset.db.model.engine.compose.plan.FromEntryTest	c4d4d7a0a7eda8dbc130f70ee40167ea0d45976c43f56549970e83b9eadfbff4	20260714T084351Z-3271604
v933-node|24:20260714T084351Z-3271604|11:sqlite-full|16:sqlite-successor|74:com.foggyframework.dataset.db.model.engine.compose.plan.JoinPlanTest$Chain	SQLITE_FULL	sqlite-full	sqlite-successor	com.foggyframework.dataset.db.model.engine.compose.plan.JoinPlanTest$Chain	1ce909f03c182bb07661085760f6097968977c9d24a853268f29d6d4bf201566	20260714T084351Z-3271604
v933-node|24:20260714T084351Z-3271604|11:sqlite-full|16:sqlite-successor|81:com.foggyframework.dataset.db.model.engine.compose.plan.JoinPlanTest$Construction	SQLITE_FULL	sqlite-full	sqlite-successor	com.foggyframework.dataset.db.model.engine.compose.plan.JoinPlanTest$Construction	ca16a0edac3d07e14db1fc883af8e68843c3a45f171ce40f9e3da9203c077557	20260714T084351Z-3271604
v933-node|24:20260714T084351Z-3271604|11:sqlite-full|16:sqlite-successor|79:com.foggyframework.dataset.db.model.engine.compose.plan.JoinPlanTest$IsInstance	SQLITE_FULL	sqlite-full	sqlite-successor	com.foggyframework.dataset.db.model.engine.compose.plan.JoinPlanTest$IsInstance	d07a2321e8aa5457921843a646abc15ee09a3b168046c256b65ba0317a4e03c8	20260714T084351Z-3271604
v933-node|24:20260714T084351Z-3271604|11:sqlite-full|16:sqlite-successor|80:com.foggyframework.dataset.db.model.engine.compose.plan.JoinPlanTest$JoinOnTests	SQLITE_FULL	sqlite-full	sqlite-successor	com.foggyframework.dataset.db.model.engine.compose.plan.JoinPlanTest$JoinOnTests	72c9faf0266a07392a99bc16bd9ba324c2b32dfacebcfa7ce16b24e21fbe37ba	20260714T084351Z-3271604
v933-node|24:20260714T084351Z-3271604|11:sqlite-full|16:sqlite-successor|77:com.foggyframework.dataset.db.model.engine.compose.plan.JoinPlanTest$TreeWalk	SQLITE_FULL	sqlite-full	sqlite-successor	com.foggyframework.dataset.db.model.engine.compose.plan.JoinPlanTest$TreeWalk	95cf035b792c06e0f023698f7314842f46b7fe98050b84d2124aba244a8ce761	20260714T084351Z-3271604
v933-node|24:20260714T084351Z-3271604|11:sqlite-full|16:sqlite-successor|68:com.foggyframework.dataset.db.model.engine.compose.plan.JoinPlanTest	SQLITE_FULL	sqlite-full	sqlite-successor	com.foggyframework.dataset.db.model.engine.compose.plan.JoinPlanTest	25b9836313dbf27e5f479e7d1ebe8b35c7a55b7ae41cf57049e7a901274a8ce2	20260714T084351Z-3271604
v933-node|24:20260714T084351Z-3271604|11:sqlite-full|16:sqlite-successor|98:com.foggyframework.dataset.db.model.engine.compose.plan.PlanCompositionTest$BaseModelPlansPreorder	SQLITE_FULL	sqlite-full	sqlite-successor	com.foggyframework.dataset.db.model.engine.compose.plan.PlanCompositionTest$BaseModelPlansPreorder	3e959a41ce730c3b28337b051648758590af35bc21ec5763a16e0d4d3beb11d1	20260714T084351Z-3271604
v933-node|24:20260714T084351Z-3271604|11:sqlite-full|16:sqlite-successor|91:com.foggyframework.dataset.db.model.engine.compose.plan.PlanCompositionTest$LayerCWhitelist	SQLITE_FULL	sqlite-full	sqlite-successor	com.foggyframework.dataset.db.model.engine.compose.plan.PlanCompositionTest$LayerCWhitelist	f882837ab64d7a0af884a9343f5c7ea693f05fb32dc5581a360063f242e53017	20260714T084351Z-3271604
v933-node|24:20260714T084351Z-3271604|11:sqlite-full|16:sqlite-successor|96:com.foggyframework.dataset.db.model.engine.compose.plan.PlanCompositionTest$MultiLevelDerivation	SQLITE_FULL	sqlite-full	sqlite-successor	com.foggyframework.dataset.db.model.engine.compose.plan.PlanCompositionTest$MultiLevelDerivation	48f0369ef15a0e88d457a5504718fb24d10492916573e18671243d8b66fbb4d6	20260714T084351Z-3271604
v933-node|24:20260714T084351Z-3271604|11:sqlite-full|16:sqlite-successor|107:com.foggyframework.dataset.db.model.engine.compose.plan.PlanCompositionTest$SpecExample1TwoStageAggregation	SQLITE_FULL	sqlite-full	sqlite-successor	com.foggyframework.dataset.db.model.engine.compose.plan.PlanCompositionTest$SpecExample1TwoStageAggregation	bd402d1bccc3e8ec4caa0e6f5797034d8a8be0ca490993a21a64177dbf1c13ca	20260714T084351Z-3271604
v933-node|24:20260714T084351Z-3271604|11:sqlite-full|16:sqlite-successor|106:com.foggyframework.dataset.db.model.engine.compose.plan.PlanCompositionTest$SpecExample2UnionThenAggregate	SQLITE_FULL	sqlite-full	sqlite-successor	com.foggyframework.dataset.db.model.engine.compose.plan.PlanCompositionTest$SpecExample2UnionThenAggregate	cd52e546ddd7e17ed4f5f427713efc86f913b32ff30b9f477f6c3e3f93c5fa3f	20260714T084351Z-3271604
v933-node|24:20260714T084351Z-3271604|11:sqlite-full|16:sqlite-successor|102:com.foggyframework.dataset.db.model.engine.compose.plan.PlanCompositionTest$SpecExample3JoinThenFilter	SQLITE_FULL	sqlite-full	sqlite-successor	com.foggyframework.dataset.db.model.engine.compose.plan.PlanCompositionTest$SpecExample3JoinThenFilter	eb1edca598e67c1aecdd9bad77ab17b9c3886f19a012f3490874e814bf784fa2	20260714T084351Z-3271604
v933-node|24:20260714T084351Z-3271604|11:sqlite-full|16:sqlite-successor|75:com.foggyframework.dataset.db.model.engine.compose.plan.PlanCompositionTest	SQLITE_FULL	sqlite-full	sqlite-successor	com.foggyframework.dataset.db.model.engine.compose.plan.PlanCompositionTest	e8304eb65a219521787b44f981f194f7ee7f885d63ad0505f612674d82041b32	20260714T084351Z-3271604
v933-node|24:20260714T084351Z-3271604|11:sqlite-full|16:sqlite-successor|75:com.foggyframework.dataset.db.model.engine.compose.plan.PlanIdTest$Equality	SQLITE_FULL	sqlite-full	sqlite-successor	com.foggyframework.dataset.db.model.engine.compose.plan.PlanIdTest$Equality	cfded82f565e945f501a5c4c7567294bbe938f55c94c9a0fbb929ac6383d0b3a	20260714T084351Z-3271604
v933-node|24:20260714T084351Z-3271604|11:sqlite-full|16:sqlite-successor|77:com.foggyframework.dataset.db.model.engine.compose.plan.PlanIdTest$GcBehavior	SQLITE_FULL	sqlite-full	sqlite-successor	com.foggyframework.dataset.db.model.engine.compose.plan.PlanIdTest$GcBehavior	0a422e26e10b37be48dba2f591b4d71ee80d443b69c65877f588126b3d8d91e5	20260714T084351Z-3271604
v933-node|24:20260714T084351Z-3271604|11:sqlite-full|16:sqlite-successor|79:com.foggyframework.dataset.db.model.engine.compose.plan.PlanIdTest$HashContract	SQLITE_FULL	sqlite-full	sqlite-successor	com.foggyframework.dataset.db.model.engine.compose.plan.PlanIdTest$HashContract	d862025f5faf30f27f29eae9022bc0ba37d2ba869e24cc6d629122ccada17e14	20260714T084351Z-3271604
v933-node|24:20260714T084351Z-3271604|11:sqlite-full|16:sqlite-successor|88:com.foggyframework.dataset.db.model.engine.compose.plan.PlanIdTest$TransientSemanticsDoc	SQLITE_FULL	sqlite-full	sqlite-successor	com.foggyframework.dataset.db.model.engine.compose.plan.PlanIdTest$TransientSemanticsDoc	ab5a3e9912287f3abacad2b63d09e6bd6e26550f630000b999ccb3ab84a19460	20260714T084351Z-3271604
v933-node|24:20260714T084351Z-3271604|11:sqlite-full|16:sqlite-successor|66:com.foggyframework.dataset.db.model.engine.compose.plan.PlanIdTest	SQLITE_FULL	sqlite-full	sqlite-successor	com.foggyframework.dataset.db.model.engine.compose.plan.PlanIdTest	d93aceeb1eede66f1c6e70bffdee34954f79fb2e2c6745af1da6a5652862d4fb	20260714T084351Z-3271604
v933-node|24:20260714T084351Z-3271604|11:sqlite-full|16:sqlite-successor|99:com.foggyframework.dataset.db.model.engine.compose.plan.QueryPlanVisibilityTest$BaseVisibilityCheck	SQLITE_FULL	sqlite-full	sqlite-successor	com.foggyframework.dataset.db.model.engine.compose.plan.QueryPlanVisibilityTest$BaseVisibilityCheck	05d7baef3aae77e712ef858a017ef1caf884e1fe98a242cfb8b10817744084a1	20260714T084351Z-3271604
v933-node|24:20260714T084351Z-3271604|11:sqlite-full|16:sqlite-successor|94:com.foggyframework.dataset.db.model.engine.compose.plan.QueryPlanVisibilityTest$CollectVisible	SQLITE_FULL	sqlite-full	sqlite-successor	com.foggyframework.dataset.db.model.engine.compose.plan.QueryPlanVisibilityTest$CollectVisible	30d6ceb496afd328f46fb91ae9352b8fc9bbbe6430a8bf251b198ceec1724d09	20260714T084351Z-3271604
v933-node|24:20260714T084351Z-3271604|11:sqlite-full|16:sqlite-successor|102:com.foggyframework.dataset.db.model.engine.compose.plan.QueryPlanVisibilityTest$DerivedVisibilityCheck	SQLITE_FULL	sqlite-full	sqlite-successor	com.foggyframework.dataset.db.model.engine.compose.plan.QueryPlanVisibilityTest$DerivedVisibilityCheck	64a7fb5531ef15c6173c1991f61d0cf6b86461f200b38f3dd05af687cfa3940d	20260714T084351Z-3271604
v933-node|24:20260714T084351Z-3271604|11:sqlite-full|16:sqlite-successor|79:com.foggyframework.dataset.db.model.engine.compose.plan.QueryPlanVisibilityTest	SQLITE_FULL	sqlite-full	sqlite-successor	com.foggyframework.dataset.db.model.engine.compose.plan.QueryPlanVisibilityTest	b6fc8fcd2a3fb76bbc51b4b48a2b334836a394d8ff666c088b59fbaae6850713	20260714T084351Z-3271604
v933-node|24:20260714T084351Z-3271604|11:sqlite-full|16:sqlite-successor|86:com.foggyframework.dataset.db.model.engine.compose.plan.RelativeDateParserTest$IsValid	SQLITE_FULL	sqlite-full	sqlite-successor	com.foggyframework.dataset.db.model.engine.compose.plan.RelativeDateParserTest$IsValid	122d9393914860e5f8446b760301afa3fe1618128d23b1faae7d3a303f722d39	20260714T084351Z-3271604
v933-node|24:20260714T084351Z-3271604|11:sqlite-full|16:sqlite-successor|92:com.foggyframework.dataset.db.model.engine.compose.plan.RelativeDateParserTest$ParseAbsolute	SQLITE_FULL	sqlite-full	sqlite-successor	com.foggyframework.dataset.db.model.engine.compose.plan.RelativeDateParserTest$ParseAbsolute	4c38ed926a7fc7d8e4b40af2cfc812342d92fa743eb6e50f57f8db94d7d307cf	20260714T084351Z-3271604
v933-node|24:20260714T084351Z-3271604|11:sqlite-full|16:sqlite-successor|90:com.foggyframework.dataset.db.model.engine.compose.plan.RelativeDateParserTest$ParseErrors	SQLITE_FULL	sqlite-full	sqlite-successor	com.foggyframework.dataset.db.model.engine.compose.plan.RelativeDateParserTest$ParseErrors	8c7d36d6d5a7be3242f5c29226fc02704276117c433a0b2131dcfd74766c3ef2	20260714T084351Z-3271604
v933-node|24:20260714T084351Z-3271604|11:sqlite-full|16:sqlite-successor|87:com.foggyframework.dataset.db.model.engine.compose.plan.RelativeDateParserTest$ParseNow	SQLITE_FULL	sqlite-full	sqlite-successor	com.foggyframework.dataset.db.model.engine.compose.plan.RelativeDateParserTest$ParseNow	857b4d445fef8eed202b6aa18ccc0e65c2c9192ae4019f45a138101906f3203b	20260714T084351Z-3271604
v933-node|24:20260714T084351Z-3271604|11:sqlite-full|16:sqlite-successor|92:com.foggyframework.dataset.db.model.engine.compose.plan.RelativeDateParserTest$ParseRelative	SQLITE_FULL	sqlite-full	sqlite-successor	com.foggyframework.dataset.db.model.engine.compose.plan.RelativeDateParserTest$ParseRelative	9f2b4747c16c8e79386505282e5edb7df1930febb81b4869738079a31fe2b94e	20260714T084351Z-3271604
v933-node|24:20260714T084351Z-3271604|11:sqlite-full|16:sqlite-successor|78:com.foggyframework.dataset.db.model.engine.compose.plan.RelativeDateParserTest	SQLITE_FULL	sqlite-full	sqlite-successor	com.foggyframework.dataset.db.model.engine.compose.plan.RelativeDateParserTest	49f98a4366a4b991eebb9436488d005b3b0ecd9c1328cda755cceb55e61081de	20260714T084351Z-3271604
v933-node|24:20260714T084351Z-3271604|11:sqlite-full|16:sqlite-successor|80:com.foggyframework.dataset.db.model.engine.compose.plan.SliceValueValidationTest	SQLITE_FULL	sqlite-full	sqlite-successor	com.foggyframework.dataset.db.model.engine.compose.plan.SliceValueValidationTest	aaab58f177ca485b8c771e067bf486370b762b4a74a1ae807945adc9f56aed0c	20260714T084351Z-3271604
v933-node|24:20260714T084351Z-3271604|11:sqlite-full|16:sqlite-successor|88:com.foggyframework.dataset.db.model.engine.compose.plan.TimeWindowDefTest$Classification	SQLITE_FULL	sqlite-full	sqlite-successor	com.foggyframework.dataset.db.model.engine.compose.plan.TimeWindowDefTest$Classification	b49cb093c53faebaacfb0207945412dc847e7a7faba6d8d7bb87b205d7f2d2d4	20260714T084351Z-3271604
v933-node|24:20260714T084351Z-3271604|11:sqlite-full|16:sqlite-successor|95:com.foggyframework.dataset.db.model.engine.compose.plan.TimeWindowDefTest$ConstructorValidation	SQLITE_FULL	sqlite-full	sqlite-successor	com.foggyframework.dataset.db.model.engine.compose.plan.TimeWindowDefTest$ConstructorValidation	5fb4b50b15b51ea02d6cd2184c93f510e8b98e2f6c355461790234932b7dd3c9	20260714T084351Z-3271604
v933-node|24:20260714T084351Z-3271604|11:sqlite-full|16:sqlite-successor|81:com.foggyframework.dataset.db.model.engine.compose.plan.TimeWindowDefTest$FromMap	SQLITE_FULL	sqlite-full	sqlite-successor	com.foggyframework.dataset.db.model.engine.compose.plan.TimeWindowDefTest$FromMap	1b0a48be58356aba7e15b762940c73173b2032940cbdcc2c6917009e89a69d66	20260714T084351Z-3271604
v933-node|24:20260714T084351Z-3271604|11:sqlite-full|16:sqlite-successor|91:com.foggyframework.dataset.db.model.engine.compose.plan.TimeWindowDefTest$RollingWindowSize	SQLITE_FULL	sqlite-full	sqlite-successor	com.foggyframework.dataset.db.model.engine.compose.plan.TimeWindowDefTest$RollingWindowSize	fd5de86ad21e7466f266f36fa7d50fdf0b1cc9d9ddd619c2ed9ec97f3e0ebfe7	20260714T084351Z-3271604
v933-node|24:20260714T084351Z-3271604|11:sqlite-full|16:sqlite-successor|73:com.foggyframework.dataset.db.model.engine.compose.plan.TimeWindowDefTest	SQLITE_FULL	sqlite-full	sqlite-successor	com.foggyframework.dataset.db.model.engine.compose.plan.TimeWindowDefTest	c768fdfdb6179339d0020328ea240de96a984d32182e8d84f0dc93653ced65eb	20260714T084351Z-3271604
v933-node|24:20260714T084351Z-3271604|11:sqlite-full|16:sqlite-successor|99:com.foggyframework.dataset.db.model.engine.compose.plan.TimeWindowExpanderTest$ComparativeExpansion	SQLITE_FULL	sqlite-full	sqlite-successor	com.foggyframework.dataset.db.model.engine.compose.plan.TimeWindowExpanderTest$ComparativeExpansion	9ac25444b1c32eafde823a7cba4c6921c10be8749045e8a089653ea0172fb1b1	20260714T084351Z-3271604
v933-node|24:20260714T084351Z-3271604|11:sqlite-full|16:sqlite-successor|98:com.foggyframework.dataset.db.model.engine.compose.plan.TimeWindowExpanderTest$CumulativeExpansion	SQLITE_FULL	sqlite-full	sqlite-successor	com.foggyframework.dataset.db.model.engine.compose.plan.TimeWindowExpanderTest$CumulativeExpansion	0ebf8ecec4c09759564bf52c6e5b046c6ecd5cdfc29aa5bd0e8a1cf556c57864	20260714T084351Z-3271604
v933-node|24:20260714T084351Z-3271604|11:sqlite-full|16:sqlite-successor|95:com.foggyframework.dataset.db.model.engine.compose.plan.TimeWindowExpanderTest$RollingExpansion	SQLITE_FULL	sqlite-full	sqlite-successor	com.foggyframework.dataset.db.model.engine.compose.plan.TimeWindowExpanderTest$RollingExpansion	567e4e91ce77b9e4f45415e0c43d945c0f5d558dea5d94de85da297eb4590121	20260714T084351Z-3271604
v933-node|24:20260714T084351Z-3271604|11:sqlite-full|16:sqlite-successor|78:com.foggyframework.dataset.db.model.engine.compose.plan.TimeWindowExpanderTest	SQLITE_FULL	sqlite-full	sqlite-successor	com.foggyframework.dataset.db.model.engine.compose.plan.TimeWindowExpanderTest	5c3ca6a0ab81285d748dd4305665d80bfd84b044f344f41ea81b94ca9fcd237b	20260714T084351Z-3271604
v933-node|24:20260714T084351Z-3271604|11:sqlite-full|16:sqlite-successor|82:com.foggyframework.dataset.db.model.engine.compose.plan.TimeWindowOutputSchemaTest	SQLITE_FULL	sqlite-full	sqlite-successor	com.foggyframework.dataset.db.model.engine.compose.plan.TimeWindowOutputSchemaTest	ad423f5e63b643d0c048337c216f42142f62128cd3ba27365f6c41333092bcb9	20260714T084351Z-3271604
v933-node|24:20260714T084351Z-3271604|11:sqlite-full|16:sqlite-successor|106:com.foggyframework.dataset.db.model.engine.compose.plan.TimeWindowValidatorTest$CalculatedFieldInteraction	SQLITE_FULL	sqlite-full	sqlite-successor	com.foggyframework.dataset.db.model.engine.compose.plan.TimeWindowValidatorTest$CalculatedFieldInteraction	05f28c277b3d087ad341416e2e3f909e2077db0bcccd86ed509c95ab115515c2	20260714T084351Z-3271604
v933-node|24:20260714T084351Z-3271604|11:sqlite-full|16:sqlite-successor|90:com.foggyframework.dataset.db.model.engine.compose.plan.TimeWindowValidatorTest$ErrorCodes	SQLITE_FULL	sqlite-full	sqlite-successor	com.foggyframework.dataset.db.model.engine.compose.plan.TimeWindowValidatorTest$ErrorCodes	fee712af7fd7c253d0782f2b43b90c2534d5a89a2880001a325a362995d54852	20260714T084351Z-3271604
v933-node|24:20260714T084351Z-3271604|11:sqlite-full|16:sqlite-successor|90:com.foggyframework.dataset.db.model.engine.compose.plan.TimeWindowValidatorTest$HappyPaths	SQLITE_FULL	sqlite-full	sqlite-successor	com.foggyframework.dataset.db.model.engine.compose.plan.TimeWindowValidatorTest$HappyPaths	b002c95dbd734fe853538fb9acac8407b3abd9cbf0e6eb305457fb7b1b7d150f	20260714T084351Z-3271604
v933-node|24:20260714T084351Z-3271604|11:sqlite-full|16:sqlite-successor|79:com.foggyframework.dataset.db.model.engine.compose.plan.TimeWindowValidatorTest	SQLITE_FULL	sqlite-full	sqlite-successor	com.foggyframework.dataset.db.model.engine.compose.plan.TimeWindowValidatorTest	920777506cd3d293eac560c6b4e85d9128ac8641c46095e1ffc1fe52062e386c	20260714T084351Z-3271604
v933-node|24:20260714T084351Z-3271604|11:sqlite-full|16:sqlite-successor|75:com.foggyframework.dataset.db.model.engine.compose.plan.UnionPlanTest$Chain	SQLITE_FULL	sqlite-full	sqlite-successor	com.foggyframework.dataset.db.model.engine.compose.plan.UnionPlanTest$Chain	d14face2a49420795ae5149a6e0ee57e0fc5042bad0930cd26a5ce30ab85ed80	20260714T084351Z-3271604
v933-node|24:20260714T084351Z-3271604|11:sqlite-full|16:sqlite-successor|82:com.foggyframework.dataset.db.model.engine.compose.plan.UnionPlanTest$Construction	SQLITE_FULL	sqlite-full	sqlite-successor	com.foggyframework.dataset.db.model.engine.compose.plan.UnionPlanTest$Construction	2354f8b79b4f3ed9d638bc809432d7f05521f4f7d09e52d3ee31cd1e02aab709	20260714T084351Z-3271604
v933-node|24:20260714T084351Z-3271604|11:sqlite-full|16:sqlite-successor|78:com.foggyframework.dataset.db.model.engine.compose.plan.UnionPlanTest$Equality	SQLITE_FULL	sqlite-full	sqlite-successor	com.foggyframework.dataset.db.model.engine.compose.plan.UnionPlanTest$Equality	d74938c5de4b29cde23bb57d21d842397b4042c883a48867cd854c96951f98a3	20260714T084351Z-3271604
v933-node|24:20260714T084351Z-3271604|11:sqlite-full|16:sqlite-successor|80:com.foggyframework.dataset.db.model.engine.compose.plan.UnionPlanTest$IsInstance	SQLITE_FULL	sqlite-full	sqlite-successor	com.foggyframework.dataset.db.model.engine.compose.plan.UnionPlanTest$IsInstance	234283208c893a2914c94f8f8b201f8f32706a0ae31000c452b6c2f4339295e9	20260714T084351Z-3271604
v933-node|24:20260714T084351Z-3271604|11:sqlite-full|16:sqlite-successor|78:com.foggyframework.dataset.db.model.engine.compose.plan.UnionPlanTest$TreeWalk	SQLITE_FULL	sqlite-full	sqlite-successor	com.foggyframework.dataset.db.model.engine.compose.plan.UnionPlanTest$TreeWalk	e1f4ccb77da2532c9785ad29559a91a957e0a524105da18be7b77ff1bae1ac45	20260714T084351Z-3271604
v933-node|24:20260714T084351Z-3271604|11:sqlite-full|16:sqlite-successor|69:com.foggyframework.dataset.db.model.engine.compose.plan.UnionPlanTest	SQLITE_FULL	sqlite-full	sqlite-successor	com.foggyframework.dataset.db.model.engine.compose.plan.UnionPlanTest	1c93cab06a20ce94da39fe2c9430c73f8c1c2e96ea5650b0f2d8f81e140ef7de	20260714T084351Z-3271604
v933-node|24:20260714T084351Z-3271604|11:sqlite-full|16:sqlite-successor|77:com.foggyframework.dataset.db.model.engine.compose.relation.RelationModelTest	SQLITE_FULL	sqlite-full	sqlite-successor	com.foggyframework.dataset.db.model.engine.compose.relation.RelationModelTest	654da7be8a03c41a0804d339121ed600a11647141b9a2ae034b381ee4a605547	20260714T084351Z-3271604
v933-node|24:20260714T084351Z-3271604|11:sqlite-full|16:sqlite-successor|75:com.foggyframework.dataset.db.model.engine.compose.runtime.ComposePauseTest	SQLITE_FULL	sqlite-full	sqlite-successor	com.foggyframework.dataset.db.model.engine.compose.runtime.ComposePauseTest	92457c90da2da9902248088f44f4971ba5880f2a0549f13e55dbb2106d22fb0d	20260714T084351Z-3271604
v933-node|24:20260714T084351Z-3271604|11:sqlite-full|16:sqlite-successor|83:com.foggyframework.dataset.db.model.engine.compose.runtime.ComposeRealSqlParityTest	SQLITE_FULL	sqlite-full	sqlite-successor	com.foggyframework.dataset.db.model.engine.compose.runtime.ComposeRealSqlParityTest	f5244fe8b1dc42219f8e1bd10ceabd7e81516691a8028186195ac7fdd8b9bd61	20260714T084351Z-3271604
v933-node|24:20260714T084351Z-3271604|11:sqlite-full|16:sqlite-successor|83:com.foggyframework.dataset.db.model.engine.compose.runtime.ComposeRuntimeHolderTest	SQLITE_FULL	sqlite-full	sqlite-successor	com.foggyframework.dataset.db.model.engine.compose.runtime.ComposeRuntimeHolderTest	d7b675353a99179cd6d5bf604ce3d83dd9ba688b027de2781ab44133ceafa789	20260714T084351Z-3271604
v933-node|24:20260714T084351Z-3271604|11:sqlite-full|16:sqlite-successor|83:com.foggyframework.dataset.db.model.engine.compose.runtime.ComposeScriptServiceTest	SQLITE_FULL	sqlite-full	sqlite-successor	com.foggyframework.dataset.db.model.engine.compose.runtime.ComposeScriptServiceTest	27730c5477230a06ca983b455e0eaa2bc15a3e7e8f776a864834856b79b172d4	20260714T084351Z-3271604
v933-node|24:20260714T084351Z-3271604|11:sqlite-full|16:sqlite-successor|88:com.foggyframework.dataset.db.model.engine.compose.runtime.JavaComposeScriptSnapshotTest	SQLITE_FULL	sqlite-full	sqlite-successor	com.foggyframework.dataset.db.model.engine.compose.runtime.JavaComposeScriptSnapshotTest	2b6d7811befc9fd55959671d6f4e3f5a0beefc4eceec6c33ff9fc59b8654fc56	20260714T084351Z-3271604
v933-node|24:20260714T084351Z-3271604|11:sqlite-full|16:sqlite-successor|76:com.foggyframework.dataset.db.model.engine.compose.runtime.PlanExecutionTest	SQLITE_FULL	sqlite-full	sqlite-successor	com.foggyframework.dataset.db.model.engine.compose.runtime.PlanExecutionTest	ad42e9b90b69087b20024294e9b9665823723903625577a108d960b4be07a8b3	20260714T084351Z-3271604
v933-node|24:20260714T084351Z-3271604|11:sqlite-full|16:sqlite-successor|90:com.foggyframework.dataset.db.model.engine.compose.runtime.ScriptResourceRealSqlParityTest	SQLITE_FULL	sqlite-full	sqlite-successor	com.foggyframework.dataset.db.model.engine.compose.runtime.ScriptResourceRealSqlParityTest	595bc958d0395d61e9da9df9987c7e0dce63384d81eeff61154a63fe05e9fb9a	20260714T084351Z-3271604
v933-node|24:20260714T084351Z-3271604|11:sqlite-full|16:sqlite-successor|77:com.foggyframework.dataset.db.model.engine.compose.runtime.ScriptRunStateTest	SQLITE_FULL	sqlite-full	sqlite-successor	com.foggyframework.dataset.db.model.engine.compose.runtime.ScriptRunStateTest	50ad116c23a70648ce2be0e137b217317c381ff87984bce4b81b717d71186667	20260714T084351Z-3271604
v933-node|24:20260714T084351Z-3271604|11:sqlite-full|16:sqlite-successor|76:com.foggyframework.dataset.db.model.engine.compose.runtime.ScriptRuntimeTest	SQLITE_FULL	sqlite-full	sqlite-successor	com.foggyframework.dataset.db.model.engine.compose.runtime.ScriptRuntimeTest	d39b9a65b2702beb4c8e5c86212bffd4bf8734c21b24dc867831655aa00bd82d	20260714T084351Z-3271604
v933-node|24:20260714T084351Z-3271604|11:sqlite-full|16:sqlite-successor|86:com.foggyframework.dataset.db.model.engine.compose.runtime.ScriptSuspendErrorCodesTest	SQLITE_FULL	sqlite-full	sqlite-successor	com.foggyframework.dataset.db.model.engine.compose.runtime.ScriptSuspendErrorCodesTest	6e712334600f998ded47d18d7cc86dabded7214f9c13b70c162ca4a042340033	20260714T084351Z-3271604
v933-node|24:20260714T084351Z-3271604|11:sqlite-full|16:sqlite-successor|80:com.foggyframework.dataset.db.model.engine.compose.runtime.SuspensionManagerTest	SQLITE_FULL	sqlite-full	sqlite-successor	com.foggyframework.dataset.db.model.engine.compose.runtime.SuspensionManagerTest	af9cdcd93a3a49b1a101a143d2fa7100d653bce1b73035b4984cc35bef99ac61	20260714T084351Z-3271604
v933-node|24:20260714T084351Z-3271604|11:sqlite-full|16:sqlite-successor|87:com.foggyframework.dataset.db.model.engine.compose.sandbox.ComposeSandboxErrorCodesTest	SQLITE_FULL	sqlite-full	sqlite-successor	com.foggyframework.dataset.db.model.engine.compose.sandbox.ComposeSandboxErrorCodesTest	814c6ce51553c2cf690a81c28aa4150b529cd79f94f7cbd5c1045f9785cdd252	20260714T084351Z-3271604
v933-node|24:20260714T084351Z-3271604|11:sqlite-full|16:sqlite-successor|95:com.foggyframework.dataset.db.model.engine.compose.sandbox.ComposeSandboxViolationExceptionTest	SQLITE_FULL	sqlite-full	sqlite-successor	com.foggyframework.dataset.db.model.engine.compose.sandbox.ComposeSandboxViolationExceptionTest	c33c26ce17f5d99570c6f14d036fc99e9664481fe61984a43b5130ff6c2a18d1	20260714T084351Z-3271604
v933-node|24:20260714T084351Z-3271604|11:sqlite-full|16:sqlite-successor|76:com.foggyframework.dataset.db.model.engine.compose.sandbox.SandboxLayerATest	SQLITE_FULL	sqlite-full	sqlite-successor	com.foggyframework.dataset.db.model.engine.compose.sandbox.SandboxLayerATest	be5ec55e12d3c8b033e24a7798dfcda4336e29935e35bf783fdc686915e4941e	20260714T084351Z-3271604
v933-node|24:20260714T084351Z-3271604|11:sqlite-full|16:sqlite-successor|76:com.foggyframework.dataset.db.model.engine.compose.sandbox.SandboxLayerBTest	SQLITE_FULL	sqlite-full	sqlite-successor	com.foggyframework.dataset.db.model.engine.compose.sandbox.SandboxLayerBTest	ee82793c841336eada7a3afb40bc971558971aa4991a00526017e159f7cb261b	20260714T084351Z-3271604
v933-node|24:20260714T084351Z-3271604|11:sqlite-full|16:sqlite-successor|76:com.foggyframework.dataset.db.model.engine.compose.sandbox.SandboxLayerCTest	SQLITE_FULL	sqlite-full	sqlite-successor	com.foggyframework.dataset.db.model.engine.compose.sandbox.SandboxLayerCTest	d979d88817b441d43522e3ad7af164fcc1b8e8589bc3d9363855ae104268f651	20260714T084351Z-3271604
v933-node|24:20260714T084351Z-3271604|11:sqlite-full|16:sqlite-successor|92:com.foggyframework.dataset.db.model.engine.compose.schema.AliasExtractorTest$AliasExtraction	SQLITE_FULL	sqlite-full	sqlite-successor	com.foggyframework.dataset.db.model.engine.compose.schema.AliasExtractorTest$AliasExtraction	8cb343d15005623000570f03f03c886c10e80bd6a82e97a9afa4d69176f5c5e1	20260714T084351Z-3271604
v933-node|24:20260714T084351Z-3271604|11:sqlite-full|16:sqlite-successor|105:com.foggyframework.dataset.db.model.engine.compose.schema.AliasExtractorTest$AsInsideIdentifierNotMatched	SQLITE_FULL	sqlite-full	sqlite-successor	com.foggyframework.dataset.db.model.engine.compose.schema.AliasExtractorTest$AsInsideIdentifierNotMatched	f462ebc30aa7bcf1cfdb66788c771693660b7ffa132bfd8904cc56d28d32f25d	20260714T084351Z-3271604
v933-node|24:20260714T084351Z-3271604|11:sqlite-full|16:sqlite-successor|92:com.foggyframework.dataset.db.model.engine.compose.schema.AliasExtractorTest$BareColumnNames	SQLITE_FULL	sqlite-full	sqlite-successor	com.foggyframework.dataset.db.model.engine.compose.schema.AliasExtractorTest$BareColumnNames	e75136f03ca57d23f1d736f8e755cf76cda69ddb55d3e45584aad792b3022048	20260714T084351Z-3271604
v933-node|24:20260714T084351Z-3271604|11:sqlite-full|16:sqlite-successor|96:com.foggyframework.dataset.db.model.engine.compose.schema.AliasExtractorTest$FunctionExpressions	SQLITE_FULL	sqlite-full	sqlite-successor	com.foggyframework.dataset.db.model.engine.compose.schema.AliasExtractorTest$FunctionExpressions	2f91f6100a7e9bb7b7d1db2de908cab738826f516ce149abb8e51d9469c788cf	20260714T084351Z-3271604
v933-node|24:20260714T084351Z-3271604|11:sqlite-full|16:sqlite-successor|92:com.foggyframework.dataset.db.model.engine.compose.schema.AliasExtractorTest$MalformedInputs	SQLITE_FULL	sqlite-full	sqlite-successor	com.foggyframework.dataset.db.model.engine.compose.schema.AliasExtractorTest$MalformedInputs	c895488a2b42e123a62841b7b5da864e59415ea9d630bca9a35496c10d9c8152	20260714T084351Z-3271604
v933-node|24:20260714T084351Z-3271604|11:sqlite-full|16:sqlite-successor|91:com.foggyframework.dataset.db.model.engine.compose.schema.AliasExtractorTest$ValueSemantics	SQLITE_FULL	sqlite-full	sqlite-successor	com.foggyframework.dataset.db.model.engine.compose.schema.AliasExtractorTest$ValueSemantics	65d776dfb1f17deb5fdf3c459d4a982870b5b7d738e5a7720fe9027c100edf50	20260714T084351Z-3271604
v933-node|24:20260714T084351Z-3271604|11:sqlite-full|16:sqlite-successor|76:com.foggyframework.dataset.db.model.engine.compose.schema.AliasExtractorTest	SQLITE_FULL	sqlite-full	sqlite-successor	com.foggyframework.dataset.db.model.engine.compose.schema.AliasExtractorTest	a2b3c4fe58f8324f8cb636862bdbfac0f5ed40087aff4fbcfbb2e306175a0c2f	20260714T084351Z-3271604
v933-node|24:20260714T084351Z-3271604|11:sqlite-full|16:sqlite-successor|80:com.foggyframework.dataset.db.model.engine.compose.schema.ColumnSpecMetadataTest	SQLITE_FULL	sqlite-full	sqlite-successor	com.foggyframework.dataset.db.model.engine.compose.schema.ColumnSpecMetadataTest	931f73c6350ad5fc8f9be532c5f3f7de9224f9ecd7113667f39277dda5808ab8	20260714T084351Z-3271604
v933-node|24:20260714T084351Z-3271604|11:sqlite-full|16:sqlite-successor|110:com.foggyframework.dataset.db.model.engine.compose.schema.ColumnSpecPlanProvenanceTest$BuilderAcceptsNewFields	SQLITE_FULL	sqlite-full	sqlite-successor	com.foggyframework.dataset.db.model.engine.compose.schema.ColumnSpecPlanProvenanceTest$BuilderAcceptsNewFields	85e53bb04492c30a2736165db9fc2c09873d7c79298c19a14594f5cfbf7b11cd	20260714T084351Z-3271604
v933-node|24:20260714T084351Z-3271604|11:sqlite-full|16:sqlite-successor|95:com.foggyframework.dataset.db.model.engine.compose.schema.ColumnSpecPlanProvenanceTest$Defaults	SQLITE_FULL	sqlite-full	sqlite-successor	com.foggyframework.dataset.db.model.engine.compose.schema.ColumnSpecPlanProvenanceTest$Defaults	63f5a873ce88153fab394f8170b07448c15a3598bc02a8db167d3d6d8c0ac5cd	20260714T084351Z-3271604
v933-node|24:20260714T084351Z-3271604|11:sqlite-full|16:sqlite-successor|104:com.foggyframework.dataset.db.model.engine.compose.schema.ColumnSpecPlanProvenanceTest$EqualityUnchanged	SQLITE_FULL	sqlite-full	sqlite-successor	com.foggyframework.dataset.db.model.engine.compose.schema.ColumnSpecPlanProvenanceTest$EqualityUnchanged	f8c2537535173aa913f5d8c518faea479681c45ef56aa940dc5f94e93095d657	20260714T084351Z-3271604
v933-node|24:20260714T084351Z-3271604|11:sqlite-full|16:sqlite-successor|112:com.foggyframework.dataset.db.model.engine.compose.schema.ColumnSpecPlanProvenanceTest$ToStringIncludesNewFields	SQLITE_FULL	sqlite-full	sqlite-successor	com.foggyframework.dataset.db.model.engine.compose.schema.ColumnSpecPlanProvenanceTest$ToStringIncludesNewFields	2c9091db02e957ad9665ce3a92da9efb04348dd66b74483794307b5cbedc9856	20260714T084351Z-3271604
v933-node|24:20260714T084351Z-3271604|11:sqlite-full|16:sqlite-successor|86:com.foggyframework.dataset.db.model.engine.compose.schema.ColumnSpecPlanProvenanceTest	SQLITE_FULL	sqlite-full	sqlite-successor	com.foggyframework.dataset.db.model.engine.compose.schema.ColumnSpecPlanProvenanceTest	f9ed7f63e30470e43ebb123bcd37d3f252fbe90d7b9abdcb9a9cfd4568e02ac4	20260714T084351Z-3271604
v933-node|24:20260714T084351Z-3271604|11:sqlite-full|16:sqlite-successor|84:com.foggyframework.dataset.db.model.engine.compose.schema.ComposeSchemaExceptionTest	SQLITE_FULL	sqlite-full	sqlite-successor	com.foggyframework.dataset.db.model.engine.compose.schema.ComposeSchemaExceptionTest	d491f5100ffba6a7b6b8705630e4b5a5cf768cbe3d0362c8add18b3d605193bf	20260714T084351Z-3271604
v933-node|24:20260714T084351Z-3271604|11:sqlite-full|16:sqlite-successor|102:com.foggyframework.dataset.db.model.engine.compose.schema.OutputSchemaLookupApiTest$G10AmbiguousRegime	SQLITE_FULL	sqlite-full	sqlite-successor	com.foggyframework.dataset.db.model.engine.compose.schema.OutputSchemaLookupApiTest$G10AmbiguousRegime	e28bced0248b3b428e118084d408402ed6abaee3e4b3a41006973b6a5e5febf6	20260714T084351Z-3271604
v933-node|24:20260714T084351Z-3271604|11:sqlite-full|16:sqlite-successor|108:com.foggyframework.dataset.db.model.engine.compose.schema.OutputSchemaLookupApiTest$LegacyDuplicateRejection	SQLITE_FULL	sqlite-full	sqlite-successor	com.foggyframework.dataset.db.model.engine.compose.schema.OutputSchemaLookupApiTest$LegacyDuplicateRejection	8abce127b278ca81cb20a39f0a6f316fac5e513bb1523184e02422f8cb99ed8c	20260714T084351Z-3271604
v933-node|24:20260714T084351Z-3271604|11:sqlite-full|16:sqlite-successor|96:com.foggyframework.dataset.db.model.engine.compose.schema.OutputSchemaLookupApiTest$NonAmbiguous	SQLITE_FULL	sqlite-full	sqlite-successor	com.foggyframework.dataset.db.model.engine.compose.schema.OutputSchemaLookupApiTest$NonAmbiguous	04247b97de464f9ad3ae32a9f9b80256351b4be7eb717a3fbbdf15bcef469401	20260714T084351Z-3271604
v933-node|24:20260714T084351Z-3271604|11:sqlite-full|16:sqlite-successor|83:com.foggyframework.dataset.db.model.engine.compose.schema.OutputSchemaLookupApiTest	SQLITE_FULL	sqlite-full	sqlite-successor	com.foggyframework.dataset.db.model.engine.compose.schema.OutputSchemaLookupApiTest	44a7c4b2c2aa88e1707a3b58da63d53c2fe78d567b3bd0459d8b95a5d4b6c36a	20260714T084351Z-3271604
v933-node|24:20260714T084351Z-3271604|11:sqlite-full|16:sqlite-successor|84:com.foggyframework.dataset.db.model.engine.compose.schema.OutputSchemaTest$Accessors	SQLITE_FULL	sqlite-full	sqlite-successor	com.foggyframework.dataset.db.model.engine.compose.schema.OutputSchemaTest$Accessors	90cf4342c8cc5d99638cf925c0940da2898b3a731ba75833bdad58be90102f3c	20260714T084351Z-3271604
v933-node|24:20260714T084351Z-3271604|11:sqlite-full|16:sqlite-successor|95:com.foggyframework.dataset.db.model.engine.compose.schema.OutputSchemaTest$ColumnSpecInvariants	SQLITE_FULL	sqlite-full	sqlite-successor	com.foggyframework.dataset.db.model.engine.compose.schema.OutputSchemaTest$ColumnSpecInvariants	388c8d75ca3bfa405dab33688cbdabd9b139fd49706492bd5b6ec6e9873e1c13	20260714T084351Z-3271604
v933-node|24:20260714T084351Z-3271604|11:sqlite-full|16:sqlite-successor|87:com.foggyframework.dataset.db.model.engine.compose.schema.OutputSchemaTest$Immutability	SQLITE_FULL	sqlite-full	sqlite-successor	com.foggyframework.dataset.db.model.engine.compose.schema.OutputSchemaTest$Immutability	abc3f39f25c92f2944c9399f265d6ca34271912b17deef03afed3cd3e2c7e5d1	20260714T084351Z-3271604
v933-node|24:20260714T084351Z-3271604|11:sqlite-full|16:sqlite-successor|99:com.foggyframework.dataset.db.model.engine.compose.schema.OutputSchemaTest$OutputSchemaConstruction	SQLITE_FULL	sqlite-full	sqlite-successor	com.foggyframework.dataset.db.model.engine.compose.schema.OutputSchemaTest$OutputSchemaConstruction	bef8d058d094d8d5db6b750d1573852aed1244ca30bf932ed648ca3368e8ec6a	20260714T084351Z-3271604
v933-node|24:20260714T084351Z-3271604|11:sqlite-full|16:sqlite-successor|74:com.foggyframework.dataset.db.model.engine.compose.schema.OutputSchemaTest	SQLITE_FULL	sqlite-full	sqlite-successor	com.foggyframework.dataset.db.model.engine.compose.schema.OutputSchemaTest	db70fd0cdefeec1a92920a5dcd30f23a534b4ea791b321de5481574d79292551	20260714T084351Z-3271604
v933-node|24:20260714T084351Z-3271604|11:sqlite-full|16:sqlite-successor|99:com.foggyframework.dataset.db.model.engine.compose.schema.SchemaDerivationG10JoinTest$FlagOffLegacy	SQLITE_FULL	sqlite-full	sqlite-successor	com.foggyframework.dataset.db.model.engine.compose.schema.SchemaDerivationG10JoinTest$FlagOffLegacy	8ceb43489643df541b83644874bee8f171a5468e46a4727f89e20f070a26d7e0	20260714T084351Z-3271604
v933-node|24:20260714T084351Z-3271604|11:sqlite-full|16:sqlite-successor|95:com.foggyframework.dataset.db.model.engine.compose.schema.SchemaDerivationG10JoinTest$FlagOnG10	SQLITE_FULL	sqlite-full	sqlite-successor	com.foggyframework.dataset.db.model.engine.compose.schema.SchemaDerivationG10JoinTest$FlagOnG10	642a6b0af3f840e2be865755243839631202f1abb24586f17a26bd7e9566aa87	20260714T084351Z-3271604
v933-node|24:20260714T084351Z-3271604|11:sqlite-full|16:sqlite-successor|85:com.foggyframework.dataset.db.model.engine.compose.schema.SchemaDerivationG10JoinTest	SQLITE_FULL	sqlite-full	sqlite-successor	com.foggyframework.dataset.db.model.engine.compose.schema.SchemaDerivationG10JoinTest	3fc54bcdd779f5662fe9967026ea7fd68e349b83dab83886934953deafe1a113	20260714T084351Z-3271604
v933-node|24:20260714T084351Z-3271604|11:sqlite-full|16:sqlite-successor|94:com.foggyframework.dataset.db.model.engine.compose.schema.SchemaDerivationTest$BaseModelSchema	SQLITE_FULL	sqlite-full	sqlite-successor	com.foggyframework.dataset.db.model.engine.compose.schema.SchemaDerivationTest$BaseModelSchema	777967a516789334963bfa6c6f3a30a44ab5462912d8880b6abaf59dbc988025	20260714T084351Z-3271604
v933-node|24:20260714T084351Z-3271604|11:sqlite-full|16:sqlite-successor|97:com.foggyframework.dataset.db.model.engine.compose.schema.SchemaDerivationTest$DerivedQuerySchema	SQLITE_FULL	sqlite-full	sqlite-successor	com.foggyframework.dataset.db.model.engine.compose.schema.SchemaDerivationTest$DerivedQuerySchema	836826c0c56f443a10b5c0806ba6338ad8b0c290eb504e6f7f6d73b850c0559b	20260714T084351Z-3271604
v933-node|24:20260714T084351Z-3271604|11:sqlite-full|16:sqlite-successor|89:com.foggyframework.dataset.db.model.engine.compose.schema.SchemaDerivationTest$JoinSchema	SQLITE_FULL	sqlite-full	sqlite-successor	com.foggyframework.dataset.db.model.engine.compose.schema.SchemaDerivationTest$JoinSchema	b610a214a61671e2d62c0f95f3f7293fe5105ac2678c48fbdbd96274321f8857	20260714T084351Z-3271604
v933-node|24:20260714T084351Z-3271604|11:sqlite-full|16:sqlite-successor|103:com.foggyframework.dataset.db.model.engine.compose.schema.SchemaDerivationTest$ReservedTokensAndScanner	SQLITE_FULL	sqlite-full	sqlite-successor	com.foggyframework.dataset.db.model.engine.compose.schema.SchemaDerivationTest$ReservedTokensAndScanner	3e25c997bc1bbb40c9f5eb880e53ba6bf11ddd34a8eaaa3349fca386399e1411	20260714T084351Z-3271604
v933-node|24:20260714T084351Z-3271604|11:sqlite-full|16:sqlite-successor|104:com.foggyframework.dataset.db.model.engine.compose.schema.SchemaDerivationTest$SpecExampleJoinThenFilter	SQLITE_FULL	sqlite-full	sqlite-successor	com.foggyframework.dataset.db.model.engine.compose.schema.SchemaDerivationTest$SpecExampleJoinThenFilter	bddf5bf7780dd5b86c935aac6410b8716d4816f383f6e6c9b4ca40427e35ad76	20260714T084351Z-3271604
v933-node|24:20260714T084351Z-3271604|11:sqlite-full|16:sqlite-successor|109:com.foggyframework.dataset.db.model.engine.compose.schema.SchemaDerivationTest$SpecExampleTwoStageAggregation	SQLITE_FULL	sqlite-full	sqlite-successor	com.foggyframework.dataset.db.model.engine.compose.schema.SchemaDerivationTest$SpecExampleTwoStageAggregation	03187b89e174379de52d486c005e8a53a2bfa4a1f2934de8b266ae68fd198a4c	20260714T084351Z-3271604
v933-node|24:20260714T084351Z-3271604|11:sqlite-full|16:sqlite-successor|90:com.foggyframework.dataset.db.model.engine.compose.schema.SchemaDerivationTest$UnionSchema	SQLITE_FULL	sqlite-full	sqlite-successor	com.foggyframework.dataset.db.model.engine.compose.schema.SchemaDerivationTest$UnionSchema	6994ebe90bd8f2de6063a39909255ed885281756e98551fc1663f14244c91800	20260714T084351Z-3271604
v933-node|24:20260714T084351Z-3271604|11:sqlite-full|16:sqlite-successor|78:com.foggyframework.dataset.db.model.engine.compose.schema.SchemaDerivationTest	SQLITE_FULL	sqlite-full	sqlite-successor	com.foggyframework.dataset.db.model.engine.compose.schema.SchemaDerivationTest	fcd2b1bf1c32bf8decea8c73766f84c2539ca41a43313b4c7a55e04ceb976735	20260714T084351Z-3271604
v933-node|24:20260714T084351Z-3271604|11:sqlite-full|16:sqlite-successor|80:com.foggyframework.dataset.db.model.engine.compose.security.AuthorityRequestTest	SQLITE_FULL	sqlite-full	sqlite-successor	com.foggyframework.dataset.db.model.engine.compose.security.AuthorityRequestTest	7edd4f1fa784a07c4e584fab130f230d85430a659bba669df347c8cb80f95d51	20260714T084351Z-3271604
v933-node|24:20260714T084351Z-3271604|11:sqlite-full|16:sqlite-successor|92:com.foggyframework.dataset.db.model.engine.compose.security.AuthorityResolutionErrorCodeTest	SQLITE_FULL	sqlite-full	sqlite-successor	com.foggyframework.dataset.db.model.engine.compose.security.AuthorityResolutionErrorCodeTest	e87909dc2140698e97bd83eabad0cb5aa261538c3497c098dffa01a1fb708b3e	20260714T084351Z-3271604
v933-node|24:20260714T084351Z-3271604|11:sqlite-full|16:sqlite-successor|83:com.foggyframework.dataset.db.model.engine.compose.security.AuthorityResolutionTest	SQLITE_FULL	sqlite-full	sqlite-successor	com.foggyframework.dataset.db.model.engine.compose.security.AuthorityResolutionTest	ce254ab896a4ea9b2f239845fa42984d9322228d57efe7a5e0e91dd6de42c199	20260714T084351Z-3271604
v933-node|24:20260714T084351Z-3271604|11:sqlite-full|16:sqlite-successor|89:com.foggyframework.dataset.db.model.engine.compose.security.AuthorityResolverContractTest	SQLITE_FULL	sqlite-full	sqlite-successor	com.foggyframework.dataset.db.model.engine.compose.security.AuthorityResolverContractTest	dc1d09919ce8e9a8d4435e71fe068258d658eaeb919bae01d0cbdff9bde52323	20260714T084351Z-3271604
v933-node|24:20260714T084351Z-3271604|11:sqlite-full|16:sqlite-successor|114:com.foggyframework.dataset.db.model.engine.compose.security.ComposePlanAwarePermissionValidatorTest$ArgumentGuards	SQLITE_FULL	sqlite-full	sqlite-successor	com.foggyframework.dataset.db.model.engine.compose.security.ComposePlanAwarePermissionValidatorTest$ArgumentGuards	5a9ce0ecf56333f2cb557bf69149e3f3870907682cd8d9a6a8f247b4a627c3fe	20260714T084351Z-3271604
v933-node|24:20260714T084351Z-3271604|11:sqlite-full|16:sqlite-successor|109:com.foggyframework.dataset.db.model.engine.compose.security.ComposePlanAwarePermissionValidatorTest$BareField	SQLITE_FULL	sqlite-full	sqlite-successor	com.foggyframework.dataset.db.model.engine.compose.security.ComposePlanAwarePermissionValidatorTest$BareField	2accf7a4414b0c5c6eb90ff0189d70c9f1ebcaadf0fae0e76db6b515940ffdf6	20260714T084351Z-3271604
v933-node|24:20260714T084351Z-3271604|11:sqlite-full|16:sqlite-successor|113:com.foggyframework.dataset.db.model.engine.compose.security.ComposePlanAwarePermissionValidatorTest$PlanQualified	SQLITE_FULL	sqlite-full	sqlite-successor	com.foggyframework.dataset.db.model.engine.compose.security.ComposePlanAwarePermissionValidatorTest$PlanQualified	e24910a11745bc2c0c5f848f0e168693ec83c2b764c104b1e47c2738bf3f51e9	20260714T084351Z-3271604
v933-node|24:20260714T084351Z-3271604|11:sqlite-full|16:sqlite-successor|130:com.foggyframework.dataset.db.model.engine.compose.security.ComposePlanAwarePermissionValidatorTest$RelationExpressionDependencies	SQLITE_FULL	sqlite-full	sqlite-successor	com.foggyframework.dataset.db.model.engine.compose.security.ComposePlanAwarePermissionValidatorTest$RelationExpressionDependencies	63ea317571fb2fd71e8ea24fd0157ab02102e718a590bc42a6ee5036df75a717	20260714T084351Z-3271604
v933-node|24:20260714T084351Z-3271604|11:sqlite-full|16:sqlite-successor|99:com.foggyframework.dataset.db.model.engine.compose.security.ComposePlanAwarePermissionValidatorTest	SQLITE_FULL	sqlite-full	sqlite-successor	com.foggyframework.dataset.db.model.engine.compose.security.ComposePlanAwarePermissionValidatorTest	be8664498758e9dd472c39cfe58d161e3ce3332594816dbfb0cc5a9cf1ae6d5d	20260714T084351Z-3271604
v933-node|24:20260714T084351Z-3271604|11:sqlite-full|16:sqlite-successor|86:com.foggyframework.dataset.db.model.engine.compose.security.JavaGovernanceSnapshotTest	SQLITE_FULL	sqlite-full	sqlite-successor	com.foggyframework.dataset.db.model.engine.compose.security.JavaGovernanceSnapshotTest	16e731777b7bb8bbcc00e7ccdf8d6de55e940deecce06c2f8d462c764c43009d	20260714T084351Z-3271604
v933-node|24:20260714T084351Z-3271604|11:sqlite-full|16:sqlite-successor|104:com.foggyframework.dataset.db.model.engine.compose.security.PlanFieldAccessContextTest$RegistryBehaviour	SQLITE_FULL	sqlite-full	sqlite-successor	com.foggyframework.dataset.db.model.engine.compose.security.PlanFieldAccessContextTest$RegistryBehaviour	e147050526d26bf44c615ec17035d8b2797ad96bd480f85c061e9796e04644c0	20260714T084351Z-3271604
v933-node|24:20260714T084351Z-3271604|11:sqlite-full|16:sqlite-successor|86:com.foggyframework.dataset.db.model.engine.compose.security.PlanFieldAccessContextTest	SQLITE_FULL	sqlite-full	sqlite-successor	com.foggyframework.dataset.db.model.engine.compose.security.PlanFieldAccessContextTest	bacf456e0eed99b33f7945f9f2426283e153c148a8804f53b7b6869edd970a9b	20260714T084351Z-3271604
v933-node|24:20260714T084351Z-3271604|11:sqlite-full|16:sqlite-successor|87:com.foggyframework.dataset.db.model.engine.expression.CalculatedFieldServiceDialectTest	SQLITE_FULL	sqlite-full	sqlite-successor	com.foggyframework.dataset.db.model.engine.expression.CalculatedFieldServiceDialectTest	8aa962f84be1f5959d4af4a8a8fee6c0d3717d116ee92add1b5dbf33a56fd22b	20260714T084351Z-3271604
v933-node|24:20260714T084351Z-3271604|11:sqlite-full|16:sqlite-successor|87:com.foggyframework.dataset.db.model.engine.expression.CalculatedFieldServiceFormulaTest	SQLITE_FULL	sqlite-full	sqlite-successor	com.foggyframework.dataset.db.model.engine.expression.CalculatedFieldServiceFormulaTest	3242f1bd890192655d80c519a3f8edce122a773c83bf1cc7d7597d161c2b2650	20260714T084351Z-3271604
v933-node|24:20260714T084351Z-3271604|11:sqlite-full|16:sqlite-successor|80:com.foggyframework.dataset.db.model.engine.expression.CalculatedFieldServiceTest	SQLITE_FULL	sqlite-full	sqlite-successor	com.foggyframework.dataset.db.model.engine.expression.CalculatedFieldServiceTest	91aea9fd45786227339a70315adc950c71148a142816d2f769d195da06de6baa	20260714T084351Z-3271604
v933-node|24:20260714T084351Z-3271604|11:sqlite-full|16:sqlite-successor|85:com.foggyframework.dataset.db.model.engine.expression.sql.DialectAwareFunctionExpTest	SQLITE_FULL	sqlite-full	sqlite-successor	com.foggyframework.dataset.db.model.engine.expression.sql.DialectAwareFunctionExpTest	88fd30802c712bd38adfda74fb44c3fe4d196b0b405a4d543ce0a3662e51e0cb	20260714T084351Z-3271604
v933-node|24:20260714T084351Z-3271604|11:sqlite-full|16:sqlite-successor|72:com.foggyframework.dataset.db.model.engine.formula.SqlFormulaSupportTest	SQLITE_FULL	sqlite-full	sqlite-successor	com.foggyframework.dataset.db.model.engine.formula.SqlFormulaSupportTest	59d792aa9ba2fed84f5cbd1112b8871a842d2abb7e5e6d851ad403fc176381b1	20260714T084351Z-3271604
v933-node|24:20260714T084351Z-3271604|11:sqlite-full|16:sqlite-successor|72:com.foggyframework.dataset.db.model.engine.join.JoinGraphTest$BasicTests	SQLITE_FULL	sqlite-full	sqlite-successor	com.foggyframework.dataset.db.model.engine.join.JoinGraphTest$BasicTests	767e3b213a31497e8a241fa1c66be14d67af16b2a569ce1aced3004170698d19	20260714T084351Z-3271604
v933-node|24:20260714T084351Z-3271604|11:sqlite-full|16:sqlite-successor|81:com.foggyframework.dataset.db.model.engine.join.JoinGraphTest$CycleDetectionTests	SQLITE_FULL	sqlite-full	sqlite-successor	com.foggyframework.dataset.db.model.engine.join.JoinGraphTest$CycleDetectionTests	df1c03793a3a370fdbebca4f129723b011bd3fd151b1c5d9cd10351c9a106744	20260714T084351Z-3271604
v933-node|24:20260714T084351Z-3271604|11:sqlite-full|16:sqlite-successor|75:com.foggyframework.dataset.db.model.engine.join.JoinGraphTest$JoinEdgeTests	SQLITE_FULL	sqlite-full	sqlite-successor	com.foggyframework.dataset.db.model.engine.join.JoinGraphTest$JoinEdgeTests	665f2f26958c890cf6f54d4dbe070282c78988e2b63c942f04e738a66af34b8c	20260714T084351Z-3271604
v933-node|24:20260714T084351Z-3271604|11:sqlite-full|16:sqlite-successor|76:com.foggyframework.dataset.db.model.engine.join.JoinGraphTest$PathCacheTests	SQLITE_FULL	sqlite-full	sqlite-successor	com.foggyframework.dataset.db.model.engine.join.JoinGraphTest$PathCacheTests	51960312c2989a17e38330e6a64167e187d27c99928ea639a8a02d99498fcc35	20260714T084351Z-3271604
v933-node|24:20260714T084351Z-3271604|11:sqlite-full|16:sqlite-successor|78:com.foggyframework.dataset.db.model.engine.join.JoinGraphTest$PathFindingTests	SQLITE_FULL	sqlite-full	sqlite-successor	com.foggyframework.dataset.db.model.engine.join.JoinGraphTest$PathFindingTests	cb38374b962778216febe2c2f20d0b03bf3496a207a3caa1a92823d65b740c94	20260714T084351Z-3271604
v933-node|24:20260714T084351Z-3271604|11:sqlite-full|16:sqlite-successor|82:com.foggyframework.dataset.db.model.engine.join.JoinGraphTest$TopologicalSortTests	SQLITE_FULL	sqlite-full	sqlite-successor	com.foggyframework.dataset.db.model.engine.join.JoinGraphTest$TopologicalSortTests	00db59af8f343b9eef2c170c1d0e25f331fffe368ef74b3b3bfd71b23004fdde	20260714T084351Z-3271604
v933-node|24:20260714T084351Z-3271604|11:sqlite-full|16:sqlite-successor|61:com.foggyframework.dataset.db.model.engine.join.JoinGraphTest	SQLITE_FULL	sqlite-full	sqlite-successor	com.foggyframework.dataset.db.model.engine.join.JoinGraphTest	9d9ac7d9695f72f4445ecf08885b05680b3103853baa12eea68c3ca99b8c19e7	20260714T084351Z-3271604
v933-node|24:20260714T084351Z-3271604|11:sqlite-full|16:sqlite-successor|71:com.foggyframework.dataset.db.model.engine.pivot.CardinalityBreakerTest	SQLITE_FULL	sqlite-full	sqlite-successor	com.foggyframework.dataset.db.model.engine.pivot.CardinalityBreakerTest	435bb54b9c681486dbdc8673ec5d7cdbd6cda7e2c9289a7c709784adb166dae0	20260714T084351Z-3271604
v933-node|24:20260714T084351Z-3271604|11:sqlite-full|16:sqlite-successor|76:com.foggyframework.dataset.db.model.engine.pivot.JavaPivotDomainSnapshotTest	SQLITE_FULL	sqlite-full	sqlite-successor	com.foggyframework.dataset.db.model.engine.pivot.JavaPivotDomainSnapshotTest	5c4d35fab0eff3efc10b3e44c5f44244c06ce7196db78e85cf1513164a127744	20260714T084351Z-3271604
v933-node|24:20260714T084351Z-3271604|11:sqlite-full|16:sqlite-successor|76:com.foggyframework.dataset.db.model.engine.pivot.JavaPivotOutputSnapshotTest	SQLITE_FULL	sqlite-full	sqlite-successor	com.foggyframework.dataset.db.model.engine.pivot.JavaPivotOutputSnapshotTest	751ac61cbf89310be7e331deda8b2e1721f0c2d4f9778502f012b5b3a2d75bd7	20260714T084351Z-3271604
v933-node|24:20260714T084351Z-3271604|11:sqlite-full|16:sqlite-successor|61:com.foggyframework.dataset.db.model.engine.pivot.PivotAstTest	SQLITE_FULL	sqlite-full	sqlite-successor	com.foggyframework.dataset.db.model.engine.pivot.PivotAstTest	8a4ae771920b01c1880e1ebbd022952367a9bf849555e076bcba9407857a73da	20260714T084351Z-3271604
v933-node|24:20260714T084351Z-3271604|11:sqlite-full|16:sqlite-successor|93:com.foggyframework.dataset.db.model.engine.pivot.PivotCascadeGenerateSqlParityIntegrationTest	SQLITE_FULL	sqlite-full	sqlite-successor	com.foggyframework.dataset.db.model.engine.pivot.PivotCascadeGenerateSqlParityIntegrationTest	bf7ad3e5a04a62e67573670e1d8fa7dbd30e27bfcffc93bf20e0cf09720ff115	20260714T084351Z-3271604
v933-node|24:20260714T084351Z-3271604|11:sqlite-full|16:sqlite-successor|83:com.foggyframework.dataset.db.model.engine.pivot.PivotCascadeGenerateValidationTest	SQLITE_FULL	sqlite-full	sqlite-successor	com.foggyframework.dataset.db.model.engine.pivot.PivotCascadeGenerateValidationTest	e08be3fb0a357abbc10d2bf7fc583c8cc2c11005ca2b9ad9ba875335668da37c	20260714T084351Z-3271604
v933-node|24:20260714T084351Z-3271604|11:sqlite-full|16:sqlite-successor|77:com.foggyframework.dataset.db.model.engine.pivot.PivotDiagnosticCollectorTest	SQLITE_FULL	sqlite-full	sqlite-successor	com.foggyframework.dataset.db.model.engine.pivot.PivotDiagnosticCollectorTest	c3c8f45f5d4bc1432221c1ab072de3895ec5da66e15cbb12b4c9e33502670ff5	20260714T084351Z-3271604
v933-node|24:20260714T084351Z-3271604|11:sqlite-full|16:sqlite-successor|69:com.foggyframework.dataset.db.model.engine.pivot.PivotIntegrationTest	SQLITE_FULL	sqlite-full	sqlite-successor	com.foggyframework.dataset.db.model.engine.pivot.PivotIntegrationTest	68ab671bbaa52e5a0a4deff4fc01474d994407a74f39ec5908ae116a9d5db617	20260714T084351Z-3271604
v933-node|24:20260714T084351Z-3271604|11:sqlite-full|16:sqlite-successor|94:com.foggyframework.dataset.db.model.engine.pivot.PivotOuterCacheDistributedProviderAdapterTest	SQLITE_FULL	sqlite-full	sqlite-successor	com.foggyframework.dataset.db.model.engine.pivot.PivotOuterCacheDistributedProviderAdapterTest	1b2843a7be9200e2870d77ca0392b1d5ff635179e757015cb215b2764330a7b4	20260714T084351Z-3271604
v933-node|24:20260714T084351Z-3271604|11:sqlite-full|16:sqlite-successor|95:com.foggyframework.dataset.db.model.engine.pivot.PivotOuterCacheDistributedProviderContractTest	SQLITE_FULL	sqlite-full	sqlite-successor	com.foggyframework.dataset.db.model.engine.pivot.PivotOuterCacheDistributedProviderContractTest	538fd4a81c448e28f36d2c54af10612785fa0113a3ff84f15169ed2b56e8aa8a	20260714T084351Z-3271604
v933-node|24:20260714T084351Z-3271604|11:sqlite-full|16:sqlite-successor|85:com.foggyframework.dataset.db.model.engine.pivot.PivotOuterCacheInvalidationEventTest	SQLITE_FULL	sqlite-full	sqlite-successor	com.foggyframework.dataset.db.model.engine.pivot.PivotOuterCacheInvalidationEventTest	3ac02bbe4ff5a6e003b3d3741af52a4572d676e91e56a48a037434ef5775a507	20260714T084351Z-3271604
v933-node|24:20260714T084351Z-3271604|11:sqlite-full|16:sqlite-successor|94:com.foggyframework.dataset.db.model.engine.pivot.PivotOuterCacheInvalidationFanOutContractTest	SQLITE_FULL	sqlite-full	sqlite-successor	com.foggyframework.dataset.db.model.engine.pivot.PivotOuterCacheInvalidationFanOutContractTest	ac427febb15e25b10a53cf4267169abf27d2d77cec8f36cbc460cfb20395a54a	20260714T084351Z-3271604
v933-node|24:20260714T084351Z-3271604|11:sqlite-full|16:sqlite-successor|92:com.foggyframework.dataset.db.model.engine.pivot.PivotOuterCacheInvalidationReplayWindowTest	SQLITE_FULL	sqlite-full	sqlite-successor	com.foggyframework.dataset.db.model.engine.pivot.PivotOuterCacheInvalidationReplayWindowTest	9be36b840135b35843ddc6fb45e5299448c0cbdeceb2fb64bb56c98fed46c514	20260714T084351Z-3271604
v933-node|24:20260714T084351Z-3271604|11:sqlite-full|16:sqlite-successor|82:com.foggyframework.dataset.db.model.engine.pivot.PivotOuterCacheOperationalSpiTest	SQLITE_FULL	sqlite-full	sqlite-successor	com.foggyframework.dataset.db.model.engine.pivot.PivotOuterCacheOperationalSpiTest	c883264487d7ad469961604e419a60775bf17f0cc6f1d163835f115bc257e638	20260714T084351Z-3271604
v933-node|24:20260714T084351Z-3271604|11:sqlite-full|16:sqlite-successor|80:com.foggyframework.dataset.db.model.engine.pivot.PivotOuterCacheSafeProviderTest	SQLITE_FULL	sqlite-full	sqlite-successor	com.foggyframework.dataset.db.model.engine.pivot.PivotOuterCacheSafeProviderTest	aba82add508260090a0546223a7b09f68af930b2b2d58c34986e88781c500a9d	20260714T084351Z-3271604
v933-node|24:20260714T084351Z-3271604|11:sqlite-full|16:sqlite-successor|82:com.foggyframework.dataset.db.model.engine.pivot.PivotOuterCacheStrongIdentityTest	SQLITE_FULL	sqlite-full	sqlite-successor	com.foggyframework.dataset.db.model.engine.pivot.PivotOuterCacheStrongIdentityTest	f266b518bc281751bd2a06b5b451cfffe07f23f9932e65036ac527fb0f46f599	20260714T084351Z-3271604
v933-node|24:20260714T084351Z-3271604|11:sqlite-full|16:sqlite-successor|77:com.foggyframework.dataset.db.model.engine.pivot.PivotOuterCacheTelemetryTest	SQLITE_FULL	sqlite-full	sqlite-successor	com.foggyframework.dataset.db.model.engine.pivot.PivotOuterCacheTelemetryTest	c2fcb52016bd6f12aa510b0ca9fb0ced20261b51e8ae12f83223f8c1b10eb0a0	20260714T084351Z-3271604
v933-node|24:20260714T084351Z-3271604|11:sqlite-full|16:sqlite-successor|76:com.foggyframework.dataset.db.model.engine.pivot.PivotOuterResponseCacheTest	SQLITE_FULL	sqlite-full	sqlite-successor	com.foggyframework.dataset.db.model.engine.pivot.PivotOuterResponseCacheTest	3adc6462b6e709412eaab33f53dc56939ea1a7ee3fdb34cf71dc557f882dbf44	20260714T084351Z-3271604
v933-node|24:20260714T084351Z-3271604|11:sqlite-full|16:sqlite-successor|81:com.foggyframework.dataset.db.model.engine.pivot.PivotPipelineCatalogIdentityTest	SQLITE_FULL	sqlite-full	sqlite-successor	com.foggyframework.dataset.db.model.engine.pivot.PivotPipelineCatalogIdentityTest	fd73fb738ff77304619af6ba8e38f5163430c17f9ef53b8f4f5d25fad23bebcc	20260714T084351Z-3271604
v933-node|24:20260714T084351Z-3271604|11:sqlite-full|16:sqlite-successor|78:com.foggyframework.dataset.db.model.engine.pivot.PivotSqlParityIntegrationTest	SQLITE_FULL	sqlite-full	sqlite-successor	com.foggyframework.dataset.db.model.engine.pivot.PivotSqlParityIntegrationTest	1e02ce4d576e768c57e7d6d3b0c72130da220e44187dcff70768265ff59c00cc	20260714T084351Z-3271604
v933-node|24:20260714T084351Z-3271604|11:sqlite-full|16:sqlite-successor|80:com.foggyframework.dataset.db.model.engine.pivot.PivotSqlPerformanceBaselineTest	SQLITE_FULL	sqlite-full	sqlite-successor	com.foggyframework.dataset.db.model.engine.pivot.PivotSqlPerformanceBaselineTest	56a3e7d30fda4450fda4bccf93629eaa6f1b87f3adc3d9723a847d54dba175a6	20260714T084351Z-3271604
v933-node|24:20260714T084351Z-3271604|11:sqlite-full|16:sqlite-successor|74:com.foggyframework.dataset.db.model.engine.pivot.algo.AxisHavingFilterTest	SQLITE_FULL	sqlite-full	sqlite-successor	com.foggyframework.dataset.db.model.engine.pivot.algo.AxisHavingFilterTest	0c93ef05ffde82860a9f2706eb79df1467191bb1d7273301ff58a0d5bd5c91be	20260714T084351Z-3271604
v933-node|24:20260714T084351Z-3271604|11:sqlite-full|16:sqlite-successor|75:com.foggyframework.dataset.db.model.engine.pivot.algo.AxisTopNTruncatorTest	SQLITE_FULL	sqlite-full	sqlite-successor	com.foggyframework.dataset.db.model.engine.pivot.algo.AxisTopNTruncatorTest	ae4e6eee40c64457ccb08a3c4c4f4fa12b64376ad7beeddf375e0e8cbdb70e10	20260714T084351Z-3271604
v933-node|24:20260714T084351Z-3271604|11:sqlite-full|16:sqlite-successor|81:com.foggyframework.dataset.db.model.engine.pivot.algo.BaselineRatioCalculatorTest	SQLITE_FULL	sqlite-full	sqlite-successor	com.foggyframework.dataset.db.model.engine.pivot.algo.BaselineRatioCalculatorTest	6e513571cedfdf8c8faea77f256390e4fc795b9d2cb6f780354f0ccc882f2385	20260714T084351Z-3271604
v933-node|24:20260714T084351Z-3271604|11:sqlite-full|16:sqlite-successor|73:com.foggyframework.dataset.db.model.engine.pivot.algo.CrossJoinFillerTest	SQLITE_FULL	sqlite-full	sqlite-successor	com.foggyframework.dataset.db.model.engine.pivot.algo.CrossJoinFillerTest	b041d69d192b162e318e0134b7a79a91f657966fa8d4235040e57a74ede61518	20260714T084351Z-3271604
v933-node|24:20260714T084351Z-3271604|11:sqlite-full|16:sqlite-successor|78:com.foggyframework.dataset.db.model.engine.pivot.algo.HierarchyTreeBuilderTest	SQLITE_FULL	sqlite-full	sqlite-successor	com.foggyframework.dataset.db.model.engine.pivot.algo.HierarchyTreeBuilderTest	14ce0d26d70696f1b04b2a2c9466aff043c36decb88f862a8f5b3bfc98d1de77	20260714T084351Z-3271604
v933-node|24:20260714T084351Z-3271604|11:sqlite-full|16:sqlite-successor|95:com.foggyframework.dataset.db.model.engine.pivot.algo.ParentShareCalculatorTest$ResolutionTests	SQLITE_FULL	sqlite-full	sqlite-successor	com.foggyframework.dataset.db.model.engine.pivot.algo.ParentShareCalculatorTest$ResolutionTests	c3de101ba43bada026c8755187e22cd47a546a8d121918637dab419ede221afc	20260714T084351Z-3271604
v933-node|24:20260714T084351Z-3271604|11:sqlite-full|16:sqlite-successor|95:com.foggyframework.dataset.db.model.engine.pivot.algo.ParentShareCalculatorTest$ValidationTests	SQLITE_FULL	sqlite-full	sqlite-successor	com.foggyframework.dataset.db.model.engine.pivot.algo.ParentShareCalculatorTest$ValidationTests	333a305e358149d9cd7b297be0c7154a66d6dfe185a3a71a8b8fb000024b04e1	20260714T084351Z-3271604
v933-node|24:20260714T084351Z-3271604|11:sqlite-full|16:sqlite-successor|79:com.foggyframework.dataset.db.model.engine.pivot.algo.ParentShareCalculatorTest	SQLITE_FULL	sqlite-full	sqlite-successor	com.foggyframework.dataset.db.model.engine.pivot.algo.ParentShareCalculatorTest	6ab2e1aede26f3f4b1fbfc1aabc373eaed3225848679e97c99b5bdaafc56b983	20260714T084351Z-3271604
v933-node|24:20260714T084351Z-3271604|11:sqlite-full|16:sqlite-successor|74:com.foggyframework.dataset.db.model.engine.pivot.algo.PropertyAttacherTest	SQLITE_FULL	sqlite-full	sqlite-successor	com.foggyframework.dataset.db.model.engine.pivot.algo.PropertyAttacherTest	dcf464f8b181653b094e810929adb4e54a5fbe771d94e1f9be63e2c5973f1402	20260714T084351Z-3271604
v933-node|24:20260714T084351Z-3271604|11:sqlite-full|16:sqlite-successor|74:com.foggyframework.dataset.db.model.engine.pivot.algo.PropertyResolverTest	SQLITE_FULL	sqlite-full	sqlite-successor	com.foggyframework.dataset.db.model.engine.pivot.algo.PropertyResolverTest	c9ce8e82a64fca07ae82c121e3ce22af0d6f6bc6ba43fbfc0d1f70da048b6f71	20260714T084351Z-3271604
v933-node|24:20260714T084351Z-3271604|11:sqlite-full|16:sqlite-successor|70:com.foggyframework.dataset.db.model.engine.pivot.algo.ResultShaperTest	SQLITE_FULL	sqlite-full	sqlite-successor	com.foggyframework.dataset.db.model.engine.pivot.algo.ResultShaperTest	6e55de283ea13c6d0e402d2fcae08d47123c2d321b47f78176c5a0f7ca99c9b5	20260714T084351Z-3271604
v933-node|24:20260714T084351Z-3271604|11:sqlite-full|16:sqlite-successor|74:com.foggyframework.dataset.db.model.engine.pivot.algo.SubtotalInjectorTest	SQLITE_FULL	sqlite-full	sqlite-successor	com.foggyframework.dataset.db.model.engine.pivot.algo.SubtotalInjectorTest	67760593a849f08096b36aca183a2bd748b5d09e942bfaeee45be63748af409a	20260714T084351Z-3271604
v933-node|24:20260714T084351Z-3271604|11:sqlite-full|16:sqlite-successor|84:com.foggyframework.dataset.db.model.engine.pivot.rollup.MetricAdditivityAnalyzerTest	SQLITE_FULL	sqlite-full	sqlite-successor	com.foggyframework.dataset.db.model.engine.pivot.rollup.MetricAdditivityAnalyzerTest	ed07b78d7af00a6799ffda5ca47cb9fa6e443125f5334b7f854739fde0b84810	20260714T084351Z-3271604
v933-node|24:20260714T084351Z-3271604|11:sqlite-full|16:sqlite-successor|96:com.foggyframework.dataset.db.model.engine.pivot.rollup.NonAdditiveRollupExecutorDomainSliceTest	SQLITE_FULL	sqlite-full	sqlite-successor	com.foggyframework.dataset.db.model.engine.pivot.rollup.NonAdditiveRollupExecutorDomainSliceTest	706fc594bcded140129a394dd61568198ca9de4fbd3cc0eca7729de40786356b	20260714T084351Z-3271604
v933-node|24:20260714T084351Z-3271604|11:sqlite-full|16:sqlite-successor|81:com.foggyframework.dataset.db.model.engine.pivot.rollup.RollupGrainEnumeratorTest	SQLITE_FULL	sqlite-full	sqlite-successor	com.foggyframework.dataset.db.model.engine.pivot.rollup.RollupGrainEnumeratorTest	dd41dadb171365c481ab2e348313141c40096868a57d531b3ede68d56557f774	20260714T084351Z-3271604
v933-node|24:20260714T084351Z-3271604|11:sqlite-full|16:sqlite-successor|89:com.foggyframework.dataset.db.model.engine.pivot.sql.PivotAxisDomainSqlPlannerCascadeTest	SQLITE_FULL	sqlite-full	sqlite-successor	com.foggyframework.dataset.db.model.engine.pivot.sql.PivotAxisDomainSqlPlannerCascadeTest	0b597746452c0c4c18ffdfbeea88855c1dc1cf77caa4ef0d0a4d050b4ecff075	20260714T084351Z-3271604
v933-node|24:20260714T084351Z-3271604|11:sqlite-full|16:sqlite-successor|82:com.foggyframework.dataset.db.model.engine.pivot.sql.PivotAxisDomainSqlPlannerTest	SQLITE_FULL	sqlite-full	sqlite-successor	com.foggyframework.dataset.db.model.engine.pivot.sql.PivotAxisDomainSqlPlannerTest	9e012b1ad4547f284854a293610b8fc44695747d04b0ac44b29e32cf2c77d102	20260714T084351Z-3271604
v933-node|24:20260714T084351Z-3271604|11:sqlite-full|16:sqlite-successor|76:com.foggyframework.dataset.db.model.engine.pivot.sql.PivotTopNSqlPlannerTest	SQLITE_FULL	sqlite-full	sqlite-successor	com.foggyframework.dataset.db.model.engine.pivot.sql.PivotTopNSqlPlannerTest	fc005f936fd312cefb693bc0f489b2487ee366d871fe7dd7f65452402f8da293	20260714T084351Z-3271604
v933-node|24:20260714T084351Z-3271604|11:sqlite-full|16:sqlite-successor|85:com.foggyframework.dataset.db.model.engine.pivot.transport.DomainRelationRendererTest	SQLITE_FULL	sqlite-full	sqlite-successor	com.foggyframework.dataset.db.model.engine.pivot.transport.DomainRelationRendererTest	50dece496d3fef8a71a163f525b7368c84a1fb1c02740e37c55cfad3ff717343	20260714T084351Z-3271604
v933-node|24:20260714T084351Z-3271604|11:sqlite-full|16:sqlite-successor|75:com.foggyframework.dataset.db.model.engine.preagg.PreAggregationMatcherTest	SQLITE_FULL	sqlite-full	sqlite-successor	com.foggyframework.dataset.db.model.engine.preagg.PreAggregationMatcherTest	4bea93fc9bd060a9a0e72014770d19e4fbd5a4830eee1c1c7c3fcc8719cc68d1	20260714T084351Z-3271604
v933-node|24:20260714T084351Z-3271604|11:sqlite-full|16:sqlite-successor|72:com.foggyframework.dataset.db.model.engine.query.CalculatedFieldJoinTest	SQLITE_FULL	sqlite-full	sqlite-successor	com.foggyframework.dataset.db.model.engine.query.CalculatedFieldJoinTest	aed6e99c3a3a5e5d63e7a4eec7aaf19bbab4b9b1fe29d932ce0c48b55205943b	20260714T084351Z-3271604
v933-node|24:20260714T084351Z-3271604|11:sqlite-full|16:sqlite-successor|79:com.foggyframework.dataset.db.model.engine.query.SqlServerIdentifierQuotingTest	SQLITE_FULL	sqlite-full	sqlite-successor	com.foggyframework.dataset.db.model.engine.query.SqlServerIdentifierQuotingTest	48b7e9894e29046f4ede084b2cf73514024cc333ca96eafbd267f62edb1c3e86	20260714T084351Z-3271604
v933-node|24:20260714T084351Z-3271604|11:sqlite-full|16:sqlite-successor|69:com.foggyframework.dataset.db.model.event.BundleLifecycleListenerTest	SQLITE_FULL	sqlite-full	sqlite-successor	com.foggyframework.dataset.db.model.event.BundleLifecycleListenerTest	2e336de6622653060d5a92e91da629d249a2535e1ffe0aea45e98be32023d74e	20260714T084351Z-3271604
v933-node|24:20260714T084351Z-3271604|11:sqlite-full|16:sqlite-successor|73:com.foggyframework.dataset.db.model.expression.InlineExpressionParserTest	SQLITE_FULL	sqlite-full	sqlite-successor	com.foggyframework.dataset.db.model.expression.InlineExpressionParserTest	145b07473fd4842b30819e7a401e4ec4470d0f1dc44e0b3b2df5445c47b67fcd	20260714T084351Z-3271604
v933-node|24:20260714T084351Z-3271604|11:sqlite-full|16:sqlite-successor|110:com.foggyframework.dataset.db.model.expression.SqlCalculatedFieldProcessorWindowOrderTest$ErrorMessageContract	SQLITE_FULL	sqlite-full	sqlite-successor	com.foggyframework.dataset.db.model.expression.SqlCalculatedFieldProcessorWindowOrderTest$ErrorMessageContract	4382b5bae92c00f771a7e4921dc9efea8b5b3d978f1d573a6cc0514298d77cbb	20260714T084351Z-3271604
v933-node|24:20260714T084351Z-3271604|11:sqlite-full|16:sqlite-successor|108:com.foggyframework.dataset.db.model.expression.SqlCalculatedFieldProcessorWindowOrderTest$RawExpressionGuard	SQLITE_FULL	sqlite-full	sqlite-successor	com.foggyframework.dataset.db.model.expression.SqlCalculatedFieldProcessorWindowOrderTest$RawExpressionGuard	a6f47a9927fd60cd5c0b1221360590f9b7d5c870e388e3f44634d1d9b6403f9b	20260714T084351Z-3271604
v933-node|24:20260714T084351Z-3271604|11:sqlite-full|16:sqlite-successor|89:com.foggyframework.dataset.db.model.expression.SqlCalculatedFieldProcessorWindowOrderTest	SQLITE_FULL	sqlite-full	sqlite-successor	com.foggyframework.dataset.db.model.expression.SqlCalculatedFieldProcessorWindowOrderTest	e85616ebb20877365a95306b970da915672e53c2bbdc8597688a06089468516b	20260714T084351Z-3271604
v933-node|24:20260714T084351Z-3271604|11:sqlite-full|16:sqlite-successor|74:com.foggyframework.dataset.db.model.expression.SqlExpFactoryInOperatorTest	SQLITE_FULL	sqlite-full	sqlite-successor	com.foggyframework.dataset.db.model.expression.SqlExpFactoryInOperatorTest	6cec07cafb6d76ce4e292e96549102817d5edd9852dd66c686a7450c56627233	20260714T084351Z-3271604
v933-node|24:20260714T084351Z-3271604|11:sqlite-full|16:sqlite-successor|64:com.foggyframework.dataset.db.model.expression.SqlExpFactoryTest	SQLITE_FULL	sqlite-full	sqlite-successor	com.foggyframework.dataset.db.model.expression.SqlExpFactoryTest	9ef369754e8399f7d95bb7a11f43949f180a1252280558a45f8167ea76514d10	20260714T084351Z-3271604
v933-node|24:20260714T084351Z-3271604|11:sqlite-full|16:sqlite-successor|68:com.foggyframework.dataset.db.model.impl.SemanticScaleSqlSupportTest	SQLITE_FULL	sqlite-full	sqlite-successor	com.foggyframework.dataset.db.model.impl.SemanticScaleSqlSupportTest	e3b23129754ed4304ff9989e7148cfb6e023c95bbb6f40f2cc8cafd5663b1f33	20260714T084351Z-3271604
v933-node|24:20260714T084351Z-3271604|11:sqlite-full|16:sqlite-successor|99:com.foggyframework.dataset.db.model.impl.loader.TableModelLoaderManagerImplDataSourceResolutionTest	SQLITE_FULL	sqlite-full	sqlite-successor	com.foggyframework.dataset.db.model.impl.loader.TableModelLoaderManagerImplDataSourceResolutionTest	0ddd5e93dd74d09e0ad990abf515e945d5e71eb2b67f7135e9ca77010da7f91b	20260714T084351Z-3271604
v933-node|24:20260714T084351Z-3271604|11:sqlite-full|16:sqlite-successor|86:com.foggyframework.dataset.db.model.impl.model.AggregateRelationDiagnosticContractTest	SQLITE_FULL	sqlite-full	sqlite-successor	com.foggyframework.dataset.db.model.impl.model.AggregateRelationDiagnosticContractTest	f94c6312735d3bddba7713a3090e3853d819f6eb618d6dad68392db3d192695d	20260714T084351Z-3271604
v933-node|24:20260714T084351Z-3271604|11:sqlite-full|16:sqlite-successor|78:com.foggyframework.dataset.db.model.lifecycle.catalog.CatalogSnapshotStoreTest	SQLITE_FULL	sqlite-full	sqlite-successor	com.foggyframework.dataset.db.model.lifecycle.catalog.CatalogSnapshotStoreTest	db3dd6a164a4aa910bef3fd6dcda5f9d919e4f6044973b7939f78fff596a0d98	20260714T084351Z-3271604
v933-node|24:20260714T084351Z-3271604|11:sqlite-full|16:sqlite-successor|73:com.foggyframework.dataset.db.model.lifecycle.catalog.CatalogSnapshotTest	SQLITE_FULL	sqlite-full	sqlite-successor	com.foggyframework.dataset.db.model.lifecycle.catalog.CatalogSnapshotTest	ad6e3dc3964c76c25c6837cd11cb8b6ce97caaff677bb63074ca3726cfcd1571	20260714T084351Z-3271604
v933-node|24:20260714T084351Z-3271604|11:sqlite-full|16:sqlite-successor|84:com.foggyframework.dataset.db.model.lifecycle.catalog.JdbcQueryModelCompletenessTest	SQLITE_FULL	sqlite-full	sqlite-successor	com.foggyframework.dataset.db.model.lifecycle.catalog.JdbcQueryModelCompletenessTest	384c0599357e1abd4e8904031a90310d004e767989166b723864df567c56a111	20260714T084351Z-3271604
v933-node|24:20260714T084351Z-3271604|11:sqlite-full|16:sqlite-successor|84:com.foggyframework.dataset.db.model.lifecycle.catalog.QueryFacadeCatalogIdentityTest	SQLITE_FULL	sqlite-full	sqlite-successor	com.foggyframework.dataset.db.model.lifecycle.catalog.QueryFacadeCatalogIdentityTest	1bc9b949def5d1f09e1defcdbb63a48bed6c1c0a22892ee6c7b46b1853a6670e	20260714T084351Z-3271604
v933-node|24:20260714T084351Z-3271604|11:sqlite-full|16:sqlite-successor|84:com.foggyframework.dataset.db.model.lifecycle.catalog.QueryModelAliasDeterminismTest	SQLITE_FULL	sqlite-full	sqlite-successor	com.foggyframework.dataset.db.model.lifecycle.catalog.QueryModelAliasDeterminismTest	cd54a3cc0510620fb70d84d055f441732338c645ef8d244ae15979204adabaa8	20260714T084351Z-3271604
v933-node|24:20260714T084351Z-3271604|11:sqlite-full|16:sqlite-successor|86:com.foggyframework.dataset.db.model.lifecycle.catalog.QueryModelDiscoveryAuthorityTest	SQLITE_FULL	sqlite-full	sqlite-successor	com.foggyframework.dataset.db.model.lifecycle.catalog.QueryModelDiscoveryAuthorityTest	11bc05a95342313d6c1f73c58f70e42fe2f7f7d3b25d27b711f86abf9567d419	20260714T084351Z-3271604
v933-node|24:20260714T084351Z-3271604|11:sqlite-full|16:sqlite-successor|89:com.foggyframework.dataset.db.model.lifecycle.catalog.SemanticMetadataCatalogIdentityTest	SQLITE_FULL	sqlite-full	sqlite-successor	com.foggyframework.dataset.db.model.lifecycle.catalog.SemanticMetadataCatalogIdentityTest	dd74f52059fa9c249365fcd1e57e515e9133b8b1560a0ce4d5139d0cd6ceeb59	20260714T084351Z-3271604
v933-node|24:20260714T084351Z-3271604|11:sqlite-full|16:sqlite-successor|74:com.foggyframework.dataset.db.model.lifecycle.concurrent.ModelBuildKeyTest	SQLITE_FULL	sqlite-full	sqlite-successor	com.foggyframework.dataset.db.model.lifecycle.concurrent.ModelBuildKeyTest	abb57181d88691c70dab4d413070efbc7a8122db9ed444dd0afddd0e6c85bead	20260714T084351Z-3271604
v933-node|24:20260714T084351Z-3271604|11:sqlite-full|16:sqlite-successor|83:com.foggyframework.dataset.db.model.lifecycle.concurrent.ModelBuildSingleFlightTest	SQLITE_FULL	sqlite-full	sqlite-successor	com.foggyframework.dataset.db.model.lifecycle.concurrent.ModelBuildSingleFlightTest	ca6f19307391c0828b16ec0ff309b0e838f4d38a6489b07d48e01c859f31c33c	20260714T084351Z-3271604
v933-node|24:20260714T084351Z-3271604|11:sqlite-full|16:sqlite-successor|89:com.foggyframework.dataset.db.model.lifecycle.concurrent.QueryModelLoaderSingleFlightTest	SQLITE_FULL	sqlite-full	sqlite-successor	com.foggyframework.dataset.db.model.lifecycle.concurrent.QueryModelLoaderSingleFlightTest	d9139579041a20da01da550d2c21c64ee17da8955fc98e0fc4594c32825d41b7	20260714T084351Z-3271604
v933-node|24:20260714T084351Z-3271604|11:sqlite-full|16:sqlite-successor|89:com.foggyframework.dataset.db.model.lifecycle.concurrent.TableModelLoaderSingleFlightTest	SQLITE_FULL	sqlite-full	sqlite-successor	com.foggyframework.dataset.db.model.lifecycle.concurrent.TableModelLoaderSingleFlightTest	baf8120a60d6e15070b6e6729088fccc2caae9521de843b0c12ce15d919c1be1	20260714T084351Z-3271604
v933-node|24:20260714T084351Z-3271604|11:sqlite-full|16:sqlite-successor|91:com.foggyframework.dataset.db.model.lifecycle.gate.DeterministicConcurrencyHarnessProbeTest	SQLITE_FULL	sqlite-full	sqlite-successor	com.foggyframework.dataset.db.model.lifecycle.gate.DeterministicConcurrencyHarnessProbeTest	c3d4585fa7f82e087ee0b5dcb9886957967864b7a724fd28c6681736a534d60c	20260714T084351Z-3271604
v933-node|24:20260714T084351Z-3271604|11:sqlite-full|16:sqlite-successor|95:com.foggyframework.dataset.db.model.lifecycle.namespace.NamespaceProductionEntryRestorationTest	SQLITE_FULL	sqlite-full	sqlite-successor	com.foggyframework.dataset.db.model.lifecycle.namespace.NamespaceProductionEntryRestorationTest	2714616fcea1366744d4f28fc376aea3bdc2b544c3535a2db207c2e74b708174	20260714T084351Z-3271604
v933-node|24:20260714T084351Z-3271604|11:sqlite-full|16:sqlite-successor|74:com.foggyframework.dataset.db.model.lifecycle.namespace.NamespaceScopeTest	SQLITE_FULL	sqlite-full	sqlite-successor	com.foggyframework.dataset.db.model.lifecycle.namespace.NamespaceScopeTest	f021351d676b06575d09085c57a0605f79f27c9327bc6bbac7b295a14ccc9f1d	20260714T084351Z-3271604
v933-node|24:20260714T084351Z-3271604|11:sqlite-full|16:sqlite-successor|90:com.foggyframework.dataset.db.model.lifecycle.namespace.QueryModelLoaderNamespaceScopeTest	SQLITE_FULL	sqlite-full	sqlite-successor	com.foggyframework.dataset.db.model.lifecycle.namespace.QueryModelLoaderNamespaceScopeTest	7a48a4b034cee67a7234d0cb83e1ec7e8e95531b578416c31d04622f2a0f8a3d	20260714T084351Z-3271604
v933-node|24:20260714T084351Z-3271604|11:sqlite-full|16:sqlite-successor|89:com.foggyframework.dataset.db.model.lifecycle.namespace.SemanticServiceNamespaceScopeTest	SQLITE_FULL	sqlite-full	sqlite-successor	com.foggyframework.dataset.db.model.lifecycle.namespace.SemanticServiceNamespaceScopeTest	1415383c31af08177a9daa01c030008f953e69317ba274432687cad7ce605bef	20260714T084351Z-3271604
v933-node|24:20260714T084351Z-3271604|11:sqlite-full|16:sqlite-successor|91:com.foggyframework.dataset.db.model.lifecycle.port.DatasourceBindingResolverCurrentnessTest	SQLITE_FULL	sqlite-full	sqlite-successor	com.foggyframework.dataset.db.model.lifecycle.port.DatasourceBindingResolverCurrentnessTest	db26a33d31d6249afd103b71a133a55627fa8aca2332a3d87e7b73f72471d01f	20260714T084351Z-3271604
v933-node|24:20260714T084351Z-3271604|11:sqlite-full|16:sqlite-successor|80:com.foggyframework.dataset.db.model.lifecycle.refresh.BundleLifecycleRefreshTest	SQLITE_FULL	sqlite-full	sqlite-successor	com.foggyframework.dataset.db.model.lifecycle.refresh.BundleLifecycleRefreshTest	dfd2483e5f40c0780ac4e52d9176ed9d66ae41e7aa9e4f59543492dddade38b6	20260714T084351Z-3271604
v933-node|24:20260714T084351Z-3271604|11:sqlite-full|16:sqlite-successor|82:com.foggyframework.dataset.db.model.lifecycle.refresh.CatalogAdmissionContractTest	SQLITE_FULL	sqlite-full	sqlite-successor	com.foggyframework.dataset.db.model.lifecycle.refresh.CatalogAdmissionContractTest	127444084bb90c467e75dae59d9fab43a18b11606d757ffcc8e45806ef1ba3f8	20260714T084351Z-3271604
v933-node|24:20260714T084351Z-3271604|11:sqlite-full|16:sqlite-successor|89:com.foggyframework.dataset.db.model.lifecycle.refresh.CatalogRefreshCandidateContractTest	SQLITE_FULL	sqlite-full	sqlite-successor	com.foggyframework.dataset.db.model.lifecycle.refresh.CatalogRefreshCandidateContractTest	024af190b014d65758bbcf5059050be1aae7c4a1f4928a2e35846038aa34ad31	20260714T084351Z-3271604
v933-node|24:20260714T084351Z-3271604|11:sqlite-full|16:sqlite-successor|91:com.foggyframework.dataset.db.model.lifecycle.refresh.CatalogRefreshCoordinatorBehaviorTest	SQLITE_FULL	sqlite-full	sqlite-successor	com.foggyframework.dataset.db.model.lifecycle.refresh.CatalogRefreshCoordinatorBehaviorTest	cf16c7e701b06250827de05c5b41a90e557a98af3af7da31b499db2cf33f4b76	20260714T084351Z-3271604
v933-node|24:20260714T084351Z-3271604|11:sqlite-full|16:sqlite-successor|91:com.foggyframework.dataset.db.model.lifecycle.refresh.CatalogRefreshCoordinatorContractTest	SQLITE_FULL	sqlite-full	sqlite-successor	com.foggyframework.dataset.db.model.lifecycle.refresh.CatalogRefreshCoordinatorContractTest	b30d1479443e6ae3ee886847ce9c200b3cf1fcaa839e0ac005022864cdd1cc8d	20260714T084351Z-3271604
v933-node|24:20260714T084351Z-3271604|11:sqlite-full|16:sqlite-successor|80:com.foggyframework.dataset.db.model.lifecycle.refresh.FileChangeRefreshScopeTest	SQLITE_FULL	sqlite-full	sqlite-successor	com.foggyframework.dataset.db.model.lifecycle.refresh.FileChangeRefreshScopeTest	5968af59f2ea718b7e9c3a650cde17841253d95648aede805ab0a6deae0e8c15	20260714T084351Z-3271604
v933-node|24:20260714T084351Z-3271604|11:sqlite-full|16:sqlite-successor|66:com.foggyframework.dataset.db.model.multidb.MultiDatabaseQueryTest	SQLITE_FULL	sqlite-full	sqlite-successor	com.foggyframework.dataset.db.model.multidb.MultiDatabaseQueryTest	414157d656fc25af9acfaf221c6387f7f1051941ad26e5f3e7da36b11e1eeb47	20260714T084351Z-3271604
v933-node|24:20260714T084351Z-3271604|11:sqlite-full|16:sqlite-successor|66:com.foggyframework.dataset.db.model.namespace.NamespaceContextTest	SQLITE_FULL	sqlite-full	sqlite-successor	com.foggyframework.dataset.db.model.namespace.NamespaceContextTest	361978b871ecc4e650bff89ec67db472e1920659c94e870037dc053f4440a935	20260714T084351Z-3271604
v933-node|24:20260714T084351Z-3271604|11:sqlite-full|16:sqlite-successor|67:com.foggyframework.dataset.db.model.odoo.ClosureOperatorOrSliceTest	SQLITE_FULL	sqlite-full	sqlite-successor	com.foggyframework.dataset.db.model.odoo.ClosureOperatorOrSliceTest	de97ab9486b486fcedb1386f52f9b7eb06f62fb0cae09b343758455e1e2fae0c	20260714T084351Z-3271604
v933-node|24:20260714T084351Z-3271604|11:sqlite-full|16:sqlite-successor|63:com.foggyframework.dataset.db.model.odoo.OdooHierarchyQueryTest	SQLITE_FULL	sqlite-full	sqlite-successor	com.foggyframework.dataset.db.model.odoo.OdooHierarchyQueryTest	4b066d01c977d8fee074bbafd7b2ab67839253ba207dc0283a22efe15c8257c2	20260714T084351Z-3271604
v933-node|24:20260714T084351Z-3271604|11:sqlite-full|16:sqlite-successor|69:com.foggyframework.dataset.db.model.odoo.OdooInvalidFieldRecoveryTest	SQLITE_FULL	sqlite-full	sqlite-successor	com.foggyframework.dataset.db.model.odoo.OdooInvalidFieldRecoveryTest	84b26d57d1209a14deddf214e488eee77ec05c071973ff01e6e89d82f72f1245	20260714T084351Z-3271604
v933-node|24:20260714T084351Z-3271604|11:sqlite-full|16:sqlite-successor|61:com.foggyframework.dataset.db.model.odoo.OdooModelLoadingTest	SQLITE_FULL	sqlite-full	sqlite-successor	com.foggyframework.dataset.db.model.odoo.OdooModelLoadingTest	756096b7747eddc755f77dbf4561b684e374b9c146b4d20a3138ba14e5822fe5	20260714T084351Z-3271604
v933-node|24:20260714T084351Z-3271604|11:sqlite-full|16:sqlite-successor|60:com.foggyframework.dataset.db.model.odoo.PermissionSliceTest	SQLITE_FULL	sqlite-full	sqlite-successor	com.foggyframework.dataset.db.model.odoo.PermissionSliceTest	9a8d3881f7e6a667001abbd1c9965ca6c280520117019534752b97f666458f86	20260714T084351Z-3271604
v933-node|24:20260714T084351Z-3271604|11:sqlite-full|16:sqlite-successor|91:com.foggyframework.dataset.db.model.odoo.QueryErrorPhysicalColumnLeakTest$SanitizerContract	SQLITE_FULL	sqlite-full	sqlite-successor	com.foggyframework.dataset.db.model.odoo.QueryErrorPhysicalColumnLeakTest$SanitizerContract	6fbf9eb855e5e5d7337c51825ae51bc279fe1c99daafe3e99a9e1296726b4204	20260714T084351Z-3271604
v933-node|24:20260714T084351Z-3271604|11:sqlite-full|16:sqlite-successor|108:com.foggyframework.dataset.db.model.odoo.QueryErrorPhysicalColumnLeakTest$SchemaAwareFieldValidationRecovery	SQLITE_FULL	sqlite-full	sqlite-successor	com.foggyframework.dataset.db.model.odoo.QueryErrorPhysicalColumnLeakTest$SchemaAwareFieldValidationRecovery	2cbbc7f7cff07fdaf7581798ea9582b1df66400f033b5700c90ffb79f40f5221	20260714T084351Z-3271604
v933-node|24:20260714T084351Z-3271604|11:sqlite-full|16:sqlite-successor|73:com.foggyframework.dataset.db.model.odoo.QueryErrorPhysicalColumnLeakTest	SQLITE_FULL	sqlite-full	sqlite-successor	com.foggyframework.dataset.db.model.odoo.QueryErrorPhysicalColumnLeakTest	a492b50d7d12e429792654ee7bd26bc0f70aa8feba6e806a3157ef771916bf6d	20260714T084351Z-3271604
v933-node|24:20260714T084351Z-3271604|11:sqlite-full|16:sqlite-successor|74:com.foggyframework.dataset.db.model.odoo.SelfReferencingDimensionAliasTest	SQLITE_FULL	sqlite-full	sqlite-successor	com.foggyframework.dataset.db.model.odoo.SelfReferencingDimensionAliasTest	c26c6da29753152686805a0fea31597fdcbcd0b8c1364c57defca1c9219b72e1	20260714T084351Z-3271604
v933-node|24:20260714T084351Z-3271604|11:sqlite-full|16:sqlite-successor|68:com.foggyframework.dataset.db.model.parity.FormulaParitySnapshotTest	SQLITE_FULL	sqlite-full	sqlite-successor	com.foggyframework.dataset.db.model.parity.FormulaParitySnapshotTest	787d5248ee6510773fab1999e6f8d7fc7e2cc1e607dc76628ffd36fe26adb4a6	20260714T084351Z-3271604
v933-node|24:20260714T084351Z-3271604|11:sqlite-full|16:sqlite-successor|82:com.foggyframework.dataset.db.model.parity.JavaQueryModelAggregateJoinSnapshotTest	SQLITE_FULL	sqlite-full	sqlite-successor	com.foggyframework.dataset.db.model.parity.JavaQueryModelAggregateJoinSnapshotTest	a0204e2ccf3f3d3bd81aa7df2baaac376e7f441c546812696095896409e510bd	20260714T084351Z-3271604
v933-node|24:20260714T084351Z-3271604|11:sqlite-full|16:sqlite-successor|72:com.foggyframework.dataset.db.model.parity.JavaSemanticScaleSnapshotTest	SQLITE_FULL	sqlite-full	sqlite-successor	com.foggyframework.dataset.db.model.parity.JavaSemanticScaleSnapshotTest	e2e9a2f3a545093d38f3fb15928e3ec9bbcfaa5d071ce9200ee73c78aa7fb5c9	20260714T084351Z-3271604
v933-node|24:20260714T084351Z-3271604|11:sqlite-full|16:sqlite-successor|83:com.foggyframework.dataset.db.model.parity.StableRelationOuterAggregateSnapshotTest	SQLITE_FULL	sqlite-full	sqlite-successor	com.foggyframework.dataset.db.model.parity.StableRelationOuterAggregateSnapshotTest	78a6c62a1356c409a94a9bf440a8efb89bd9cf4fcc95350ce620c7b2feaa1b20	20260714T084351Z-3271604
v933-node|24:20260714T084351Z-3271604|11:sqlite-full|16:sqlite-successor|80:com.foggyframework.dataset.db.model.parity.StableRelationOuterWindowSnapshotTest	SQLITE_FULL	sqlite-full	sqlite-successor	com.foggyframework.dataset.db.model.parity.StableRelationOuterWindowSnapshotTest	6dbc77c0a6f62ba0d61d84dbdcad7f86a4b9d13215c323a25eb01f3cfc4e46ac	20260714T084351Z-3271604
v933-node|24:20260714T084351Z-3271604|11:sqlite-full|16:sqlite-successor|69:com.foggyframework.dataset.db.model.parity.StableRelationSnapshotTest	SQLITE_FULL	sqlite-full	sqlite-successor	com.foggyframework.dataset.db.model.parity.StableRelationSnapshotTest	9934feeefbd124d40b2cbd308616609ac45b7eabda5c250270d3b5175e8bdfe5	20260714T084351Z-3271604
v933-node|24:20260714T084351Z-3271604|11:sqlite-full|16:sqlite-successor|71:com.foggyframework.dataset.db.model.parity.TimeWindowParitySnapshotTest	SQLITE_FULL	sqlite-full	sqlite-successor	com.foggyframework.dataset.db.model.parity.TimeWindowParitySnapshotTest	df548d363aea900b68c30407b7e40959d8fee081b4612ccb0772e7ab66449f12	20260714T084351Z-3271604
v933-node|24:20260714T084351Z-3271604|11:sqlite-full|16:sqlite-successor|70:com.foggyframework.dataset.db.model.plugins.AutoGroupByIntegrationTest	SQLITE_FULL	sqlite-full	sqlite-successor	com.foggyframework.dataset.db.model.plugins.AutoGroupByIntegrationTest	794ccbf742ba421f9ae2d39c4ed830a85fca5c981fb41cb82b32fd67580c4523	20260714T084351Z-3271604
v933-node|24:20260714T084351Z-3271604|11:sqlite-full|16:sqlite-successor|63:com.foggyframework.dataset.db.model.plugins.AutoGroupByStepTest	SQLITE_FULL	sqlite-full	sqlite-successor	com.foggyframework.dataset.db.model.plugins.AutoGroupByStepTest	739bba149a126e574e29f64becfc1cd3ecbffbf79b1d11d5ba5cf6649f212e81	20260714T084351Z-3271604
v933-node|24:20260714T084351Z-3271604|11:sqlite-full|16:sqlite-successor|71:com.foggyframework.dataset.db.model.plugins.HavingClauseIntegrationTest	SQLITE_FULL	sqlite-full	sqlite-successor	com.foggyframework.dataset.db.model.plugins.HavingClauseIntegrationTest	4b2d46c7e0aeab76898c1f7bd54c0e1667091961ac756b6fc47ad6ac7194ab91	20260714T084351Z-3271604
v933-node|24:20260714T084351Z-3271604|11:sqlite-full|16:sqlite-successor|65:com.foggyframework.dataset.db.model.plugins.InlineParserDebugTest	SQLITE_FULL	sqlite-full	sqlite-successor	com.foggyframework.dataset.db.model.plugins.InlineParserDebugTest	813a761adba5e4d994fe116512aab0a2160435a9cbd7311fc706b67d546ebf1b	20260714T084351Z-3271604
v933-node|24:20260714T084351Z-3271604|11:sqlite-full|16:sqlite-successor|74:com.foggyframework.dataset.db.model.plugins.QueryRequestValidationStepTest	SQLITE_FULL	sqlite-full	sqlite-successor	com.foggyframework.dataset.db.model.plugins.QueryRequestValidationStepTest	ce038a322b03cd80967da7e132d7df50a6f3e818524bfae0f90b4d830739cdd0	20260714T084351Z-3271604
v933-node|24:20260714T084351Z-3271604|11:sqlite-full|16:sqlite-successor|98:com.foggyframework.dataset.db.model.plugins.query_execution.QueryExecutionStepExecutorLoopHookTest	SQLITE_FULL	sqlite-full	sqlite-successor	com.foggyframework.dataset.db.model.plugins.query_execution.QueryExecutionStepExecutorLoopHookTest	3d73cad2022d12d2531afe60975e746e08b2589824dddd527d5816b033a44b75	20260714T084351Z-3271604
v933-node|24:20260714T084351Z-3271604|11:sqlite-full|16:sqlite-successor|95:com.foggyframework.dataset.db.model.plugins.query_execution.QueryExecutionStepExecutorPhaseTest	SQLITE_FULL	sqlite-full	sqlite-successor	com.foggyframework.dataset.db.model.plugins.query_execution.QueryExecutionStepExecutorPhaseTest	c373f333577077f2355f2fc87853540545a8db6ea2b2e23279413c01b1fbd5f0	20260714T084351Z-3271604
v933-node|24:20260714T084351Z-3271604|11:sqlite-full|16:sqlite-successor|90:com.foggyframework.dataset.db.model.plugins.query_execution.QueryExecutionStepOrderingTest	SQLITE_FULL	sqlite-full	sqlite-successor	com.foggyframework.dataset.db.model.plugins.query_execution.QueryExecutionStepOrderingTest	18f1570aff245c3952a34ec23fdc4a572f4dd754b1d9dc1fea8242750b13c728	20260714T084351Z-3271604
v933-node|24:20260714T084351Z-3271604|11:sqlite-full|16:sqlite-successor|99:com.foggyframework.dataset.db.model.plugins.result_set_filter.DataSetResultStepExecutorOrderingTest	SQLITE_FULL	sqlite-full	sqlite-successor	com.foggyframework.dataset.db.model.plugins.result_set_filter.DataSetResultStepExecutorOrderingTest	233657bb3596ccc57e70c6aa0a7307f38a0427e3210299e47d9038d206f5c041	20260714T084351Z-3271604
v933-node|24:20260714T084351Z-3271604|11:sqlite-full|16:sqlite-successor|91:com.foggyframework.dataset.db.model.plugins.result_set_filter.FieldAccessPermissionStepTest	SQLITE_FULL	sqlite-full	sqlite-successor	com.foggyframework.dataset.db.model.plugins.result_set_filter.FieldAccessPermissionStepTest	acac8bf625c42bf332c10ab90b11b339373b11ea9a2eec4cea4dd85f681652a4	20260714T084351Z-3271604
v933-node|24:20260714T084351Z-3271604|11:sqlite-full|16:sqlite-successor|96:com.foggyframework.dataset.db.model.plugins.result_set_filter.InlineExpressionPreprocessStepTest	SQLITE_FULL	sqlite-full	sqlite-successor	com.foggyframework.dataset.db.model.plugins.result_set_filter.InlineExpressionPreprocessStepTest	1eed2d2a020f6837cd8cb4c3bc24e4b8f8b4f302b2c63818e2d21f2ab403ccea	20260714T084351Z-3271604
v933-node|24:20260714T084351Z-3271604|11:sqlite-full|16:sqlite-successor|114:com.foggyframework.dataset.db.model.plugins.result_set_filter.SchemaAwareCalcFieldAliasTest$NonTimeWindowCalcAlias	SQLITE_FULL	sqlite-full	sqlite-successor	com.foggyframework.dataset.db.model.plugins.result_set_filter.SchemaAwareCalcFieldAliasTest$NonTimeWindowCalcAlias	a3fd3587f8fb19edbf071f8bf4f99bf8276b76d3ea74e8d9cf7daff531bfbabe	20260714T084351Z-3271604
v933-node|24:20260714T084351Z-3271604|11:sqlite-full|16:sqlite-successor|105:com.foggyframework.dataset.db.model.plugins.result_set_filter.SchemaAwareCalcFieldAliasTest$StillRejected	SQLITE_FULL	sqlite-full	sqlite-successor	com.foggyframework.dataset.db.model.plugins.result_set_filter.SchemaAwareCalcFieldAliasTest$StillRejected	f9895becc630d422495ee5b54fbb4863abb3620a7d308054ce2deb9724521283	20260714T084351Z-3271604
v933-node|24:20260714T084351Z-3271604|11:sqlite-full|16:sqlite-successor|111:com.foggyframework.dataset.db.model.plugins.result_set_filter.SchemaAwareCalcFieldAliasTest$TimeWindowCalcAlias	SQLITE_FULL	sqlite-full	sqlite-successor	com.foggyframework.dataset.db.model.plugins.result_set_filter.SchemaAwareCalcFieldAliasTest$TimeWindowCalcAlias	18ab237e0ff5ebf819a4067413e0458f1d37d2893437dc99aa26db7d740d8287	20260714T084351Z-3271604
v933-node|24:20260714T084351Z-3271604|11:sqlite-full|16:sqlite-successor|91:com.foggyframework.dataset.db.model.plugins.result_set_filter.SchemaAwareCalcFieldAliasTest	SQLITE_FULL	sqlite-full	sqlite-successor	com.foggyframework.dataset.db.model.plugins.result_set_filter.SchemaAwareCalcFieldAliasTest	26c7cf2e4019c1cc3f27a0242ca712c65b8b72bfd1cf9f245c0cc35484effe5a	20260714T084351Z-3271604
v933-node|24:20260714T084351Z-3271604|11:sqlite-full|16:sqlite-successor|75:com.foggyframework.dataset.db.model.preagg.PreAggregationDataValidationTest	SQLITE_FULL	sqlite-full	sqlite-successor	com.foggyframework.dataset.db.model.preagg.PreAggregationDataValidationTest	e24dff40681bb6d7c39088ce7ff697b484f7a696cf4624b41d1c46eb0df20f3b	20260714T084351Z-3271604
v933-node|24:20260714T084351Z-3271604|11:sqlite-full|16:sqlite-successor|69:com.foggyframework.dataset.db.model.preagg.PreAggregationEdgeCaseTest	SQLITE_FULL	sqlite-full	sqlite-successor	com.foggyframework.dataset.db.model.preagg.PreAggregationEdgeCaseTest	5fb29698f82db135ac81e254a2c9150a9b3daa2b81c35acbffa6e70102cb2817	20260714T084351Z-3271604
v933-node|24:20260714T084351Z-3271604|11:sqlite-full|16:sqlite-successor|72:com.foggyframework.dataset.db.model.preagg.PreAggregationIntegrationTest	SQLITE_FULL	sqlite-full	sqlite-successor	com.foggyframework.dataset.db.model.preagg.PreAggregationIntegrationTest	74ab69a0ea3339a2088b91f0da4378cbf9b47ecb712a328b43bd1072554cf206	20260714T084351Z-3271604
v933-node|24:20260714T084351Z-3271604|11:sqlite-full|16:sqlite-successor|79:com.foggyframework.dataset.db.model.preagg.PreAggregationL2CacheIntegrationTest	SQLITE_FULL	sqlite-full	sqlite-successor	com.foggyframework.dataset.db.model.preagg.PreAggregationL2CacheIntegrationTest	fdd0f8725f545d24d60c81efec6da2caea983f800cce16a16e7b7b804f072120	20260714T084351Z-3271604
v933-node|24:20260714T084351Z-3271604|11:sqlite-full|16:sqlite-successor|60:com.foggyframework.dataset.db.model.proxy.DimensionProxyTest	SQLITE_FULL	sqlite-full	sqlite-successor	com.foggyframework.dataset.db.model.proxy.DimensionProxyTest	8897677194cd8f9b4e052ea0f9f237c920579a046f2ac3439dffbe534ef8554f	20260714T084351Z-3271604
v933-node|24:20260714T084351Z-3271604|11:sqlite-full|16:sqlite-successor|61:com.foggyframework.dataset.db.model.proxy.TableModelProxyTest	SQLITE_FULL	sqlite-full	sqlite-successor	com.foggyframework.dataset.db.model.proxy.TableModelProxyTest	2654f7e1f93c6f274b093e7a53e80f8e8870d9d3b7f797cdba5f5e7e4211df51	20260714T084351Z-3271604
v933-node|24:20260714T084351Z-3271604|11:sqlite-full|16:sqlite-successor|64:com.foggyframework.dataset.db.model.security.FormulaSecurityTest	SQLITE_FULL	sqlite-full	sqlite-successor	com.foggyframework.dataset.db.model.security.FormulaSecurityTest	19ff739658b86785fb7cbf72f181bfaa8c21df41b3552bb741728bdc5f5976e6	20260714T084351Z-3271604
v933-node|24:20260714T084351Z-3271604|11:sqlite-full|16:sqlite-successor|80:com.foggyframework.dataset.db.model.semantic.ComparativeExecutionIntegrationTest	SQLITE_FULL	sqlite-full	sqlite-successor	com.foggyframework.dataset.db.model.semantic.ComparativeExecutionIntegrationTest	bad14f6c027468a3e74ef923a8e68e732e1f4787e05ef082aee64c16b44a8603	20260714T084351Z-3271604
v933-node|24:20260714T084351Z-3271604|11:sqlite-full|16:sqlite-successor|83:com.foggyframework.dataset.db.model.semantic.DictionaryDiscoveryMetadataFailureTest	SQLITE_FULL	sqlite-full	sqlite-successor	com.foggyframework.dataset.db.model.semantic.DictionaryDiscoveryMetadataFailureTest	0a0d35ec107fb1ea56b98e12a366bd2feaf996d340395fa9fcdd25b77adc8629	20260714T084351Z-3271604
v933-node|24:20260714T084351Z-3271604|11:sqlite-full|16:sqlite-successor|76:com.foggyframework.dataset.db.model.semantic.DictionaryDiscoveryMetadataTest	SQLITE_FULL	sqlite-full	sqlite-successor	com.foggyframework.dataset.db.model.semantic.DictionaryDiscoveryMetadataTest	11d223219840035e5f9eda8885074d569febf0bb3ad62c39ae08d14051dfc13b	20260714T084351Z-3271604
v933-node|24:20260714T084351Z-3271604|11:sqlite-full|16:sqlite-successor|71:com.foggyframework.dataset.db.model.semantic.DslCteAcceptanceSampleTest	SQLITE_FULL	sqlite-full	sqlite-successor	com.foggyframework.dataset.db.model.semantic.DslCteAcceptanceSampleTest	294a9f776437c0091086c10b795fefb22d711159b757f367b5c7c0df5e140c2f	20260714T084351Z-3271604
v933-node|24:20260714T084351Z-3271604|11:sqlite-full|16:sqlite-successor|82:com.foggyframework.dataset.db.model.semantic.DslCteCrmFunnelFixtureIntegrationTest	SQLITE_FULL	sqlite-full	sqlite-successor	com.foggyframework.dataset.db.model.semantic.DslCteCrmFunnelFixtureIntegrationTest	30198d4ad48503e8b3360167bf611567f4e2e77ef4cd98bae46539bbc54ef157	20260714T084351Z-3271604
v933-node|24:20260714T084351Z-3271604|11:sqlite-full|16:sqlite-successor|87:com.foggyframework.dataset.db.model.semantic.DslCteRelationMetricFixtureIntegrationTest	SQLITE_FULL	sqlite-full	sqlite-successor	com.foggyframework.dataset.db.model.semantic.DslCteRelationMetricFixtureIntegrationTest	6f986dead9a773132fb3b05aa2c8c90ddc909db390e7196a7a32f832d5d4974e	20260714T084351Z-3271604
v933-node|24:20260714T084351Z-3271604|11:sqlite-full|16:sqlite-successor|83:com.foggyframework.dataset.db.model.semantic.DslCteResultStageWindowIntegrationTest	SQLITE_FULL	sqlite-full	sqlite-successor	com.foggyframework.dataset.db.model.semantic.DslCteResultStageWindowIntegrationTest	24306521f936d9ffd432b53a32201e341492a66dc69f8b356bc605563c174a27	20260714T084351Z-3271604
v933-node|24:20260714T084351Z-3271604|11:sqlite-full|16:sqlite-successor|76:com.foggyframework.dataset.db.model.semantic.DslCteSlaFixtureIntegrationTest	SQLITE_FULL	sqlite-full	sqlite-successor	com.foggyframework.dataset.db.model.semantic.DslCteSlaFixtureIntegrationTest	cd52ef59a4f0cc59b8f7f0dcda53d26eff26fcd6a574da6c075f6200978ffcd8	20260714T084351Z-3271604
v933-node|24:20260714T084351Z-3271604|11:sqlite-full|16:sqlite-successor|63:com.foggyframework.dataset.db.model.semantic.ExportMarkdownTest	SQLITE_FULL	sqlite-full	sqlite-successor	com.foggyframework.dataset.db.model.semantic.ExportMarkdownTest	7fa711624e7be7a5ffcc8945a43eb0d372f3c734af85f983afd1d950989e1afc	20260714T084351Z-3271604
v933-node|24:20260714T084351Z-3271604|11:sqlite-full|16:sqlite-successor|73:com.foggyframework.dataset.db.model.semantic.GridSqlContractValidatorTest	SQLITE_FULL	sqlite-full	sqlite-successor	com.foggyframework.dataset.db.model.semantic.GridSqlContractValidatorTest	30d104f41ed68a8d2ae6cc30cfd5264591eecbfb84214f8db9d0cb069354eff4	20260714T084351Z-3271604
v933-node|24:20260714T084351Z-3271604|11:sqlite-full|16:sqlite-successor|78:com.foggyframework.dataset.db.model.semantic.MemoryGridEngineSpiFailClosedTest	SQLITE_FULL	sqlite-full	sqlite-successor	com.foggyframework.dataset.db.model.semantic.MemoryGridEngineSpiFailClosedTest	baa7cd074b882fe998e28e671489eef0ba2302e97bfd33d22c03395a6f8f17a1	20260714T084351Z-3271604
v933-node|24:20260714T084351Z-3271604|11:sqlite-full|16:sqlite-successor|85:com.foggyframework.dataset.db.model.semantic.RealModelDictionaryDiscoveryMetadataTest	SQLITE_FULL	sqlite-full	sqlite-successor	com.foggyframework.dataset.db.model.semantic.RealModelDictionaryDiscoveryMetadataTest	e17e31d9df3967aa721d1a162c6787f3d091ba058ffdc5fba841027949ff2886	20260714T084351Z-3271604
v933-node|24:20260714T084351Z-3271604|11:sqlite-full|16:sqlite-successor|87:com.foggyframework.dataset.db.model.semantic.SemanticQueryServiceV3ValidatePipelineTest	SQLITE_FULL	sqlite-full	sqlite-successor	com.foggyframework.dataset.db.model.semantic.SemanticQueryServiceV3ValidatePipelineTest	5ab350b4523995d74b825ad0dcfe2f36054f10464f702e937f531592be3bd25d	20260714T084351Z-3271604
v933-node|24:20260714T084351Z-3271604|11:sqlite-full|16:sqlite-successor|72:com.foggyframework.dataset.db.model.semantic.SemanticQueryValidationTest	SQLITE_FULL	sqlite-full	sqlite-successor	com.foggyframework.dataset.db.model.semantic.SemanticQueryValidationTest	64052dd0159012d0728f455fb22358889afea33759cb7ee33872b0dc0fc9a0cc	20260714T084351Z-3271604
v933-node|24:20260714T084351Z-3271604|11:sqlite-full|16:sqlite-successor|83:com.foggyframework.dataset.db.model.semantic.SemanticServiceV3MetadataLoadIssueTest	SQLITE_FULL	sqlite-full	sqlite-successor	com.foggyframework.dataset.db.model.semantic.SemanticServiceV3MetadataLoadIssueTest	b3662f3f55aa35f769551cb1901aa4ed36b34c6babc6cb3a7e3e6b65e387c0cc	20260714T084351Z-3271604
v933-node|24:20260714T084351Z-3271604|11:sqlite-full|16:sqlite-successor|86:com.foggyframework.dataset.db.model.semantic.SemanticServiceV3MultiModelGovernanceTest	SQLITE_FULL	sqlite-full	sqlite-successor	com.foggyframework.dataset.db.model.semantic.SemanticServiceV3MultiModelGovernanceTest	bc3130023a565fe24cad1803f0f93ca975cd73250d58d5443129d450999ebdbb	20260714T084351Z-3271604
v933-node|24:20260714T084351Z-3271604|11:sqlite-full|16:sqlite-successor|91:com.foggyframework.dataset.db.model.semantic.SemanticServiceV3Test$MetadataFieldAccessTests	SQLITE_FULL	sqlite-full	sqlite-successor	com.foggyframework.dataset.db.model.semantic.SemanticServiceV3Test$MetadataFieldAccessTests	a71aadd99f6cd80a82293ee61fc89848b7925a17d6b832a5684b568a5e5d5ee9	20260714T084351Z-3271604
v933-node|24:20260714T084351Z-3271604|11:sqlite-full|16:sqlite-successor|94:com.foggyframework.dataset.db.model.semantic.SemanticServiceV3Test$MetadataPhysicalTablesTests	SQLITE_FULL	sqlite-full	sqlite-successor	com.foggyframework.dataset.db.model.semantic.SemanticServiceV3Test$MetadataPhysicalTablesTests	8add0b705d43ab2e396fea0877de2a37857d209f6118206aa14af597116c3f3d	20260714T084351Z-3271604
v933-node|24:20260714T084351Z-3271604|11:sqlite-full|16:sqlite-successor|66:com.foggyframework.dataset.db.model.semantic.SemanticServiceV3Test	SQLITE_FULL	sqlite-full	sqlite-successor	com.foggyframework.dataset.db.model.semantic.SemanticServiceV3Test	69f7444f3cb96e200db97907b03af247f8ce7a5430c42db62e0453e07ee1ba11	20260714T084351Z-3271604
v933-node|24:20260714T084351Z-3271604|11:sqlite-full|16:sqlite-successor|76:com.foggyframework.dataset.db.model.semantic.SemanticSqlAcceptanceSampleTest	SQLITE_FULL	sqlite-full	sqlite-successor	com.foggyframework.dataset.db.model.semantic.SemanticSqlAcceptanceSampleTest	5d0fc31a14e2d525a47457fe9b009a2231b37f6f99e71f7a10fdad900eefaa3a	20260714T084351Z-3271604
v933-node|24:20260714T084351Z-3271604|11:sqlite-full|16:sqlite-successor|71:com.foggyframework.dataset.db.model.semantic.SemanticSqlToDslMapperTest	SQLITE_FULL	sqlite-full	sqlite-successor	com.foggyframework.dataset.db.model.semantic.SemanticSqlToDslMapperTest	932417f1baab3ad637d857020102cef430f68b2b74df4d53039011bae887d4cf	20260714T084351Z-3271604
v933-node|24:20260714T084351Z-3271604|11:sqlite-full|16:sqlite-successor|78:com.foggyframework.dataset.db.model.semantic.SemanticSqlWhitelistValidatorTest	SQLITE_FULL	sqlite-full	sqlite-successor	com.foggyframework.dataset.db.model.semantic.SemanticSqlWhitelistValidatorTest	61a20cfa3c7be34694268d63136b00434d2e6abc58ba4011234de900a12632ed	20260714T084351Z-3271604
v933-node|24:20260714T084351Z-3271604|11:sqlite-full|16:sqlite-successor|81:com.foggyframework.dataset.db.model.semantic.SemanticTerminalAcceptanceSampleTest	SQLITE_FULL	sqlite-full	sqlite-successor	com.foggyframework.dataset.db.model.semantic.SemanticTerminalAcceptanceSampleTest	d9f0cbd90d91083d053f544b2bc6aecd28f20a099a1714f306aee582dc2e1512	20260714T084351Z-3271604
v933-node|24:20260714T084351Z-3271604|11:sqlite-full|16:sqlite-successor|69:com.foggyframework.dataset.db.model.semantic.SemanticTerminalPlanTest	SQLITE_FULL	sqlite-full	sqlite-successor	com.foggyframework.dataset.db.model.semantic.SemanticTerminalPlanTest	5659b033a57d91846c5501cf2ebd4b748546ca52741f51c805596c232c53f400	20260714T084351Z-3271604
v933-node|24:20260714T084351Z-3271604|11:sqlite-full|16:sqlite-successor|77:com.foggyframework.dataset.db.model.semantic.StrictBareDimensionRejectionTest	SQLITE_FULL	sqlite-full	sqlite-successor	com.foggyframework.dataset.db.model.semantic.StrictBareDimensionRejectionTest	5a3210bc3949dea229063167d54aac985c3da926d649f2d4925a182ad1c24c7b	20260714T084351Z-3271604
v933-node|24:20260714T084351Z-3271604|11:sqlite-full|16:sqlite-successor|79:com.foggyframework.dataset.db.model.semantic.TimeWindowExecutionIntegrationTest	SQLITE_FULL	sqlite-full	sqlite-successor	com.foggyframework.dataset.db.model.semantic.TimeWindowExecutionIntegrationTest	af106e457997460c1456ea1759c298ef4ab2ce6091e3452fa552967b94c542ba	20260714T084351Z-3271604
v933-node|24:20260714T084351Z-3271604|11:sqlite-full|16:sqlite-successor|83:com.foggyframework.dataset.db.model.semantic.controller.NativeDatasetControllerTest	SQLITE_FULL	sqlite-full	sqlite-successor	com.foggyframework.dataset.db.model.semantic.controller.NativeDatasetControllerTest	0044dcf4f972ff864f42f580a727c89ce92479b0a060647befa7e358b2092330	20260714T084351Z-3271604
v933-node|24:20260714T084351Z-3271604|11:sqlite-full|16:sqlite-successor|90:com.foggyframework.dataset.db.model.semantic.controller.PivotOuterCacheAdminControllerTest	SQLITE_FULL	sqlite-full	sqlite-successor	com.foggyframework.dataset.db.model.semantic.controller.PivotOuterCacheAdminControllerTest	739cd45a48a79f37b08f18f8b0148ad15d1dd241ef31bf0ad8056434f4bfe288	20260714T084351Z-3271604
v933-node|24:20260714T084351Z-3271604|11:sqlite-full|16:sqlite-successor|100:com.foggyframework.dataset.db.model.semantic.controller.SemanticServiceV3TestControllerIsolationTest	SQLITE_FULL	sqlite-full	sqlite-successor	com.foggyframework.dataset.db.model.semantic.controller.SemanticServiceV3TestControllerIsolationTest	7bdd770c54a83774f8f02e2283ac0fb57743f8694bbf0024d931b5d4e3fb1131	20260714T084351Z-3271604
v933-node|24:20260714T084351Z-3271604|11:sqlite-full|16:sqlite-successor|80:com.foggyframework.dataset.db.model.semantic.domain.SemanticOrderByShorthandTest	SQLITE_FULL	sqlite-full	sqlite-successor	com.foggyframework.dataset.db.model.semantic.domain.SemanticOrderByShorthandTest	4a544d67fb8392cea2cd53f19c7e50e3f50b701033803bfdaf5bf2225bd0467e	20260714T084351Z-3271604
v933-node|24:20260714T084351Z-3271604|11:sqlite-full|16:sqlite-successor|78:com.foggyframework.dataset.db.model.semantic.domain.SemanticRequestContextTest	SQLITE_FULL	sqlite-full	sqlite-successor	com.foggyframework.dataset.db.model.semantic.domain.SemanticRequestContextTest	de489a40f00edbb174e5fc6c4c16792c23052ac892a463ddfba176712d2d8e1e	20260714T084351Z-3271604
v933-node|24:20260714T084351Z-3271604|11:sqlite-full|16:sqlite-successor|98:com.foggyframework.dataset.db.model.semantic.domain.pivot.PivotMetricItemTest$DeserializationTests	SQLITE_FULL	sqlite-full	sqlite-successor	com.foggyframework.dataset.db.model.semantic.domain.pivot.PivotMetricItemTest$DeserializationTests	fc0148e97dd78e5e56b22b0f899a0e7529f2dd7aedd0719b7eff2baeba77bb48	20260714T084351Z-3271604
v933-node|24:20260714T084351Z-3271604|11:sqlite-full|16:sqlite-successor|93:com.foggyframework.dataset.db.model.semantic.domain.pivot.PivotMetricItemTest$ValidationTests	SQLITE_FULL	sqlite-full	sqlite-successor	com.foggyframework.dataset.db.model.semantic.domain.pivot.PivotMetricItemTest$ValidationTests	462348e987bb2117c391cb2e47733bf9352c771c403c779739a41c9b8b57fcbb	20260714T084351Z-3271604
v933-node|24:20260714T084351Z-3271604|11:sqlite-full|16:sqlite-successor|77:com.foggyframework.dataset.db.model.semantic.domain.pivot.PivotMetricItemTest	SQLITE_FULL	sqlite-full	sqlite-successor	com.foggyframework.dataset.db.model.semantic.domain.pivot.PivotMetricItemTest	f5b9e214d1fd54ad0d40efc2aa625958dacfaa41aea02e0722332c8fbeac3e74	20260714T084351Z-3271604
v933-node|24:20260714T084351Z-3271604|11:sqlite-full|16:sqlite-successor|90:com.foggyframework.dataset.db.model.semantic.member.SyntheticMemberQueryModelLifecycleTest	SQLITE_FULL	sqlite-full	sqlite-successor	com.foggyframework.dataset.db.model.semantic.member.SyntheticMemberQueryModelLifecycleTest	a85bc052ec4fbe1b1bea2da023f1e7f938df818235b77f0843dfd78e283d8045	20260714T084351Z-3271604
v933-node|24:20260714T084351Z-3271604|11:sqlite-full|16:sqlite-successor|89:com.foggyframework.dataset.db.model.semantic.member.SyntheticMemberQueryModelResolverTest	SQLITE_FULL	sqlite-full	sqlite-successor	com.foggyframework.dataset.db.model.semantic.member.SyntheticMemberQueryModelResolverTest	ae729095fde58c49a73f91d83988a14c5e119904c822c5edcd8597e6a4c33f8f	20260714T084351Z-3271604
v933-node|24:20260714T084351Z-3271604|11:sqlite-full|16:sqlite-successor|88:com.foggyframework.dataset.db.model.semantic.member.SyntheticMemberQueryModelRuntimeTest	SQLITE_FULL	sqlite-full	sqlite-successor	com.foggyframework.dataset.db.model.semantic.member.SyntheticMemberQueryModelRuntimeTest	ef1c823ef3171781c4dc0caa8bc231a94508e00e06aeb414ac12eb7fceaa60ac	20260714T084351Z-3271604
v933-node|24:20260714T084351Z-3271604|11:sqlite-full|16:sqlite-successor|99:com.foggyframework.dataset.db.model.semantic.member.permission.SyntheticMemberInternalPatchStepTest	SQLITE_FULL	sqlite-full	sqlite-successor	com.foggyframework.dataset.db.model.semantic.member.permission.SyntheticMemberInternalPatchStepTest	5b3cadbead96ae1e8fd4b784a657985bfa60cbb07841b9129e178b0b7738e081	20260714T084351Z-3271604
v933-node|24:20260714T084351Z-3271604|11:sqlite-full|16:sqlite-successor|115:com.foggyframework.dataset.db.model.semantic.member.permission.SyntheticMemberPermissionIntegrationTest$LoaderTests	SQLITE_FULL	sqlite-full	sqlite-successor	com.foggyframework.dataset.db.model.semantic.member.permission.SyntheticMemberPermissionIntegrationTest$LoaderTests	040379c88c69ac50d4a9a12badcec596fee1000ef9d0e2916c49ae8cf9a0da0d	20260714T084351Z-3271604
v933-node|24:20260714T084351Z-3271604|11:sqlite-full|16:sqlite-successor|121:com.foggyframework.dataset.db.model.semantic.member.permission.SyntheticMemberPermissionIntegrationTest$MergeRuleE2ETests	SQLITE_FULL	sqlite-full	sqlite-successor	com.foggyframework.dataset.db.model.semantic.member.permission.SyntheticMemberPermissionIntegrationTest$MergeRuleE2ETests	5d308d17a78615493c8ba8cfbcd19e17fad8c42df216337d9e03c0e02a76def6	20260714T084351Z-3271604
v933-node|24:20260714T084351Z-3271604|11:sqlite-full|16:sqlite-successor|120:com.foggyframework.dataset.db.model.semantic.member.permission.SyntheticMemberPermissionIntegrationTest$QueryFacadeTests	SQLITE_FULL	sqlite-full	sqlite-successor	com.foggyframework.dataset.db.model.semantic.member.permission.SyntheticMemberPermissionIntegrationTest$QueryFacadeTests	4f12132484c137769a30ad47e6bcdd63bffb833c5fbca41a4d6491631afb5b6e	20260714T084351Z-3271604
v933-node|24:20260714T084351Z-3271604|11:sqlite-full|16:sqlite-successor|117:com.foggyframework.dataset.db.model.semantic.member.permission.SyntheticMemberPermissionIntegrationTest$RealDataTests	SQLITE_FULL	sqlite-full	sqlite-successor	com.foggyframework.dataset.db.model.semantic.member.permission.SyntheticMemberPermissionIntegrationTest$RealDataTests	aa239e1338ac86c1d69a521d8012ce5247bcc03d38de17a9731cd788e5e2de5b	20260714T084351Z-3271604
v933-node|24:20260714T084351Z-3271604|11:sqlite-full|16:sqlite-successor|103:com.foggyframework.dataset.db.model.semantic.member.permission.SyntheticMemberPermissionIntegrationTest	SQLITE_FULL	sqlite-full	sqlite-successor	com.foggyframework.dataset.db.model.semantic.member.permission.SyntheticMemberPermissionIntegrationTest	b65e06ddfcdcedbd2a3dd4c6d12e1a8f91c42b4af229e45105b1620a9973d6ab	20260714T084351Z-3271604
v933-node|24:20260714T084351Z-3271604|11:sqlite-full|16:sqlite-successor|100:com.foggyframework.dataset.db.model.semantic.member.permission.SyntheticMemberPermissionResolverTest	SQLITE_FULL	sqlite-full	sqlite-successor	com.foggyframework.dataset.db.model.semantic.member.permission.SyntheticMemberPermissionResolverTest	ced00b8b9c29246a0c12c7dd37c55063242f5f933f6b84637b9382c5e90bb9d8	20260714T084351Z-3271604
v933-node|24:20260714T084351Z-3271604|11:sqlite-full|16:sqlite-successor|83:com.foggyframework.dataset.db.model.semantic.permission.FieldPermissionResolverTest	SQLITE_FULL	sqlite-full	sqlite-successor	com.foggyframework.dataset.db.model.semantic.permission.FieldPermissionResolverTest	f32a9de03181a9a7fee5f61134f334d306cdb626b2d2e8584ef9217a3f9cde32	20260714T084351Z-3271604
v933-node|24:20260714T084351Z-3271604|11:sqlite-full|16:sqlite-successor|84:com.foggyframework.dataset.db.model.semantic.service.SemanticModelCatalogServiceTest	SQLITE_FULL	sqlite-full	sqlite-successor	com.foggyframework.dataset.db.model.semantic.service.SemanticModelCatalogServiceTest	8cc184d12eeda9abf85e842dae7936756cc693d77ffbecbc6acb5f8cb8154f18	20260714T084351Z-3271604
v933-node|24:20260714T084351Z-3271604|11:sqlite-full|16:sqlite-successor|92:com.foggyframework.dataset.db.model.semantic.service.impl.DictionaryDiscoveryServiceImplTest	SQLITE_FULL	sqlite-full	sqlite-successor	com.foggyframework.dataset.db.model.semantic.service.impl.DictionaryDiscoveryServiceImplTest	23fa637458c328604b86a2c17726015d41ac58992af9962f8230f7fa6f360aed	20260714T084351Z-3271604
v933-node|24:20260714T084351Z-3271604|11:sqlite-full|16:sqlite-successor|101:com.foggyframework.dataset.db.model.semantic.service.impl.SemanticQueryServiceV3ImplRawSqlRoutingTest	SQLITE_FULL	sqlite-full	sqlite-successor	com.foggyframework.dataset.db.model.semantic.service.impl.SemanticQueryServiceV3ImplRawSqlRoutingTest	5f3b2668ed6e81a1b234e0bcc12d0ff1c22b8335153d2a0aa125e02c59b01a7c	20260714T084351Z-3271604
v933-node|24:20260714T084351Z-3271604|11:sqlite-full|16:sqlite-successor|78:com.foggyframework.dataset.db.model.semantic.support.DslCteAssemblySupportTest	SQLITE_FULL	sqlite-full	sqlite-successor	com.foggyframework.dataset.db.model.semantic.support.DslCteAssemblySupportTest	bced1f216ca98e326e81d16ab8c44e72be90a980d7fb9504d969ababbba34182	20260714T084351Z-3271604
v933-node|24:20260714T084351Z-3271604|11:sqlite-full|16:sqlite-successor|85:com.foggyframework.dataset.db.model.semantic.support.DslCtePlannerContractAdapterTest	SQLITE_FULL	sqlite-full	sqlite-successor	com.foggyframework.dataset.db.model.semantic.support.DslCtePlannerContractAdapterTest	a4d598b49f0017a7a28802f407dc58755a65b056d9b9992b8db68d214a70c518	20260714T084351Z-3271604
v933-node|24:20260714T084351Z-3271604|11:sqlite-full|16:sqlite-successor|78:com.foggyframework.dataset.db.model.semantic.support.DslCtePlanningServiceTest	SQLITE_FULL	sqlite-full	sqlite-successor	com.foggyframework.dataset.db.model.semantic.support.DslCtePlanningServiceTest	a39b05a2c5c523ed55bbeb8be786024839c3bbd27a232502857fa6852c76e103	20260714T084351Z-3271604
v933-node|24:20260714T084351Z-3271604|11:sqlite-full|16:sqlite-successor|89:com.foggyframework.dataset.db.model.semantic.support.RelationResultExpressionCompilerTest	SQLITE_FULL	sqlite-full	sqlite-successor	com.foggyframework.dataset.db.model.semantic.support.RelationResultExpressionCompilerTest	896e14e5e47ab60427c73df4730eb5b9a92f1933442fb7565f0dbc83e5bc2f30	20260714T084351Z-3271604
v933-node|24:20260714T084351Z-3271604|11:sqlite-full|16:sqlite-successor|83:com.foggyframework.dataset.db.model.semantic.support.SemanticQueryPayloadMapperTest	SQLITE_FULL	sqlite-full	sqlite-successor	com.foggyframework.dataset.db.model.semantic.support.SemanticQueryPayloadMapperTest	49efd891352d954dd29c674b41bcb2e99af89d435d3165e9276dce78b5bc669c	20260714T084351Z-3271604
v933-node|24:20260714T084351Z-3271604|11:sqlite-full|16:sqlite-successor|82:com.foggyframework.dataset.db.model.semantic.support.SemanticRequestNormalizerTest	SQLITE_FULL	sqlite-full	sqlite-successor	com.foggyframework.dataset.db.model.semantic.support.SemanticRequestNormalizerTest	3f2062a0845e09f0fac78fcc2c6e8dfea148a04375be4ba5d89845348903ad4a	20260714T084351Z-3271604
v933-node|24:20260714T084351Z-3271604|11:sqlite-full|16:sqlite-successor|82:com.foggyframework.dataset.db.model.semantic.util.CaseInsensitiveFieldResolverTest	SQLITE_FULL	sqlite-full	sqlite-successor	com.foggyframework.dataset.db.model.semantic.util.CaseInsensitiveFieldResolverTest	837a952fcd81cc9f5d093bd50eebd80f01900432546052a043fc878a95b23458	20260714T084351Z-3271604
v933-node|24:20260714T084351Z-3271604|11:sqlite-full|16:sqlite-successor|63:com.foggyframework.dataset.db.model.service.QueryFacadeImplTest	SQLITE_FULL	sqlite-full	sqlite-successor	com.foggyframework.dataset.db.model.service.QueryFacadeImplTest	724866139b9bb3780e58d5d40b839cf64a587c37779e697e49920402d5001598	20260714T084351Z-3271604
v933-node|24:20260714T084351Z-3271604|11:sqlite-full|16:sqlite-successor|62:com.foggyframework.dataset.db.model.spi.QueryCacheProviderTest	SQLITE_FULL	sqlite-full	sqlite-successor	com.foggyframework.dataset.db.model.spi.QueryCacheProviderTest	cefb1c8ebb1b3a1660fddf0aa7af026bb6244616434421e685d3f3ce8eaf6bb6	20260714T084351Z-3271604
v933-node|24:20260714T084351Z-3271604|25:watcher-source-management|4:unit|60:com.foggyframework.bundle.dynamic.DynamicBundleLifecycleTest	WATCHER_SOURCE_MANAGEMENT	watcher-source-management	unit	com.foggyframework.bundle.dynamic.DynamicBundleLifecycleTest	ab0cf6e4c59ca9118338b53f6f0e56260a7b6db732a6d774ede00f67e6dfe4de	20260714T084351Z-3271604
v933-node|24:20260714T084351Z-3271604|25:watcher-source-management|4:unit|61:com.foggyframework.bundle.dynamic.DynamicBundleManagementTest	WATCHER_SOURCE_MANAGEMENT	watcher-source-management	unit	com.foggyframework.bundle.dynamic.DynamicBundleManagementTest	dfb8a33519c3ed1b4516191fcf8d6dcd82618f2011911a8dd7a9336a8050678a	20260714T084351Z-3271604
v933-node|24:20260714T084351Z-3271604|25:watcher-source-management|4:unit|61:com.foggyframework.core.utils.file.WatchServiceFileTracerTest	WATCHER_SOURCE_MANAGEMENT	watcher-source-management	unit	com.foggyframework.core.utils.file.WatchServiceFileTracerTest	4b2788c6b5b0df55eec1a67e2ddd7695bf149886ad6ea5a0bf6eb75bc196b19a	20260714T084351Z-3271604
v933-node|24:20260714T084351Z-3271604|25:watcher-source-management|4:unit|74:com.foggyframework.fsscript.loadder.FsscriptFileChangeHandlerAuthorityTest	WATCHER_SOURCE_MANAGEMENT	watcher-source-management	unit	com.foggyframework.fsscript.loadder.FsscriptFileChangeHandlerAuthorityTest	0d815e79e06e9e29a2bf42350ff0af0cb366b9d1404eac14049228ce3fcb97b9	20260714T084351Z-3271604
v933-node|24:20260714T084351Z-3271604|14:cache-caffeine|15:caffeine-sqlite|92:com.foggyframework.dataset.db.model.cache.lifecycle.realquery.QueryCacheLifecycleRealQueryIT	REAL_QUERY	cache-caffeine	caffeine-sqlite	com.foggyframework.dataset.db.model.cache.lifecycle.realquery.QueryCacheLifecycleRealQueryIT	702c4e72eb22bb47820a3228fe6b992adde06d2382f36dfae63be9a9c45c8cdc	20260714T084351Z-3271604
v933-node|24:20260714T084351Z-3271604|11:cache-redis|13:redis7-sqlite|92:com.foggyframework.dataset.db.model.cache.lifecycle.realquery.QueryCacheLifecycleRealQueryIT	REAL_QUERY	cache-redis	redis7-sqlite	com.foggyframework.dataset.db.model.cache.lifecycle.realquery.QueryCacheLifecycleRealQueryIT	3a1f2e07a8f38becbcabc6ac5dd3610524e0cb4285247c78ece48f2a5689f1d8	20260714T084351Z-3271604
v933-node|24:20260714T084351Z-3271604|16:database-mysql57|10:db-mysql57|91:com.foggyframework.dataset.db.model.lifecycle.realquery.RequiredDatabaseQueryFacadeParityIT	REAL_QUERY	database-mysql57	db-mysql57	com.foggyframework.dataset.db.model.lifecycle.realquery.RequiredDatabaseQueryFacadeParityIT	5165f2c710d1dbd4accf71d9aa49f8f3993a92f9f5c181b0381b5cceb86364d4	20260714T084351Z-3271604
v933-node|24:20260714T084351Z-3271604|19:database-postgres15|13:db-postgres15|91:com.foggyframework.dataset.db.model.lifecycle.realquery.RequiredDatabaseQueryFacadeParityIT	REAL_QUERY	database-postgres15	db-postgres15	com.foggyframework.dataset.db.model.lifecycle.realquery.RequiredDatabaseQueryFacadeParityIT	6bd88e9fca6417dc2114238e3a8de08c30280a456a181d90cef58b0ae3c7347c	20260714T084351Z-3271604
v933-node|24:20260714T084351Z-3271604|15:database-sqlite|9:db-sqlite|91:com.foggyframework.dataset.db.model.lifecycle.realquery.RequiredDatabaseQueryFacadeParityIT	REAL_QUERY	database-sqlite	db-sqlite	com.foggyframework.dataset.db.model.lifecycle.realquery.RequiredDatabaseQueryFacadeParityIT	ce4ae0cd1c55253ef249004c84839eac04cfe1c0acacd5deee7ae00dfa2874e6	20260714T084351Z-3271604
v933-node|24:20260714T084351Z-3271604|22:model-lifecycle-sqlite|16:sqlite-lifecycle|81:com.foggyframework.dataset.db.model.lifecycle.realquery.ModelLifecycleRealQueryIT	REAL_QUERY	model-lifecycle-sqlite	sqlite-lifecycle	com.foggyframework.dataset.db.model.lifecycle.realquery.ModelLifecycleRealQueryIT	30c1884b0893f67524fdc5cc52604ae3293da5af95c4c168e04d75b79ca5a33e	20260714T084351Z-3271604
